[0.000000] (-) TimerEvent: {}
[0.000407] (rplidar_ros) JobQueued: {'identifier': 'rplidar_ros', 'dependencies': OrderedDict()}
[0.000719] (rplidar_ros) JobStarted: {'identifier': 'rplidar_ros'}
[0.010409] (rplidar_ros) JobProgress: {'identifier': 'rplidar_ros', 'progress': 'cmake'}
[0.011153] (rplidar_ros) Command: {'cmd': ['/usr/bin/cmake', '/home/hyun/Autonomous-Drone/src/rplidar_ros', '-DAMENT_CMAKE_SYMLINK_INSTALL=1', '-DCMAKE_INSTALL_PREFIX=/home/hyun/Autonomous-Drone/install/rplidar_ros'], 'cwd': '/home/hyun/Autonomous-Drone/build/rplidar_ros', 'env': OrderedDict({'LESSOPEN': '| /usr/bin/lesspipe %s', 'USER': 'hyun', 'SSH_CLIENT': '192.168.1.87 62329 22', 'XDG_SESSION_TYPE': 'tty', 'GIT_ASKPASS': '/home/hyun/.vscode-server/cli/servers/Stable-994fd12f8d3a5aa16f17d42c041e5809167e845a/server/extensions/git/dist/askpass.sh', 'SHLVL': '1', 'LD_LIBRARY_PATH': '/opt/ros/jazzy/opt/zenoh_cpp_vendor/lib:/opt/ros/jazzy/opt/rviz_ogre_vendor/lib:/opt/ros/jazzy/lib/aarch64-linux-gnu:/opt/ros/jazzy/opt/gz_math_vendor/lib:/opt/ros/jazzy/opt/gz_utils_vendor/lib:/opt/ros/jazzy/opt/gz_cmake_vendor/lib:/opt/ros/jazzy/lib', 'BROWSER': '/home/hyun/.vscode-server/cli/servers/Stable-994fd12f8d3a5aa16f17d42c041e5809167e845a/server/bin/helpers/browser.sh', 'HOME': '/home/hyun', 'CYCLONEDDS_URI': '<CycloneDDS><Domain id="3"><General><Interfaces><NetworkInterface name="wlan0"/></Interfaces><AllowMulticast>false</AllowMulticast></General><Discovery><Peers><Peer address="127.0.0.1"/><Peer address="192.168.1.87"/></Peers></Discovery></Domain></CycloneDDS>', 'OLDPWD': '/home/hyun/Autonomous-Drone/src', 'TERM_PROGRAM_VERSION': '1.107.1', 'VSCODE_IPC_HOOK_CLI': '/run/user/1000/vscode-ipc-6e9ff804-c59c-4095-a4e0-cfb5f50f4009.sock', 'ROS_PYTHON_VERSION': '3', 'VSCODE_GIT_ASKPASS_MAIN': '/home/hyun/.vscode-server/cli/servers/Stable-994fd12f8d3a5aa16f17d42c041e5809167e845a/server/extensions/git/dist/askpass-main.js', 'VSCODE_GIT_ASKPASS_NODE': '/home/hyun/.vscode-server/cli/servers/Stable-994fd12f8d3a5aa16f17d42c041e5809167e845a/server/node', 'SSL_CERT_FILE': '/usr/lib/ssl/cert.pem', 'VSCODE_PYTHON_AUTOACTIVATE_GUARD': '1', 'DBUS_SESSION_BUS_ADDRESS': 'unix:path=/run/user/1000/bus', 'COLORTERM': 'truecolor', 'COLCON_PREFIX_PATH': '/home/hyun/ros2_ws/install', 'ROS_DISTRO': 'jazzy', 'LOGNAME': 'hyun', '_': '/usr/bin/colcon', 'ROS_VERSION': '2', 'XDG_SESSION_CLASS': 'user', 'TERM': 'xterm-256color', 'XDG_SESSION_ID': '15', 'PATH': '/home/hyun/.vscode-server/data/User/globalStorage/github.copilot-chat/debugCommand:/home/hyun/.vscode-server/data/User/globalStorage/github.copilot-chat/copilotCli:/home/hyun/.vscode-server/cli/servers/Stable-994fd12f8d3a5aa16f17d42c041e5809167e845a/server/bin/remote-cli:/opt/ros/jazzy/bin:/usr/local/sbin:/usr/local/bin:/usr/sbin:/usr/bin:/sbin:/bin:/usr/games:/usr/local/games:/snap/bin', 'XDG_RUNTIME_DIR': '/run/user/1000', 'SSL_CERT_DIR': '/usr/lib/ssl/certs', 'LANG': 'en_US.UTF-8', 'RMW_IMPLEMENTATION': 'rmw_cyclonedds_cpp', 'LS_COLORS': 'rs=0:di=01;34:ln=01;36:mh=00:pi=40;33:so=01;35:do=01;35:bd=40;33;01:cd=40;33;01:or=40;31;01:mi=00:su=37;41:sg=30;43:ca=00:tw=30;42:ow=34;42:st=37;44:ex=01;32:*.tar=01;31:*.tgz=01;31:*.arc=01;31:*.arj=01;31:*.taz=01;31:*.lha=01;31:*.lz4=01;31:*.lzh=01;31:*.lzma=01;31:*.tlz=01;31:*.txz=01;31:*.tzo=01;31:*.t7z=01;31:*.zip=01;31:*.z=01;31:*.dz=01;31:*.gz=01;31:*.lrz=01;31:*.lz=01;31:*.lzo=01;31:*.xz=01;31:*.zst=01;31:*.tzst=01;31:*.bz2=01;31:*.bz=01;31:*.tbz=01;31:*.tbz2=01;31:*.tz=01;31:*.deb=01;31:*.rpm=01;31:*.jar=01;31:*.war=01;31:*.ear=01;31:*.sar=01;31:*.rar=01;31:*.alz=01;31:*.ace=01;31:*.zoo=01;31:*.cpio=01;31:*.7z=01;31:*.rz=01;31:*.cab=01;31:*.wim=01;31:*.swm=01;31:*.dwm=01;31:*.esd=01;31:*.avif=01;35:*.jpg=01;35:*.jpeg=01;35:*.mjpg=01;35:*.mjpeg=01;35:*.gif=01;35:*.bmp=01;35:*.pbm=01;35:*.pgm=01;35:*.ppm=01;35:*.tga=01;35:*.xbm=01;35:*.xpm=01;35:*.tif=01;35:*.tiff=01;35:*.png=01;35:*.svg=01;35:*.svgz=01;35:*.mng=01;35:*.pcx=01;35:*.mov=01;35:*.mpg=01;35:*.mpeg=01;35:*.m2v=01;35:*.mkv=01;35:*.webm=01;35:*.webp=01;35:*.ogm=01;35:*.mp4=01;35:*.m4v=01;35:*.mp4v=01;35:*.vob=01;35:*.qt=01;35:*.nuv=01;35:*.wmv=01;35:*.asf=01;35:*.rm=01;35:*.rmvb=01;35:*.flc=01;35:*.avi=01;35:*.fli=01;35:*.flv=01;35:*.gl=01;35:*.dl=01;35:*.xcf=01;35:*.xwd=01;35:*.yuv=01;35:*.cgm=01;35:*.emf=01;35:*.ogv=01;35:*.ogx=01;35:*.aac=00;36:*.au=00;36:*.flac=00;36:*.m4a=00;36:*.mid=00;36:*.midi=00;36:*.mka=00;36:*.mp3=00;36:*.mpc=00;36:*.ogg=00;36:*.ra=00;36:*.wav=00;36:*.oga=00;36:*.opus=00;36:*.spx=00;36:*.xspf=00;36:*~=00;90:*#=00;90:*.bak=00;90:*.crdownload=00;90:*.dpkg-dist=00;90:*.dpkg-new=00;90:*.dpkg-old=00;90:*.dpkg-tmp=00;90:*.old=00;90:*.orig=00;90:*.part=00;90:*.rej=00;90:*.rpmnew=00;90:*.rpmorig=00;90:*.rpmsave=00;90:*.swp=00;90:*.tmp=00;90:*.ucf-dist=00;90:*.ucf-new=00;90:*.ucf-old=00;90:', 'VSCODE_GIT_IPC_HANDLE': '/run/user/1000/vscode-git-9471b07330.sock', 'TERM_PROGRAM': 'vscode', 'ROS_DOMAIN_ID': '3', 'AMENT_PREFIX_PATH': '/home/hyun/ros2_ws/install/rplidar_ros:/opt/ros/jazzy', 'SHELL': '/bin/bash', 'LESSCLOSE': '/usr/bin/lesspipe %s %s', 'ROS_AUTOMATIC_DISCOVERY_RANGE': 'SUBNET', 'VSCODE_GIT_ASKPASS_EXTRA_ARGS': '', 'PWD': '/home/hyun/Autonomous-Drone/build/rplidar_ros', 'LC_ALL': 'en_US.UTF-8', 'SSH_CONNECTION': '192.168.1.87 62329 192.168.1.90 22', 'XDG_DATA_DIRS': '/usr/local/share:/usr/share:/var/lib/snapd/desktop', 'PYTHONPATH': '/opt/ros/jazzy/lib/python3.12/site-packages', 'COLCON': '1', 'CMAKE_PREFIX_PATH': '/home/hyun/ros2_ws/install/rplidar_ros:/opt/ros/jazzy/opt/gz_math_vendor:/opt/ros/jazzy/opt/gz_utils_vendor:/opt/ros/jazzy/opt/gz_cmake_vendor:/opt/ros/jazzy'}), 'shell': False}
[0.099705] (-) TimerEvent: {}
[0.200151] (-) TimerEvent: {}
[0.300657] (-) TimerEvent: {}
[0.401061] (-) TimerEvent: {}
[0.447804] (rplidar_ros) StdoutLine: {'line': b'-- The C compiler identification is GNU 13.3.0\n'}
[0.501187] (-) TimerEvent: {}
[0.601601] (-) TimerEvent: {}
[0.702058] (-) TimerEvent: {}
[0.802489] (-) TimerEvent: {}
[0.818180] (rplidar_ros) StdoutLine: {'line': b'-- The CXX compiler identification is GNU 13.3.0\n'}
[0.856241] (rplidar_ros) StdoutLine: {'line': b'-- Detecting C compiler ABI info\n'}
[0.902599] (-) TimerEvent: {}
[1.003012] (-) TimerEvent: {}
[1.032254] (rplidar_ros) StdoutLine: {'line': b'-- Detecting C compiler ABI info - done\n'}
[1.047799] (rplidar_ros) StdoutLine: {'line': b'-- Check for working C compiler: /usr/bin/cc - skipped\n'}
[1.048751] (rplidar_ros) StdoutLine: {'line': b'-- Detecting C compile features\n'}
[1.049704] (rplidar_ros) StdoutLine: {'line': b'-- Detecting C compile features - done\n'}
[1.066178] (rplidar_ros) StdoutLine: {'line': b'-- Detecting CXX compiler ABI info\n'}
[1.103129] (-) TimerEvent: {}
[1.203531] (-) TimerEvent: {}
[1.248300] (rplidar_ros) StdoutLine: {'line': b'-- Detecting CXX compiler ABI info - done\n'}
[1.264808] (rplidar_ros) StdoutLine: {'line': b'-- Check for working CXX compiler: /usr/bin/c++ - skipped\n'}
[1.265193] (rplidar_ros) StdoutLine: {'line': b'-- Detecting CXX compile features\n'}
[1.265899] (rplidar_ros) StdoutLine: {'line': b'-- Detecting CXX compile features - done\n'}
[1.273669] (rplidar_ros) StdoutLine: {'line': b'-- Found ament_cmake: 2.5.4 (/opt/ros/jazzy/share/ament_cmake/cmake)\n'}
[1.303659] (-) TimerEvent: {}
[1.404062] (-) TimerEvent: {}
[1.504463] (-) TimerEvent: {}
[1.539636] (rplidar_ros) StdoutLine: {'line': b'-- Found Python3: /usr/bin/python3 (found version "3.12.3") found components: Interpreter \n'}
[1.604647] (-) TimerEvent: {}
[1.674021] (rplidar_ros) StdoutLine: {'line': b'-- Override CMake install command with custom implementation using symlinks instead of copying resources\n'}
[1.704767] (-) TimerEvent: {}
[1.771962] (rplidar_ros) StdoutLine: {'line': b'-- Found rclcpp: 28.1.13 (/opt/ros/jazzy/share/rclcpp/cmake)\n'}
[1.804866] (-) TimerEvent: {}
[1.852686] (rplidar_ros) StdoutLine: {'line': b'-- Found rosidl_generator_c: 4.6.6 (/opt/ros/jazzy/share/rosidl_generator_c/cmake)\n'}
[1.879489] (rplidar_ros) StdoutLine: {'line': b'-- Found rosidl_generator_cpp: 4.6.6 (/opt/ros/jazzy/share/rosidl_generator_cpp/cmake)\n'}
[1.904952] (-) TimerEvent: {}
[1.914730] (rplidar_ros) StdoutLine: {'line': b'-- Using all available rosidl_typesupport_c: rosidl_typesupport_fastrtps_c;rosidl_typesupport_introspection_c\n'}
[1.951162] (rplidar_ros) StdoutLine: {'line': b'-- Using all available rosidl_typesupport_cpp: rosidl_typesupport_fastrtps_cpp;rosidl_typesupport_introspection_cpp\n'}
[2.005078] (-) TimerEvent: {}
[2.102729] (rplidar_ros) StdoutLine: {'line': b'-- Found rmw_implementation_cmake: 7.3.2 (/opt/ros/jazzy/share/rmw_implementation_cmake/cmake)\n'}
[2.105153] (-) TimerEvent: {}
[2.109160] (rplidar_ros) StdoutLine: {'line': b'-- Found rmw_cyclonedds_cpp: 2.2.3 (/opt/ros/jazzy/share/rmw_cyclonedds_cpp/cmake)\n'}
[2.163159] (rplidar_ros) StdoutLine: {'line': b"-- Using RMW implementation 'rmw_cyclonedds_cpp' as default\n"}
[2.205271] (-) TimerEvent: {}
[2.291538] (rplidar_ros) StdoutLine: {'line': b'-- Found sensor_msgs: 5.3.6 (/opt/ros/jazzy/share/sensor_msgs/cmake)\n'}
[2.305359] (-) TimerEvent: {}
[2.404493] (rplidar_ros) StdoutLine: {'line': b'-- Found std_srvs: 5.3.6 (/opt/ros/jazzy/share/std_srvs/cmake)\n'}
[2.405431] (-) TimerEvent: {}
[2.505701] (-) TimerEvent: {}
[2.602851] (rplidar_ros) StdoutLine: {'line': b'-- Configuring done (2.6s)\n'}
[2.605772] (-) TimerEvent: {}
[2.640785] (rplidar_ros) StdoutLine: {'line': b'-- Generating done (0.0s)\n'}
[2.650937] (rplidar_ros) StdoutLine: {'line': b'-- Build files have been written to: /home/hyun/Autonomous-Drone/build/rplidar_ros\n'}
[2.668215] (rplidar_ros) CommandEnded: {'returncode': 0}
[2.668983] (rplidar_ros) JobProgress: {'identifier': 'rplidar_ros', 'progress': 'build'}
[2.670618] (rplidar_ros) Command: {'cmd': ['/usr/bin/cmake', '--build', '/home/hyun/Autonomous-Drone/build/rplidar_ros', '--', '-j4', '-l4'], 'cwd': '/home/hyun/Autonomous-Drone/build/rplidar_ros', 'env': OrderedDict({'LESSOPEN': '| /usr/bin/lesspipe %s', 'USER': 'hyun', 'SSH_CLIENT': '192.168.1.87 62329 22', 'XDG_SESSION_TYPE': 'tty', 'GIT_ASKPASS': '/home/hyun/.vscode-server/cli/servers/Stable-994fd12f8d3a5aa16f17d42c041e5809167e845a/server/extensions/git/dist/askpass.sh', 'SHLVL': '1', 'LD_LIBRARY_PATH': '/opt/ros/jazzy/opt/zenoh_cpp_vendor/lib:/opt/ros/jazzy/opt/rviz_ogre_vendor/lib:/opt/ros/jazzy/lib/aarch64-linux-gnu:/opt/ros/jazzy/opt/gz_math_vendor/lib:/opt/ros/jazzy/opt/gz_utils_vendor/lib:/opt/ros/jazzy/opt/gz_cmake_vendor/lib:/opt/ros/jazzy/lib', 'BROWSER': '/home/hyun/.vscode-server/cli/servers/Stable-994fd12f8d3a5aa16f17d42c041e5809167e845a/server/bin/helpers/browser.sh', 'HOME': '/home/hyun', 'CYCLONEDDS_URI': '<CycloneDDS><Domain id="3"><General><Interfaces><NetworkInterface name="wlan0"/></Interfaces><AllowMulticast>false</AllowMulticast></General><Discovery><Peers><Peer address="127.0.0.1"/><Peer address="192.168.1.87"/></Peers></Discovery></Domain></CycloneDDS>', 'OLDPWD': '/home/hyun/Autonomous-Drone/src', 'TERM_PROGRAM_VERSION': '1.107.1', 'VSCODE_IPC_HOOK_CLI': '/run/user/1000/vscode-ipc-6e9ff804-c59c-4095-a4e0-cfb5f50f4009.sock', 'ROS_PYTHON_VERSION': '3', 'VSCODE_GIT_ASKPASS_MAIN': '/home/hyun/.vscode-server/cli/servers/Stable-994fd12f8d3a5aa16f17d42c041e5809167e845a/server/extensions/git/dist/askpass-main.js', 'VSCODE_GIT_ASKPASS_NODE': '/home/hyun/.vscode-server/cli/servers/Stable-994fd12f8d3a5aa16f17d42c041e5809167e845a/server/node', 'SSL_CERT_FILE': '/usr/lib/ssl/cert.pem', 'VSCODE_PYTHON_AUTOACTIVATE_GUARD': '1', 'DBUS_SESSION_BUS_ADDRESS': 'unix:path=/run/user/1000/bus', 'COLORTERM': 'truecolor', 'COLCON_PREFIX_PATH': '/home/hyun/ros2_ws/install', 'ROS_DISTRO': 'jazzy', 'LOGNAME': 'hyun', '_': '/usr/bin/colcon', 'ROS_VERSION': '2', 'XDG_SESSION_CLASS': 'user', 'TERM': 'xterm-256color', 'XDG_SESSION_ID': '15', 'PATH': '/home/hyun/.vscode-server/data/User/globalStorage/github.copilot-chat/debugCommand:/home/hyun/.vscode-server/data/User/globalStorage/github.copilot-chat/copilotCli:/home/hyun/.vscode-server/cli/servers/Stable-994fd12f8d3a5aa16f17d42c041e5809167e845a/server/bin/remote-cli:/opt/ros/jazzy/bin:/usr/local/sbin:/usr/local/bin:/usr/sbin:/usr/bin:/sbin:/bin:/usr/games:/usr/local/games:/snap/bin', 'XDG_RUNTIME_DIR': '/run/user/1000', 'SSL_CERT_DIR': '/usr/lib/ssl/certs', 'LANG': 'en_US.UTF-8', 'RMW_IMPLEMENTATION': 'rmw_cyclonedds_cpp', 'LS_COLORS': 'rs=0:di=01;34:ln=01;36:mh=00:pi=40;33:so=01;35:do=01;35:bd=40;33;01:cd=40;33;01:or=40;31;01:mi=00:su=37;41:sg=30;43:ca=00:tw=30;42:ow=34;42:st=37;44:ex=01;32:*.tar=01;31:*.tgz=01;31:*.arc=01;31:*.arj=01;31:*.taz=01;31:*.lha=01;31:*.lz4=01;31:*.lzh=01;31:*.lzma=01;31:*.tlz=01;31:*.txz=01;31:*.tzo=01;31:*.t7z=01;31:*.zip=01;31:*.z=01;31:*.dz=01;31:*.gz=01;31:*.lrz=01;31:*.lz=01;31:*.lzo=01;31:*.xz=01;31:*.zst=01;31:*.tzst=01;31:*.bz2=01;31:*.bz=01;31:*.tbz=01;31:*.tbz2=01;31:*.tz=01;31:*.deb=01;31:*.rpm=01;31:*.jar=01;31:*.war=01;31:*.ear=01;31:*.sar=01;31:*.rar=01;31:*.alz=01;31:*.ace=01;31:*.zoo=01;31:*.cpio=01;31:*.7z=01;31:*.rz=01;31:*.cab=01;31:*.wim=01;31:*.swm=01;31:*.dwm=01;31:*.esd=01;31:*.avif=01;35:*.jpg=01;35:*.jpeg=01;35:*.mjpg=01;35:*.mjpeg=01;35:*.gif=01;35:*.bmp=01;35:*.pbm=01;35:*.pgm=01;35:*.ppm=01;35:*.tga=01;35:*.xbm=01;35:*.xpm=01;35:*.tif=01;35:*.tiff=01;35:*.png=01;35:*.svg=01;35:*.svgz=01;35:*.mng=01;35:*.pcx=01;35:*.mov=01;35:*.mpg=01;35:*.mpeg=01;35:*.m2v=01;35:*.mkv=01;35:*.webm=01;35:*.webp=01;35:*.ogm=01;35:*.mp4=01;35:*.m4v=01;35:*.mp4v=01;35:*.vob=01;35:*.qt=01;35:*.nuv=01;35:*.wmv=01;35:*.asf=01;35:*.rm=01;35:*.rmvb=01;35:*.flc=01;35:*.avi=01;35:*.fli=01;35:*.flv=01;35:*.gl=01;35:*.dl=01;35:*.xcf=01;35:*.xwd=01;35:*.yuv=01;35:*.cgm=01;35:*.emf=01;35:*.ogv=01;35:*.ogx=01;35:*.aac=00;36:*.au=00;36:*.flac=00;36:*.m4a=00;36:*.mid=00;36:*.midi=00;36:*.mka=00;36:*.mp3=00;36:*.mpc=00;36:*.ogg=00;36:*.ra=00;36:*.wav=00;36:*.oga=00;36:*.opus=00;36:*.spx=00;36:*.xspf=00;36:*~=00;90:*#=00;90:*.bak=00;90:*.crdownload=00;90:*.dpkg-dist=00;90:*.dpkg-new=00;90:*.dpkg-old=00;90:*.dpkg-tmp=00;90:*.old=00;90:*.orig=00;90:*.part=00;90:*.rej=00;90:*.rpmnew=00;90:*.rpmorig=00;90:*.rpmsave=00;90:*.swp=00;90:*.tmp=00;90:*.ucf-dist=00;90:*.ucf-new=00;90:*.ucf-old=00;90:', 'VSCODE_GIT_IPC_HANDLE': '/run/user/1000/vscode-git-9471b07330.sock', 'TERM_PROGRAM': 'vscode', 'ROS_DOMAIN_ID': '3', 'AMENT_PREFIX_PATH': '/home/hyun/ros2_ws/install/rplidar_ros:/opt/ros/jazzy', 'SHELL': '/bin/bash', 'LESSCLOSE': '/usr/bin/lesspipe %s %s', 'ROS_AUTOMATIC_DISCOVERY_RANGE': 'SUBNET', 'VSCODE_GIT_ASKPASS_EXTRA_ARGS': '', 'PWD': '/home/hyun/Autonomous-Drone/build/rplidar_ros', 'LC_ALL': 'en_US.UTF-8', 'SSH_CONNECTION': '192.168.1.87 62329 192.168.1.90 22', 'XDG_DATA_DIRS': '/usr/local/share:/usr/share:/var/lib/snapd/desktop', 'PYTHONPATH': '/opt/ros/jazzy/lib/python3.12/site-packages', 'COLCON': '1', 'CMAKE_PREFIX_PATH': '/home/hyun/ros2_ws/install/rplidar_ros:/opt/ros/jazzy/opt/gz_math_vendor:/opt/ros/jazzy/opt/gz_utils_vendor:/opt/ros/jazzy/opt/gz_cmake_vendor:/opt/ros/jazzy'}), 'shell': False}
[2.705911] (-) TimerEvent: {}
[2.768647] (rplidar_ros) StdoutLine: {'line': b'[  5%] \x1b[32mBuilding CXX object CMakeFiles/rplidar_node.dir/src/rplidar_node.cpp.o\x1b[0m\n'}
[2.769024] (rplidar_ros) StdoutLine: {'line': b'[  5%] \x1b[32mBuilding CXX object CMakeFiles/rplidar_client.dir/src/rplidar_client.cpp.o\x1b[0m\n'}
[2.769185] (rplidar_ros) StdoutLine: {'line': b'[  7%] \x1b[32mBuilding CXX object CMakeFiles/rplidar_composition.dir/src/rplidar_node.cpp.o\x1b[0m\n'}
[2.771007] (rplidar_ros) StdoutLine: {'line': b'[ 10%] \x1b[32mBuilding CXX object CMakeFiles/rplidar_composition.dir/sdk/src/arch/linux/net_serial.cpp.o\x1b[0m\n'}
[2.806053] (-) TimerEvent: {}
[2.908111] (-) TimerEvent: {}
[3.008982] (-) TimerEvent: {}
[3.110616] (-) TimerEvent: {}
[3.214582] (-) TimerEvent: {}
[3.315099] (-) TimerEvent: {}
[3.416426] (-) TimerEvent: {}
[3.520753] (-) TimerEvent: {}
[3.577836] (rplidar_ros) StderrLine: {'line': b'\x1b[01m\x1b[K/home/hyun/Autonomous-Drone/src/rplidar_ros/sdk/src/arch/linux/net_serial.cpp:\x1b[m\x1b[K In member function \xe2\x80\x98\x1b[01m\x1b[Kbool rp::arch::net::raw_serial::\x1b[01;32m\x1b[Kopen\x1b[m\x1b[K(const char*, uint32_t, uint32_t)\x1b[m\x1b[K\xe2\x80\x99:\n'}
[3.578181] (rplidar_ros) StderrLine: {'line': b'\x1b[01m\x1b[K/home/hyun/Autonomous-Drone/src/rplidar_ros/sdk/src/arch/linux/net_serial.cpp:97:74:\x1b[m\x1b[K \x1b[01;35m\x1b[Kwarning: \x1b[m\x1b[Kunused parameter \xe2\x80\x98\x1b[01m\x1b[Kflags\x1b[m\x1b[K\xe2\x80\x99 [\x1b[01;35m\x1b[K\x1b]8;;https://gcc.gnu.org/onlinedocs/gcc/Warning-Options.html#index-Wunused-parameter\x07-Wunused-parameter\x1b]8;;\x07\x1b[m\x1b[K]\n'}
[3.578315] (rplidar_ros) StderrLine: {'line': b'   97 | bool raw_serial::open(const char * portname, uint32_t baudrate, \x1b[01;35m\x1b[Kuint32_t flags\x1b[m\x1b[K)\n'}
[3.578435] (rplidar_ros) StderrLine: {'line': b'      |                                                                 \x1b[01;35m\x1b[K~~~~~~~~~^~~~~\x1b[m\x1b[K\n'}
[3.579050] (rplidar_ros) StderrLine: {'line': b'\x1b[01m\x1b[K/home/hyun/Autonomous-Drone/src/rplidar_ros/sdk/src/arch/linux/net_serial.cpp:\x1b[m\x1b[K In member function \xe2\x80\x98\x1b[01m\x1b[Kvirtual void rp::arch::net::raw_serial::\x1b[01;32m\x1b[Kflush\x1b[m\x1b[K(_u32)\x1b[m\x1b[K\xe2\x80\x99:\n'}
[3.579206] (rplidar_ros) StderrLine: {'line': b'\x1b[01m\x1b[K/home/hyun/Autonomous-Drone/src/rplidar_ros/sdk/src/arch/linux/net_serial.cpp:281:30:\x1b[m\x1b[K \x1b[01;35m\x1b[Kwarning: \x1b[m\x1b[Kunused parameter \xe2\x80\x98\x1b[01m\x1b[Kflags\x1b[m\x1b[K\xe2\x80\x99 [\x1b[01;35m\x1b[K\x1b]8;;https://gcc.gnu.org/onlinedocs/gcc/Warning-Options.html#index-Wunused-parameter\x07-Wunused-parameter\x1b]8;;\x07\x1b[m\x1b[K]\n'}
[3.579334] (rplidar_ros) StderrLine: {'line': b'  281 | void raw_serial::flush( \x1b[01;35m\x1b[K_u32 flags\x1b[m\x1b[K)\n'}
[3.579474] (rplidar_ros) StderrLine: {'line': b'      |                         \x1b[01;35m\x1b[K~~~~~^~~~~\x1b[m\x1b[K\n'}
[3.579581] (rplidar_ros) StderrLine: {'line': b'\x1b[01m\x1b[K/home/hyun/Autonomous-Drone/src/rplidar_ros/sdk/src/arch/linux/net_serial.cpp:\x1b[m\x1b[K In member function \xe2\x80\x98\x1b[01m\x1b[Kvirtual int rp::arch::net::raw_serial::\x1b[01;32m\x1b[Kwaitforsent\x1b[m\x1b[K(_u32, size_t*)\x1b[m\x1b[K\xe2\x80\x99:\n'}
[3.579683] (rplidar_ros) StderrLine: {'line': b'\x1b[01m\x1b[K/home/hyun/Autonomous-Drone/src/rplidar_ros/sdk/src/arch/linux/net_serial.cpp:286:34:\x1b[m\x1b[K \x1b[01;35m\x1b[Kwarning: \x1b[m\x1b[Kunused parameter \xe2\x80\x98\x1b[01m\x1b[Ktimeout\x1b[m\x1b[K\xe2\x80\x99 [\x1b[01;35m\x1b[K\x1b]8;;https://gcc.gnu.org/onlinedocs/gcc/Warning-Options.html#index-Wunused-parameter\x07-Wunused-parameter\x1b]8;;\x07\x1b[m\x1b[K]\n'}
[3.579781] (rplidar_ros) StderrLine: {'line': b'  286 | int raw_serial::waitforsent(\x1b[01;35m\x1b[K_u32 timeout\x1b[m\x1b[K, size_t * returned_size)\n'}
[3.579898] (rplidar_ros) StderrLine: {'line': b'      |                             \x1b[01;35m\x1b[K~~~~~^~~~~~~\x1b[m\x1b[K\n'}
[3.580011] (rplidar_ros) StderrLine: {'line': b'\x1b[01m\x1b[K/home/hyun/Autonomous-Drone/src/rplidar_ros/sdk/src/arch/linux/net_serial.cpp:\x1b[m\x1b[K In member function \xe2\x80\x98\x1b[01m\x1b[Kvirtual int rp::arch::net::raw_serial::\x1b[01;32m\x1b[Kwaitforrecv\x1b[m\x1b[K(_u32, size_t*)\x1b[m\x1b[K\xe2\x80\x99:\n'}
[3.580103] (rplidar_ros) StderrLine: {'line': b'\x1b[01m\x1b[K/home/hyun/Autonomous-Drone/src/rplidar_ros/sdk/src/arch/linux/net_serial.cpp:292:34:\x1b[m\x1b[K \x1b[01;35m\x1b[Kwarning: \x1b[m\x1b[Kunused parameter \xe2\x80\x98\x1b[01m\x1b[Ktimeout\x1b[m\x1b[K\xe2\x80\x99 [\x1b[01;35m\x1b[K\x1b]8;;https://gcc.gnu.org/onlinedocs/gcc/Warning-Options.html#index-Wunused-parameter\x07-Wunused-parameter\x1b]8;;\x07\x1b[m\x1b[K]\n'}
[3.580190] (rplidar_ros) StderrLine: {'line': b'  292 | int raw_serial::waitforrecv(\x1b[01;35m\x1b[K_u32 timeout\x1b[m\x1b[K, size_t * returned_size)\n'}
[3.580270] (rplidar_ros) StderrLine: {'line': b'      |                             \x1b[01;35m\x1b[K~~~~~^~~~~~~\x1b[m\x1b[K\n'}
[3.582723] (rplidar_ros) StderrLine: {'line': b'\x1b[01m\x1b[K/home/hyun/Autonomous-Drone/src/rplidar_ros/sdk/src/arch/linux/net_serial.cpp:\x1b[m\x1b[K In member function \xe2\x80\x98\x1b[01m\x1b[Kvirtual void rp::arch::net::raw_serial::\x1b[01;32m\x1b[KcancelOperation\x1b[m\x1b[K()\x1b[m\x1b[K\xe2\x80\x99:\n'}
[3.583070] (rplidar_ros) StderrLine: {'line': b'\x1b[01m\x1b[K/home/hyun/Autonomous-Drone/src/rplidar_ros/sdk/src/arch/linux/net_serial.cpp:427:5:\x1b[m\x1b[K \x1b[01;35m\x1b[Kwarning: \x1b[m\x1b[Kvalue computed is not used [\x1b[01;35m\x1b[K\x1b]8;;https://gcc.gnu.org/onlinedocs/gcc/Warning-Options.html#index-Wunused-value\x07-Wunused-value\x1b]8;;\x07\x1b[m\x1b[K]\n'}
[3.583208] (rplidar_ros) StderrLine: {'line': b'  427 |     \x1b[01;35m\x1b[K(int)::write(_selfpipe[1], "x", 1)\x1b[m\x1b[K;\n'}
[3.583304] (rplidar_ros) StderrLine: {'line': b'      |     \x1b[01;35m\x1b[K^~~~~~~~~~~~~~~~~~~~~~~~~~~~~~~~~~\x1b[m\x1b[K\n'}
[3.622497] (-) TimerEvent: {}
[3.723025] (-) TimerEvent: {}
[3.820214] (rplidar_ros) StdoutLine: {'line': b'[ 13%] \x1b[32mBuilding CXX object CMakeFiles/rplidar_composition.dir/sdk/src/arch/linux/net_socket.cpp.o\x1b[0m\n'}
[3.823427] (-) TimerEvent: {}
[3.926440] (-) TimerEvent: {}
[4.027051] (-) TimerEvent: {}
[4.127600] (-) TimerEvent: {}
[4.228697] (-) TimerEvent: {}
[4.330751] (-) TimerEvent: {}
[4.431257] (-) TimerEvent: {}
[4.531777] (-) TimerEvent: {}
[4.633722] (-) TimerEvent: {}
[4.734272] (-) TimerEvent: {}
[4.760416] (rplidar_ros) StderrLine: {'line': b'In file included from \x1b[01m\x1b[K/home/hyun/Autonomous-Drone/src/rplidar_ros/sdk/include/rplidar_protocol.h:36\x1b[m\x1b[K,\n'}
[4.760816] (rplidar_ros) StderrLine: {'line': b'                 from \x1b[01m\x1b[K/home/hyun/Autonomous-Drone/src/rplidar_ros/sdk/include/rplidar.h:39\x1b[m\x1b[K,\n'}
[4.760958] (rplidar_ros) StderrLine: {'line': b'                 from \x1b[01m\x1b[K/home/hyun/Autonomous-Drone/src/rplidar_ros/sdk/src/sdkcommon.h:49\x1b[m\x1b[K,\n'}
[4.761071] (rplidar_ros) StderrLine: {'line': b'                 from \x1b[01m\x1b[K/home/hyun/Autonomous-Drone/src/rplidar_ros/sdk/src/arch/linux/net_socket.cpp:10\x1b[m\x1b[K:\n'}
[4.761182] (rplidar_ros) StderrLine: {'line': b'\x1b[01m\x1b[K/home/hyun/Autonomous-Drone/src/rplidar_ros/sdk/include/sl_lidar_protocol.h:66:16:\x1b[m\x1b[K \x1b[01;35m\x1b[Kwarning: \x1b[m\x1b[KISO C++ forbids zero-size array \xe2\x80\x98\x1b[01m\x1b[Kdata\x1b[m\x1b[K\xe2\x80\x99 [\x1b[01;35m\x1b[K\x1b]8;;https://gcc.gnu.org/onlinedocs/gcc/Warning-Options.html#index-Wpedantic\x07-Wpedantic\x1b]8;;\x07\x1b[m\x1b[K]\n'}
[4.761305] (rplidar_ros) StderrLine: {'line': b'   66 |     sl_u8 data[\x1b[01;35m\x1b[K0\x1b[m\x1b[K];\n'}
[4.761442] (rplidar_ros) StderrLine: {'line': b'      |                \x1b[01;35m\x1b[K^\x1b[m\x1b[K\n'}
[4.761594] (rplidar_ros) StderrLine: {'line': b'In file included from \x1b[01m\x1b[K/home/hyun/Autonomous-Drone/src/rplidar_ros/sdk/include/rplidar_cmd.h:36\x1b[m\x1b[K,\n'}
[4.761703] (rplidar_ros) StderrLine: {'line': b'                 from \x1b[01m\x1b[K/home/hyun/Autonomous-Drone/src/rplidar_ros/sdk/include/rplidar.h:40\x1b[m\x1b[K:\n'}
[4.761799] (rplidar_ros) StderrLine: {'line': b'\x1b[01m\x1b[K/home/hyun/Autonomous-Drone/src/rplidar_ros/sdk/include/sl_lidar_cmd.h:324:20:\x1b[m\x1b[K \x1b[01;35m\x1b[Kwarning: \x1b[m\x1b[KISO C++ forbids zero-size array \xe2\x80\x98\x1b[01m\x1b[Kpayload\x1b[m\x1b[K\xe2\x80\x99 [\x1b[01;35m\x1b[K\x1b]8;;https://gcc.gnu.org/onlinedocs/gcc/Warning-Options.html#index-Wpedantic\x07-Wpedantic\x1b]8;;\x07\x1b[m\x1b[K]\n'}
[4.761911] (rplidar_ros) StderrLine: {'line': b'  324 |     sl_u8  payload[\x1b[01;35m\x1b[K0\x1b[m\x1b[K];\n'}
[4.762006] (rplidar_ros) StderrLine: {'line': b'      |                    \x1b[01;35m\x1b[K^\x1b[m\x1b[K\n'}
[4.835498] (-) TimerEvent: {}
[4.847609] (rplidar_ros) StderrLine: {'line': b'In file included from \x1b[01m\x1b[K/home/hyun/Autonomous-Drone/src/rplidar_ros/sdk/src/arch/linux/arch_linux.h:42\x1b[m\x1b[K,\n'}
[4.848040] (rplidar_ros) StderrLine: {'line': b'                 from \x1b[01m\x1b[K/home/hyun/Autonomous-Drone/src/rplidar_ros/sdk/src/sdkcommon.h:41\x1b[m\x1b[K:\n'}
[4.848222] (rplidar_ros) StderrLine: {'line': b'\x1b[01m\x1b[K/home/hyun/Autonomous-Drone/src/rplidar_ros/sdk/src/arch/linux/net_socket.cpp:\x1b[m\x1b[K In member function \xe2\x80\x98\x1b[01m\x1b[Kvirtual u_result rp::arch::net::DGramSocketImpl::\x1b[01;32m\x1b[KsendTo\x1b[m\x1b[K(const rp::net::SocketAddress*, const void*, size_t)\x1b[m\x1b[K\xe2\x80\x99:\n'}
[4.848409] (rplidar_ros) StderrLine: {'line': b'\x1b[01m\x1b[K/home/hyun/Autonomous-Drone/src/rplidar_ros/sdk/src/arch/linux/net_socket.cpp:733:24:\x1b[m\x1b[K \x1b[01;35m\x1b[Kwarning: \x1b[m\x1b[Kcomparison of integer expressions of different signedness: \xe2\x80\x98\x1b[01m\x1b[Kint\x1b[m\x1b[K\xe2\x80\x99 and \xe2\x80\x98\x1b[01m\x1b[Ksize_t\x1b[m\x1b[K\xe2\x80\x99 {aka \xe2\x80\x98\x1b[01m\x1b[Klong unsigned int\x1b[m\x1b[K\xe2\x80\x99} [\x1b[01;35m\x1b[K\x1b]8;;https://gcc.gnu.org/onlinedocs/gcc/Warning-Options.html#index-Wsign-compare\x07-Wsign-compare\x1b]8;;\x07\x1b[m\x1b[K]\n'}
[4.848593] (rplidar_ros) StderrLine: {'line': b'  733 |             assert(\x1b[01;35m\x1b[Kans == len\x1b[m\x1b[K);\n'}
[4.848748] (rplidar_ros) StderrLine: {'line': b'      |                    \x1b[01;35m\x1b[K~~~~^~~~~~\x1b[m\x1b[K\n'}
[4.938504] (-) TimerEvent: {}
[5.039023] (-) TimerEvent: {}
[5.139565] (-) TimerEvent: {}
[5.232095] (rplidar_ros) StdoutLine: {'line': b'[ 15%] \x1b[32mBuilding CXX object CMakeFiles/rplidar_composition.dir/sdk/src/arch/linux/timer.cpp.o\x1b[0m\n'}
[5.239703] (-) TimerEvent: {}
[5.342601] (-) TimerEvent: {}
[5.443143] (-) TimerEvent: {}
[5.546932] (-) TimerEvent: {}
[5.647454] (-) TimerEvent: {}
[5.750709] (-) TimerEvent: {}
[5.851499] (-) TimerEvent: {}
[5.951981] (-) TimerEvent: {}
[6.055491] (-) TimerEvent: {}
[6.156027] (-) TimerEvent: {}
[6.180237] (rplidar_ros) StdoutLine: {'line': b'[ 18%] \x1b[32mBuilding CXX object CMakeFiles/rplidar_composition.dir/sdk/src/dataunpacker/dataunpacker.cpp.o\x1b[0m\n'}
[6.258500] (-) TimerEvent: {}
[6.358989] (-) TimerEvent: {}
[6.459494] (-) TimerEvent: {}
[6.561490] (-) TimerEvent: {}
[6.661999] (-) TimerEvent: {}
[6.764733] (-) TimerEvent: {}
[6.865708] (-) TimerEvent: {}
[6.966390] (-) TimerEvent: {}
[7.069673] (-) TimerEvent: {}
[7.077205] (rplidar_ros) StderrLine: {'line': b'In file included from \x1b[01m\x1b[K/home/hyun/Autonomous-Drone/src/rplidar_ros/sdk/include/rplidar_protocol.h:36\x1b[m\x1b[K,\n'}
[7.079437] (rplidar_ros) StderrLine: {'line': b'                 from \x1b[01m\x1b[K/home/hyun/Autonomous-Drone/src/rplidar_ros/sdk/include/rplidar.h:39\x1b[m\x1b[K,\n'}
[7.079791] (rplidar_ros) StderrLine: {'line': b'                 from \x1b[01m\x1b[K/home/hyun/Autonomous-Drone/src/rplidar_ros/sdk/src/sdkcommon.h:49\x1b[m\x1b[K,\n'}
[7.079945] (rplidar_ros) StderrLine: {'line': b'                 from \x1b[01m\x1b[K/home/hyun/Autonomous-Drone/src/rplidar_ros/sdk/src/dataunpacker/dataunnpacker_commondef.h:41\x1b[m\x1b[K,\n'}
[7.080072] (rplidar_ros) StderrLine: {'line': b'                 from \x1b[01m\x1b[K/home/hyun/Autonomous-Drone/src/rplidar_ros/sdk/src/dataunpacker/dataunpacker.cpp:39\x1b[m\x1b[K:\n'}
[7.080192] (rplidar_ros) StderrLine: {'line': b'\x1b[01m\x1b[K/home/hyun/Autonomous-Drone/src/rplidar_ros/sdk/include/sl_lidar_protocol.h:66:16:\x1b[m\x1b[K \x1b[01;35m\x1b[Kwarning: \x1b[m\x1b[KISO C++ forbids zero-size array \xe2\x80\x98\x1b[01m\x1b[Kdata\x1b[m\x1b[K\xe2\x80\x99 [\x1b[01;35m\x1b[K\x1b]8;;https://gcc.gnu.org/onlinedocs/gcc/Warning-Options.html#index-Wpedantic\x07-Wpedantic\x1b]8;;\x07\x1b[m\x1b[K]\n'}
[7.080317] (rplidar_ros) StderrLine: {'line': b'   66 |     sl_u8 data[\x1b[01;35m\x1b[K0\x1b[m\x1b[K];\n'}
[7.080475] (rplidar_ros) StderrLine: {'line': b'      |                \x1b[01;35m\x1b[K^\x1b[m\x1b[K\n'}
[7.085532] (rplidar_ros) StderrLine: {'line': b'In file included from \x1b[01m\x1b[K/home/hyun/Autonomous-Drone/src/rplidar_ros/sdk/include/rplidar_cmd.h:36\x1b[m\x1b[K,\n'}
[7.085915] (rplidar_ros) StderrLine: {'line': b'                 from \x1b[01m\x1b[K/home/hyun/Autonomous-Drone/src/rplidar_ros/sdk/include/rplidar.h:40\x1b[m\x1b[K:\n'}
[7.086099] (rplidar_ros) StderrLine: {'line': b'\x1b[01m\x1b[K/home/hyun/Autonomous-Drone/src/rplidar_ros/sdk/include/sl_lidar_cmd.h:324:20:\x1b[m\x1b[K \x1b[01;35m\x1b[Kwarning: \x1b[m\x1b[KISO C++ forbids zero-size array \xe2\x80\x98\x1b[01m\x1b[Kpayload\x1b[m\x1b[K\xe2\x80\x99 [\x1b[01;35m\x1b[K\x1b]8;;https://gcc.gnu.org/onlinedocs/gcc/Warning-Options.html#index-Wpedantic\x07-Wpedantic\x1b]8;;\x07\x1b[m\x1b[K]\n'}
[7.086281] (rplidar_ros) StderrLine: {'line': b'  324 |     sl_u8  payload[\x1b[01;35m\x1b[K0\x1b[m\x1b[K];\n'}
[7.086476] (rplidar_ros) StderrLine: {'line': b'      |                    \x1b[01;35m\x1b[K^\x1b[m\x1b[K\n'}
[7.171486] (-) TimerEvent: {}
[7.272404] (-) TimerEvent: {}
[7.311493] (rplidar_ros) StderrLine: {'line': b'In file included from \x1b[01m\x1b[K/home/hyun/Autonomous-Drone/src/rplidar_ros/sdk/src/dataunpacker/dataunpacker.cpp:40\x1b[m\x1b[K:\n'}
[7.312405] (rplidar_ros) StderrLine: {'line': b'\x1b[01m\x1b[K/home/hyun/Autonomous-Drone/src/rplidar_ros/sdk/src/dataunpacker/dataunpacker.h:\x1b[m\x1b[K In member function \xe2\x80\x98\x1b[01m\x1b[Kvirtual void sl::internal::LIDARSampleDataListener::\x1b[01;32m\x1b[KonCustomSampleDataDecoded\x1b[m\x1b[K(_u8, _u32, const void*, size_t)\x1b[m\x1b[K\xe2\x80\x99:\n'}
[7.312858] (rplidar_ros) StderrLine: {'line': b'\x1b[01m\x1b[K/home/hyun/Autonomous-Drone/src/rplidar_ros/sdk/src/dataunpacker/dataunpacker.h:54:52:\x1b[m\x1b[K \x1b[01;35m\x1b[Kwarning: \x1b[m\x1b[Kunused parameter \xe2\x80\x98\x1b[01m\x1b[KansType\x1b[m\x1b[K\xe2\x80\x99 [\x1b[01;35m\x1b[K\x1b]8;;https://gcc.gnu.org/onlinedocs/gcc/Warning-Options.html#index-Wunused-parameter\x07-Wunused-parameter\x1b]8;;\x07\x1b[m\x1b[K]\n'}
[7.314477] (rplidar_ros) StderrLine: {'line': b'   54 |         virtual void onCustomSampleDataDecoded(\x1b[01;35m\x1b[K_u8 ansType\x1b[m\x1b[K, _u32 customCode, const void* data, size_t size) {}\n'}
[7.314825] (rplidar_ros) StderrLine: {'line': b'      |                                                \x1b[01;35m\x1b[K~~~~^~~~~~~\x1b[m\x1b[K\n'}
[7.314995] (rplidar_ros) StderrLine: {'line': b'\x1b[01m\x1b[K/home/hyun/Autonomous-Drone/src/rplidar_ros/sdk/src/dataunpacker/dataunpacker.h:54:66:\x1b[m\x1b[K \x1b[01;35m\x1b[Kwarning: \x1b[m\x1b[Kunused parameter \xe2\x80\x98\x1b[01m\x1b[KcustomCode\x1b[m\x1b[K\xe2\x80\x99 [\x1b[01;35m\x1b[K\x1b]8;;https://gcc.gnu.org/onlinedocs/gcc/Warning-Options.html#index-Wunused-parameter\x07-Wunused-parameter\x1b]8;;\x07\x1b[m\x1b[K]\n'}
[7.315182] (rplidar_ros) StderrLine: {'line': b'   54 |         virtual void onCustomSampleDataDecoded(_u8 ansType, \x1b[01;35m\x1b[K_u32 customCode\x1b[m\x1b[K, const void* data, size_t size) {}\n'}
[7.315320] (rplidar_ros) StderrLine: {'line': b'      |                                                             \x1b[01;35m\x1b[K~~~~~^~~~~~~~~~\x1b[m\x1b[K\n'}
[7.315498] (rplidar_ros) StderrLine: {'line': b'\x1b[01m\x1b[K/home/hyun/Autonomous-Drone/src/rplidar_ros/sdk/src/dataunpacker/dataunpacker.h:54:90:\x1b[m\x1b[K \x1b[01;35m\x1b[Kwarning: \x1b[m\x1b[Kunused parameter \xe2\x80\x98\x1b[01m\x1b[Kdata\x1b[m\x1b[K\xe2\x80\x99 [\x1b[01;35m\x1b[K\x1b]8;;https://gcc.gnu.org/onlinedocs/gcc/Warning-Options.html#index-Wunused-parameter\x07-Wunused-parameter\x1b]8;;\x07\x1b[m\x1b[K]\n'}
[7.315663] (rplidar_ros) StderrLine: {'line': b'   54 |         virtual void onCustomSampleDataDecoded(_u8 ansType, _u32 customCode, \x1b[01;35m\x1b[Kconst void* data\x1b[m\x1b[K, size_t size) {}\n'}
[7.315792] (rplidar_ros) StderrLine: {'line': b'      |                                                                              \x1b[01;35m\x1b[K~~~~~~~~~~~~^~~~\x1b[m\x1b[K\n'}
[7.318732] (rplidar_ros) StderrLine: {'line': b'\x1b[01m\x1b[K/home/hyun/Autonomous-Drone/src/rplidar_ros/sdk/src/dataunpacker/dataunpacker.h:54:103:\x1b[m\x1b[K \x1b[01;35m\x1b[Kwarning: \x1b[m\x1b[Kunused parameter \xe2\x80\x98\x1b[01m\x1b[Ksize\x1b[m\x1b[K\xe2\x80\x99 [\x1b[01;35m\x1b[K\x1b]8;;https://gcc.gnu.org/onlinedocs/gcc/Warning-Options.html#index-Wunused-parameter\x07-Wunused-parameter\x1b]8;;\x07\x1b[m\x1b[K]\n'}
[7.319136] (rplidar_ros) StderrLine: {'line': b'   54 |         virtual void onCustomSampleDataDecoded(_u8 ansType, _u32 customCode, const void* data, \x1b[01;35m\x1b[Ksize_t size\x1b[m\x1b[K) {}\n'}
[7.319309] (rplidar_ros) StderrLine: {'line': b'      |                                                                                                \x1b[01;35m\x1b[K~~~~~~~^~~~\x1b[m\x1b[K\n'}
[7.319502] (rplidar_ros) StderrLine: {'line': b'\x1b[01m\x1b[K/home/hyun/Autonomous-Drone/src/rplidar_ros/sdk/src/dataunpacker/dataunpacker.h:\x1b[m\x1b[K In member function \xe2\x80\x98\x1b[01m\x1b[Kvirtual void sl::internal::LIDARSampleDataListener::\x1b[01;32m\x1b[KonDecodingError\x1b[m\x1b[K(int, _u8, const void*, size_t)\x1b[m\x1b[K\xe2\x80\x99:\n'}
[7.319711] (rplidar_ros) StderrLine: {'line': b'\x1b[01m\x1b[K/home/hyun/Autonomous-Drone/src/rplidar_ros/sdk/src/dataunpacker/dataunpacker.h:56:42:\x1b[m\x1b[K \x1b[01;35m\x1b[Kwarning: \x1b[m\x1b[Kunused parameter \xe2\x80\x98\x1b[01m\x1b[KerrMsg\x1b[m\x1b[K\xe2\x80\x99 [\x1b[01;35m\x1b[K\x1b]8;;https://gcc.gnu.org/onlinedocs/gcc/Warning-Options.html#index-Wunused-parameter\x07-Wunused-parameter\x1b]8;;\x07\x1b[m\x1b[K]\n'}
[7.319869] (rplidar_ros) StderrLine: {'line': b'   56 |         virtual void onDecodingError(\x1b[01;35m\x1b[Kint errMsg\x1b[m\x1b[K, _u8 ansType, const void* payload, size_t size) {}\n'}
[7.319992] (rplidar_ros) StderrLine: {'line': b'      |                                      \x1b[01;35m\x1b[K~~~~^~~~~~\x1b[m\x1b[K\n'}
[7.320109] (rplidar_ros) StderrLine: {'line': b'\x1b[01m\x1b[K/home/hyun/Autonomous-Drone/src/rplidar_ros/sdk/src/dataunpacker/dataunpacker.h:56:54:\x1b[m\x1b[K \x1b[01;35m\x1b[Kwarning: \x1b[m\x1b[Kunused parameter \xe2\x80\x98\x1b[01m\x1b[KansType\x1b[m\x1b[K\xe2\x80\x99 [\x1b[01;35m\x1b[K\x1b]8;;https://gcc.gnu.org/onlinedocs/gcc/Warning-Options.html#index-Wunused-parameter\x07-Wunused-parameter\x1b]8;;\x07\x1b[m\x1b[K]\n'}
[7.320249] (rplidar_ros) StderrLine: {'line': b'   56 |         virtual void onDecodingError(int errMsg, \x1b[01;35m\x1b[K_u8 ansType\x1b[m\x1b[K, const void* payload, size_t size) {}\n'}
[7.320401] (rplidar_ros) StderrLine: {'line': b'      |                                                  \x1b[01;35m\x1b[K~~~~^~~~~~~\x1b[m\x1b[K\n'}
[7.320564] (rplidar_ros) StderrLine: {'line': b'\x1b[01m\x1b[K/home/hyun/Autonomous-Drone/src/rplidar_ros/sdk/src/dataunpacker/dataunpacker.h:56:75:\x1b[m\x1b[K \x1b[01;35m\x1b[Kwarning: \x1b[m\x1b[Kunused parameter \xe2\x80\x98\x1b[01m\x1b[Kpayload\x1b[m\x1b[K\xe2\x80\x99 [\x1b[01;35m\x1b[K\x1b]8;;https://gcc.gnu.org/onlinedocs/gcc/Warning-Options.html#index-Wunused-parameter\x07-Wunused-parameter\x1b]8;;\x07\x1b[m\x1b[K]\n'}
[7.320708] (rplidar_ros) StderrLine: {'line': b'   56 |         virtual void onDecodingError(int errMsg, _u8 ansType, \x1b[01;35m\x1b[Kconst void* payload\x1b[m\x1b[K, size_t size) {}\n'}
[7.320841] (rplidar_ros) StderrLine: {'line': b'      |                                                               \x1b[01;35m\x1b[K~~~~~~~~~~~~^~~~~~~\x1b[m\x1b[K\n'}
[7.320960] (rplidar_ros) StderrLine: {'line': b'\x1b[01m\x1b[K/home/hyun/Autonomous-Drone/src/rplidar_ros/sdk/src/dataunpacker/dataunpacker.h:56:91:\x1b[m\x1b[K \x1b[01;35m\x1b[Kwarning: \x1b[m\x1b[Kunused parameter \xe2\x80\x98\x1b[01m\x1b[Ksize\x1b[m\x1b[K\xe2\x80\x99 [\x1b[01;35m\x1b[K\x1b]8;;https://gcc.gnu.org/onlinedocs/gcc/Warning-Options.html#index-Wunused-parameter\x07-Wunused-parameter\x1b]8;;\x07\x1b[m\x1b[K]\n'}
[7.321103] (rplidar_ros) StderrLine: {'line': b'   56 |         virtual void onDecodingError(int errMsg, _u8 ansType, const void* payload, \x1b[01;35m\x1b[Ksize_t size\x1b[m\x1b[K) {}\n'}
[7.321233] (rplidar_ros) StderrLine: {'line': b'      |                                                                                    \x1b[01;35m\x1b[K~~~~~~~^~~~\x1b[m\x1b[K\n'}
[7.372566] (-) TimerEvent: {}
[7.473103] (-) TimerEvent: {}
[7.574769] (-) TimerEvent: {}
[7.675605] (-) TimerEvent: {}
[7.778752] (-) TimerEvent: {}
[7.795752] (rplidar_ros) StdoutLine: {'line': b'[ 21%] \x1b[32mBuilding CXX object CMakeFiles/rplidar_composition.dir/sdk/src/dataunpacker/unpacker/handler_capsules.cpp.o\x1b[0m\n'}
[7.880492] (-) TimerEvent: {}
[7.981007] (-) TimerEvent: {}
[8.082511] (-) TimerEvent: {}
[8.185499] (-) TimerEvent: {}
[8.272153] (rplidar_ros) StderrLine: {'line': b'In file included from \x1b[01m\x1b[K/home/hyun/Autonomous-Drone/src/rplidar_ros/sdk/include/sl_lidar_cmd.h:41\x1b[m\x1b[K,\n'}
[8.272552] (rplidar_ros) StderrLine: {'line': b'                 from \x1b[01m\x1b[K/home/hyun/Autonomous-Drone/src/rplidar_ros/sdk/include/sl_lidar_driver.h:54\x1b[m\x1b[K,\n'}
[8.272770] (rplidar_ros) StderrLine: {'line': b'                 from \x1b[01m\x1b[K/home/hyun/Autonomous-Drone/src/rplidar_ros/sdk/include/sl_lidar.h:36\x1b[m\x1b[K,\n'}
[8.272912] (rplidar_ros) StderrLine: {'line': b'                 from \x1b[01m\x1b[K/home/hyun/Autonomous-Drone/src/rplidar_ros/src/rplidar_node.cpp:38\x1b[m\x1b[K:\n'}
[8.273043] (rplidar_ros) StderrLine: {'line': b'\x1b[01m\x1b[K/home/hyun/Autonomous-Drone/src/rplidar_ros/sdk/include/sl_lidar_protocol.h:66:16:\x1b[m\x1b[K \x1b[01;35m\x1b[Kwarning: \x1b[m\x1b[KISO C++ forbids zero-size array \xe2\x80\x98\x1b[01m\x1b[Kdata\x1b[m\x1b[K\xe2\x80\x99 [\x1b[01;35m\x1b[K\x1b]8;;https://gcc.gnu.org/onlinedocs/gcc/Warning-Options.html#index-Wpedantic\x07-Wpedantic\x1b]8;;\x07\x1b[m\x1b[K]\n'}
[8.273192] (rplidar_ros) StderrLine: {'line': b'   66 |     sl_u8 data[\x1b[01;35m\x1b[K0\x1b[m\x1b[K];\n'}
[8.273350] (rplidar_ros) StderrLine: {'line': b'      |                \x1b[01;35m\x1b[K^\x1b[m\x1b[K\n'}
[8.275543] (rplidar_ros) StderrLine: {'line': b'\x1b[01m\x1b[K/home/hyun/Autonomous-Drone/src/rplidar_ros/sdk/include/sl_lidar_cmd.h:324:20:\x1b[m\x1b[K \x1b[01;35m\x1b[Kwarning: \x1b[m\x1b[KISO C++ forbids zero-size array \xe2\x80\x98\x1b[01m\x1b[Kpayload\x1b[m\x1b[K\xe2\x80\x99 [\x1b[01;35m\x1b[K\x1b]8;;https://gcc.gnu.org/onlinedocs/gcc/Warning-Options.html#index-Wpedantic\x07-Wpedantic\x1b]8;;\x07\x1b[m\x1b[K]\n'}
[8.275916] (rplidar_ros) StderrLine: {'line': b'  324 |     sl_u8  payload[\x1b[01;35m\x1b[K0\x1b[m\x1b[K];\n'}
[8.276063] (rplidar_ros) StderrLine: {'line': b'      |                    \x1b[01;35m\x1b[K^\x1b[m\x1b[K\n'}
[8.287498] (-) TimerEvent: {}
[8.388194] (-) TimerEvent: {}
[8.491501] (-) TimerEvent: {}
[8.497579] (rplidar_ros) StderrLine: {'line': b'In file included from \x1b[01m\x1b[K/home/hyun/Autonomous-Drone/src/rplidar_ros/sdk/include/sl_lidar_cmd.h:41\x1b[m\x1b[K,\n'}
[8.497959] (rplidar_ros) StderrLine: {'line': b'                 from \x1b[01m\x1b[K/home/hyun/Autonomous-Drone/src/rplidar_ros/sdk/include/sl_lidar_driver.h:54\x1b[m\x1b[K,\n'}
[8.498121] (rplidar_ros) StderrLine: {'line': b'                 from \x1b[01m\x1b[K/home/hyun/Autonomous-Drone/src/rplidar_ros/sdk/include/sl_lidar.h:36\x1b[m\x1b[K,\n'}
[8.499314] (rplidar_ros) StderrLine: {'line': b'                 from \x1b[01m\x1b[K/home/hyun/Autonomous-Drone/src/rplidar_ros/src/rplidar_node.cpp:38\x1b[m\x1b[K:\n'}
[8.499546] (rplidar_ros) StderrLine: {'line': b'\x1b[01m\x1b[K/home/hyun/Autonomous-Drone/src/rplidar_ros/sdk/include/sl_lidar_protocol.h:66:16:\x1b[m\x1b[K \x1b[01;35m\x1b[Kwarning: \x1b[m\x1b[KISO C++ forbids zero-size array \xe2\x80\x98\x1b[01m\x1b[Kdata\x1b[m\x1b[K\xe2\x80\x99 [\x1b[01;35m\x1b[K\x1b]8;;https://gcc.gnu.org/onlinedocs/gcc/Warning-Options.html#index-Wpedantic\x07-Wpedantic\x1b]8;;\x07\x1b[m\x1b[K]\n'}
[8.499745] (rplidar_ros) StderrLine: {'line': b'   66 |     sl_u8 data[\x1b[01;35m\x1b[K0\x1b[m\x1b[K];\n'}
[8.499869] (rplidar_ros) StderrLine: {'line': b'      |                \x1b[01;35m\x1b[K^\x1b[m\x1b[K\n'}
[8.499973] (rplidar_ros) StderrLine: {'line': b'\x1b[01m\x1b[K/home/hyun/Autonomous-Drone/src/rplidar_ros/sdk/include/sl_lidar_cmd.h:324:20:\x1b[m\x1b[K \x1b[01;35m\x1b[Kwarning: \x1b[m\x1b[KISO C++ forbids zero-size array \xe2\x80\x98\x1b[01m\x1b[Kpayload\x1b[m\x1b[K\xe2\x80\x99 [\x1b[01;35m\x1b[K\x1b]8;;https://gcc.gnu.org/onlinedocs/gcc/Warning-Options.html#index-Wpedantic\x07-Wpedantic\x1b]8;;\x07\x1b[m\x1b[K]\n'}
[8.500095] (rplidar_ros) StderrLine: {'line': b'  324 |     sl_u8  payload[\x1b[01;35m\x1b[K0\x1b[m\x1b[K];\n'}
[8.500207] (rplidar_ros) StderrLine: {'line': b'      |                    \x1b[01;35m\x1b[K^\x1b[m\x1b[K\n'}
[8.593521] (-) TimerEvent: {}
[8.642516] (rplidar_ros) StderrLine: {'line': b'In file included from \x1b[01m\x1b[K/home/hyun/Autonomous-Drone/src/rplidar_ros/sdk/include/rplidar_protocol.h:36\x1b[m\x1b[K,\n'}
[8.642907] (rplidar_ros) StderrLine: {'line': b'                 from \x1b[01m\x1b[K/home/hyun/Autonomous-Drone/src/rplidar_ros/sdk/include/rplidar.h:39\x1b[m\x1b[K,\n'}
[8.643082] (rplidar_ros) StderrLine: {'line': b'                 from \x1b[01m\x1b[K/home/hyun/Autonomous-Drone/src/rplidar_ros/sdk/src/sdkcommon.h:49\x1b[m\x1b[K,\n'}
[8.643212] (rplidar_ros) StderrLine: {'line': b'                 from \x1b[01m\x1b[K/home/hyun/Autonomous-Drone/src/rplidar_ros/sdk/src/dataunpacker/unpacker/../dataunnpacker_commondef.h:41\x1b[m\x1b[K,\n'}
[8.643334] (rplidar_ros) StderrLine: {'line': b'                 from \x1b[01m\x1b[K/home/hyun/Autonomous-Drone/src/rplidar_ros/sdk/src/dataunpacker/unpacker/handler_capsules.cpp:39\x1b[m\x1b[K:\n'}
[8.643494] (rplidar_ros) StderrLine: {'line': b'\x1b[01m\x1b[K/home/hyun/Autonomous-Drone/src/rplidar_ros/sdk/include/sl_lidar_protocol.h:66:16:\x1b[m\x1b[K \x1b[01;35m\x1b[Kwarning: \x1b[m\x1b[KISO C++ forbids zero-size array \xe2\x80\x98\x1b[01m\x1b[Kdata\x1b[m\x1b[K\xe2\x80\x99 [\x1b[01;35m\x1b[K\x1b]8;;https://gcc.gnu.org/onlinedocs/gcc/Warning-Options.html#index-Wpedantic\x07-Wpedantic\x1b]8;;\x07\x1b[m\x1b[K]\n'}
[8.643620] (rplidar_ros) StderrLine: {'line': b'   66 |     sl_u8 data[\x1b[01;35m\x1b[K0\x1b[m\x1b[K];\n'}
[8.643733] (rplidar_ros) StderrLine: {'line': b'      |                \x1b[01;35m\x1b[K^\x1b[m\x1b[K\n'}
[8.643856] (rplidar_ros) StderrLine: {'line': b'In file included from \x1b[01m\x1b[K/home/hyun/Autonomous-Drone/src/rplidar_ros/sdk/include/rplidar_cmd.h:36\x1b[m\x1b[K,\n'}
[8.643968] (rplidar_ros) StderrLine: {'line': b'                 from \x1b[01m\x1b[K/home/hyun/Autonomous-Drone/src/rplidar_ros/sdk/include/rplidar.h:40\x1b[m\x1b[K:\n'}
[8.644079] (rplidar_ros) StderrLine: {'line': b'\x1b[01m\x1b[K/home/hyun/Autonomous-Drone/src/rplidar_ros/sdk/include/sl_lidar_cmd.h:324:20:\x1b[m\x1b[K \x1b[01;35m\x1b[Kwarning: \x1b[m\x1b[KISO C++ forbids zero-size array \xe2\x80\x98\x1b[01m\x1b[Kpayload\x1b[m\x1b[K\xe2\x80\x99 [\x1b[01;35m\x1b[K\x1b]8;;https://gcc.gnu.org/onlinedocs/gcc/Warning-Options.html#index-Wpedantic\x07-Wpedantic\x1b]8;;\x07\x1b[m\x1b[K]\n'}
[8.647789] (rplidar_ros) StderrLine: {'line': b'  324 |     sl_u8  payload[\x1b[01;35m\x1b[K0\x1b[m\x1b[K];\n'}
[8.647963] (rplidar_ros) StderrLine: {'line': b'      |                    \x1b[01;35m\x1b[K^\x1b[m\x1b[K\n'}
[8.693652] (-) TimerEvent: {}
[8.795504] (-) TimerEvent: {}
[8.837146] (rplidar_ros) StderrLine: {'line': b'In file included from \x1b[01m\x1b[K/home/hyun/Autonomous-Drone/src/rplidar_ros/sdk/src/dataunpacker/unpacker/handler_capsules.cpp:40\x1b[m\x1b[K:\n'}
[8.837721] (rplidar_ros) StderrLine: {'line': b'\x1b[01m\x1b[K/home/hyun/Autonomous-Drone/src/rplidar_ros/sdk/src/dataunpacker/unpacker/../dataunpacker.h:\x1b[m\x1b[K In member function \xe2\x80\x98\x1b[01m\x1b[Kvirtual void sl::internal::LIDARSampleDataListener::\x1b[01;32m\x1b[KonCustomSampleDataDecoded\x1b[m\x1b[K(_u8, _u32, const void*, size_t)\x1b[m\x1b[K\xe2\x80\x99:\n'}
[8.837968] (rplidar_ros) StderrLine: {'line': b'\x1b[01m\x1b[K/home/hyun/Autonomous-Drone/src/rplidar_ros/sdk/src/dataunpacker/unpacker/../dataunpacker.h:54:52:\x1b[m\x1b[K \x1b[01;35m\x1b[Kwarning: \x1b[m\x1b[Kunused parameter \xe2\x80\x98\x1b[01m\x1b[KansType\x1b[m\x1b[K\xe2\x80\x99 [\x1b[01;35m\x1b[K\x1b]8;;https://gcc.gnu.org/onlinedocs/gcc/Warning-Options.html#index-Wunused-parameter\x07-Wunused-parameter\x1b]8;;\x07\x1b[m\x1b[K]\n'}
[8.838125] (rplidar_ros) StderrLine: {'line': b'   54 |         virtual void onCustomSampleDataDecoded(\x1b[01;35m\x1b[K_u8 ansType\x1b[m\x1b[K, _u32 customCode, const void* data, size_t size) {}\n'}
[8.838241] (rplidar_ros) StderrLine: {'line': b'      |                                                \x1b[01;35m\x1b[K~~~~^~~~~~~\x1b[m\x1b[K\n'}
[8.838357] (rplidar_ros) StderrLine: {'line': b'\x1b[01m\x1b[K/home/hyun/Autonomous-Drone/src/rplidar_ros/sdk/src/dataunpacker/unpacker/../dataunpacker.h:54:66:\x1b[m\x1b[K \x1b[01;35m\x1b[Kwarning: \x1b[m\x1b[Kunused parameter \xe2\x80\x98\x1b[01m\x1b[KcustomCode\x1b[m\x1b[K\xe2\x80\x99 [\x1b[01;35m\x1b[K\x1b]8;;https://gcc.gnu.org/onlinedocs/gcc/Warning-Options.html#index-Wunused-parameter\x07-Wunused-parameter\x1b]8;;\x07\x1b[m\x1b[K]\n'}
[8.838557] (rplidar_ros) StderrLine: {'line': b'   54 |         virtual void onCustomSampleDataDecoded(_u8 ansType, \x1b[01;35m\x1b[K_u32 customCode\x1b[m\x1b[K, const void* data, size_t size) {}\n'}
[8.838696] (rplidar_ros) StderrLine: {'line': b'      |                                                             \x1b[01;35m\x1b[K~~~~~^~~~~~~~~~\x1b[m\x1b[K\n'}
[8.838819] (rplidar_ros) StderrLine: {'line': b'\x1b[01m\x1b[K/home/hyun/Autonomous-Drone/src/rplidar_ros/sdk/src/dataunpacker/unpacker/../dataunpacker.h:54:90:\x1b[m\x1b[K \x1b[01;35m\x1b[Kwarning: \x1b[m\x1b[Kunused parameter \xe2\x80\x98\x1b[01m\x1b[Kdata\x1b[m\x1b[K\xe2\x80\x99 [\x1b[01;35m\x1b[K\x1b]8;;https://gcc.gnu.org/onlinedocs/gcc/Warning-Options.html#index-Wunused-parameter\x07-Wunused-parameter\x1b]8;;\x07\x1b[m\x1b[K]\n'}
[8.838963] (rplidar_ros) StderrLine: {'line': b'   54 |         virtual void onCustomSampleDataDecoded(_u8 ansType, _u32 customCode, \x1b[01;35m\x1b[Kconst void* data\x1b[m\x1b[K, size_t size) {}\n'}
[8.839074] (rplidar_ros) StderrLine: {'line': b'      |                                                                              \x1b[01;35m\x1b[K~~~~~~~~~~~~^~~~\x1b[m\x1b[K\n'}
[8.839182] (rplidar_ros) StderrLine: {'line': b'\x1b[01m\x1b[K/home/hyun/Autonomous-Drone/src/rplidar_ros/sdk/src/dataunpacker/unpacker/../dataunpacker.h:54:103:\x1b[m\x1b[K \x1b[01;35m\x1b[Kwarning: \x1b[m\x1b[Kunused parameter \xe2\x80\x98\x1b[01m\x1b[Ksize\x1b[m\x1b[K\xe2\x80\x99 [\x1b[01;35m\x1b[K\x1b]8;;https://gcc.gnu.org/onlinedocs/gcc/Warning-Options.html#index-Wunused-parameter\x07-Wunused-parameter\x1b]8;;\x07\x1b[m\x1b[K]\n'}
[8.839292] (rplidar_ros) StderrLine: {'line': b'   54 |         virtual void onCustomSampleDataDecoded(_u8 ansType, _u32 customCode, const void* data, \x1b[01;35m\x1b[Ksize_t size\x1b[m\x1b[K) {}\n'}
[8.839436] (rplidar_ros) StderrLine: {'line': b'      |                                                                                                \x1b[01;35m\x1b[K~~~~~~~^~~~\x1b[m\x1b[K\n'}
[8.839566] (rplidar_ros) StderrLine: {'line': b'\x1b[01m\x1b[K/home/hyun/Autonomous-Drone/src/rplidar_ros/sdk/src/dataunpacker/unpacker/../dataunpacker.h:\x1b[m\x1b[K In member function \xe2\x80\x98\x1b[01m\x1b[Kvirtual void sl::internal::LIDARSampleDataListener::\x1b[01;32m\x1b[KonDecodingError\x1b[m\x1b[K(int, _u8, const void*, size_t)\x1b[m\x1b[K\xe2\x80\x99:\n'}
[8.839698] (rplidar_ros) StderrLine: {'line': b'\x1b[01m\x1b[K/home/hyun/Autonomous-Drone/src/rplidar_ros/sdk/src/dataunpacker/unpacker/../dataunpacker.h:56:42:\x1b[m\x1b[K \x1b[01;35m\x1b[Kwarning: \x1b[m\x1b[Kunused parameter \xe2\x80\x98\x1b[01m\x1b[KerrMsg\x1b[m\x1b[K\xe2\x80\x99 [\x1b[01;35m\x1b[K\x1b]8;;https://gcc.gnu.org/onlinedocs/gcc/Warning-Options.html#index-Wunused-parameter\x07-Wunused-parameter\x1b]8;;\x07\x1b[m\x1b[K]\n'}
[8.839838] (rplidar_ros) StderrLine: {'line': b'   56 |         virtual void onDecodingError(\x1b[01;35m\x1b[Kint errMsg\x1b[m\x1b[K, _u8 ansType, const void* payload, size_t size) {}\n'}
[8.842575] (rplidar_ros) StderrLine: {'line': b'      |                                      \x1b[01;35m\x1b[K~~~~^~~~~~\x1b[m\x1b[K\n'}
[8.842891] (rplidar_ros) StderrLine: {'line': b'\x1b[01m\x1b[K/home/hyun/Autonomous-Drone/src/rplidar_ros/sdk/src/dataunpacker/unpacker/../dataunpacker.h:56:54:\x1b[m\x1b[K \x1b[01;35m\x1b[Kwarning: \x1b[m\x1b[Kunused parameter \xe2\x80\x98\x1b[01m\x1b[KansType\x1b[m\x1b[K\xe2\x80\x99 [\x1b[01;35m\x1b[K\x1b]8;;https://gcc.gnu.org/onlinedocs/gcc/Warning-Options.html#index-Wunused-parameter\x07-Wunused-parameter\x1b]8;;\x07\x1b[m\x1b[K]\n'}
[8.843042] (rplidar_ros) StderrLine: {'line': b'   56 |         virtual void onDecodingError(int errMsg, \x1b[01;35m\x1b[K_u8 ansType\x1b[m\x1b[K, const void* payload, size_t size) {}\n'}
[8.843144] (rplidar_ros) StderrLine: {'line': b'      |                                                  \x1b[01;35m\x1b[K~~~~^~~~~~~\x1b[m\x1b[K\n'}
[8.843240] (rplidar_ros) StderrLine: {'line': b'\x1b[01m\x1b[K/home/hyun/Autonomous-Drone/src/rplidar_ros/sdk/src/dataunpacker/unpacker/../dataunpacker.h:56:75:\x1b[m\x1b[K \x1b[01;35m\x1b[Kwarning: \x1b[m\x1b[Kunused parameter \xe2\x80\x98\x1b[01m\x1b[Kpayload\x1b[m\x1b[K\xe2\x80\x99 [\x1b[01;35m\x1b[K\x1b]8;;https://gcc.gnu.org/onlinedocs/gcc/Warning-Options.html#index-Wunused-parameter\x07-Wunused-parameter\x1b]8;;\x07\x1b[m\x1b[K]\n'}
[8.843353] (rplidar_ros) StderrLine: {'line': b'   56 |         virtual void onDecodingError(int errMsg, _u8 ansType, \x1b[01;35m\x1b[Kconst void* payload\x1b[m\x1b[K, size_t size) {}\n'}
[8.843484] (rplidar_ros) StderrLine: {'line': b'      |                                                               \x1b[01;35m\x1b[K~~~~~~~~~~~~^~~~~~~\x1b[m\x1b[K\n'}
[8.843587] (rplidar_ros) StderrLine: {'line': b'\x1b[01m\x1b[K/home/hyun/Autonomous-Drone/src/rplidar_ros/sdk/src/dataunpacker/unpacker/../dataunpacker.h:56:91:\x1b[m\x1b[K \x1b[01;35m\x1b[Kwarning: \x1b[m\x1b[Kunused parameter \xe2\x80\x98\x1b[01m\x1b[Ksize\x1b[m\x1b[K\xe2\x80\x99 [\x1b[01;35m\x1b[K\x1b]8;;https://gcc.gnu.org/onlinedocs/gcc/Warning-Options.html#index-Wunused-parameter\x07-Wunused-parameter\x1b]8;;\x07\x1b[m\x1b[K]\n'}
[8.843689] (rplidar_ros) StderrLine: {'line': b'   56 |         virtual void onDecodingError(int errMsg, _u8 ansType, const void* payload, \x1b[01;35m\x1b[Ksize_t size\x1b[m\x1b[K) {}\n'}
[8.843785] (rplidar_ros) StderrLine: {'line': b'      |                                                                                    \x1b[01;35m\x1b[K~~~~~~~^~~~\x1b[m\x1b[K\n'}
[8.859304] (rplidar_ros) StderrLine: {'line': b'\x1b[01m\x1b[K/home/hyun/Autonomous-Drone/src/rplidar_ros/sdk/src/dataunpacker/unpacker/handler_capsules.cpp:\x1b[m\x1b[K In member function \xe2\x80\x98\x1b[01m\x1b[Kvoid sl::internal::unpacker::UnpackerHandler_DenseCapsuleNode::\x1b[01;32m\x1b[K_onScanNodeDenseCapsuleData\x1b[m\x1b[K(rplidar_response_dense_capsule_measurement_nodes_t&, sl::internal::LIDARSampleDataUnpackerInner*)\x1b[m\x1b[K\xe2\x80\x99:\n'}
[8.859823] (rplidar_ros) StderrLine: {'line': b'\x1b[01m\x1b[K/home/hyun/Autonomous-Drone/src/rplidar_ros/sdk/src/dataunpacker/unpacker/handler_capsules.cpp:763:30:\x1b[m\x1b[K \x1b[01;35m\x1b[Kwarning: \x1b[m\x1b[Ktype qualifiers ignored on cast result type [\x1b[01;35m\x1b[K\x1b]8;;https://gcc.gnu.org/onlinedocs/gcc/Warning-Options.html#index-Wignored-qualifiers\x07-Wignored-qualifiers\x1b]8;;\x07\x1b[m\x1b[K]\n'}
[8.860093] (rplidar_ros) StderrLine: {'line': b'  763 |             const int dist = \x1b[01;35m\x1b[Kstatic_cast<const int>(_cached_previous_dense_capsuledata.cabins[pos].distance)\x1b[m\x1b[K;\n'}
[8.860303] (rplidar_ros) StderrLine: {'line': b'      |                              \x1b[01;35m\x1b[K^~~~~~~~~~~~~~~~~~~~~~~~~~~~~~~~~~~~~~~~~~~~~~~~~~~~~~~~~~~~~~~~~~~~~~~~~~~~~~~\x1b[m\x1b[K\n'}
[8.895642] (-) TimerEvent: {}
[8.996163] (-) TimerEvent: {}
[9.096701] (-) TimerEvent: {}
[9.159968] (rplidar_ros) StdoutLine: {'line': b'[ 23%] \x1b[32mBuilding CXX object CMakeFiles/rplidar_node.dir/sdk/src/arch/linux/net_serial.cpp.o\x1b[0m\n'}
[9.196850] (-) TimerEvent: {}
[9.297552] (-) TimerEvent: {}
[9.400486] (-) TimerEvent: {}
[9.500976] (-) TimerEvent: {}
[9.601477] (-) TimerEvent: {}
[9.701954] (-) TimerEvent: {}
[9.802465] (-) TimerEvent: {}
[9.905548] (-) TimerEvent: {}
[9.960151] (rplidar_ros) StderrLine: {'line': b'\x1b[01m\x1b[K/home/hyun/Autonomous-Drone/src/rplidar_ros/sdk/src/arch/linux/net_serial.cpp:\x1b[m\x1b[K In member function \xe2\x80\x98\x1b[01m\x1b[Kbool rp::arch::net::raw_serial::\x1b[01;32m\x1b[Kopen\x1b[m\x1b[K(const char*, uint32_t, uint32_t)\x1b[m\x1b[K\xe2\x80\x99:\n'}
[9.960601] (rplidar_ros) StderrLine: {'line': b'\x1b[01m\x1b[K/home/hyun/Autonomous-Drone/src/rplidar_ros/sdk/src/arch/linux/net_serial.cpp:97:74:\x1b[m\x1b[K \x1b[01;35m\x1b[Kwarning: \x1b[m\x1b[Kunused parameter \xe2\x80\x98\x1b[01m\x1b[Kflags\x1b[m\x1b[K\xe2\x80\x99 [\x1b[01;35m\x1b[K\x1b]8;;https://gcc.gnu.org/onlinedocs/gcc/Warning-Options.html#index-Wunused-parameter\x07-Wunused-parameter\x1b]8;;\x07\x1b[m\x1b[K]\n'}
[9.960775] (rplidar_ros) StderrLine: {'line': b'   97 | bool raw_serial::open(const char * portname, uint32_t baudrate, \x1b[01;35m\x1b[Kuint32_t flags\x1b[m\x1b[K)\n'}
[9.960936] (rplidar_ros) StderrLine: {'line': b'      |                                                                 \x1b[01;35m\x1b[K~~~~~~~~~^~~~~\x1b[m\x1b[K\n'}
[9.961424] (rplidar_ros) StderrLine: {'line': b'\x1b[01m\x1b[K/home/hyun/Autonomous-Drone/src/rplidar_ros/sdk/src/arch/linux/net_serial.cpp:\x1b[m\x1b[K In member function \xe2\x80\x98\x1b[01m\x1b[Kvirtual void rp::arch::net::raw_serial::\x1b[01;32m\x1b[Kflush\x1b[m\x1b[K(_u32)\x1b[m\x1b[K\xe2\x80\x99:\n'}
[9.961812] (rplidar_ros) StderrLine: {'line': b'\x1b[01m\x1b[K/home/hyun/Autonomous-Drone/src/rplidar_ros/sdk/src/arch/linux/net_serial.cpp:281:30:\x1b[m\x1b[K \x1b[01;35m\x1b[Kwarning: \x1b[m\x1b[Kunused parameter \xe2\x80\x98\x1b[01m\x1b[Kflags\x1b[m\x1b[K\xe2\x80\x99 [\x1b[01;35m\x1b[K\x1b]8;;https://gcc.gnu.org/onlinedocs/gcc/Warning-Options.html#index-Wunused-parameter\x07-Wunused-parameter\x1b]8;;\x07\x1b[m\x1b[K]\n'}
[9.962066] (rplidar_ros) StderrLine: {'line': b'  281 | void raw_serial::flush( \x1b[01;35m\x1b[K_u32 flags\x1b[m\x1b[K)\n'}
[9.962603] (rplidar_ros) StderrLine: {'line': b'      |                         \x1b[01;35m\x1b[K~~~~~^~~~~\x1b[m\x1b[K\n'}
[9.962801] (rplidar_ros) StderrLine: {'line': b'\x1b[01m\x1b[K/home/hyun/Autonomous-Drone/src/rplidar_ros/sdk/src/arch/linux/net_serial.cpp:\x1b[m\x1b[K In member function \xe2\x80\x98\x1b[01m\x1b[Kvirtual int rp::arch::net::raw_serial::\x1b[01;32m\x1b[Kwaitforsent\x1b[m\x1b[K(_u32, size_t*)\x1b[m\x1b[K\xe2\x80\x99:\n'}
[9.963368] (rplidar_ros) StderrLine: {'line': b'\x1b[01m\x1b[K/home/hyun/Autonomous-Drone/src/rplidar_ros/sdk/src/arch/linux/net_serial.cpp:286:34:\x1b[m\x1b[K \x1b[01;35m\x1b[Kwarning: \x1b[m\x1b[Kunused parameter \xe2\x80\x98\x1b[01m\x1b[Ktimeout\x1b[m\x1b[K\xe2\x80\x99 [\x1b[01;35m\x1b[K\x1b]8;;https://gcc.gnu.org/onlinedocs/gcc/Warning-Options.html#index-Wunused-parameter\x07-Wunused-parameter\x1b]8;;\x07\x1b[m\x1b[K]\n'}
[9.963580] (rplidar_ros) StderrLine: {'line': b'  286 | int raw_serial::waitforsent(\x1b[01;35m\x1b[K_u32 timeout\x1b[m\x1b[K, size_t * returned_size)\n'}
[9.963690] (rplidar_ros) StderrLine: {'line': b'      |                             \x1b[01;35m\x1b[K~~~~~^~~~~~~\x1b[m\x1b[K\n'}
[9.963786] (rplidar_ros) StderrLine: {'line': b'\x1b[01m\x1b[K/home/hyun/Autonomous-Drone/src/rplidar_ros/sdk/src/arch/linux/net_serial.cpp:\x1b[m\x1b[K In member function \xe2\x80\x98\x1b[01m\x1b[Kvirtual int rp::arch::net::raw_serial::\x1b[01;32m\x1b[Kwaitforrecv\x1b[m\x1b[K(_u32, size_t*)\x1b[m\x1b[K\xe2\x80\x99:\n'}
[9.964469] (rplidar_ros) StderrLine: {'line': b'\x1b[01m\x1b[K/home/hyun/Autonomous-Drone/src/rplidar_ros/sdk/src/arch/linux/net_serial.cpp:292:34:\x1b[m\x1b[K \x1b[01;35m\x1b[Kwarning: \x1b[m\x1b[Kunused parameter \xe2\x80\x98\x1b[01m\x1b[Ktimeout\x1b[m\x1b[K\xe2\x80\x99 [\x1b[01;35m\x1b[K\x1b]8;;https://gcc.gnu.org/onlinedocs/gcc/Warning-Options.html#index-Wunused-parameter\x07-Wunused-parameter\x1b]8;;\x07\x1b[m\x1b[K]\n'}
[9.964759] (rplidar_ros) StderrLine: {'line': b'  292 | int raw_serial::waitforrecv(\x1b[01;35m\x1b[K_u32 timeout\x1b[m\x1b[K, size_t * returned_size)\n'}
[9.964910] (rplidar_ros) StderrLine: {'line': b'      |                             \x1b[01;35m\x1b[K~~~~~^~~~~~~\x1b[m\x1b[K\n'}
[9.968471] (rplidar_ros) StderrLine: {'line': b'\x1b[01m\x1b[K/home/hyun/Autonomous-Drone/src/rplidar_ros/sdk/src/arch/linux/net_serial.cpp:\x1b[m\x1b[K In member function \xe2\x80\x98\x1b[01m\x1b[Kvirtual void rp::arch::net::raw_serial::\x1b[01;32m\x1b[KcancelOperation\x1b[m\x1b[K()\x1b[m\x1b[K\xe2\x80\x99:\n'}
[9.968845] (rplidar_ros) StderrLine: {'line': b'\x1b[01m\x1b[K/home/hyun/Autonomous-Drone/src/rplidar_ros/sdk/src/arch/linux/net_serial.cpp:427:5:\x1b[m\x1b[K \x1b[01;35m\x1b[Kwarning: \x1b[m\x1b[Kvalue computed is not used [\x1b[01;35m\x1b[K\x1b]8;;https://gcc.gnu.org/onlinedocs/gcc/Warning-Options.html#index-Wunused-value\x07-Wunused-value\x1b]8;;\x07\x1b[m\x1b[K]\n'}
[9.969014] (rplidar_ros) StderrLine: {'line': b'  427 |     \x1b[01;35m\x1b[K(int)::write(_selfpipe[1], "x", 1)\x1b[m\x1b[K;\n'}
[9.969159] (rplidar_ros) StderrLine: {'line': b'      |     \x1b[01;35m\x1b[K^~~~~~~~~~~~~~~~~~~~~~~~~~~~~~~~~~\x1b[m\x1b[K\n'}
[10.005932] (-) TimerEvent: {}
[10.108501] (-) TimerEvent: {}
[10.160508] (rplidar_ros) StdoutLine: {'line': b'[ 26%] \x1b[32mBuilding CXX object CMakeFiles/rplidar_node.dir/sdk/src/arch/linux/net_socket.cpp.o\x1b[0m\n'}
[10.211798] (-) TimerEvent: {}
[10.312283] (-) TimerEvent: {}
[10.412763] (-) TimerEvent: {}
[10.513253] (-) TimerEvent: {}
[10.616744] (-) TimerEvent: {}
[10.717261] (-) TimerEvent: {}
[10.817881] (-) TimerEvent: {}
[10.921818] (-) TimerEvent: {}
[11.022293] (-) TimerEvent: {}
[11.065265] (rplidar_ros) StderrLine: {'line': b'In file included from \x1b[01m\x1b[K/home/hyun/Autonomous-Drone/src/rplidar_ros/sdk/include/rplidar_protocol.h:36\x1b[m\x1b[K,\n'}
[11.066311] (rplidar_ros) StderrLine: {'line': b'                 from \x1b[01m\x1b[K/home/hyun/Autonomous-Drone/src/rplidar_ros/sdk/include/rplidar.h:39\x1b[m\x1b[K,\n'}
[11.068185] (rplidar_ros) StderrLine: {'line': b'                 from \x1b[01m\x1b[K/home/hyun/Autonomous-Drone/src/rplidar_ros/sdk/src/sdkcommon.h:49\x1b[m\x1b[K,\n'}
[11.069110] (rplidar_ros) StderrLine: {'line': b'                 from \x1b[01m\x1b[K/home/hyun/Autonomous-Drone/src/rplidar_ros/sdk/src/arch/linux/net_socket.cpp:10\x1b[m\x1b[K:\n'}
[11.071761] (rplidar_ros) StderrLine: {'line': b'\x1b[01m\x1b[K/home/hyun/Autonomous-Drone/src/rplidar_ros/sdk/include/sl_lidar_protocol.h:66:16:\x1b[m\x1b[K \x1b[01;35m\x1b[Kwarning: \x1b[m\x1b[KISO C++ forbids zero-size array \xe2\x80\x98\x1b[01m\x1b[Kdata\x1b[m\x1b[K\xe2\x80\x99 [\x1b[01;35m\x1b[K\x1b]8;;https://gcc.gnu.org/onlinedocs/gcc/Warning-Options.html#index-Wpedantic\x07-Wpedantic\x1b]8;;\x07\x1b[m\x1b[K]\n'}
[11.072081] (rplidar_ros) StderrLine: {'line': b'   66 |     sl_u8 data[\x1b[01;35m\x1b[K0\x1b[m\x1b[K];\n'}
[11.072218] (rplidar_ros) StderrLine: {'line': b'      |                \x1b[01;35m\x1b[K^\x1b[m\x1b[K\n'}
[11.072334] (rplidar_ros) StderrLine: {'line': b'In file included from \x1b[01m\x1b[K/home/hyun/Autonomous-Drone/src/rplidar_ros/sdk/include/rplidar_cmd.h:36\x1b[m\x1b[K,\n'}
[11.073917] (rplidar_ros) StderrLine: {'line': b'                 from \x1b[01m\x1b[K/home/hyun/Autonomous-Drone/src/rplidar_ros/sdk/include/rplidar.h:40\x1b[m\x1b[K:\n'}
[11.074314] (rplidar_ros) StderrLine: {'line': b'\x1b[01m\x1b[K/home/hyun/Autonomous-Drone/src/rplidar_ros/sdk/include/sl_lidar_cmd.h:324:20:\x1b[m\x1b[K \x1b[01;35m\x1b[Kwarning: \x1b[m\x1b[KISO C++ forbids zero-size array \xe2\x80\x98\x1b[01m\x1b[Kpayload\x1b[m\x1b[K\xe2\x80\x99 [\x1b[01;35m\x1b[K\x1b]8;;https://gcc.gnu.org/onlinedocs/gcc/Warning-Options.html#index-Wpedantic\x07-Wpedantic\x1b]8;;\x07\x1b[m\x1b[K]\n'}
[11.074518] (rplidar_ros) StderrLine: {'line': b'  324 |     sl_u8  payload[\x1b[01;35m\x1b[K0\x1b[m\x1b[K];\n'}
[11.074669] (rplidar_ros) StderrLine: {'line': b'      |                    \x1b[01;35m\x1b[K^\x1b[m\x1b[K\n'}
[11.123485] (-) TimerEvent: {}
[11.162045] (rplidar_ros) StderrLine: {'line': b'In file included from \x1b[01m\x1b[K/home/hyun/Autonomous-Drone/src/rplidar_ros/sdk/src/arch/linux/arch_linux.h:42\x1b[m\x1b[K,\n'}
[11.162975] (rplidar_ros) StderrLine: {'line': b'                 from \x1b[01m\x1b[K/home/hyun/Autonomous-Drone/src/rplidar_ros/sdk/src/sdkcommon.h:41\x1b[m\x1b[K:\n'}
[11.163775] (rplidar_ros) StderrLine: {'line': b'\x1b[01m\x1b[K/home/hyun/Autonomous-Drone/src/rplidar_ros/sdk/src/arch/linux/net_socket.cpp:\x1b[m\x1b[K In member function \xe2\x80\x98\x1b[01m\x1b[Kvirtual u_result rp::arch::net::DGramSocketImpl::\x1b[01;32m\x1b[KsendTo\x1b[m\x1b[K(const rp::net::SocketAddress*, const void*, size_t)\x1b[m\x1b[K\xe2\x80\x99:\n'}
[11.164579] (rplidar_ros) StderrLine: {'line': b'\x1b[01m\x1b[K/home/hyun/Autonomous-Drone/src/rplidar_ros/sdk/src/arch/linux/net_socket.cpp:733:24:\x1b[m\x1b[K \x1b[01;35m\x1b[Kwarning: \x1b[m\x1b[Kcomparison of integer expressions of different signedness: \xe2\x80\x98\x1b[01m\x1b[Kint\x1b[m\x1b[K\xe2\x80\x99 and \xe2\x80\x98\x1b[01m\x1b[Ksize_t\x1b[m\x1b[K\xe2\x80\x99 {aka \xe2\x80\x98\x1b[01m\x1b[Klong unsigned int\x1b[m\x1b[K\xe2\x80\x99} [\x1b[01;35m\x1b[K\x1b]8;;https://gcc.gnu.org/onlinedocs/gcc/Warning-Options.html#index-Wsign-compare\x07-Wsign-compare\x1b]8;;\x07\x1b[m\x1b[K]\n'}
[11.168639] (rplidar_ros) StderrLine: {'line': b'  733 |             assert(\x1b[01;35m\x1b[Kans == len\x1b[m\x1b[K);\n'}
[11.168992] (rplidar_ros) StderrLine: {'line': b'      |                    \x1b[01;35m\x1b[K~~~~^~~~~~\x1b[m\x1b[K\n'}
[11.223622] (-) TimerEvent: {}
[11.324569] (-) TimerEvent: {}
[11.427891] (-) TimerEvent: {}
[11.528442] (-) TimerEvent: {}
[11.578958] (rplidar_ros) StdoutLine: {'line': b'[ 28%] \x1b[32mBuilding CXX object CMakeFiles/rplidar_node.dir/sdk/src/arch/linux/timer.cpp.o\x1b[0m\n'}
[11.628587] (-) TimerEvent: {}
[11.730464] (-) TimerEvent: {}
[11.833061] (-) TimerEvent: {}
[11.933597] (-) TimerEvent: {}
[12.034148] (-) TimerEvent: {}
[12.135711] (-) TimerEvent: {}
[12.237522] (-) TimerEvent: {}
[12.338058] (-) TimerEvent: {}
[12.440747] (-) TimerEvent: {}
[12.541251] (-) TimerEvent: {}
[12.641847] (-) TimerEvent: {}
[12.654202] (rplidar_ros) StdoutLine: {'line': b'[ 31%] \x1b[32mBuilding CXX object CMakeFiles/rplidar_node.dir/sdk/src/dataunpacker/dataunpacker.cpp.o\x1b[0m\n'}
[12.741983] (-) TimerEvent: {}
[12.842483] (-) TimerEvent: {}
[12.942992] (-) TimerEvent: {}
[13.044956] (-) TimerEvent: {}
[13.147390] (-) TimerEvent: {}
[13.248403] (-) TimerEvent: {}
[13.349183] (-) TimerEvent: {}
[13.451600] (-) TimerEvent: {}
[13.552148] (-) TimerEvent: {}
[13.655054] (-) TimerEvent: {}
[13.758495] (-) TimerEvent: {}
[13.778407] (rplidar_ros) StderrLine: {'line': b'In file included from \x1b[01m\x1b[K/home/hyun/Autonomous-Drone/src/rplidar_ros/sdk/include/rplidar_protocol.h:36\x1b[m\x1b[K,\n'}
[13.778821] (rplidar_ros) StderrLine: {'line': b'                 from \x1b[01m\x1b[K/home/hyun/Autonomous-Drone/src/rplidar_ros/sdk/include/rplidar.h:39\x1b[m\x1b[K,\n'}
[13.778953] (rplidar_ros) StderrLine: {'line': b'                 from \x1b[01m\x1b[K/home/hyun/Autonomous-Drone/src/rplidar_ros/sdk/src/sdkcommon.h:49\x1b[m\x1b[K,\n'}
[13.779067] (rplidar_ros) StderrLine: {'line': b'                 from \x1b[01m\x1b[K/home/hyun/Autonomous-Drone/src/rplidar_ros/sdk/src/dataunpacker/dataunnpacker_commondef.h:41\x1b[m\x1b[K,\n'}
[13.779177] (rplidar_ros) StderrLine: {'line': b'                 from \x1b[01m\x1b[K/home/hyun/Autonomous-Drone/src/rplidar_ros/sdk/src/dataunpacker/dataunpacker.cpp:39\x1b[m\x1b[K:\n'}
[13.779281] (rplidar_ros) StderrLine: {'line': b'\x1b[01m\x1b[K/home/hyun/Autonomous-Drone/src/rplidar_ros/sdk/include/sl_lidar_protocol.h:66:16:\x1b[m\x1b[K \x1b[01;35m\x1b[Kwarning: \x1b[m\x1b[KISO C++ forbids zero-size array \xe2\x80\x98\x1b[01m\x1b[Kdata\x1b[m\x1b[K\xe2\x80\x99 [\x1b[01;35m\x1b[K\x1b]8;;https://gcc.gnu.org/onlinedocs/gcc/Warning-Options.html#index-Wpedantic\x07-Wpedantic\x1b]8;;\x07\x1b[m\x1b[K]\n'}
[13.779574] (rplidar_ros) StderrLine: {'line': b'   66 |     sl_u8 data[\x1b[01;35m\x1b[K0\x1b[m\x1b[K];\n'}
[13.779861] (rplidar_ros) StderrLine: {'line': b'      |                \x1b[01;35m\x1b[K^\x1b[m\x1b[K\n'}
[13.781115] (rplidar_ros) StderrLine: {'line': b'In file included from \x1b[01m\x1b[K/home/hyun/Autonomous-Drone/src/rplidar_ros/sdk/include/rplidar_cmd.h:36\x1b[m\x1b[K,\n'}
[13.781620] (rplidar_ros) StderrLine: {'line': b'                 from \x1b[01m\x1b[K/home/hyun/Autonomous-Drone/src/rplidar_ros/sdk/include/rplidar.h:40\x1b[m\x1b[K:\n'}
[13.784587] (rplidar_ros) StderrLine: {'line': b'\x1b[01m\x1b[K/home/hyun/Autonomous-Drone/src/rplidar_ros/sdk/include/sl_lidar_cmd.h:324:20:\x1b[m\x1b[K \x1b[01;35m\x1b[Kwarning: \x1b[m\x1b[KISO C++ forbids zero-size array \xe2\x80\x98\x1b[01m\x1b[Kpayload\x1b[m\x1b[K\xe2\x80\x99 [\x1b[01;35m\x1b[K\x1b]8;;https://gcc.gnu.org/onlinedocs/gcc/Warning-Options.html#index-Wpedantic\x07-Wpedantic\x1b]8;;\x07\x1b[m\x1b[K]\n'}
[13.784903] (rplidar_ros) StderrLine: {'line': b'  324 |     sl_u8  payload[\x1b[01;35m\x1b[K0\x1b[m\x1b[K];\n'}
[13.785044] (rplidar_ros) StderrLine: {'line': b'      |                    \x1b[01;35m\x1b[K^\x1b[m\x1b[K\n'}
[13.858648] (-) TimerEvent: {}
[13.959492] (-) TimerEvent: {}
[14.061995] (-) TimerEvent: {}
[14.082629] (rplidar_ros) StderrLine: {'line': b'In file included from \x1b[01m\x1b[K/home/hyun/Autonomous-Drone/src/rplidar_ros/sdk/src/dataunpacker/dataunpacker.cpp:40\x1b[m\x1b[K:\n'}
[14.083288] (rplidar_ros) StderrLine: {'line': b'\x1b[01m\x1b[K/home/hyun/Autonomous-Drone/src/rplidar_ros/sdk/src/dataunpacker/dataunpacker.h:\x1b[m\x1b[K In member function \xe2\x80\x98\x1b[01m\x1b[Kvirtual void sl::internal::LIDARSampleDataListener::\x1b[01;32m\x1b[KonCustomSampleDataDecoded\x1b[m\x1b[K(_u8, _u32, const void*, size_t)\x1b[m\x1b[K\xe2\x80\x99:\n'}
[14.083825] (rplidar_ros) StderrLine: {'line': b'\x1b[01m\x1b[K/home/hyun/Autonomous-Drone/src/rplidar_ros/sdk/src/dataunpacker/dataunpacker.h:54:52:\x1b[m\x1b[K \x1b[01;35m\x1b[Kwarning: \x1b[m\x1b[Kunused parameter \xe2\x80\x98\x1b[01m\x1b[KansType\x1b[m\x1b[K\xe2\x80\x99 [\x1b[01;35m\x1b[K\x1b]8;;https://gcc.gnu.org/onlinedocs/gcc/Warning-Options.html#index-Wunused-parameter\x07-Wunused-parameter\x1b]8;;\x07\x1b[m\x1b[K]\n'}
[14.084279] (rplidar_ros) StderrLine: {'line': b'   54 |         virtual void onCustomSampleDataDecoded(\x1b[01;35m\x1b[K_u8 ansType\x1b[m\x1b[K, _u32 customCode, const void* data, size_t size) {}\n'}
[14.084676] (rplidar_ros) StderrLine: {'line': b'      |                                                \x1b[01;35m\x1b[K~~~~^~~~~~~\x1b[m\x1b[K\n'}
[14.085101] (rplidar_ros) StderrLine: {'line': b'\x1b[01m\x1b[K/home/hyun/Autonomous-Drone/src/rplidar_ros/sdk/src/dataunpacker/dataunpacker.h:54:66:\x1b[m\x1b[K \x1b[01;35m\x1b[Kwarning: \x1b[m\x1b[Kunused parameter \xe2\x80\x98\x1b[01m\x1b[KcustomCode\x1b[m\x1b[K\xe2\x80\x99 [\x1b[01;35m\x1b[K\x1b]8;;https://gcc.gnu.org/onlinedocs/gcc/Warning-Options.html#index-Wunused-parameter\x07-Wunused-parameter\x1b]8;;\x07\x1b[m\x1b[K]\n'}
[14.085711] (rplidar_ros) StderrLine: {'line': b'   54 |         virtual void onCustomSampleDataDecoded(_u8 ansType, \x1b[01;35m\x1b[K_u32 customCode\x1b[m\x1b[K, const void* data, size_t size) {}\n'}
[14.085970] (rplidar_ros) StderrLine: {'line': b'      |                                                             \x1b[01;35m\x1b[K~~~~~^~~~~~~~~~\x1b[m\x1b[K\n'}
[14.086100] (rplidar_ros) StderrLine: {'line': b'\x1b[01m\x1b[K/home/hyun/Autonomous-Drone/src/rplidar_ros/sdk/src/dataunpacker/dataunpacker.h:54:90:\x1b[m\x1b[K \x1b[01;35m\x1b[Kwarning: \x1b[m\x1b[Kunused parameter \xe2\x80\x98\x1b[01m\x1b[Kdata\x1b[m\x1b[K\xe2\x80\x99 [\x1b[01;35m\x1b[K\x1b]8;;https://gcc.gnu.org/onlinedocs/gcc/Warning-Options.html#index-Wunused-parameter\x07-Wunused-parameter\x1b]8;;\x07\x1b[m\x1b[K]\n'}
[14.089601] (rplidar_ros) StderrLine: {'line': b'   54 |         virtual void onCustomSampleDataDecoded(_u8 ansType, _u32 customCode, \x1b[01;35m\x1b[Kconst void* data\x1b[m\x1b[K, size_t size) {}\n'}
[14.090024] (rplidar_ros) StderrLine: {'line': b'      |                                                                              \x1b[01;35m\x1b[K~~~~~~~~~~~~^~~~\x1b[m\x1b[K\n'}
[14.090217] (rplidar_ros) StderrLine: {'line': b'\x1b[01m\x1b[K/home/hyun/Autonomous-Drone/src/rplidar_ros/sdk/src/dataunpacker/dataunpacker.h:54:103:\x1b[m\x1b[K \x1b[01;35m\x1b[Kwarning: \x1b[m\x1b[Kunused parameter \xe2\x80\x98\x1b[01m\x1b[Ksize\x1b[m\x1b[K\xe2\x80\x99 [\x1b[01;35m\x1b[K\x1b]8;;https://gcc.gnu.org/onlinedocs/gcc/Warning-Options.html#index-Wunused-parameter\x07-Wunused-parameter\x1b]8;;\x07\x1b[m\x1b[K]\n'}
[14.090451] (rplidar_ros) StderrLine: {'line': b'   54 |         virtual void onCustomSampleDataDecoded(_u8 ansType, _u32 customCode, const void* data, \x1b[01;35m\x1b[Ksize_t size\x1b[m\x1b[K) {}\n'}
[14.090647] (rplidar_ros) StderrLine: {'line': b'      |                                                                                                \x1b[01;35m\x1b[K~~~~~~~^~~~\x1b[m\x1b[K\n'}
[14.090872] (rplidar_ros) StderrLine: {'line': b'\x1b[01m\x1b[K/home/hyun/Autonomous-Drone/src/rplidar_ros/sdk/src/dataunpacker/dataunpacker.h:\x1b[m\x1b[K In member function \xe2\x80\x98\x1b[01m\x1b[Kvirtual void sl::internal::LIDARSampleDataListener::\x1b[01;32m\x1b[KonDecodingError\x1b[m\x1b[K(int, _u8, const void*, size_t)\x1b[m\x1b[K\xe2\x80\x99:\n'}
[14.091116] (rplidar_ros) StderrLine: {'line': b'\x1b[01m\x1b[K/home/hyun/Autonomous-Drone/src/rplidar_ros/sdk/src/dataunpacker/dataunpacker.h:56:42:\x1b[m\x1b[K \x1b[01;35m\x1b[Kwarning: \x1b[m\x1b[Kunused parameter \xe2\x80\x98\x1b[01m\x1b[KerrMsg\x1b[m\x1b[K\xe2\x80\x99 [\x1b[01;35m\x1b[K\x1b]8;;https://gcc.gnu.org/onlinedocs/gcc/Warning-Options.html#index-Wunused-parameter\x07-Wunused-parameter\x1b]8;;\x07\x1b[m\x1b[K]\n'}
[14.091543] (rplidar_ros) StderrLine: {'line': b'   56 |         virtual void onDecodingError(\x1b[01;35m\x1b[Kint errMsg\x1b[m\x1b[K, _u8 ansType, const void* payload, size_t size) {}\n'}
[14.091870] (rplidar_ros) StderrLine: {'line': b'      |                                      \x1b[01;35m\x1b[K~~~~^~~~~~\x1b[m\x1b[K\n'}
[14.092155] (rplidar_ros) StderrLine: {'line': b'\x1b[01m\x1b[K/home/hyun/Autonomous-Drone/src/rplidar_ros/sdk/src/dataunpacker/dataunpacker.h:56:54:\x1b[m\x1b[K \x1b[01;35m\x1b[Kwarning: \x1b[m\x1b[Kunused parameter \xe2\x80\x98\x1b[01m\x1b[KansType\x1b[m\x1b[K\xe2\x80\x99 [\x1b[01;35m\x1b[K\x1b]8;;https://gcc.gnu.org/onlinedocs/gcc/Warning-Options.html#index-Wunused-parameter\x07-Wunused-parameter\x1b]8;;\x07\x1b[m\x1b[K]\n'}
[14.095759] (rplidar_ros) StderrLine: {'line': b'   56 |         virtual void onDecodingError(int errMsg, \x1b[01;35m\x1b[K_u8 ansType\x1b[m\x1b[K, const void* payload, size_t size) {}\n'}
[14.096032] (rplidar_ros) StderrLine: {'line': b'      |                                                  \x1b[01;35m\x1b[K~~~~^~~~~~~\x1b[m\x1b[K\n'}
[14.096204] (rplidar_ros) StderrLine: {'line': b'\x1b[01m\x1b[K/home/hyun/Autonomous-Drone/src/rplidar_ros/sdk/src/dataunpacker/dataunpacker.h:56:75:\x1b[m\x1b[K \x1b[01;35m\x1b[Kwarning: \x1b[m\x1b[Kunused parameter \xe2\x80\x98\x1b[01m\x1b[Kpayload\x1b[m\x1b[K\xe2\x80\x99 [\x1b[01;35m\x1b[K\x1b]8;;https://gcc.gnu.org/onlinedocs/gcc/Warning-Options.html#index-Wunused-parameter\x07-Wunused-parameter\x1b]8;;\x07\x1b[m\x1b[K]\n'}
[14.096413] (rplidar_ros) StderrLine: {'line': b'   56 |         virtual void onDecodingError(int errMsg, _u8 ansType, \x1b[01;35m\x1b[Kconst void* payload\x1b[m\x1b[K, size_t size) {}\n'}
[14.096627] (rplidar_ros) StderrLine: {'line': b'      |                                                               \x1b[01;35m\x1b[K~~~~~~~~~~~~^~~~~~~\x1b[m\x1b[K\n'}
[14.096814] (rplidar_ros) StderrLine: {'line': b'\x1b[01m\x1b[K/home/hyun/Autonomous-Drone/src/rplidar_ros/sdk/src/dataunpacker/dataunpacker.h:56:91:\x1b[m\x1b[K \x1b[01;35m\x1b[Kwarning: \x1b[m\x1b[Kunused parameter \xe2\x80\x98\x1b[01m\x1b[Ksize\x1b[m\x1b[K\xe2\x80\x99 [\x1b[01;35m\x1b[K\x1b]8;;https://gcc.gnu.org/onlinedocs/gcc/Warning-Options.html#index-Wunused-parameter\x07-Wunused-parameter\x1b]8;;\x07\x1b[m\x1b[K]\n'}
[14.097026] (rplidar_ros) StderrLine: {'line': b'   56 |         virtual void onDecodingError(int errMsg, _u8 ansType, const void* payload, \x1b[01;35m\x1b[Ksize_t size\x1b[m\x1b[K) {}\n'}
[14.097235] (rplidar_ros) StderrLine: {'line': b'      |                                                                                    \x1b[01;35m\x1b[K~~~~~~~^~~~\x1b[m\x1b[K\n'}
[14.162150] (-) TimerEvent: {}
[14.263649] (-) TimerEvent: {}
[14.364448] (-) TimerEvent: {}
[14.467757] (-) TimerEvent: {}
[14.568636] (-) TimerEvent: {}
[14.608537] (rplidar_ros) StdoutLine: {'line': b'[ 34%] \x1b[32mBuilding CXX object CMakeFiles/rplidar_node.dir/sdk/src/dataunpacker/unpacker/handler_capsules.cpp.o\x1b[0m\n'}
[14.671486] (-) TimerEvent: {}
[14.771930] (-) TimerEvent: {}
[14.872427] (-) TimerEvent: {}
[14.972902] (-) TimerEvent: {}
[15.075914] (-) TimerEvent: {}
[15.176629] (-) TimerEvent: {}
[15.277326] (-) TimerEvent: {}
[15.380944] (-) TimerEvent: {}
[15.481426] (-) TimerEvent: {}
[15.581934] (-) TimerEvent: {}
[15.589589] (rplidar_ros) StderrLine: {'line': b'In file included from \x1b[01m\x1b[K/home/hyun/Autonomous-Drone/src/rplidar_ros/sdk/include/rplidar_protocol.h:36\x1b[m\x1b[K,\n'}
[15.589968] (rplidar_ros) StderrLine: {'line': b'                 from \x1b[01m\x1b[K/home/hyun/Autonomous-Drone/src/rplidar_ros/sdk/include/rplidar.h:39\x1b[m\x1b[K,\n'}
[15.590099] (rplidar_ros) StderrLine: {'line': b'                 from \x1b[01m\x1b[K/home/hyun/Autonomous-Drone/src/rplidar_ros/sdk/src/sdkcommon.h:49\x1b[m\x1b[K,\n'}
[15.590217] (rplidar_ros) StderrLine: {'line': b'                 from \x1b[01m\x1b[K/home/hyun/Autonomous-Drone/src/rplidar_ros/sdk/src/dataunpacker/unpacker/../dataunnpacker_commondef.h:41\x1b[m\x1b[K,\n'}
[15.590315] (rplidar_ros) StderrLine: {'line': b'                 from \x1b[01m\x1b[K/home/hyun/Autonomous-Drone/src/rplidar_ros/sdk/src/dataunpacker/unpacker/handler_capsules.cpp:39\x1b[m\x1b[K:\n'}
[15.590440] (rplidar_ros) StderrLine: {'line': b'\x1b[01m\x1b[K/home/hyun/Autonomous-Drone/src/rplidar_ros/sdk/include/sl_lidar_protocol.h:66:16:\x1b[m\x1b[K \x1b[01;35m\x1b[Kwarning: \x1b[m\x1b[KISO C++ forbids zero-size array \xe2\x80\x98\x1b[01m\x1b[Kdata\x1b[m\x1b[K\xe2\x80\x99 [\x1b[01;35m\x1b[K\x1b]8;;https://gcc.gnu.org/onlinedocs/gcc/Warning-Options.html#index-Wpedantic\x07-Wpedantic\x1b]8;;\x07\x1b[m\x1b[K]\n'}
[15.590668] (rplidar_ros) StderrLine: {'line': b'   66 |     sl_u8 data[\x1b[01;35m\x1b[K0\x1b[m\x1b[K];\n'}
[15.590869] (rplidar_ros) StderrLine: {'line': b'      |                \x1b[01;35m\x1b[K^\x1b[m\x1b[K\n'}
[15.591980] (rplidar_ros) StderrLine: {'line': b'In file included from \x1b[01m\x1b[K/home/hyun/Autonomous-Drone/src/rplidar_ros/sdk/include/rplidar_cmd.h:36\x1b[m\x1b[K,\n'}
[15.592410] (rplidar_ros) StderrLine: {'line': b'                 from \x1b[01m\x1b[K/home/hyun/Autonomous-Drone/src/rplidar_ros/sdk/include/rplidar.h:40\x1b[m\x1b[K:\n'}
[15.592761] (rplidar_ros) StderrLine: {'line': b'\x1b[01m\x1b[K/home/hyun/Autonomous-Drone/src/rplidar_ros/sdk/include/sl_lidar_cmd.h:324:20:\x1b[m\x1b[K \x1b[01;35m\x1b[Kwarning: \x1b[m\x1b[KISO C++ forbids zero-size array \xe2\x80\x98\x1b[01m\x1b[Kpayload\x1b[m\x1b[K\xe2\x80\x99 [\x1b[01;35m\x1b[K\x1b]8;;https://gcc.gnu.org/onlinedocs/gcc/Warning-Options.html#index-Wpedantic\x07-Wpedantic\x1b]8;;\x07\x1b[m\x1b[K]\n'}
[15.593072] (rplidar_ros) StderrLine: {'line': b'  324 |     sl_u8  payload[\x1b[01;35m\x1b[K0\x1b[m\x1b[K];\n'}
[15.595574] (rplidar_ros) StderrLine: {'line': b'      |                    \x1b[01;35m\x1b[K^\x1b[m\x1b[K\n'}
[15.682084] (-) TimerEvent: {}
[15.774099] (rplidar_ros) StderrLine: {'line': b'In file included from \x1b[01m\x1b[K/home/hyun/Autonomous-Drone/src/rplidar_ros/sdk/src/dataunpacker/unpacker/handler_capsules.cpp:40\x1b[m\x1b[K:\n'}
[15.774510] (rplidar_ros) StderrLine: {'line': b'\x1b[01m\x1b[K/home/hyun/Autonomous-Drone/src/rplidar_ros/sdk/src/dataunpacker/unpacker/../dataunpacker.h:\x1b[m\x1b[K In member function \xe2\x80\x98\x1b[01m\x1b[Kvirtual void sl::internal::LIDARSampleDataListener::\x1b[01;32m\x1b[KonCustomSampleDataDecoded\x1b[m\x1b[K(_u8, _u32, const void*, size_t)\x1b[m\x1b[K\xe2\x80\x99:\n'}
[15.774717] (rplidar_ros) StderrLine: {'line': b'\x1b[01m\x1b[K/home/hyun/Autonomous-Drone/src/rplidar_ros/sdk/src/dataunpacker/unpacker/../dataunpacker.h:54:52:\x1b[m\x1b[K \x1b[01;35m\x1b[Kwarning: \x1b[m\x1b[Kunused parameter \xe2\x80\x98\x1b[01m\x1b[KansType\x1b[m\x1b[K\xe2\x80\x99 [\x1b[01;35m\x1b[K\x1b]8;;https://gcc.gnu.org/onlinedocs/gcc/Warning-Options.html#index-Wunused-parameter\x07-Wunused-parameter\x1b]8;;\x07\x1b[m\x1b[K]\n'}
[15.774879] (rplidar_ros) StderrLine: {'line': b'   54 |         virtual void onCustomSampleDataDecoded(\x1b[01;35m\x1b[K_u8 ansType\x1b[m\x1b[K, _u32 customCode, const void* data, size_t size) {}\n'}
[15.775035] (rplidar_ros) StderrLine: {'line': b'      |                                                \x1b[01;35m\x1b[K~~~~^~~~~~~\x1b[m\x1b[K\n'}
[15.777003] (rplidar_ros) StderrLine: {'line': b'\x1b[01m\x1b[K/home/hyun/Autonomous-Drone/src/rplidar_ros/sdk/src/dataunpacker/unpacker/../dataunpacker.h:54:66:\x1b[m\x1b[K \x1b[01;35m\x1b[Kwarning: \x1b[m\x1b[Kunused parameter \xe2\x80\x98\x1b[01m\x1b[KcustomCode\x1b[m\x1b[K\xe2\x80\x99 [\x1b[01;35m\x1b[K\x1b]8;;https://gcc.gnu.org/onlinedocs/gcc/Warning-Options.html#index-Wunused-parameter\x07-Wunused-parameter\x1b]8;;\x07\x1b[m\x1b[K]\n'}
[15.777417] (rplidar_ros) StderrLine: {'line': b'   54 |         virtual void onCustomSampleDataDecoded(_u8 ansType, \x1b[01;35m\x1b[K_u32 customCode\x1b[m\x1b[K, const void* data, size_t size) {}\n'}
[15.777641] (rplidar_ros) StderrLine: {'line': b'      |                                                             \x1b[01;35m\x1b[K~~~~~^~~~~~~~~~\x1b[m\x1b[K\n'}
[15.777789] (rplidar_ros) StderrLine: {'line': b'\x1b[01m\x1b[K/home/hyun/Autonomous-Drone/src/rplidar_ros/sdk/src/dataunpacker/unpacker/../dataunpacker.h:54:90:\x1b[m\x1b[K \x1b[01;35m\x1b[Kwarning: \x1b[m\x1b[Kunused parameter \xe2\x80\x98\x1b[01m\x1b[Kdata\x1b[m\x1b[K\xe2\x80\x99 [\x1b[01;35m\x1b[K\x1b]8;;https://gcc.gnu.org/onlinedocs/gcc/Warning-Options.html#index-Wunused-parameter\x07-Wunused-parameter\x1b]8;;\x07\x1b[m\x1b[K]\n'}
[15.777942] (rplidar_ros) StderrLine: {'line': b'   54 |         virtual void onCustomSampleDataDecoded(_u8 ansType, _u32 customCode, \x1b[01;35m\x1b[Kconst void* data\x1b[m\x1b[K, size_t size) {}\n'}
[15.778063] (rplidar_ros) StderrLine: {'line': b'      |                                                                              \x1b[01;35m\x1b[K~~~~~~~~~~~~^~~~\x1b[m\x1b[K\n'}
[15.778208] (rplidar_ros) StderrLine: {'line': b'\x1b[01m\x1b[K/home/hyun/Autonomous-Drone/src/rplidar_ros/sdk/src/dataunpacker/unpacker/../dataunpacker.h:54:103:\x1b[m\x1b[K \x1b[01;35m\x1b[Kwarning: \x1b[m\x1b[Kunused parameter \xe2\x80\x98\x1b[01m\x1b[Ksize\x1b[m\x1b[K\xe2\x80\x99 [\x1b[01;35m\x1b[K\x1b]8;;https://gcc.gnu.org/onlinedocs/gcc/Warning-Options.html#index-Wunused-parameter\x07-Wunused-parameter\x1b]8;;\x07\x1b[m\x1b[K]\n'}
[15.778337] (rplidar_ros) StderrLine: {'line': b'   54 |         virtual void onCustomSampleDataDecoded(_u8 ansType, _u32 customCode, const void* data, \x1b[01;35m\x1b[Ksize_t size\x1b[m\x1b[K) {}\n'}
[15.778553] (rplidar_ros) StderrLine: {'line': b'      |                                                                                                \x1b[01;35m\x1b[K~~~~~~~^~~~\x1b[m\x1b[K\n'}
[15.778716] (rplidar_ros) StderrLine: {'line': b'\x1b[01m\x1b[K/home/hyun/Autonomous-Drone/src/rplidar_ros/sdk/src/dataunpacker/unpacker/../dataunpacker.h:\x1b[m\x1b[K In member function \xe2\x80\x98\x1b[01m\x1b[Kvirtual void sl::internal::LIDARSampleDataListener::\x1b[01;32m\x1b[KonDecodingError\x1b[m\x1b[K(int, _u8, const void*, size_t)\x1b[m\x1b[K\xe2\x80\x99:\n'}
[15.778886] (rplidar_ros) StderrLine: {'line': b'\x1b[01m\x1b[K/home/hyun/Autonomous-Drone/src/rplidar_ros/sdk/src/dataunpacker/unpacker/../dataunpacker.h:56:42:\x1b[m\x1b[K \x1b[01;35m\x1b[Kwarning: \x1b[m\x1b[Kunused parameter \xe2\x80\x98\x1b[01m\x1b[KerrMsg\x1b[m\x1b[K\xe2\x80\x99 [\x1b[01;35m\x1b[K\x1b]8;;https://gcc.gnu.org/onlinedocs/gcc/Warning-Options.html#index-Wunused-parameter\x07-Wunused-parameter\x1b]8;;\x07\x1b[m\x1b[K]\n'}
[15.779051] (rplidar_ros) StderrLine: {'line': b'   56 |         virtual void onDecodingError(\x1b[01;35m\x1b[Kint errMsg\x1b[m\x1b[K, _u8 ansType, const void* payload, size_t size) {}\n'}
[15.779200] (rplidar_ros) StderrLine: {'line': b'      |                                      \x1b[01;35m\x1b[K~~~~^~~~~~\x1b[m\x1b[K\n'}
[15.779336] (rplidar_ros) StderrLine: {'line': b'\x1b[01m\x1b[K/home/hyun/Autonomous-Drone/src/rplidar_ros/sdk/src/dataunpacker/unpacker/../dataunpacker.h:56:54:\x1b[m\x1b[K \x1b[01;35m\x1b[Kwarning: \x1b[m\x1b[Kunused parameter \xe2\x80\x98\x1b[01m\x1b[KansType\x1b[m\x1b[K\xe2\x80\x99 [\x1b[01;35m\x1b[K\x1b]8;;https://gcc.gnu.org/onlinedocs/gcc/Warning-Options.html#index-Wunused-parameter\x07-Wunused-parameter\x1b]8;;\x07\x1b[m\x1b[K]\n'}
[15.782021] (rplidar_ros) StderrLine: {'line': b'   56 |         virtual void onDecodingError(int errMsg, \x1b[01;35m\x1b[K_u8 ansType\x1b[m\x1b[K, const void* payload, size_t size) {}\n'}
[15.782227] (-) TimerEvent: {}
[15.782481] (rplidar_ros) StderrLine: {'line': b'      |                                                  \x1b[01;35m\x1b[K~~~~^~~~~~~\x1b[m\x1b[K\n'}
[15.782717] (rplidar_ros) StderrLine: {'line': b'\x1b[01m\x1b[K/home/hyun/Autonomous-Drone/src/rplidar_ros/sdk/src/dataunpacker/unpacker/../dataunpacker.h:56:75:\x1b[m\x1b[K \x1b[01;35m\x1b[Kwarning: \x1b[m\x1b[Kunused parameter \xe2\x80\x98\x1b[01m\x1b[Kpayload\x1b[m\x1b[K\xe2\x80\x99 [\x1b[01;35m\x1b[K\x1b]8;;https://gcc.gnu.org/onlinedocs/gcc/Warning-Options.html#index-Wunused-parameter\x07-Wunused-parameter\x1b]8;;\x07\x1b[m\x1b[K]\n'}
[15.782879] (rplidar_ros) StderrLine: {'line': b'   56 |         virtual void onDecodingError(int errMsg, _u8 ansType, \x1b[01;35m\x1b[Kconst void* payload\x1b[m\x1b[K, size_t size) {}\n'}
[15.783014] (rplidar_ros) StderrLine: {'line': b'      |                                                               \x1b[01;35m\x1b[K~~~~~~~~~~~~^~~~~~~\x1b[m\x1b[K\n'}
[15.783146] (rplidar_ros) StderrLine: {'line': b'\x1b[01m\x1b[K/home/hyun/Autonomous-Drone/src/rplidar_ros/sdk/src/dataunpacker/unpacker/../dataunpacker.h:56:91:\x1b[m\x1b[K \x1b[01;35m\x1b[Kwarning: \x1b[m\x1b[Kunused parameter \xe2\x80\x98\x1b[01m\x1b[Ksize\x1b[m\x1b[K\xe2\x80\x99 [\x1b[01;35m\x1b[K\x1b]8;;https://gcc.gnu.org/onlinedocs/gcc/Warning-Options.html#index-Wunused-parameter\x07-Wunused-parameter\x1b]8;;\x07\x1b[m\x1b[K]\n'}
[15.783272] (rplidar_ros) StderrLine: {'line': b'   56 |         virtual void onDecodingError(int errMsg, _u8 ansType, const void* payload, \x1b[01;35m\x1b[Ksize_t size\x1b[m\x1b[K) {}\n'}
[15.783399] (rplidar_ros) StderrLine: {'line': b'      |                                                                                    \x1b[01;35m\x1b[K~~~~~~~^~~~\x1b[m\x1b[K\n'}
[15.793795] (rplidar_ros) StderrLine: {'line': b'\x1b[01m\x1b[K/home/hyun/Autonomous-Drone/src/rplidar_ros/sdk/src/dataunpacker/unpacker/handler_capsules.cpp:\x1b[m\x1b[K In member function \xe2\x80\x98\x1b[01m\x1b[Kvoid sl::internal::unpacker::UnpackerHandler_DenseCapsuleNode::\x1b[01;32m\x1b[K_onScanNodeDenseCapsuleData\x1b[m\x1b[K(rplidar_response_dense_capsule_measurement_nodes_t&, sl::internal::LIDARSampleDataUnpackerInner*)\x1b[m\x1b[K\xe2\x80\x99:\n'}
[15.794167] (rplidar_ros) StderrLine: {'line': b'\x1b[01m\x1b[K/home/hyun/Autonomous-Drone/src/rplidar_ros/sdk/src/dataunpacker/unpacker/handler_capsules.cpp:763:30:\x1b[m\x1b[K \x1b[01;35m\x1b[Kwarning: \x1b[m\x1b[Ktype qualifiers ignored on cast result type [\x1b[01;35m\x1b[K\x1b]8;;https://gcc.gnu.org/onlinedocs/gcc/Warning-Options.html#index-Wignored-qualifiers\x07-Wignored-qualifiers\x1b]8;;\x07\x1b[m\x1b[K]\n'}
[15.794328] (rplidar_ros) StderrLine: {'line': b'  763 |             const int dist = \x1b[01;35m\x1b[Kstatic_cast<const int>(_cached_previous_dense_capsuledata.cabins[pos].distance)\x1b[m\x1b[K;\n'}
[15.794508] (rplidar_ros) StderrLine: {'line': b'      |                              \x1b[01;35m\x1b[K^~~~~~~~~~~~~~~~~~~~~~~~~~~~~~~~~~~~~~~~~~~~~~~~~~~~~~~~~~~~~~~~~~~~~~~~~~~~~~~\x1b[m\x1b[K\n'}
[15.882762] (-) TimerEvent: {}
[15.986768] (-) TimerEvent: {}
[16.074800] (rplidar_ros) StdoutLine: {'line': b'[ 36%] \x1b[32mBuilding CXX object CMakeFiles/rplidar_composition.dir/sdk/src/dataunpacker/unpacker/handler_hqnode.cpp.o\x1b[0m\n'}
[16.089517] (-) TimerEvent: {}
[16.147095] (rplidar_ros) StdoutLine: {'line': b'[ 39%] \x1b[32mBuilding CXX object CMakeFiles/rplidar_node.dir/sdk/src/dataunpacker/unpacker/handler_hqnode.cpp.o\x1b[0m\n'}
[16.190507] (-) TimerEvent: {}
[16.291293] (-) TimerEvent: {}
[16.393659] (-) TimerEvent: {}
[16.494212] (-) TimerEvent: {}
[16.525429] (rplidar_ros) StdoutLine: {'line': b'[ 42%] \x1b[32mBuilding CXX object CMakeFiles/rplidar_composition.dir/sdk/src/dataunpacker/unpacker/handler_normalnode.cpp.o\x1b[0m\n'}
[16.596490] (-) TimerEvent: {}
[16.697087] (-) TimerEvent: {}
[16.797818] (-) TimerEvent: {}
[16.898393] (-) TimerEvent: {}
[17.000759] (-) TimerEvent: {}
[17.039034] (rplidar_ros) StderrLine: {'line': b'In file included from \x1b[01m\x1b[K/home/hyun/Autonomous-Drone/src/rplidar_ros/sdk/include/rplidar_protocol.h:36\x1b[m\x1b[K,\n'}
[17.039427] (rplidar_ros) StderrLine: {'line': b'                 from \x1b[01m\x1b[K/home/hyun/Autonomous-Drone/src/rplidar_ros/sdk/include/rplidar.h:39\x1b[m\x1b[K,\n'}
[17.039609] (rplidar_ros) StderrLine: {'line': b'                 from \x1b[01m\x1b[K/home/hyun/Autonomous-Drone/src/rplidar_ros/sdk/src/sdkcommon.h:49\x1b[m\x1b[K,\n'}
[17.039767] (rplidar_ros) StderrLine: {'line': b'                 from \x1b[01m\x1b[K/home/hyun/Autonomous-Drone/src/rplidar_ros/sdk/src/dataunpacker/unpacker/../dataunnpacker_commondef.h:41\x1b[m\x1b[K,\n'}
[17.039874] (rplidar_ros) StderrLine: {'line': b'                 from \x1b[01m\x1b[K/home/hyun/Autonomous-Drone/src/rplidar_ros/sdk/src/dataunpacker/unpacker/handler_hqnode.cpp:39\x1b[m\x1b[K:\n'}
[17.039986] (rplidar_ros) StderrLine: {'line': b'\x1b[01m\x1b[K/home/hyun/Autonomous-Drone/src/rplidar_ros/sdk/include/sl_lidar_protocol.h:66:16:\x1b[m\x1b[K \x1b[01;35m\x1b[Kwarning: \x1b[m\x1b[KISO C++ forbids zero-size array \xe2\x80\x98\x1b[01m\x1b[Kdata\x1b[m\x1b[K\xe2\x80\x99 [\x1b[01;35m\x1b[K\x1b]8;;https://gcc.gnu.org/onlinedocs/gcc/Warning-Options.html#index-Wpedantic\x07-Wpedantic\x1b]8;;\x07\x1b[m\x1b[K]\n'}
[17.040108] (rplidar_ros) StderrLine: {'line': b'   66 |     sl_u8 data[\x1b[01;35m\x1b[K0\x1b[m\x1b[K];\n'}
[17.040220] (rplidar_ros) StderrLine: {'line': b'      |                \x1b[01;35m\x1b[K^\x1b[m\x1b[K\n'}
[17.042495] (rplidar_ros) StderrLine: {'line': b'In file included from \x1b[01m\x1b[K/home/hyun/Autonomous-Drone/src/rplidar_ros/sdk/include/rplidar_cmd.h:36\x1b[m\x1b[K,\n'}
[17.042935] (rplidar_ros) StderrLine: {'line': b'                 from \x1b[01m\x1b[K/home/hyun/Autonomous-Drone/src/rplidar_ros/sdk/include/rplidar.h:40\x1b[m\x1b[K:\n'}
[17.043195] (rplidar_ros) StderrLine: {'line': b'\x1b[01m\x1b[K/home/hyun/Autonomous-Drone/src/rplidar_ros/sdk/include/sl_lidar_cmd.h:324:20:\x1b[m\x1b[K \x1b[01;35m\x1b[Kwarning: \x1b[m\x1b[KISO C++ forbids zero-size array \xe2\x80\x98\x1b[01m\x1b[Kpayload\x1b[m\x1b[K\xe2\x80\x99 [\x1b[01;35m\x1b[K\x1b]8;;https://gcc.gnu.org/onlinedocs/gcc/Warning-Options.html#index-Wpedantic\x07-Wpedantic\x1b]8;;\x07\x1b[m\x1b[K]\n'}
[17.043492] (rplidar_ros) StderrLine: {'line': b'  324 |     sl_u8  payload[\x1b[01;35m\x1b[K0\x1b[m\x1b[K];\n'}
[17.043725] (rplidar_ros) StderrLine: {'line': b'      |                    \x1b[01;35m\x1b[K^\x1b[m\x1b[K\n'}
[17.094921] (rplidar_ros) StderrLine: {'line': b'In file included from \x1b[01m\x1b[K/home/hyun/Autonomous-Drone/src/rplidar_ros/sdk/include/rplidar_protocol.h:36\x1b[m\x1b[K,\n'}
[17.095431] (rplidar_ros) StderrLine: {'line': b'                 from \x1b[01m\x1b[K/home/hyun/Autonomous-Drone/src/rplidar_ros/sdk/include/rplidar.h:39\x1b[m\x1b[K,\n'}
[17.095772] (rplidar_ros) StderrLine: {'line': b'                 from \x1b[01m\x1b[K/home/hyun/Autonomous-Drone/src/rplidar_ros/sdk/src/sdkcommon.h:49\x1b[m\x1b[K,\n'}
[17.096024] (rplidar_ros) StderrLine: {'line': b'                 from \x1b[01m\x1b[K/home/hyun/Autonomous-Drone/src/rplidar_ros/sdk/src/dataunpacker/unpacker/../dataunnpacker_commondef.h:41\x1b[m\x1b[K,\n'}
[17.096250] (rplidar_ros) StderrLine: {'line': b'                 from \x1b[01m\x1b[K/home/hyun/Autonomous-Drone/src/rplidar_ros/sdk/src/dataunpacker/unpacker/handler_hqnode.cpp:39\x1b[m\x1b[K:\n'}
[17.097615] (rplidar_ros) StderrLine: {'line': b'\x1b[01m\x1b[K/home/hyun/Autonomous-Drone/src/rplidar_ros/sdk/include/sl_lidar_protocol.h:66:16:\x1b[m\x1b[K \x1b[01;35m\x1b[Kwarning: \x1b[m\x1b[KISO C++ forbids zero-size array \xe2\x80\x98\x1b[01m\x1b[Kdata\x1b[m\x1b[K\xe2\x80\x99 [\x1b[01;35m\x1b[K\x1b]8;;https://gcc.gnu.org/onlinedocs/gcc/Warning-Options.html#index-Wpedantic\x07-Wpedantic\x1b]8;;\x07\x1b[m\x1b[K]\n'}
[17.097976] (rplidar_ros) StderrLine: {'line': b'   66 |     sl_u8 data[\x1b[01;35m\x1b[K0\x1b[m\x1b[K];\n'}
[17.098135] (rplidar_ros) StderrLine: {'line': b'      |                \x1b[01;35m\x1b[K^\x1b[m\x1b[K\n'}
[17.098275] (rplidar_ros) StderrLine: {'line': b'In file included from \x1b[01m\x1b[K/home/hyun/Autonomous-Drone/src/rplidar_ros/sdk/include/rplidar_cmd.h:36\x1b[m\x1b[K,\n'}
[17.098662] (rplidar_ros) StderrLine: {'line': b'                 from \x1b[01m\x1b[K/home/hyun/Autonomous-Drone/src/rplidar_ros/sdk/include/rplidar.h:40\x1b[m\x1b[K:\n'}
[17.098948] (rplidar_ros) StderrLine: {'line': b'\x1b[01m\x1b[K/home/hyun/Autonomous-Drone/src/rplidar_ros/sdk/include/sl_lidar_cmd.h:324:20:\x1b[m\x1b[K \x1b[01;35m\x1b[Kwarning: \x1b[m\x1b[KISO C++ forbids zero-size array \xe2\x80\x98\x1b[01m\x1b[Kpayload\x1b[m\x1b[K\xe2\x80\x99 [\x1b[01;35m\x1b[K\x1b]8;;https://gcc.gnu.org/onlinedocs/gcc/Warning-Options.html#index-Wpedantic\x07-Wpedantic\x1b]8;;\x07\x1b[m\x1b[K]\n'}
[17.099184] (rplidar_ros) StderrLine: {'line': b'  324 |     sl_u8  payload[\x1b[01;35m\x1b[K0\x1b[m\x1b[K];\n'}
[17.099407] (rplidar_ros) StderrLine: {'line': b'      |                    \x1b[01;35m\x1b[K^\x1b[m\x1b[K\n'}
[17.100897] (-) TimerEvent: {}
[17.204781] (-) TimerEvent: {}
[17.275160] (rplidar_ros) StderrLine: {'line': b'In file included from \x1b[01m\x1b[K/home/hyun/Autonomous-Drone/src/rplidar_ros/sdk/src/dataunpacker/unpacker/handler_hqnode.cpp:40\x1b[m\x1b[K:\n'}
[17.275655] (rplidar_ros) StderrLine: {'line': b'\x1b[01m\x1b[K/home/hyun/Autonomous-Drone/src/rplidar_ros/sdk/src/dataunpacker/unpacker/../dataunpacker.h:\x1b[m\x1b[K In member function \xe2\x80\x98\x1b[01m\x1b[Kvirtual void sl::internal::LIDARSampleDataListener::\x1b[01;32m\x1b[KonCustomSampleDataDecoded\x1b[m\x1b[K(_u8, _u32, const void*, size_t)\x1b[m\x1b[K\xe2\x80\x99:\n'}
[17.275895] (rplidar_ros) StderrLine: {'line': b'\x1b[01m\x1b[K/home/hyun/Autonomous-Drone/src/rplidar_ros/sdk/src/dataunpacker/unpacker/../dataunpacker.h:54:52:\x1b[m\x1b[K \x1b[01;35m\x1b[Kwarning: \x1b[m\x1b[Kunused parameter \xe2\x80\x98\x1b[01m\x1b[KansType\x1b[m\x1b[K\xe2\x80\x99 [\x1b[01;35m\x1b[K\x1b]8;;https://gcc.gnu.org/onlinedocs/gcc/Warning-Options.html#index-Wunused-parameter\x07-Wunused-parameter\x1b]8;;\x07\x1b[m\x1b[K]\n'}
[17.276147] (rplidar_ros) StderrLine: {'line': b'   54 |         virtual void onCustomSampleDataDecoded(\x1b[01;35m\x1b[K_u8 ansType\x1b[m\x1b[K, _u32 customCode, const void* data, size_t size) {}\n'}
[17.276398] (rplidar_ros) StderrLine: {'line': b'      |                                                \x1b[01;35m\x1b[K~~~~^~~~~~~\x1b[m\x1b[K\n'}
[17.276917] (rplidar_ros) StderrLine: {'line': b'\x1b[01m\x1b[K/home/hyun/Autonomous-Drone/src/rplidar_ros/sdk/src/dataunpacker/unpacker/../dataunpacker.h:54:66:\x1b[m\x1b[K \x1b[01;35m\x1b[Kwarning: \x1b[m\x1b[Kunused parameter \xe2\x80\x98\x1b[01m\x1b[KcustomCode\x1b[m\x1b[K\xe2\x80\x99 [\x1b[01;35m\x1b[K\x1b]8;;https://gcc.gnu.org/onlinedocs/gcc/Warning-Options.html#index-Wunused-parameter\x07-Wunused-parameter\x1b]8;;\x07\x1b[m\x1b[K]\n'}
[17.277156] (rplidar_ros) StderrLine: {'line': b'   54 |         virtual void onCustomSampleDataDecoded(_u8 ansType, \x1b[01;35m\x1b[K_u32 customCode\x1b[m\x1b[K, const void* data, size_t size) {}\n'}
[17.277319] (rplidar_ros) StderrLine: {'line': b'      |                                                             \x1b[01;35m\x1b[K~~~~~^~~~~~~~~~\x1b[m\x1b[K\n'}
[17.277545] (rplidar_ros) StderrLine: {'line': b'\x1b[01m\x1b[K/home/hyun/Autonomous-Drone/src/rplidar_ros/sdk/src/dataunpacker/unpacker/../dataunpacker.h:54:90:\x1b[m\x1b[K \x1b[01;35m\x1b[Kwarning: \x1b[m\x1b[Kunused parameter \xe2\x80\x98\x1b[01m\x1b[Kdata\x1b[m\x1b[K\xe2\x80\x99 [\x1b[01;35m\x1b[K\x1b]8;;https://gcc.gnu.org/onlinedocs/gcc/Warning-Options.html#index-Wunused-parameter\x07-Wunused-parameter\x1b]8;;\x07\x1b[m\x1b[K]\n'}
[17.277758] (rplidar_ros) StderrLine: {'line': b'   54 |         virtual void onCustomSampleDataDecoded(_u8 ansType, _u32 customCode, \x1b[01;35m\x1b[Kconst void* data\x1b[m\x1b[K, size_t size) {}\n'}
[17.277931] (rplidar_ros) StderrLine: {'line': b'      |                                                                              \x1b[01;35m\x1b[K~~~~~~~~~~~~^~~~\x1b[m\x1b[K\n'}
[17.278097] (rplidar_ros) StderrLine: {'line': b'\x1b[01m\x1b[K/home/hyun/Autonomous-Drone/src/rplidar_ros/sdk/src/dataunpacker/unpacker/../dataunpacker.h:54:103:\x1b[m\x1b[K \x1b[01;35m\x1b[Kwarning: \x1b[m\x1b[Kunused parameter \xe2\x80\x98\x1b[01m\x1b[Ksize\x1b[m\x1b[K\xe2\x80\x99 [\x1b[01;35m\x1b[K\x1b]8;;https://gcc.gnu.org/onlinedocs/gcc/Warning-Options.html#index-Wunused-parameter\x07-Wunused-parameter\x1b]8;;\x07\x1b[m\x1b[K]\n'}
[17.278279] (rplidar_ros) StderrLine: {'line': b'   54 |         virtual void onCustomSampleDataDecoded(_u8 ansType, _u32 customCode, const void* data, \x1b[01;35m\x1b[Ksize_t size\x1b[m\x1b[K) {}\n'}
[17.280632] (rplidar_ros) StderrLine: {'line': b'      |                                                                                                \x1b[01;35m\x1b[K~~~~~~~^~~~\x1b[m\x1b[K\n'}
[17.280818] (rplidar_ros) StderrLine: {'line': b'\x1b[01m\x1b[K/home/hyun/Autonomous-Drone/src/rplidar_ros/sdk/src/dataunpacker/unpacker/../dataunpacker.h:\x1b[m\x1b[K In member function \xe2\x80\x98\x1b[01m\x1b[Kvirtual void sl::internal::LIDARSampleDataListener::\x1b[01;32m\x1b[KonDecodingError\x1b[m\x1b[K(int, _u8, const void*, size_t)\x1b[m\x1b[K\xe2\x80\x99:\n'}
[17.280929] (rplidar_ros) StderrLine: {'line': b'\x1b[01m\x1b[K/home/hyun/Autonomous-Drone/src/rplidar_ros/sdk/src/dataunpacker/unpacker/../dataunpacker.h:56:42:\x1b[m\x1b[K \x1b[01;35m\x1b[Kwarning: \x1b[m\x1b[Kunused parameter \xe2\x80\x98\x1b[01m\x1b[KerrMsg\x1b[m\x1b[K\xe2\x80\x99 [\x1b[01;35m\x1b[K\x1b]8;;https://gcc.gnu.org/onlinedocs/gcc/Warning-Options.html#index-Wunused-parameter\x07-Wunused-parameter\x1b]8;;\x07\x1b[m\x1b[K]\n'}
[17.281042] (rplidar_ros) StderrLine: {'line': b'   56 |         virtual void onDecodingError(\x1b[01;35m\x1b[Kint errMsg\x1b[m\x1b[K, _u8 ansType, const void* payload, size_t size) {}\n'}
[17.281146] (rplidar_ros) StderrLine: {'line': b'      |                                      \x1b[01;35m\x1b[K~~~~^~~~~~\x1b[m\x1b[K\n'}
[17.281242] (rplidar_ros) StderrLine: {'line': b'\x1b[01m\x1b[K/home/hyun/Autonomous-Drone/src/rplidar_ros/sdk/src/dataunpacker/unpacker/../dataunpacker.h:56:54:\x1b[m\x1b[K \x1b[01;35m\x1b[Kwarning: \x1b[m\x1b[Kunused parameter \xe2\x80\x98\x1b[01m\x1b[KansType\x1b[m\x1b[K\xe2\x80\x99 [\x1b[01;35m\x1b[K\x1b]8;;https://gcc.gnu.org/onlinedocs/gcc/Warning-Options.html#index-Wunused-parameter\x07-Wunused-parameter\x1b]8;;\x07\x1b[m\x1b[K]\n'}
[17.281342] (rplidar_ros) StderrLine: {'line': b'   56 |         virtual void onDecodingError(int errMsg, \x1b[01;35m\x1b[K_u8 ansType\x1b[m\x1b[K, const void* payload, size_t size) {}\n'}
[17.284748] (rplidar_ros) StderrLine: {'line': b'      |                                                  \x1b[01;35m\x1b[K~~~~^~~~~~~\x1b[m\x1b[K\n'}
[17.284917] (rplidar_ros) StderrLine: {'line': b'\x1b[01m\x1b[K/home/hyun/Autonomous-Drone/src/rplidar_ros/sdk/src/dataunpacker/unpacker/../dataunpacker.h:56:75:\x1b[m\x1b[K \x1b[01;35m\x1b[Kwarning: \x1b[m\x1b[Kunused parameter \xe2\x80\x98\x1b[01m\x1b[Kpayload\x1b[m\x1b[K\xe2\x80\x99 [\x1b[01;35m\x1b[K\x1b]8;;https://gcc.gnu.org/onlinedocs/gcc/Warning-Options.html#index-Wunused-parameter\x07-Wunused-parameter\x1b]8;;\x07\x1b[m\x1b[K]\n'}
[17.285081] (rplidar_ros) StderrLine: {'line': b'   56 |         virtual void onDecodingError(int errMsg, _u8 ansType, \x1b[01;35m\x1b[Kconst void* payload\x1b[m\x1b[K, size_t size) {}\n'}
[17.285191] (rplidar_ros) StderrLine: {'line': b'      |                                                               \x1b[01;35m\x1b[K~~~~~~~~~~~~^~~~~~~\x1b[m\x1b[K\n'}
[17.285289] (rplidar_ros) StderrLine: {'line': b'\x1b[01m\x1b[K/home/hyun/Autonomous-Drone/src/rplidar_ros/sdk/src/dataunpacker/unpacker/../dataunpacker.h:56:91:\x1b[m\x1b[K \x1b[01;35m\x1b[Kwarning: \x1b[m\x1b[Kunused parameter \xe2\x80\x98\x1b[01m\x1b[Ksize\x1b[m\x1b[K\xe2\x80\x99 [\x1b[01;35m\x1b[K\x1b]8;;https://gcc.gnu.org/onlinedocs/gcc/Warning-Options.html#index-Wunused-parameter\x07-Wunused-parameter\x1b]8;;\x07\x1b[m\x1b[K]\n'}
[17.285448] (rplidar_ros) StderrLine: {'line': b'   56 |         virtual void onDecodingError(int errMsg, _u8 ansType, const void* payload, \x1b[01;35m\x1b[Ksize_t size\x1b[m\x1b[K) {}\n'}
[17.285677] (rplidar_ros) StderrLine: {'line': b'      |                                                                                    \x1b[01;35m\x1b[K~~~~~~~^~~~\x1b[m\x1b[K\n'}
[17.304925] (-) TimerEvent: {}
[17.333841] (rplidar_ros) StderrLine: {'line': b'In file included from \x1b[01m\x1b[K/home/hyun/Autonomous-Drone/src/rplidar_ros/sdk/src/dataunpacker/unpacker/handler_hqnode.cpp:40\x1b[m\x1b[K:\n'}
[17.334360] (rplidar_ros) StderrLine: {'line': b'\x1b[01m\x1b[K/home/hyun/Autonomous-Drone/src/rplidar_ros/sdk/src/dataunpacker/unpacker/../dataunpacker.h:\x1b[m\x1b[K In member function \xe2\x80\x98\x1b[01m\x1b[Kvirtual void sl::internal::LIDARSampleDataListener::\x1b[01;32m\x1b[KonCustomSampleDataDecoded\x1b[m\x1b[K(_u8, _u32, const void*, size_t)\x1b[m\x1b[K\xe2\x80\x99:\n'}
[17.334751] (rplidar_ros) StderrLine: {'line': b'\x1b[01m\x1b[K/home/hyun/Autonomous-Drone/src/rplidar_ros/sdk/src/dataunpacker/unpacker/../dataunpacker.h:54:52:\x1b[m\x1b[K \x1b[01;35m\x1b[Kwarning: \x1b[m\x1b[Kunused parameter \xe2\x80\x98\x1b[01m\x1b[KansType\x1b[m\x1b[K\xe2\x80\x99 [\x1b[01;35m\x1b[K\x1b]8;;https://gcc.gnu.org/onlinedocs/gcc/Warning-Options.html#index-Wunused-parameter\x07-Wunused-parameter\x1b]8;;\x07\x1b[m\x1b[K]\n'}
[17.335167] (rplidar_ros) StderrLine: {'line': b'   54 | ustomSampleDataDecoded(\x1b[01;35m\x1b[K_u8 ansType\x1b[m\x1b[K, _u32 customCode, const void* data, size_t size) {}\n'}
[17.335483] (rplidar_ros) StderrLine: {'line': b'      |                        \x1b[01;35m\x1b[K~~~~^~~~~~~\x1b[m\x1b[K\n'}
[17.335699] (rplidar_ros) StderrLine: {'line': b'\n'}
[17.335870] (rplidar_ros) StderrLine: {'line': b'\x1b[01m\x1b[K/home/hyun/Autonomous-Drone/src/rplidar_ros/sdk/src/dataunpacker/unpacker/../dataunpacker.h:54:66:\x1b[m\x1b[K \x1b[01;35m\x1b[Kwarning: \x1b[m\x1b[Kunused parameter \xe2\x80\x98\x1b[01m\x1b[KcustomCode\x1b[m\x1b[K\xe2\x80\x99 [\x1b[01;35m\x1b[K\x1b]8;;https://gcc.gnu.org/onlinedocs/gcc/Warning-Options.html#index-Wunused-parameter\x07-Wunused-parameter\x1b]8;;\x07\x1b[m\x1b[K]\n'}
[17.336333] (rplidar_ros) StderrLine: {'line': b'   54 | aDecoded(_u8 ansType, \x1b[01;35m\x1b[K_u32 customCode\x1b[m\x1b[K, const void* data, size_t size) {}\n'}
[17.336611] (rplidar_ros) StderrLine: {'line': b'      |                       \x1b[01;35m\x1b[K~~~~~^~~~~~~~~~\x1b[m\x1b[K\n'}
[17.336789] (rplidar_ros) StderrLine: {'line': b'\n'}
[17.336928] (rplidar_ros) StderrLine: {'line': b'\x1b[01m\x1b[K/home/hyun/Autonomous-Drone/src/rplidar_ros/sdk/src/dataunpacker/unpacker/../dataunpacker.h:54:90:\x1b[m\x1b[K \x1b[01;35m\x1b[Kwarning: \x1b[m\x1b[Kunused parameter \xe2\x80\x98\x1b[01m\x1b[Kdata\x1b[m\x1b[K\xe2\x80\x99 [\x1b[01;35m\x1b[K\x1b]8;;https://gcc.gnu.org/onlinedocs/gcc/Warning-Options.html#index-Wunused-parameter\x07-Wunused-parameter\x1b]8;;\x07\x1b[m\x1b[K]\n'}
[17.339611] (rplidar_ros) StderrLine: {'line': b'   54 | 32 customCode, \x1b[01;35m\x1b[Kconst void* data\x1b[m\x1b[K, size_t size) {}\n'}
[17.339915] (rplidar_ros) StderrLine: {'line': b'      |                \x1b[01;35m\x1b[K~~~~~~~~~~~~^~~~\x1b[m\x1b[K\n'}
[17.340044] (rplidar_ros) StderrLine: {'line': b'\n'}
[17.340151] (rplidar_ros) StderrLine: {'line': b'\x1b[01m\x1b[K/home/hyun/Autonomous-Drone/src/rplidar_ros/sdk/src/dataunpacker/unpacker/../dataunpacker.h:54:103:\x1b[m\x1b[K \x1b[01;35m\x1b[Kwarning: \x1b[m\x1b[Kunused parameter \xe2\x80\x98\x1b[01m\x1b[Ksize\x1b[m\x1b[K\xe2\x80\x99 [\x1b[01;35m\x1b[K\x1b]8;;https://gcc.gnu.org/onlinedocs/gcc/Warning-Options.html#index-Wunused-parameter\x07-Wunused-parameter\x1b]8;;\x07\x1b[m\x1b[K]\n'}
[17.340271] (rplidar_ros) StderrLine: {'line': b'   54 | ode, const void* data, \x1b[01;35m\x1b[Ksize_t size\x1b[m\x1b[K) {}\n'}
[17.340366] (rplidar_ros) StderrLine: {'line': b'      |                        \x1b[01;35m\x1b[K~~~~~~~^~~~\x1b[m\x1b[K\n'}
[17.340517] (rplidar_ros) StderrLine: {'line': b'\n'}
[17.340621] (rplidar_ros) StderrLine: {'line': b'\x1b[01m\x1b[K/home/hyun/Autonomous-Drone/src/rplidar_ros/sdk/src/dataunpacker/unpacker/../dataunpacker.h:\x1b[m\x1b[K In member function \xe2\x80\x98\x1b[01m\x1b[Kvirtual void sl::internal::LIDARSampleDataListener::\x1b[01;32m\x1b[KonDecodingError\x1b[m\x1b[K(int, _u8, const void*, size_t)\x1b[m\x1b[K\xe2\x80\x99:\n'}
[17.340740] (rplidar_ros) StderrLine: {'line': b'\x1b[01m\x1b[K/home/hyun/Autonomous-Drone/src/rplidar_ros/sdk/src/dataunpacker/unpacker/../dataunpacker.h:56:42:\x1b[m\x1b[K \x1b[01;35m\x1b[Kwarning: \x1b[m\x1b[Kunused parameter \xe2\x80\x98\x1b[01m\x1b[KerrMsg\x1b[m\x1b[K\xe2\x80\x99 [\x1b[01;35m\x1b[K\x1b]8;;https://gcc.gnu.org/onlinedocs/gcc/Warning-Options.html#index-Wunused-parameter\x07-Wunused-parameter\x1b]8;;\x07\x1b[m\x1b[K]\n'}
[17.340842] (rplidar_ros) StderrLine: {'line': b'   56 | l void onDecodingError(\x1b[01;35m\x1b[Kint errMsg\x1b[m\x1b[K, _u8 ansType, const void* payload, size_t size) {}\n'}
[17.340935] (rplidar_ros) StderrLine: {'line': b'      |                        \x1b[01;35m\x1b[K~~~~^~~~~~\x1b[m\x1b[K\n'}
[17.341031] (rplidar_ros) StderrLine: {'line': b'\n'}
[17.341125] (rplidar_ros) StderrLine: {'line': b'\x1b[01m\x1b[K/home/hyun/Autonomous-Drone/src/rplidar_ros/sdk/src/dataunpacker/unpacker/../dataunpacker.h:56:54:\x1b[m\x1b[K \x1b[01;35m\x1b[Kwarning: \x1b[m\x1b[Kunused parameter \xe2\x80\x98\x1b[01m\x1b[KansType\x1b[m\x1b[K\xe2\x80\x99 [\x1b[01;35m\x1b[K\x1b]8;;https://gcc.gnu.org/onlinedocs/gcc/Warning-Options.html#index-Wunused-parameter\x07-Wunused-parameter\x1b]8;;\x07\x1b[m\x1b[K]\n'}
[17.341251] (rplidar_ros) StderrLine: {'line': b'   56 | odingError(int errMsg, \x1b[01;35m\x1b[K_u8 ansType\x1b[m\x1b[K, const void* payload, size_t size) {}\n'}
[17.341352] (rplidar_ros) StderrLine: {'line': b'      |                        \x1b[01;35m\x1b[K~~~~^~~~~~~\x1b[m\x1b[K\n'}
[17.344821] (rplidar_ros) StderrLine: {'line': b'\n'}
[17.345058] (rplidar_ros) StderrLine: {'line': b'\x1b[01m\x1b[K/home/hyun/Autonomous-Drone/src/rplidar_ros/sdk/src/dataunpacker/unpacker/../dataunpacker.h:56:75:\x1b[m\x1b[K \x1b[01;35m\x1b[Kwarning: \x1b[m\x1b[Kunused parameter \xe2\x80\x98\x1b[01m\x1b[Kpayload\x1b[m\x1b[K\xe2\x80\x99 [\x1b[01;35m\x1b[K\x1b]8;;https://gcc.gnu.org/onlinedocs/gcc/Warning-Options.html#index-Wunused-parameter\x07-Wunused-parameter\x1b]8;;\x07\x1b[m\x1b[K]\n'}
[17.345295] (rplidar_ros) StderrLine: {'line': b'   56 | , _u8 ansType, \x1b[01;35m\x1b[Kconst void* payload\x1b[m\x1b[K, size_t size) {}\n'}
[17.345562] (rplidar_ros) StderrLine: {'line': b'      |                \x1b[01;35m\x1b[K~~~~~~~~~~~~^~~~~~~\x1b[m\x1b[K\n'}
[17.345766] (rplidar_ros) StderrLine: {'line': b'\n'}
[17.345937] (rplidar_ros) StderrLine: {'line': b'\x1b[01m\x1b[K/home/hyun/Autonomous-Drone/src/rplidar_ros/sdk/src/dataunpacker/unpacker/../dataunpacker.h:56:91:\x1b[m\x1b[K \x1b[01;35m\x1b[Kwarning: \x1b[m\x1b[Kunused parameter \xe2\x80\x98\x1b[01m\x1b[Ksize\x1b[m\x1b[K\xe2\x80\x99 [\x1b[01;35m\x1b[K\x1b]8;;https://gcc.gnu.org/onlinedocs/gcc/Warning-Options.html#index-Wunused-parameter\x07-Wunused-parameter\x1b]8;;\x07\x1b[m\x1b[K]\n'}
[17.346066] (rplidar_ros) StderrLine: {'line': b'   56 | , const void* payload, \x1b[01;35m\x1b[Ksize_t size\x1b[m\x1b[K) {}\n'}
[17.346184] (rplidar_ros) StderrLine: {'line': b'      |                        \x1b[01;35m\x1b[K~~~~~~~^~~~\x1b[m\x1b[K\n'}
[17.346293] (rplidar_ros) StderrLine: {'line': b'\n'}
[17.405086] (-) TimerEvent: {}
[17.493898] (rplidar_ros) StderrLine: {'line': b'In file included from \x1b[01m\x1b[K/home/hyun/Autonomous-Drone/src/rplidar_ros/sdk/include/rplidar_protocol.h:36\x1b[m\x1b[K,\n'}
[17.494262] (rplidar_ros) StderrLine: {'line': b'                 from \x1b[01m\x1b[K/home/hyun/Autonomous-Drone/src/rplidar_ros/sdk/include/rplidar.h:39\x1b[m\x1b[K,\n'}
[17.494487] (rplidar_ros) StderrLine: {'line': b'                 from \x1b[01m\x1b[K/home/hyun/Autonomous-Drone/src/rplidar_ros/sdk/src/sdkcommon.h:49\x1b[m\x1b[K,\n'}
[17.494616] (rplidar_ros) StderrLine: {'line': b'                 from \x1b[01m\x1b[K/home/hyun/Autonomous-Drone/src/rplidar_ros/sdk/src/dataunpacker/unpacker/../dataunnpacker_commondef.h:41\x1b[m\x1b[K,\n'}
[17.494724] (rplidar_ros) StderrLine: {'line': b'                 from \x1b[01m\x1b[K/home/hyun/Autonomous-Drone/src/rplidar_ros/sdk/src/dataunpacker/unpacker/handler_normalnode.cpp:39\x1b[m\x1b[K:\n'}
[17.494854] (rplidar_ros) StderrLine: {'line': b'\x1b[01m\x1b[K/home/hyun/Autonomous-Drone/src/rplidar_ros/sdk/include/sl_lidar_protocol.h:66:16:\x1b[m\x1b[K \x1b[01;35m\x1b[Kwarning: \x1b[m\x1b[KISO C++ forbids zero-size array \xe2\x80\x98\x1b[01m\x1b[Kdata\x1b[m\x1b[K\xe2\x80\x99 [\x1b[01;35m\x1b[K\x1b]8;;https://gcc.gnu.org/onlinedocs/gcc/Warning-Options.html#index-Wpedantic\x07-Wpedantic\x1b]8;;\x07\x1b[m\x1b[K]\n'}
[17.494971] (rplidar_ros) StderrLine: {'line': b'   66 |     sl_u8 data[\x1b[01;35m\x1b[K0\x1b[m\x1b[K];\n'}
[17.495076] (rplidar_ros) StderrLine: {'line': b'      |                \x1b[01;35m\x1b[K^\x1b[m\x1b[K\n'}
[17.497174] (rplidar_ros) StderrLine: {'line': b'In file included from \x1b[01m\x1b[K/home/hyun/Autonomous-Drone/src/rplidar_ros/sdk/include/rplidar_cmd.h:36\x1b[m\x1b[K,\n'}
[17.499809] (rplidar_ros) StderrLine: {'line': b'                 from \x1b[01m\x1b[K/home/hyun/Autonomous-Drone/src/rplidar_ros/sdk/include/rplidar.h:40\x1b[m\x1b[K:\n'}
[17.500028] (rplidar_ros) StderrLine: {'line': b'\x1b[01m\x1b[K/home/hyun/Autonomous-Drone/src/rplidar_ros/sdk/include/sl_lidar_cmd.h:324:20:\x1b[m\x1b[K \x1b[01;35m\x1b[Kwarning: \x1b[m\x1b[KISO C++ forbids zero-size array \xe2\x80\x98\x1b[01m\x1b[Kpayload\x1b[m\x1b[K\xe2\x80\x99 [\x1b[01;35m\x1b[K\x1b]8;;https://gcc.gnu.org/onlinedocs/gcc/Warning-Options.html#index-Wpedantic\x07-Wpedantic\x1b]8;;\x07\x1b[m\x1b[K]\n'}
[17.500172] (rplidar_ros) StderrLine: {'line': b'  324 |     sl_u8  payload[\x1b[01;35m\x1b[K0\x1b[m\x1b[K];\n'}
[17.500282] (rplidar_ros) StderrLine: {'line': b'      |                    \x1b[01;35m\x1b[K^\x1b[m\x1b[K\n'}
[17.505232] (-) TimerEvent: {}
[17.540855] (rplidar_ros) StdoutLine: {'line': b'[ 44%] \x1b[32mBuilding CXX object CMakeFiles/rplidar_composition.dir/sdk/src/hal/thread.cpp.o\x1b[0m\n'}
[17.607482] (-) TimerEvent: {}
[17.612338] (rplidar_ros) StdoutLine: {'line': b'[ 47%] \x1b[32mBuilding CXX object CMakeFiles/rplidar_node.dir/sdk/src/dataunpacker/unpacker/handler_normalnode.cpp.o\x1b[0m\n'}
[17.707615] (-) TimerEvent: {}
[17.718308] (rplidar_ros) StderrLine: {'line': b'In file included from \x1b[01m\x1b[K/home/hyun/Autonomous-Drone/src/rplidar_ros/sdk/src/dataunpacker/unpacker/handler_normalnode.cpp:40\x1b[m\x1b[K:\n'}
[17.718744] (rplidar_ros) StderrLine: {'line': b'\x1b[01m\x1b[K/home/hyun/Autonomous-Drone/src/rplidar_ros/sdk/src/dataunpacker/unpacker/../dataunpacker.h:\x1b[m\x1b[K In member function \xe2\x80\x98\x1b[01m\x1b[Kvirtual void sl::internal::LIDARSampleDataListener::\x1b[01;32m\x1b[KonCustomSampleDataDecoded\x1b[m\x1b[K(_u8, _u32, const void*, size_t)\x1b[m\x1b[K\xe2\x80\x99:\n'}
[17.718950] (rplidar_ros) StderrLine: {'line': b'\x1b[01m\x1b[K/home/hyun/Autonomous-Drone/src/rplidar_ros/sdk/src/dataunpacker/unpacker/../dataunpacker.h:54:52:\x1b[m\x1b[K \x1b[01;35m\x1b[Kwarning: \x1b[m\x1b[Kunused parameter \xe2\x80\x98\x1b[01m\x1b[KansType\x1b[m\x1b[K\xe2\x80\x99 [\x1b[01;35m\x1b[K\x1b]8;;https://gcc.gnu.org/onlinedocs/gcc/Warning-Options.html#index-Wunused-parameter\x07-Wunused-parameter\x1b]8;;\x07\x1b[m\x1b[K]\n'}
[17.719109] (rplidar_ros) StderrLine: {'line': b'   54 |         virtual void onCustomSampleDataDecoded(\x1b[01;35m\x1b[K_u8 ansType\x1b[m\x1b[K, _u32 customCode, const void* data, size_t size) {}\n'}
[17.719244] (rplidar_ros) StderrLine: {'line': b'      |                                                \x1b[01;35m\x1b[K~~~~^~~~~~~\x1b[m\x1b[K\n'}
[17.719385] (rplidar_ros) StderrLine: {'line': b'\x1b[01m\x1b[K/home/hyun/Autonomous-Drone/src/rplidar_ros/sdk/src/dataunpacker/unpacker/../dataunpacker.h:54:66:\x1b[m\x1b[K \x1b[01;35m\x1b[Kwarning: \x1b[m\x1b[Kunused parameter \xe2\x80\x98\x1b[01m\x1b[KcustomCode\x1b[m\x1b[K\xe2\x80\x99 [\x1b[01;35m\x1b[K\x1b]8;;https://gcc.gnu.org/onlinedocs/gcc/Warning-Options.html#index-Wunused-parameter\x07-Wunused-parameter\x1b]8;;\x07\x1b[m\x1b[K]\n'}
[17.719575] (rplidar_ros) StderrLine: {'line': b'   54 |         virtual void onCustomSampleDataDecoded(_u8 ansType, \x1b[01;35m\x1b[K_u32 customCode\x1b[m\x1b[K, const void* data, size_t size) {}\n'}
[17.719725] (rplidar_ros) StderrLine: {'line': b'      |                                                             \x1b[01;35m\x1b[K~~~~~^~~~~~~~~~\x1b[m\x1b[K\n'}
[17.719858] (rplidar_ros) StderrLine: {'line': b'\x1b[01m\x1b[K/home/hyun/Autonomous-Drone/src/rplidar_ros/sdk/src/dataunpacker/unpacker/../dataunpacker.h:54:90:\x1b[m\x1b[K \x1b[01;35m\x1b[Kwarning: \x1b[m\x1b[Kunused parameter \xe2\x80\x98\x1b[01m\x1b[Kdata\x1b[m\x1b[K\xe2\x80\x99 [\x1b[01;35m\x1b[K\x1b]8;;https://gcc.gnu.org/onlinedocs/gcc/Warning-Options.html#index-Wunused-parameter\x07-Wunused-parameter\x1b]8;;\x07\x1b[m\x1b[K]\n'}
[17.719995] (rplidar_ros) StderrLine: {'line': b'   54 |         virtual void onCustomSampleDataDecoded(_u8 ansType, _u32 customCode, \x1b[01;35m\x1b[Kconst void* data\x1b[m\x1b[K, size_t size) {}\n'}
[17.720115] (rplidar_ros) StderrLine: {'line': b'      |                                                                              \x1b[01;35m\x1b[K~~~~~~~~~~~~^~~~\x1b[m\x1b[K\n'}
[17.720233] (rplidar_ros) StderrLine: {'line': b'\x1b[01m\x1b[K/home/hyun/Autonomous-Drone/src/rplidar_ros/sdk/src/dataunpacker/unpacker/../dataunpacker.h:54:103:\x1b[m\x1b[K \x1b[01;35m\x1b[Kwarning: \x1b[m\x1b[Kunused parameter \xe2\x80\x98\x1b[01m\x1b[Ksize\x1b[m\x1b[K\xe2\x80\x99 [\x1b[01;35m\x1b[K\x1b]8;;https://gcc.gnu.org/onlinedocs/gcc/Warning-Options.html#index-Wunused-parameter\x07-Wunused-parameter\x1b]8;;\x07\x1b[m\x1b[K]\n'}
[17.720354] (rplidar_ros) StderrLine: {'line': b'   54 |         virtual void onCustomSampleDataDecoded(_u8 ansType, _u32 customCode, const void* data, \x1b[01;35m\x1b[Ksize_t size\x1b[m\x1b[K) {}\n'}
[17.720515] (rplidar_ros) StderrLine: {'line': b'      |                                                                                                \x1b[01;35m\x1b[K~~~~~~~^~~~\x1b[m\x1b[K\n'}
[17.720661] (rplidar_ros) StderrLine: {'line': b'\x1b[01m\x1b[K/home/hyun/Autonomous-Drone/src/rplidar_ros/sdk/src/dataunpacker/unpacker/../dataunpacker.h:\x1b[m\x1b[K In member function \xe2\x80\x98\x1b[01m\x1b[Kvirtual void sl::internal::LIDARSampleDataListener::\x1b[01;32m\x1b[KonDecodingError\x1b[m\x1b[K(int, _u8, const void*, size_t)\x1b[m\x1b[K\xe2\x80\x99:\n'}
[17.720785] (rplidar_ros) StderrLine: {'line': b'\x1b[01m\x1b[K/home/hyun/Autonomous-Drone/src/rplidar_ros/sdk/src/dataunpacker/unpacker/../dataunpacker.h:56:42:\x1b[m\x1b[K \x1b[01;35m\x1b[Kwarning: \x1b[m\x1b[Kunused parameter \xe2\x80\x98\x1b[01m\x1b[KerrMsg\x1b[m\x1b[K\xe2\x80\x99 [\x1b[01;35m\x1b[K\x1b]8;;https://gcc.gnu.org/onlinedocs/gcc/Warning-Options.html#index-Wunused-parameter\x07-Wunused-parameter\x1b]8;;\x07\x1b[m\x1b[K]\n'}
[17.720904] (rplidar_ros) StderrLine: {'line': b'   56 |         virtual void onDecodingError(\x1b[01;35m\x1b[Kint errMsg\x1b[m\x1b[K, _u8 ansType, const void* payload, size_t size) {}\n'}
[17.721038] (rplidar_ros) StderrLine: {'line': b'      |                                      \x1b[01;35m\x1b[K~~~~^~~~~~\x1b[m\x1b[K\n'}
[17.721159] (rplidar_ros) StderrLine: {'line': b'\x1b[01m\x1b[K/home/hyun/Autonomous-Drone/src/rplidar_ros/sdk/src/dataunpacker/unpacker/../dataunpacker.h:56:54:\x1b[m\x1b[K \x1b[01;35m\x1b[Kwarning: \x1b[m\x1b[Kunused parameter \xe2\x80\x98\x1b[01m\x1b[KansType\x1b[m\x1b[K\xe2\x80\x99 [\x1b[01;35m\x1b[K\x1b]8;;https://gcc.gnu.org/onlinedocs/gcc/Warning-Options.html#index-Wunused-parameter\x07-Wunused-parameter\x1b]8;;\x07\x1b[m\x1b[K]\n'}
[17.721286] (rplidar_ros) StderrLine: {'line': b'   56 |         virtual void onDecodingError(int errMsg, \x1b[01;35m\x1b[K_u8 ansType\x1b[m\x1b[K, const void* payload, size_t size) {}\n'}
[17.731697] (rplidar_ros) StderrLine: {'line': b'      |                                                  \x1b[01;35m\x1b[K~~~~^~~~~~~\x1b[m\x1b[K\n'}
[17.731924] (rplidar_ros) StderrLine: {'line': b'\x1b[01m\x1b[K/home/hyun/Autonomous-Drone/src/rplidar_ros/sdk/src/dataunpacker/unpacker/../dataunpacker.h:56:75:\x1b[m\x1b[K \x1b[01;35m\x1b[Kwarning: \x1b[m\x1b[Kunused parameter \xe2\x80\x98\x1b[01m\x1b[Kpayload\x1b[m\x1b[K\xe2\x80\x99 [\x1b[01;35m\x1b[K\x1b]8;;https://gcc.gnu.org/onlinedocs/gcc/Warning-Options.html#index-Wunused-parameter\x07-Wunused-parameter\x1b]8;;\x07\x1b[m\x1b[K]\n'}
[17.732105] (rplidar_ros) StderrLine: {'line': b'   56 |         virtual void onDecodingError(int errMsg, _u8 ansType, \x1b[01;35m\x1b[Kconst void* payload\x1b[m\x1b[K, size_t size) {}\n'}
[17.732235] (rplidar_ros) StderrLine: {'line': b'      |                                                               \x1b[01;35m\x1b[K~~~~~~~~~~~~^~~~~~~\x1b[m\x1b[K\n'}
[17.732352] (rplidar_ros) StderrLine: {'line': b'\x1b[01m\x1b[K/home/hyun/Autonomous-Drone/src/rplidar_ros/sdk/src/dataunpacker/unpacker/../dataunpacker.h:56:91:\x1b[m\x1b[K \x1b[01;35m\x1b[Kwarning: \x1b[m\x1b[Kunused parameter \xe2\x80\x98\x1b[01m\x1b[Ksize\x1b[m\x1b[K\xe2\x80\x99 [\x1b[01;35m\x1b[K\x1b]8;;https://gcc.gnu.org/onlinedocs/gcc/Warning-Options.html#index-Wunused-parameter\x07-Wunused-parameter\x1b]8;;\x07\x1b[m\x1b[K]\n'}
[17.732591] (rplidar_ros) StderrLine: {'line': b'   56 |         virtual void onDecodingError(int errMsg, _u8 ansType, const void* payload, \x1b[01;35m\x1b[Ksize_t size\x1b[m\x1b[K) {}\n'}
[17.732732] (rplidar_ros) StderrLine: {'line': b'      |                                                                                    \x1b[01;35m\x1b[K~~~~~~~^~~~\x1b[m\x1b[K\n'}
[17.807747] (-) TimerEvent: {}
[17.908219] (-) TimerEvent: {}
[17.959606] (rplidar_ros) StdoutLine: {'line': b'[ 50%] \x1b[32mBuilding CXX object CMakeFiles/rplidar_composition.dir/sdk/src/rplidar_driver.cpp.o\x1b[0m\n'}
[18.008392] (-) TimerEvent: {}
[18.109225] (-) TimerEvent: {}
[18.211711] (-) TimerEvent: {}
[18.313508] (-) TimerEvent: {}
[18.414313] (-) TimerEvent: {}
[18.499781] (rplidar_ros) StderrLine: {'line': b'In file included from \x1b[01m\x1b[K/home/hyun/Autonomous-Drone/src/rplidar_ros/sdk/include/rplidar_protocol.h:36\x1b[m\x1b[K,\n'}
[18.500126] (rplidar_ros) StderrLine: {'line': b'                 from \x1b[01m\x1b[K/home/hyun/Autonomous-Drone/src/rplidar_ros/sdk/include/rplidar.h:39\x1b[m\x1b[K,\n'}
[18.500265] (rplidar_ros) StderrLine: {'line': b'                 from \x1b[01m\x1b[K/home/hyun/Autonomous-Drone/src/rplidar_ros/sdk/src/sdkcommon.h:49\x1b[m\x1b[K,\n'}
[18.501363] (rplidar_ros) StderrLine: {'line': b'                 from \x1b[01m\x1b[K/home/hyun/Autonomous-Drone/src/rplidar_ros/sdk/src/hal/thread.cpp:35\x1b[m\x1b[K:\n'}
[18.501723] (rplidar_ros) StderrLine: {'line': b'\x1b[01m\x1b[K/home/hyun/Autonomous-Drone/src/rplidar_ros/sdk/include/sl_lidar_protocol.h:66:16:\x1b[m\x1b[K \x1b[01;35m\x1b[Kwarning: \x1b[m\x1b[KISO C++ forbids zero-size array \xe2\x80\x98\x1b[01m\x1b[Kdata\x1b[m\x1b[K\xe2\x80\x99 [\x1b[01;35m\x1b[K\x1b]8;;https://gcc.gnu.org/onlinedocs/gcc/Warning-Options.html#index-Wpedantic\x07-Wpedantic\x1b]8;;\x07\x1b[m\x1b[K]\n'}
[18.501949] (rplidar_ros) StderrLine: {'line': b'   66 |     sl_u8 data[\x1b[01;35m\x1b[K0\x1b[m\x1b[K];\n'}
[18.502101] (rplidar_ros) StderrLine: {'line': b'      |                \x1b[01;35m\x1b[K^\x1b[m\x1b[K\n'}
[18.506761] (rplidar_ros) StderrLine: {'line': b'In file included from \x1b[01m\x1b[K/home/hyun/Autonomous-Drone/src/rplidar_ros/sdk/include/rplidar_cmd.h:36\x1b[m\x1b[K,\n'}
[18.507201] (rplidar_ros) StderrLine: {'line': b'                 from \x1b[01m\x1b[K/home/hyun/Autonomous-Drone/src/rplidar_ros/sdk/include/rplidar.h:40\x1b[m\x1b[K:\n'}
[18.507415] (rplidar_ros) StderrLine: {'line': b'\x1b[01m\x1b[K/home/hyun/Autonomous-Drone/src/rplidar_ros/sdk/include/sl_lidar_cmd.h:324:20:\x1b[m\x1b[K \x1b[01;35m\x1b[Kwarning: \x1b[m\x1b[KISO C++ forbids zero-size array \xe2\x80\x98\x1b[01m\x1b[Kpayload\x1b[m\x1b[K\xe2\x80\x99 [\x1b[01;35m\x1b[K\x1b]8;;https://gcc.gnu.org/onlinedocs/gcc/Warning-Options.html#index-Wpedantic\x07-Wpedantic\x1b]8;;\x07\x1b[m\x1b[K]\n'}
[18.507626] (rplidar_ros) StderrLine: {'line': b'  324 |     sl_u8  payload[\x1b[01;35m\x1b[K0\x1b[m\x1b[K];\n'}
[18.507798] (rplidar_ros) StderrLine: {'line': b'      |                    \x1b[01;35m\x1b[K^\x1b[m\x1b[K\n'}
[18.515505] (-) TimerEvent: {}
[18.522196] (rplidar_ros) StderrLine: {'line': b'In file included from \x1b[01m\x1b[K/home/hyun/Autonomous-Drone/src/rplidar_ros/sdk/include/rplidar_protocol.h:36\x1b[m\x1b[K,\n'}
[18.523455] (rplidar_ros) StderrLine: {'line': b'                 from \x1b[01m\x1b[K/home/hyun/Autonomous-Drone/src/rplidar_ros/sdk/include/rplidar.h:39\x1b[m\x1b[K,\n'}
[18.525578] (rplidar_ros) StderrLine: {'line': b'                 from \x1b[01m\x1b[K/home/hyun/Autonomous-Drone/src/rplidar_ros/sdk/src/sdkcommon.h:49\x1b[m\x1b[K,\n'}
[18.525967] (rplidar_ros) StderrLine: {'line': b'                 from \x1b[01m\x1b[K/home/hyun/Autonomous-Drone/src/rplidar_ros/sdk/src/dataunpacker/unpacker/../dataunnpacker_commondef.h:41\x1b[m\x1b[K,\n'}
[18.526159] (rplidar_ros) StderrLine: {'line': b'                 from \x1b[01m\x1b[K/home/hyun/Autonomous-Drone/src/rplidar_ros/sdk/src/dataunpacker/unpacker/handler_normalnode.cpp:39\x1b[m\x1b[K:\n'}
[18.526298] (rplidar_ros) StderrLine: {'line': b'\x1b[01m\x1b[K/home/hyun/Autonomous-Drone/src/rplidar_ros/sdk/include/sl_lidar_protocol.h:66:16:\x1b[m\x1b[K \x1b[01;35m\x1b[Kwarning: \x1b[m\x1b[KISO C++ forbids zero-size array \xe2\x80\x98\x1b[01m\x1b[Kdata\x1b[m\x1b[K\xe2\x80\x99 [\x1b[01;35m\x1b[K\x1b]8;;https://gcc.gnu.org/onlinedocs/gcc/Warning-Options.html#index-Wpedantic\x07-Wpedantic\x1b]8;;\x07\x1b[m\x1b[K]\n'}
[18.526484] (rplidar_ros) StderrLine: {'line': b'   66 |     sl_u8 data[\x1b[01;35m\x1b[K0\x1b[m\x1b[K];\n'}
[18.526624] (rplidar_ros) StderrLine: {'line': b'      |                \x1b[01;35m\x1b[K^\x1b[m\x1b[K\n'}
[18.530690] (rplidar_ros) StderrLine: {'line': b'In file included from \x1b[01m\x1b[K/home/hyun/Autonomous-Drone/src/rplidar_ros/sdk/include/rplidar_cmd.h:36\x1b[m\x1b[K,\n'}
[18.531515] (rplidar_ros) StderrLine: {'line': b'                 from \x1b[01m\x1b[K/home/hyun/Autonomous-Drone/src/rplidar_ros/sdk/include/rplidar.h:40\x1b[m\x1b[K:\n'}
[18.531719] (rplidar_ros) StderrLine: {'line': b'\x1b[01m\x1b[K/home/hyun/Autonomous-Drone/src/rplidar_ros/sdk/include/sl_lidar_cmd.h:324:20:\x1b[m\x1b[K \x1b[01;35m\x1b[Kwarning: \x1b[m\x1b[KISO C++ forbids zero-size array \xe2\x80\x98\x1b[01m\x1b[Kpayload\x1b[m\x1b[K\xe2\x80\x99 [\x1b[01;35m\x1b[K\x1b]8;;https://gcc.gnu.org/onlinedocs/gcc/Warning-Options.html#index-Wpedantic\x07-Wpedantic\x1b]8;;\x07\x1b[m\x1b[K]\n'}
[18.531853] (rplidar_ros) StderrLine: {'line': b'  324 |     sl_u8  payload[\x1b[01;35m\x1b[K0\x1b[m\x1b[K];\n'}
[18.531982] (rplidar_ros) StderrLine: {'line': b'      |                    \x1b[01;35m\x1b[K^\x1b[m\x1b[K\n'}
[18.559014] (rplidar_ros) StderrLine: {'line': b'In file included from \x1b[01m\x1b[K/home/hyun/Autonomous-Drone/src/rplidar_ros/sdk/src/hal/thread.cpp:43\x1b[m\x1b[K:\n'}
[18.559445] (rplidar_ros) StderrLine: {'line': b'\x1b[01m\x1b[K/home/hyun/Autonomous-Drone/src/rplidar_ros/sdk/src/arch/linux/thread.hpp:\x1b[m\x1b[K In static member function \xe2\x80\x98\x1b[01m\x1b[Kstatic rp::hal::Thread rp::hal::Thread::\x1b[01;32m\x1b[Kcreate\x1b[m\x1b[K(thread_proc_t, void*)\x1b[m\x1b[K\xe2\x80\x99:\n'}
[18.559679] (rplidar_ros) StderrLine: {'line': b'\x1b[01m\x1b[K/home/hyun/Autonomous-Drone/src/rplidar_ros/sdk/src/arch/linux/thread.hpp:52:57:\x1b[m\x1b[K \x1b[01;35m\x1b[Kwarning: \x1b[m\x1b[Kcast between incompatible function types from \xe2\x80\x98\x1b[01m\x1b[Kthread_proc_t\x1b[m\x1b[K\xe2\x80\x99 {aka \xe2\x80\x98\x1b[01m\x1b[Klong unsigned int (*)(void*)\x1b[m\x1b[K\xe2\x80\x99} to \xe2\x80\x98\x1b[01m\x1b[Kvoid* (*)(void*)\x1b[m\x1b[K\xe2\x80\x99 [\x1b[01;35m\x1b[K\x1b]8;;https://gcc.gnu.org/onlinedocs/gcc/Warning-Options.html#index-Wcast-function-type\x07-Wcast-function-type\x1b]8;;\x07\x1b[m\x1b[K]\n'}
[18.559879] (rplidar_ros) StderrLine: {'line': b'   52 |     pthread_create((pthread_t *)&newborn._handle, NULL, \x1b[01;35m\x1b[K(void * (*)(void *))proc\x1b[m\x1b[K, data);\n'}
[18.560046] (rplidar_ros) StderrLine: {'line': b'      |                                                         \x1b[01;35m\x1b[K^~~~~~~~~~~~~~~~~~~~~~~~\x1b[m\x1b[K\n'}
[18.562491] (rplidar_ros) StderrLine: {'line': b'\x1b[01m\x1b[K/home/hyun/Autonomous-Drone/src/rplidar_ros/sdk/src/arch/linux/thread.hpp:\x1b[m\x1b[K In member function \xe2\x80\x98\x1b[01m\x1b[Ku_result rp::hal::Thread::\x1b[01;32m\x1b[Kjoin\x1b[m\x1b[K(long unsigned int)\x1b[m\x1b[K\xe2\x80\x99:\n'}
[18.562923] (rplidar_ros) StderrLine: {'line': b'\x1b[01m\x1b[K/home/hyun/Autonomous-Drone/src/rplidar_ros/sdk/src/arch/linux/thread.hpp:176:37:\x1b[m\x1b[K \x1b[01;35m\x1b[Kwarning: \x1b[m\x1b[Kunused parameter \xe2\x80\x98\x1b[01m\x1b[Ktimeout\x1b[m\x1b[K\xe2\x80\x99 [\x1b[01;35m\x1b[K\x1b]8;;https://gcc.gnu.org/onlinedocs/gcc/Warning-Options.html#index-Wunused-parameter\x07-Wunused-parameter\x1b]8;;\x07\x1b[m\x1b[K]\n'}
[18.563144] (rplidar_ros) StderrLine: {'line': b'  176 | u_result Thread::join(\x1b[01;35m\x1b[Kunsigned long timeout\x1b[m\x1b[K)\n'}
[18.563347] (rplidar_ros) StderrLine: {'line': b'      |                       \x1b[01;35m\x1b[K~~~~~~~~~~~~~~^~~~~~~\x1b[m\x1b[K\n'}
[18.616490] (-) TimerEvent: {}
[18.717492] (-) TimerEvent: {}
[18.752150] (rplidar_ros) StdoutLine: {'line': b'[ 52%] \x1b[32mBuilding CXX object CMakeFiles/rplidar_node.dir/sdk/src/hal/thread.cpp.o\x1b[0m\n'}
[18.772905] (rplidar_ros) StderrLine: {'line': b'In file included from \x1b[01m\x1b[K/home/hyun/Autonomous-Drone/src/rplidar_ros/sdk/src/dataunpacker/unpacker/handler_normalnode.cpp:40\x1b[m\x1b[K:\n'}
[18.773304] (rplidar_ros) StderrLine: {'line': b'\x1b[01m\x1b[K/home/hyun/Autonomous-Drone/src/rplidar_ros/sdk/src/dataunpacker/unpacker/../dataunpacker.h:\x1b[m\x1b[K In member function \xe2\x80\x98\x1b[01m\x1b[Kvirtual void sl::internal::LIDARSampleDataListener::\x1b[01;32m\x1b[KonCustomSampleDataDecoded\x1b[m\x1b[K(_u8, _u32, const void*, size_t)\x1b[m\x1b[K\xe2\x80\x99:\n'}
[18.773529] (rplidar_ros) StderrLine: {'line': b'\x1b[01m\x1b[K/home/hyun/Autonomous-Drone/src/rplidar_ros/sdk/src/dataunpacker/unpacker/../dataunpacker.h:54:52:\x1b[m\x1b[K \x1b[01;35m\x1b[Kwarning: \x1b[m\x1b[Kunused parameter \xe2\x80\x98\x1b[01m\x1b[KansType\x1b[m\x1b[K\xe2\x80\x99 [\x1b[01;35m\x1b[K\x1b]8;;https://gcc.gnu.org/onlinedocs/gcc/Warning-Options.html#index-Wunused-parameter\x07-Wunused-parameter\x1b]8;;\x07\x1b[m\x1b[K]\n'}
[18.773692] (rplidar_ros) StderrLine: {'line': b'   54 | ustomSampleDataDecoded(\x1b[01;35m\x1b[K_u8 ansType\x1b[m\x1b[K, _u32 customCode, const void* data, size_t size) {}\n'}
[18.773828] (rplidar_ros) StderrLine: {'line': b'      |                        \x1b[01;35m\x1b[K~~~~^~~~~~~\x1b[m\x1b[K\n'}
[18.773961] (rplidar_ros) StderrLine: {'line': b'\n'}
[18.777454] (rplidar_ros) StderrLine: {'line': b'\x1b[01m\x1b[K/home/hyun/Autonomous-Drone/src/rplidar_ros/sdk/src/dataunpacker/unpacker/../dataunpacker.h:54:66:\x1b[m\x1b[K \x1b[01;35m\x1b[Kwarning: \x1b[m\x1b[Kunused parameter \xe2\x80\x98\x1b[01m\x1b[KcustomCode\x1b[m\x1b[K\xe2\x80\x99 [\x1b[01;35m\x1b[K\x1b]8;;https://gcc.gnu.org/onlinedocs/gcc/Warning-Options.html#index-Wunused-parameter\x07-Wunused-parameter\x1b]8;;\x07\x1b[m\x1b[K]\n'}
[18.777825] (rplidar_ros) StderrLine: {'line': b'   54 | aDecoded(_u8 ansType, \x1b[01;35m\x1b[K_u32 customCode\x1b[m\x1b[K, const void* data, size_t size) {}\n'}
[18.777966] (rplidar_ros) StderrLine: {'line': b'      |                       \x1b[01;35m\x1b[K~~~~~^~~~~~~~~~\x1b[m\x1b[K\n'}
[18.778069] (rplidar_ros) StderrLine: {'line': b'\n'}
[18.778163] (rplidar_ros) StderrLine: {'line': b'\x1b[01m\x1b[K/home/hyun/Autonomous-Drone/src/rplidar_ros/sdk/src/dataunpacker/unpacker/../dataunpacker.h:54:90:\x1b[m\x1b[K \x1b[01;35m\x1b[Kwarning: \x1b[m\x1b[Kunused parameter \xe2\x80\x98\x1b[01m\x1b[Kdata\x1b[m\x1b[K\xe2\x80\x99 [\x1b[01;35m\x1b[K\x1b]8;;https://gcc.gnu.org/onlinedocs/gcc/Warning-Options.html#index-Wunused-parameter\x07-Wunused-parameter\x1b]8;;\x07\x1b[m\x1b[K]\n'}
[18.778279] (rplidar_ros) StderrLine: {'line': b'   54 | 32 customCode, \x1b[01;35m\x1b[Kconst void* data\x1b[m\x1b[K, size_t size) {}\n'}
[18.778440] (rplidar_ros) StderrLine: {'line': b'      |                \x1b[01;35m\x1b[K~~~~~~~~~~~~^~~~\x1b[m\x1b[K\n'}
[18.778558] (rplidar_ros) StderrLine: {'line': b'\n'}
[18.778679] (rplidar_ros) StderrLine: {'line': b'\x1b[01m\x1b[K/home/hyun/Autonomous-Drone/src/rplidar_ros/sdk/src/dataunpacker/unpacker/../dataunpacker.h:54:103:\x1b[m\x1b[K \x1b[01;35m\x1b[Kwarning: \x1b[m\x1b[Kunused parameter \xe2\x80\x98\x1b[01m\x1b[Ksize\x1b[m\x1b[K\xe2\x80\x99 [\x1b[01;35m\x1b[K\x1b]8;;https://gcc.gnu.org/onlinedocs/gcc/Warning-Options.html#index-Wunused-parameter\x07-Wunused-parameter\x1b]8;;\x07\x1b[m\x1b[K]\n'}
[18.778874] (rplidar_ros) StderrLine: {'line': b'   54 | ode, const void* data, \x1b[01;35m\x1b[Ksize_t size\x1b[m\x1b[K) {}\n'}
[18.779012] (rplidar_ros) StderrLine: {'line': b'      |                        \x1b[01;35m\x1b[K~~~~~~~^~~~\x1b[m\x1b[K\n'}
[18.779134] (rplidar_ros) StderrLine: {'line': b'\n'}
[18.779285] (rplidar_ros) StderrLine: {'line': b'\x1b[01m\x1b[K/home/hyun/Autonomous-Drone/src/rplidar_ros/sdk/src/dataunpacker/unpacker/../dataunpacker.h:\x1b[m\x1b[K In member function \xe2\x80\x98\x1b[01m\x1b[Kvirtual void sl::internal::LIDARSampleDataListener::\x1b[01;32m\x1b[KonDecodingError\x1b[m\x1b[K(int, _u8, const void*, size_t)\x1b[m\x1b[K\xe2\x80\x99:\n'}
[18.779467] (rplidar_ros) StderrLine: {'line': b'\x1b[01m\x1b[K/home/hyun/Autonomous-Drone/src/rplidar_ros/sdk/src/dataunpacker/unpacker/../dataunpacker.h:56:42:\x1b[m\x1b[K \x1b[01;35m\x1b[Kwarning: \x1b[m\x1b[Kunused parameter \xe2\x80\x98\x1b[01m\x1b[KerrMsg\x1b[m\x1b[K\xe2\x80\x99 [\x1b[01;35m\x1b[K\x1b]8;;https://gcc.gnu.org/onlinedocs/gcc/Warning-Options.html#index-Wunused-parameter\x07-Wunused-parameter\x1b]8;;\x07\x1b[m\x1b[K]\n'}
[18.779615] (rplidar_ros) StderrLine: {'line': b'   56 | l void onDecodingError(\x1b[01;35m\x1b[Kint errMsg\x1b[m\x1b[K, _u8 ansType, const void* payload, size_t size) {}\n'}
[18.779754] (rplidar_ros) StderrLine: {'line': b'      |                        \x1b[01;35m\x1b[K~~~~^~~~~~\x1b[m\x1b[K\n'}
[18.779908] (rplidar_ros) StderrLine: {'line': b'\n'}
[18.780035] (rplidar_ros) StderrLine: {'line': b'\x1b[01m\x1b[K/home/hyun/Autonomous-Drone/src/rplidar_ros/sdk/src/dataunpacker/unpacker/../dataunpacker.h:56:54:\x1b[m\x1b[K \x1b[01;35m\x1b[Kwarning: \x1b[m\x1b[Kunused parameter \xe2\x80\x98\x1b[01m\x1b[KansType\x1b[m\x1b[K\xe2\x80\x99 [\x1b[01;35m\x1b[K\x1b]8;;https://gcc.gnu.org/onlinedocs/gcc/Warning-Options.html#index-Wunused-parameter\x07-Wunused-parameter\x1b]8;;\x07\x1b[m\x1b[K]\n'}
[18.780184] (rplidar_ros) StderrLine: {'line': b'   56 | odingError(int errMsg, \x1b[01;35m\x1b[K_u8 ansType\x1b[m\x1b[K, const void* payload, size_t size) {}\n'}
[18.780321] (rplidar_ros) StderrLine: {'line': b'      |                        \x1b[01;35m\x1b[K~~~~^~~~~~~\x1b[m\x1b[K\n'}
[18.788752] (rplidar_ros) StderrLine: {'line': b'\n'}
[18.788968] (rplidar_ros) StderrLine: {'line': b'\x1b[01m\x1b[K/home/hyun/Autonomous-Drone/src/rplidar_ros/sdk/src/dataunpacker/unpacker/../dataunpacker.h:56:75:\x1b[m\x1b[K \x1b[01;35m\x1b[Kwarning: \x1b[m\x1b[Kunused parameter \xe2\x80\x98\x1b[01m\x1b[Kpayload\x1b[m\x1b[K\xe2\x80\x99 [\x1b[01;35m\x1b[K\x1b]8;;https://gcc.gnu.org/onlinedocs/gcc/Warning-Options.html#index-Wunused-parameter\x07-Wunused-parameter\x1b]8;;\x07\x1b[m\x1b[K]\n'}
[18.789145] (rplidar_ros) StderrLine: {'line': b'   56 | , _u8 ansType, \x1b[01;35m\x1b[Kconst void* payload\x1b[m\x1b[K, size_t size) {}\n'}
[18.789308] (rplidar_ros) StderrLine: {'line': b'      |                \x1b[01;35m\x1b[K~~~~~~~~~~~~^~~~~~~\x1b[m\x1b[K\n'}
[18.789511] (rplidar_ros) StderrLine: {'line': b'\n'}
[18.789697] (rplidar_ros) StderrLine: {'line': b'\x1b[01m\x1b[K/home/hyun/Autonomous-Drone/src/rplidar_ros/sdk/src/dataunpacker/unpacker/../dataunpacker.h:56:91:\x1b[m\x1b[K \x1b[01;35m\x1b[Kwarning: \x1b[m\x1b[Kunused parameter \xe2\x80\x98\x1b[01m\x1b[Ksize\x1b[m\x1b[K\xe2\x80\x99 [\x1b[01;35m\x1b[K\x1b]8;;https://gcc.gnu.org/onlinedocs/gcc/Warning-Options.html#index-Wunused-parameter\x07-Wunused-parameter\x1b]8;;\x07\x1b[m\x1b[K]\n'}
[18.789937] (rplidar_ros) StderrLine: {'line': b'   56 | , const void* payload, \x1b[01;35m\x1b[Ksize_t size\x1b[m\x1b[K) {}\n'}
[18.790119] (rplidar_ros) StderrLine: {'line': b'      |                        \x1b[01;35m\x1b[K~~~~~~~^~~~\x1b[m\x1b[K\n'}
[18.790311] (rplidar_ros) StderrLine: {'line': b'\n'}
[18.818491] (-) TimerEvent: {}
[18.871499] (rplidar_ros) StderrLine: {'line': b'In file included from \x1b[01m\x1b[K/home/hyun/Autonomous-Drone/src/rplidar_ros/sdk/include/rplidar_protocol.h:36\x1b[m\x1b[K,\n'}
[18.871874] (rplidar_ros) StderrLine: {'line': b'                 from \x1b[01m\x1b[K/home/hyun/Autonomous-Drone/src/rplidar_ros/sdk/include/rplidar.h:39\x1b[m\x1b[K,\n'}
[18.872006] (rplidar_ros) StderrLine: {'line': b'                 from \x1b[01m\x1b[K/home/hyun/Autonomous-Drone/src/rplidar_ros/sdk/src/sdkcommon.h:49\x1b[m\x1b[K,\n'}
[18.872112] (rplidar_ros) StderrLine: {'line': b'                 from \x1b[01m\x1b[K/home/hyun/Autonomous-Drone/src/rplidar_ros/sdk/src/rplidar_driver.cpp:33\x1b[m\x1b[K:\n'}
[18.872216] (rplidar_ros) StderrLine: {'line': b'\x1b[01m\x1b[K/home/hyun/Autonomous-Drone/src/rplidar_ros/sdk/include/sl_lidar_protocol.h:66:16:\x1b[m\x1b[K \x1b[01;35m\x1b[Kwarning: \x1b[m\x1b[KISO C++ forbids zero-size array \xe2\x80\x98\x1b[01m\x1b[Kdata\x1b[m\x1b[K\xe2\x80\x99 [\x1b[01;35m\x1b[K\x1b]8;;https://gcc.gnu.org/onlinedocs/gcc/Warning-Options.html#index-Wpedantic\x07-Wpedantic\x1b]8;;\x07\x1b[m\x1b[K]\n'}
[18.872316] (rplidar_ros) StderrLine: {'line': b'   66 |     sl_u8 data[\x1b[01;35m\x1b[K0\x1b[m\x1b[K];\n'}
[18.872534] (rplidar_ros) StderrLine: {'line': b'      |                \x1b[01;35m\x1b[K^\x1b[m\x1b[K\n'}
[18.875582] (rplidar_ros) StderrLine: {'line': b'In file included from \x1b[01m\x1b[K/home/hyun/Autonomous-Drone/src/rplidar_ros/sdk/include/rplidar_cmd.h:36\x1b[m\x1b[K,\n'}
[18.875905] (rplidar_ros) StderrLine: {'line': b'                 from \x1b[01m\x1b[K/home/hyun/Autonomous-Drone/src/rplidar_ros/sdk/include/rplidar.h:40\x1b[m\x1b[K:\n'}
[18.876034] (rplidar_ros) StderrLine: {'line': b'\x1b[01m\x1b[K/home/hyun/Autonomous-Drone/src/rplidar_ros/sdk/include/sl_lidar_cmd.h:324:20:\x1b[m\x1b[K \x1b[01;35m\x1b[Kwarning: \x1b[m\x1b[KISO C++ forbids zero-size array \xe2\x80\x98\x1b[01m\x1b[Kpayload\x1b[m\x1b[K\xe2\x80\x99 [\x1b[01;35m\x1b[K\x1b]8;;https://gcc.gnu.org/onlinedocs/gcc/Warning-Options.html#index-Wpedantic\x07-Wpedantic\x1b]8;;\x07\x1b[m\x1b[K]\n'}
[18.876154] (rplidar_ros) StderrLine: {'line': b'  324 |     sl_u8  payload[\x1b[01;35m\x1b[K0\x1b[m\x1b[K];\n'}
[18.876290] (rplidar_ros) StderrLine: {'line': b'      |                    \x1b[01;35m\x1b[K^\x1b[m\x1b[K\n'}
[18.918730] (-) TimerEvent: {}
[18.984425] (rplidar_ros) StderrLine: {'line': b'\x1b[01m\x1b[K/home/hyun/Autonomous-Drone/src/rplidar_ros/sdk/src/rplidar_driver.cpp:\x1b[m\x1b[K In member function \xe2\x80\x98\x1b[01m\x1b[Ku_result rp::standalone::rplidar::RPlidarDriver::\x1b[01;32m\x1b[Kconnect\x1b[m\x1b[K(const char*, _u32, _u32)\x1b[m\x1b[K\xe2\x80\x99:\n'}
[18.984882] (rplidar_ros) StderrLine: {'line': b'\x1b[01m\x1b[K/home/hyun/Autonomous-Drone/src/rplidar_ros/sdk/src/rplidar_driver.cpp:67:77:\x1b[m\x1b[K \x1b[01;35m\x1b[Kwarning: \x1b[m\x1b[Kunused parameter \xe2\x80\x98\x1b[01m\x1b[Kflag\x1b[m\x1b[K\xe2\x80\x99 [\x1b[01;35m\x1b[K\x1b]8;;https://gcc.gnu.org/onlinedocs/gcc/Warning-Options.html#index-Wunused-parameter\x07-Wunused-parameter\x1b]8;;\x07\x1b[m\x1b[K]\n'}
[18.985131] (rplidar_ros) StderrLine: {'line': b'   67 |     u_result RPlidarDriver::connect(const char *path, _u32 portOrBaud, \x1b[01;35m\x1b[K_u32 flag\x1b[m\x1b[K)\n'}
[18.985320] (rplidar_ros) StderrLine: {'line': b'      |                                                                        \x1b[01;35m\x1b[K~~~~~^~~~\x1b[m\x1b[K\n'}
[18.986165] (rplidar_ros) StderrLine: {'line': b'\x1b[01m\x1b[K/home/hyun/Autonomous-Drone/src/rplidar_ros/sdk/src/rplidar_driver.cpp:\x1b[m\x1b[K In member function \xe2\x80\x98\x1b[01m\x1b[Ku_result rp::standalone::rplidar::RPlidarDriver::\x1b[01;32m\x1b[Kreset\x1b[m\x1b[K(_u32)\x1b[m\x1b[K\xe2\x80\x99:\n'}
[18.988187] (rplidar_ros) StderrLine: {'line': b'\x1b[01m\x1b[K/home/hyun/Autonomous-Drone/src/rplidar_ros/sdk/src/rplidar_driver.cpp:101:40:\x1b[m\x1b[K \x1b[01;35m\x1b[Kwarning: \x1b[m\x1b[Kunused parameter \xe2\x80\x98\x1b[01m\x1b[Ktimeout\x1b[m\x1b[K\xe2\x80\x99 [\x1b[01;35m\x1b[K\x1b]8;;https://gcc.gnu.org/onlinedocs/gcc/Warning-Options.html#index-Wunused-parameter\x07-Wunused-parameter\x1b]8;;\x07\x1b[m\x1b[K]\n'}
[18.988578] (rplidar_ros) StderrLine: {'line': b'  101 |     u_result RPlidarDriver::reset(\x1b[01;35m\x1b[K_u32 timeout\x1b[m\x1b[K)\n'}
[18.988716] (rplidar_ros) StderrLine: {'line': b'      |                                   \x1b[01;35m\x1b[K~~~~~^~~~~~~\x1b[m\x1b[K\n'}
[18.989882] (rplidar_ros) StderrLine: {'line': b'\x1b[01m\x1b[K/home/hyun/Autonomous-Drone/src/rplidar_ros/sdk/src/rplidar_driver.cpp:\x1b[m\x1b[K In member function \xe2\x80\x98\x1b[01m\x1b[Ku_result rp::standalone::rplidar::RPlidarDriver::\x1b[01;32m\x1b[KgetScanDataWithInterval\x1b[m\x1b[K(rplidar_response_measurement_node_t*, size_t&)\x1b[m\x1b[K\xe2\x80\x99:\n'}
[18.990403] (rplidar_ros) StderrLine: {'line': b'\x1b[01m\x1b[K/home/hyun/Autonomous-Drone/src/rplidar_ros/sdk/src/rplidar_driver.cpp:180:91:\x1b[m\x1b[K \x1b[01;35m\x1b[Kwarning: \x1b[m\x1b[Kunused parameter \xe2\x80\x98\x1b[01m\x1b[Knodebuffer\x1b[m\x1b[K\xe2\x80\x99 [\x1b[01;35m\x1b[K\x1b]8;;https://gcc.gnu.org/onlinedocs/gcc/Warning-Options.html#index-Wunused-parameter\x07-Wunused-parameter\x1b]8;;\x07\x1b[m\x1b[K]\n'}
[18.990712] (rplidar_ros) StderrLine: {'line': b'  180 |     u_result RPlidarDriver::getScanDataWithInterval(\x1b[01;35m\x1b[Krplidar_response_measurement_node_t * nodebuffer\x1b[m\x1b[K, size_t & count)\n'}
[18.990991] (rplidar_ros) StderrLine: {'line': b'      |                                                     \x1b[01;35m\x1b[K~~~~~~~~~~~~~~~~~~~~~~~~~~~~~~~~~~~~~~^~~~~~~~~~\x1b[m\x1b[K\n'}
[18.991409] (rplidar_ros) StderrLine: {'line': b'\x1b[01m\x1b[K/home/hyun/Autonomous-Drone/src/rplidar_ros/sdk/src/rplidar_driver.cpp:180:112:\x1b[m\x1b[K \x1b[01;35m\x1b[Kwarning: \x1b[m\x1b[Kunused parameter \xe2\x80\x98\x1b[01m\x1b[Kcount\x1b[m\x1b[K\xe2\x80\x99 [\x1b[01;35m\x1b[K\x1b]8;;https://gcc.gnu.org/onlinedocs/gcc/Warning-Options.html#index-Wunused-parameter\x07-Wunused-parameter\x1b]8;;\x07\x1b[m\x1b[K]\n'}
[18.993499] (rplidar_ros) StderrLine: {'line': b'  180 |     u_result RPlidarDriver::getScanDataWithInterval(rplidar_response_measurement_node_t * nodebuffer, \x1b[01;35m\x1b[Ksize_t & count\x1b[m\x1b[K)\n'}
[18.993817] (rplidar_ros) StderrLine: {'line': b'      |                                                                                                       \x1b[01;35m\x1b[K~~~~~~~~~^~~~~\x1b[m\x1b[K\n'}
[19.018843] (-) TimerEvent: {}
[19.035854] (rplidar_ros) StdoutLine: {'line': b'[ 55%] \x1b[32mBuilding CXX object CMakeFiles/rplidar_node.dir/sdk/src/rplidar_driver.cpp.o\x1b[0m\n'}
[19.121495] (-) TimerEvent: {}
[19.211589] (rplidar_ros) StdoutLine: {'line': b'[ 57%] \x1b[32mBuilding CXX object CMakeFiles/rplidar_composition.dir/sdk/src/sl_async_transceiver.cpp.o\x1b[0m\n'}
[19.221712] (-) TimerEvent: {}
[19.322264] (-) TimerEvent: {}
[19.422781] (-) TimerEvent: {}
[19.525480] (-) TimerEvent: {}
[19.572099] (rplidar_ros) StderrLine: {'line': b'In file included from \x1b[01m\x1b[K/home/hyun/Autonomous-Drone/src/rplidar_ros/sdk/include/rplidar_protocol.h:36\x1b[m\x1b[K,\n'}
[19.573167] (rplidar_ros) StderrLine: {'line': b'                 from \x1b[01m\x1b[K/home/hyun/Autonomous-Drone/src/rplidar_ros/sdk/include/rplidar.h:39\x1b[m\x1b[K,\n'}
[19.573410] (rplidar_ros) StderrLine: {'line': b'                 from \x1b[01m\x1b[K/home/hyun/Autonomous-Drone/src/rplidar_ros/sdk/src/sdkcommon.h:49\x1b[m\x1b[K,\n'}
[19.573554] (rplidar_ros) StderrLine: {'line': b'                 from \x1b[01m\x1b[K/home/hyun/Autonomous-Drone/src/rplidar_ros/sdk/src/hal/thread.cpp:35\x1b[m\x1b[K:\n'}
[19.573679] (rplidar_ros) StderrLine: {'line': b'\x1b[01m\x1b[K/home/hyun/Autonomous-Drone/src/rplidar_ros/sdk/include/sl_lidar_protocol.h:66:16:\x1b[m\x1b[K \x1b[01;35m\x1b[Kwarning: \x1b[m\x1b[KISO C++ forbids zero-size array \xe2\x80\x98\x1b[01m\x1b[Kdata\x1b[m\x1b[K\xe2\x80\x99 [\x1b[01;35m\x1b[K\x1b]8;;https://gcc.gnu.org/onlinedocs/gcc/Warning-Options.html#index-Wpedantic\x07-Wpedantic\x1b]8;;\x07\x1b[m\x1b[K]\n'}
[19.573879] (rplidar_ros) StderrLine: {'line': b'   66 |     sl_u8 data[\x1b[01;35m\x1b[K0\x1b[m\x1b[K];\n'}
[19.574026] (rplidar_ros) StderrLine: {'line': b'      |                \x1b[01;35m\x1b[K^\x1b[m\x1b[K\n'}
[19.574168] (rplidar_ros) StderrLine: {'line': b'In file included from \x1b[01m\x1b[K/home/hyun/Autonomous-Drone/src/rplidar_ros/sdk/include/rplidar_cmd.h:36\x1b[m\x1b[K,\n'}
[19.574292] (rplidar_ros) StderrLine: {'line': b'                 from \x1b[01m\x1b[K/home/hyun/Autonomous-Drone/src/rplidar_ros/sdk/include/rplidar.h:40\x1b[m\x1b[K:\n'}
[19.574438] (rplidar_ros) StderrLine: {'line': b'\x1b[01m\x1b[K/home/hyun/Autonomous-Drone/src/rplidar_ros/sdk/include/sl_lidar_cmd.h:324:20:\x1b[m\x1b[K \x1b[01;35m\x1b[Kwarning: \x1b[m\x1b[KISO C++ forbids zero-size array \xe2\x80\x98\x1b[01m\x1b[Kpayload\x1b[m\x1b[K\xe2\x80\x99 [\x1b[01;35m\x1b[K\x1b]8;;https://gcc.gnu.org/onlinedocs/gcc/Warning-Options.html#index-Wpedantic\x07-Wpedantic\x1b]8;;\x07\x1b[m\x1b[K]\n'}
[19.574597] (rplidar_ros) StderrLine: {'line': b'  324 |     sl_u8  payload[\x1b[01;35m\x1b[K0\x1b[m\x1b[K];\n'}
[19.574739] (rplidar_ros) StderrLine: {'line': b'      |                    \x1b[01;35m\x1b[K^\x1b[m\x1b[K\n'}
[19.622263] (rplidar_ros) StderrLine: {'line': b'In file included from \x1b[01m\x1b[K/home/hyun/Autonomous-Drone/src/rplidar_ros/sdk/src/hal/thread.cpp:43\x1b[m\x1b[K:\n'}
[19.622623] (rplidar_ros) StderrLine: {'line': b'\x1b[01m\x1b[K/home/hyun/Autonomous-Drone/src/rplidar_ros/sdk/src/arch/linux/thread.hpp:\x1b[m\x1b[K In static member function \xe2\x80\x98\x1b[01m\x1b[Kstatic rp::hal::Thread rp::hal::Thread::\x1b[01;32m\x1b[Kcreate\x1b[m\x1b[K(thread_proc_t, void*)\x1b[m\x1b[K\xe2\x80\x99:\n'}
[19.622775] (rplidar_ros) StderrLine: {'line': b'\x1b[01m\x1b[K/home/hyun/Autonomous-Drone/src/rplidar_ros/sdk/src/arch/linux/thread.hpp:52:57:\x1b[m\x1b[K \x1b[01;35m\x1b[Kwarning: \x1b[m\x1b[Kcast between incompatible function types from \xe2\x80\x98\x1b[01m\x1b[Kthread_proc_t\x1b[m\x1b[K\xe2\x80\x99 {aka \xe2\x80\x98\x1b[01m\x1b[Klong unsigned int (*)(void*)\x1b[m\x1b[K\xe2\x80\x99} to \xe2\x80\x98\x1b[01m\x1b[Kvoid* (*)(void*)\x1b[m\x1b[K\xe2\x80\x99 [\x1b[01;35m\x1b[K\x1b]8;;https://gcc.gnu.org/onlinedocs/gcc/Warning-Options.html#index-Wcast-function-type\x07-Wcast-function-type\x1b]8;;\x07\x1b[m\x1b[K]\n'}
[19.622894] (rplidar_ros) StderrLine: {'line': b'   52 |     pthread_create((pthread_t *)&newborn._handle, NULL, \x1b[01;35m\x1b[K(void * (*)(void *))proc\x1b[m\x1b[K, data);\n'}
[19.622997] (rplidar_ros) StderrLine: {'line': b'      |                                                         \x1b[01;35m\x1b[K^~~~~~~~~~~~~~~~~~~~~~~~\x1b[m\x1b[K\n'}
[19.627257] (rplidar_ros) StderrLine: {'line': b'\x1b[01m\x1b[K/home/hyun/Autonomous-Drone/src/rplidar_ros/sdk/src/arch/linux/thread.hpp:\x1b[m\x1b[K In member function \xe2\x80\x98\x1b[01m\x1b[Ku_result rp::hal::Thread::\x1b[01;32m\x1b[Kjoin\x1b[m\x1b[K(long unsigned int)\x1b[m\x1b[K\xe2\x80\x99:\n'}
[19.627716] (-) TimerEvent: {}
[19.628988] (rplidar_ros) StderrLine: {'line': b'\x1b[01m\x1b[K/home/hyun/Autonomous-Drone/src/rplidar_ros/sdk/src/arch/linux/thread.hpp:176:37:\x1b[m\x1b[K \x1b[01;35m\x1b[Kwarning: \x1b[m\x1b[Kunused parameter \xe2\x80\x98\x1b[01m\x1b[Ktimeout\x1b[m\x1b[K\xe2\x80\x99 [\x1b[01;35m\x1b[K\x1b]8;;https://gcc.gnu.org/onlinedocs/gcc/Warning-Options.html#index-Wunused-parameter\x07-Wunused-parameter\x1b]8;;\x07\x1b[m\x1b[K]\n'}
[19.629408] (rplidar_ros) StderrLine: {'line': b'  176 | u_result Thread::join(\x1b[01;35m\x1b[Kunsigned long timeout\x1b[m\x1b[K)\n'}
[19.629613] (rplidar_ros) StderrLine: {'line': b'      |                       \x1b[01;35m\x1b[K~~~~~~~~~~~~~~^~~~~~~\x1b[m\x1b[K\n'}
[19.727870] (-) TimerEvent: {}
[19.762990] (rplidar_ros) StderrLine: {'line': b'In file included from \x1b[01m\x1b[K/home/hyun/Autonomous-Drone/src/rplidar_ros/sdk/include/rplidar_protocol.h:36\x1b[m\x1b[K,\n'}
[19.763363] (rplidar_ros) StderrLine: {'line': b'                 from \x1b[01m\x1b[K/home/hyun/Autonomous-Drone/src/rplidar_ros/sdk/include/rplidar.h:39\x1b[m\x1b[K,\n'}
[19.763590] (rplidar_ros) StderrLine: {'line': b'                 from \x1b[01m\x1b[K/home/hyun/Autonomous-Drone/src/rplidar_ros/sdk/src/sdkcommon.h:49\x1b[m\x1b[K,\n'}
[19.763708] (rplidar_ros) StderrLine: {'line': b'                 from \x1b[01m\x1b[K/home/hyun/Autonomous-Drone/src/rplidar_ros/sdk/src/rplidar_driver.cpp:33\x1b[m\x1b[K:\n'}
[19.763797] (rplidar_ros) StderrLine: {'line': b'\x1b[01m\x1b[K/home/hyun/Autonomous-Drone/src/rplidar_ros/sdk/include/sl_lidar_protocol.h:66:16:\x1b[m\x1b[K \x1b[01;35m\x1b[Kwarning: \x1b[m\x1b[KISO C++ forbids zero-size array \xe2\x80\x98\x1b[01m\x1b[Kdata\x1b[m\x1b[K\xe2\x80\x99 [\x1b[01;35m\x1b[K\x1b]8;;https://gcc.gnu.org/onlinedocs/gcc/Warning-Options.html#index-Wpedantic\x07-Wpedantic\x1b]8;;\x07\x1b[m\x1b[K]\n'}
[19.763932] (rplidar_ros) StderrLine: {'line': b'   66 |     sl_u8 data[\x1b[01;35m\x1b[K0\x1b[m\x1b[K];\n'}
[19.764054] (rplidar_ros) StderrLine: {'line': b'      |                \x1b[01;35m\x1b[K^\x1b[m\x1b[K\n'}
[19.765101] (rplidar_ros) StderrLine: {'line': b'In file included from \x1b[01m\x1b[K/home/hyun/Autonomous-Drone/src/rplidar_ros/sdk/include/rplidar_cmd.h:36\x1b[m\x1b[K,\n'}
[19.765363] (rplidar_ros) StderrLine: {'line': b'                 from \x1b[01m\x1b[K/home/hyun/Autonomous-Drone/src/rplidar_ros/sdk/include/rplidar.h:40\x1b[m\x1b[K:\n'}
[19.765593] (rplidar_ros) StderrLine: {'line': b'\x1b[01m\x1b[K/home/hyun/Autonomous-Drone/src/rplidar_ros/sdk/include/sl_lidar_cmd.h:324:20:\x1b[m\x1b[K \x1b[01;35m\x1b[Kwarning: \x1b[m\x1b[KISO C++ forbids zero-size array \xe2\x80\x98\x1b[01m\x1b[Kpayload\x1b[m\x1b[K\xe2\x80\x99 [\x1b[01;35m\x1b[K\x1b]8;;https://gcc.gnu.org/onlinedocs/gcc/Warning-Options.html#index-Wpedantic\x07-Wpedantic\x1b]8;;\x07\x1b[m\x1b[K]\n'}
[19.765708] (rplidar_ros) StderrLine: {'line': b'  324 |     sl_u8  payload[\x1b[01;35m\x1b[K0\x1b[m\x1b[K];\n'}
[19.765801] (rplidar_ros) StderrLine: {'line': b'      |                    \x1b[01;35m\x1b[K^\x1b[m\x1b[K\n'}
[19.803352] (rplidar_ros) StdoutLine: {'line': b'[ 60%] \x1b[32mBuilding CXX object CMakeFiles/rplidar_node.dir/sdk/src/sl_async_transceiver.cpp.o\x1b[0m\n'}
[19.828008] (-) TimerEvent: {}
[19.845596] (rplidar_ros) StderrLine: {'line': b'\x1b[01m\x1b[K/home/hyun/Autonomous-Drone/src/rplidar_ros/sdk/src/rplidar_driver.cpp:\x1b[m\x1b[K In member function \xe2\x80\x98\x1b[01m\x1b[Ku_result rp::standalone::rplidar::RPlidarDriver::\x1b[01;32m\x1b[Kconnect\x1b[m\x1b[K(const char*, _u32, _u32)\x1b[m\x1b[K\xe2\x80\x99:\n'}
[19.846045] (rplidar_ros) StderrLine: {'line': b'\x1b[01m\x1b[K/home/hyun/Autonomous-Drone/src/rplidar_ros/sdk/src/rplidar_driver.cpp:67:77:\x1b[m\x1b[K \x1b[01;35m\x1b[Kwarning: \x1b[m\x1b[Kunused parameter \xe2\x80\x98\x1b[01m\x1b[Kflag\x1b[m\x1b[K\xe2\x80\x99 [\x1b[01;35m\x1b[K\x1b]8;;https://gcc.gnu.org/onlinedocs/gcc/Warning-Options.html#index-Wunused-parameter\x07-Wunused-parameter\x1b]8;;\x07\x1b[m\x1b[K]\n'}
[19.846239] (rplidar_ros) StderrLine: {'line': b'   67 | har *path, _u32 portOrBaud, \x1b[01;35m\x1b[K_u32 flag\x1b[m\x1b[K)\n'}
[19.846350] (rplidar_ros) StderrLine: {'line': b'      |                             \x1b[01;35m\x1b[K~~~~~^~~~\x1b[m\x1b[K\n'}
[19.846517] (rplidar_ros) StderrLine: {'line': b'\n'}
[19.846671] (rplidar_ros) StderrLine: {'line': b'\x1b[01m\x1b[K/home/hyun/Autonomous-Drone/src/rplidar_ros/sdk/src/rplidar_driver.cpp:\x1b[m\x1b[K In member function \xe2\x80\x98\x1b[01m\x1b[Ku_result rp::standalone::rplidar::RPlidarDriver::\x1b[01;32m\x1b[Kreset\x1b[m\x1b[K(_u32)\x1b[m\x1b[K\xe2\x80\x99:\n'}
[19.846809] (rplidar_ros) StderrLine: {'line': b'\x1b[01m\x1b[K/home/hyun/Autonomous-Drone/src/rplidar_ros/sdk/src/rplidar_driver.cpp:101:40:\x1b[m\x1b[K \x1b[01;35m\x1b[Kwarning: \x1b[m\x1b[Kunused parameter \xe2\x80\x98\x1b[01m\x1b[Ktimeout\x1b[m\x1b[K\xe2\x80\x99 [\x1b[01;35m\x1b[K\x1b]8;;https://gcc.gnu.org/onlinedocs/gcc/Warning-Options.html#index-Wunused-parameter\x07-Wunused-parameter\x1b]8;;\x07\x1b[m\x1b[K]\n'}
[19.846943] (rplidar_ros) StderrLine: {'line': b'  101 | ult RPlidarDriver::reset(\x1b[01;35m\x1b[K_u32 timeout\x1b[m\x1b[K)\n'}
[19.847060] (rplidar_ros) StderrLine: {'line': b'      |                          \x1b[01;35m\x1b[K~~~~~^~~~~~~\x1b[m\x1b[K\n'}
[19.847164] (rplidar_ros) StderrLine: {'line': b'\n'}
[19.847252] (rplidar_ros) StderrLine: {'line': b'\x1b[01m\x1b[K/home/hyun/Autonomous-Drone/src/rplidar_ros/sdk/src/rplidar_driver.cpp:\x1b[m\x1b[K In member function \xe2\x80\x98\x1b[01m\x1b[Ku_result rp::standalone::rplidar::RPlidarDriver::\x1b[01;32m\x1b[KgetScanDataWithInterval\x1b[m\x1b[K(rplidar_response_measurement_node_t*, size_t&)\x1b[m\x1b[K\xe2\x80\x99:\n'}
[19.847342] (rplidar_ros) StderrLine: {'line': b'\x1b[01m\x1b[K/home/hyun/Autonomous-Drone/src/rplidar_ros/sdk/src/rplidar_driver.cpp:180:91:\x1b[m\x1b[K \x1b[01;35m\x1b[Kwarning: \x1b[m\x1b[Kunused parameter \xe2\x80\x98\x1b[01m\x1b[Knodebuffer\x1b[m\x1b[K\xe2\x80\x99 [\x1b[01;35m\x1b[K\x1b]8;;https://gcc.gnu.org/onlinedocs/gcc/Warning-Options.html#index-Wunused-parameter\x07-Wunused-parameter\x1b]8;;\x07\x1b[m\x1b[K]\n'}
[19.847482] (rplidar_ros) StderrLine: {'line': b'  180 | \x1b[01;35m\x1b[Kponse_measurement_node_t * nodebuffer\x1b[m\x1b[K, size_t & count)\n'}
[19.847581] (rplidar_ros) StderrLine: {'line': b'      | \x1b[01;35m\x1b[K~~~~~~~~~~~~~~~~~~~~~~~~~~~^~~~~~~~~~\x1b[m\x1b[K\n'}
[19.847669] (rplidar_ros) StderrLine: {'line': b'\n'}
[19.847759] (rplidar_ros) StderrLine: {'line': b'\x1b[01m\x1b[K/home/hyun/Autonomous-Drone/src/rplidar_ros/sdk/src/rplidar_driver.cpp:180:112:\x1b[m\x1b[K \x1b[01;35m\x1b[Kwarning: \x1b[m\x1b[Kunused parameter \xe2\x80\x98\x1b[01m\x1b[Kcount\x1b[m\x1b[K\xe2\x80\x99 [\x1b[01;35m\x1b[K\x1b]8;;https://gcc.gnu.org/onlinedocs/gcc/Warning-Options.html#index-Wunused-parameter\x07-Wunused-parameter\x1b]8;;\x07\x1b[m\x1b[K]\n'}
[19.847922] (rplidar_ros) StderrLine: {'line': b'  180 | t_node_t * nodebuffer, \x1b[01;35m\x1b[Ksize_t & count\x1b[m\x1b[K)\n'}
[19.848094] (rplidar_ros) StderrLine: {'line': b'      |                        \x1b[01;35m\x1b[K~~~~~~~~~^~~~~\x1b[m\x1b[K\n'}
[19.848229] (rplidar_ros) StderrLine: {'line': b'\n'}
[19.932600] (-) TimerEvent: {}
[19.936547] (rplidar_ros) StderrLine: {'line': b'In file included from \x1b[01m\x1b[K/home/hyun/Autonomous-Drone/src/rplidar_ros/sdk/include/rplidar_protocol.h:36\x1b[m\x1b[K,\n'}
[19.937029] (rplidar_ros) StderrLine: {'line': b'                 from \x1b[01m\x1b[K/home/hyun/Autonomous-Drone/src/rplidar_ros/sdk/include/rplidar.h:39\x1b[m\x1b[K,\n'}
[19.937271] (rplidar_ros) StderrLine: {'line': b'                 from \x1b[01m\x1b[K/home/hyun/Autonomous-Drone/src/rplidar_ros/sdk/src/sdkcommon.h:49\x1b[m\x1b[K,\n'}
[19.937521] (rplidar_ros) StderrLine: {'line': b'                 from \x1b[01m\x1b[K/home/hyun/Autonomous-Drone/src/rplidar_ros/sdk/src/sl_async_transceiver.cpp:35\x1b[m\x1b[K:\n'}
[19.937783] (rplidar_ros) StderrLine: {'line': b'\x1b[01m\x1b[K/home/hyun/Autonomous-Drone/src/rplidar_ros/sdk/include/sl_lidar_protocol.h:66:16:\x1b[m\x1b[K \x1b[01;35m\x1b[Kwarning: \x1b[m\x1b[KISO C++ forbids zero-size array \xe2\x80\x98\x1b[01m\x1b[Kdata\x1b[m\x1b[K\xe2\x80\x99 [\x1b[01;35m\x1b[K\x1b]8;;https://gcc.gnu.org/onlinedocs/gcc/Warning-Options.html#index-Wpedantic\x07-Wpedantic\x1b]8;;\x07\x1b[m\x1b[K]\n'}
[19.938009] (rplidar_ros) StderrLine: {'line': b'   66 |     sl_u8 data[\x1b[01;35m\x1b[K0\x1b[m\x1b[K];\n'}
[19.939111] (rplidar_ros) StderrLine: {'line': b'      |                \x1b[01;35m\x1b[K^\x1b[m\x1b[K\n'}
[19.939405] (rplidar_ros) StderrLine: {'line': b'In file included from \x1b[01m\x1b[K/home/hyun/Autonomous-Drone/src/rplidar_ros/sdk/include/rplidar_cmd.h:36\x1b[m\x1b[K,\n'}
[19.939689] (rplidar_ros) StderrLine: {'line': b'                 from \x1b[01m\x1b[K/home/hyun/Autonomous-Drone/src/rplidar_ros/sdk/include/rplidar.h:40\x1b[m\x1b[K:\n'}
[19.939890] (rplidar_ros) StderrLine: {'line': b'\x1b[01m\x1b[K/home/hyun/Autonomous-Drone/src/rplidar_ros/sdk/include/sl_lidar_cmd.h:324:20:\x1b[m\x1b[K \x1b[01;35m\x1b[Kwarning: \x1b[m\x1b[KISO C++ forbids zero-size array \xe2\x80\x98\x1b[01m\x1b[Kpayload\x1b[m\x1b[K\xe2\x80\x99 [\x1b[01;35m\x1b[K\x1b]8;;https://gcc.gnu.org/onlinedocs/gcc/Warning-Options.html#index-Wpedantic\x07-Wpedantic\x1b]8;;\x07\x1b[m\x1b[K]\n'}
[19.940101] (rplidar_ros) StderrLine: {'line': b'  324 |     sl_u8  payload[\x1b[01;35m\x1b[K0\x1b[m\x1b[K];\n'}
[19.940269] (rplidar_ros) StderrLine: {'line': b'      |                    \x1b[01;35m\x1b[K^\x1b[m\x1b[K\n'}
[20.032707] (-) TimerEvent: {}
[20.040142] (rplidar_ros) StdoutLine: {'line': b'[ 63%] \x1b[32mBuilding CXX object CMakeFiles/rplidar_node.dir/sdk/src/sl_crc.cpp.o\x1b[0m\n'}
[20.079477] (rplidar_ros) StderrLine: {'line': b'In file included from \x1b[01m\x1b[K/home/hyun/Autonomous-Drone/src/rplidar_ros/sdk/include/sl_lidar_cmd.h:41\x1b[m\x1b[K,\n'}
[20.079831] (rplidar_ros) StderrLine: {'line': b'                 from \x1b[01m\x1b[K/home/hyun/Autonomous-Drone/src/rplidar_ros/sdk/include/sl_crc.h:36\x1b[m\x1b[K,\n'}
[20.079954] (rplidar_ros) StderrLine: {'line': b'                 from \x1b[01m\x1b[K/home/hyun/Autonomous-Drone/src/rplidar_ros/sdk/src/sl_crc.cpp:33\x1b[m\x1b[K:\n'}
[20.080061] (rplidar_ros) StderrLine: {'line': b'\x1b[01m\x1b[K/home/hyun/Autonomous-Drone/src/rplidar_ros/sdk/include/sl_lidar_protocol.h:66:16:\x1b[m\x1b[K \x1b[01;35m\x1b[Kwarning: \x1b[m\x1b[KISO C++ forbids zero-size array \xe2\x80\x98\x1b[01m\x1b[Kdata\x1b[m\x1b[K\xe2\x80\x99 [\x1b[01;35m\x1b[K\x1b]8;;https://gcc.gnu.org/onlinedocs/gcc/Warning-Options.html#index-Wpedantic\x07-Wpedantic\x1b]8;;\x07\x1b[m\x1b[K]\n'}
[20.080186] (rplidar_ros) StderrLine: {'line': b'   66 |     sl_u8 data[\x1b[01;35m\x1b[K0\x1b[m\x1b[K];\n'}
[20.080296] (rplidar_ros) StderrLine: {'line': b'      |                \x1b[01;35m\x1b[K^\x1b[m\x1b[K\n'}
[20.080773] (rplidar_ros) StderrLine: {'line': b'\x1b[01m\x1b[K/home/hyun/Autonomous-Drone/src/rplidar_ros/sdk/include/sl_lidar_cmd.h:324:20:\x1b[m\x1b[K \x1b[01;35m\x1b[Kwarning: \x1b[m\x1b[KISO C++ forbids zero-size array \xe2\x80\x98\x1b[01m\x1b[Kpayload\x1b[m\x1b[K\xe2\x80\x99 [\x1b[01;35m\x1b[K\x1b]8;;https://gcc.gnu.org/onlinedocs/gcc/Warning-Options.html#index-Wpedantic\x07-Wpedantic\x1b]8;;\x07\x1b[m\x1b[K]\n'}
[20.081006] (rplidar_ros) StderrLine: {'line': b'  324 |     sl_u8  payload[\x1b[01;35m\x1b[K0\x1b[m\x1b[K];\n'}
[20.081120] (rplidar_ros) StderrLine: {'line': b'      |                    \x1b[01;35m\x1b[K^\x1b[m\x1b[K\n'}
[20.126586] (rplidar_ros) StderrLine: {'line': b'In file included from \x1b[01m\x1b[K/home/hyun/Autonomous-Drone/src/rplidar_ros/sdk/src/sl_async_transceiver.cpp:44\x1b[m\x1b[K:\n'}
[20.126949] (rplidar_ros) StderrLine: {'line': b'\x1b[01m\x1b[K/home/hyun/Autonomous-Drone/src/rplidar_ros/sdk/src/sl_async_transceiver.h:\x1b[m\x1b[K In member function \xe2\x80\x98\x1b[01m\x1b[Kvirtual void sl::internal::IAsyncProtocolCodec::\x1b[01;32m\x1b[KonChannelError\x1b[m\x1b[K(u_result)\x1b[m\x1b[K\xe2\x80\x99:\n'}
[20.127112] (rplidar_ros) StderrLine: {'line': b'\x1b[01m\x1b[K/home/hyun/Autonomous-Drone/src/rplidar_ros/sdk/src/sl_async_transceiver.h:90:48:\x1b[m\x1b[K \x1b[01;35m\x1b[Kwarning: \x1b[m\x1b[Kunused parameter \xe2\x80\x98\x1b[01m\x1b[KerrCode\x1b[m\x1b[K\xe2\x80\x99 [\x1b[01;35m\x1b[K\x1b]8;;https://gcc.gnu.org/onlinedocs/gcc/Warning-Options.html#index-Wunused-parameter\x07-Wunused-parameter\x1b]8;;\x07\x1b[m\x1b[K]\n'}
[20.127268] (rplidar_ros) StderrLine: {'line': b'   90 |         virtual void   onChannelError(\x1b[01;35m\x1b[Ku_result errCode\x1b[m\x1b[K) {}\n'}
[20.127443] (rplidar_ros) StderrLine: {'line': b'      |                                       \x1b[01;35m\x1b[K~~~~~~~~~^~~~~~~\x1b[m\x1b[K\n'}
[20.128851] (rplidar_ros) StdoutLine: {'line': b'[ 65%] \x1b[32mBuilding CXX object CMakeFiles/rplidar_node.dir/sdk/src/sl_lidar_driver.cpp.o\x1b[0m\n'}
[20.132853] (-) TimerEvent: {}
[20.233578] (-) TimerEvent: {}
[20.336083] (-) TimerEvent: {}
[20.436617] (-) TimerEvent: {}
[20.464062] (rplidar_ros) StdoutLine: {'line': b'[ 68%] \x1b[32mBuilding CXX object CMakeFiles/rplidar_composition.dir/sdk/src/sl_crc.cpp.o\x1b[0m\n'}
[20.502568] (rplidar_ros) StderrLine: {'line': b'In file included from \x1b[01m\x1b[K/home/hyun/Autonomous-Drone/src/rplidar_ros/sdk/include/sl_lidar_cmd.h:41\x1b[m\x1b[K,\n'}
[20.502979] (rplidar_ros) StderrLine: {'line': b'                 from \x1b[01m\x1b[K/home/hyun/Autonomous-Drone/src/rplidar_ros/sdk/include/sl_crc.h:36\x1b[m\x1b[K,\n'}
[20.503202] (rplidar_ros) StderrLine: {'line': b'                 from \x1b[01m\x1b[K/home/hyun/Autonomous-Drone/src/rplidar_ros/sdk/src/sl_crc.cpp:33\x1b[m\x1b[K:\n'}
[20.504277] (rplidar_ros) StderrLine: {'line': b'\x1b[01m\x1b[K/home/hyun/Autonomous-Drone/src/rplidar_ros/sdk/include/sl_lidar_protocol.h:66:16:\x1b[m\x1b[K \x1b[01;35m\x1b[Kwarning: \x1b[m\x1b[KISO C++ forbids zero-size array \xe2\x80\x98\x1b[01m\x1b[Kdata\x1b[m\x1b[K\xe2\x80\x99 [\x1b[01;35m\x1b[K\x1b]8;;https://gcc.gnu.org/onlinedocs/gcc/Warning-Options.html#index-Wpedantic\x07-Wpedantic\x1b]8;;\x07\x1b[m\x1b[K]\n'}
[20.504485] (rplidar_ros) StderrLine: {'line': b'   66 |     sl_u8 data[\x1b[01;35m\x1b[K0\x1b[m\x1b[K];\n'}
[20.504629] (rplidar_ros) StderrLine: {'line': b'      |                \x1b[01;35m\x1b[K^\x1b[m\x1b[K\n'}
[20.504772] (rplidar_ros) StderrLine: {'line': b'\x1b[01m\x1b[K/home/hyun/Autonomous-Drone/src/rplidar_ros/sdk/include/sl_lidar_cmd.h:324:20:\x1b[m\x1b[K \x1b[01;35m\x1b[Kwarning: \x1b[m\x1b[KISO C++ forbids zero-size array \xe2\x80\x98\x1b[01m\x1b[Kpayload\x1b[m\x1b[K\xe2\x80\x99 [\x1b[01;35m\x1b[K\x1b]8;;https://gcc.gnu.org/onlinedocs/gcc/Warning-Options.html#index-Wpedantic\x07-Wpedantic\x1b]8;;\x07\x1b[m\x1b[K]\n'}
[20.504920] (rplidar_ros) StderrLine: {'line': b'  324 |     sl_u8  payload[\x1b[01;35m\x1b[K0\x1b[m\x1b[K];\n'}
[20.505046] (rplidar_ros) StderrLine: {'line': b'      |                    \x1b[01;35m\x1b[K^\x1b[m\x1b[K\n'}
[20.539518] (-) TimerEvent: {}
[20.547230] (rplidar_ros) StdoutLine: {'line': b'[ 71%] \x1b[32mBuilding CXX object CMakeFiles/rplidar_composition.dir/sdk/src/sl_lidar_driver.cpp.o\x1b[0m\n'}
[20.639710] (-) TimerEvent: {}
[20.682533] (rplidar_ros) StderrLine: {'line': b'In file included from \x1b[01m\x1b[K/home/hyun/Autonomous-Drone/src/rplidar_ros/sdk/include/rplidar_protocol.h:36\x1b[m\x1b[K,\n'}
[20.683108] (rplidar_ros) StderrLine: {'line': b'                 from \x1b[01m\x1b[K/home/hyun/Autonomous-Drone/src/rplidar_ros/sdk/include/rplidar.h:39\x1b[m\x1b[K,\n'}
[20.683310] (rplidar_ros) StderrLine: {'line': b'                 from \x1b[01m\x1b[K/home/hyun/Autonomous-Drone/src/rplidar_ros/sdk/src/sdkcommon.h:49\x1b[m\x1b[K,\n'}
[20.683487] (rplidar_ros) StderrLine: {'line': b'                 from \x1b[01m\x1b[K/home/hyun/Autonomous-Drone/src/rplidar_ros/sdk/src/sl_async_transceiver.cpp:35\x1b[m\x1b[K:\n'}
[20.683651] (rplidar_ros) StderrLine: {'line': b'\x1b[01m\x1b[K/home/hyun/Autonomous-Drone/src/rplidar_ros/sdk/include/sl_lidar_protocol.h:66:16:\x1b[m\x1b[K \x1b[01;35m\x1b[Kwarning: \x1b[m\x1b[KISO C++ forbids zero-size array \xe2\x80\x98\x1b[01m\x1b[Kdata\x1b[m\x1b[K\xe2\x80\x99 [\x1b[01;35m\x1b[K\x1b]8;;https://gcc.gnu.org/onlinedocs/gcc/Warning-Options.html#index-Wpedantic\x07-Wpedantic\x1b]8;;\x07\x1b[m\x1b[K]\n'}
[20.683853] (rplidar_ros) StderrLine: {'line': b'   66 |     sl_u8 data[\x1b[01;35m\x1b[K0\x1b[m\x1b[K];\n'}
[20.683995] (rplidar_ros) StderrLine: {'line': b'      |                \x1b[01;35m\x1b[K^\x1b[m\x1b[K\n'}
[20.684139] (rplidar_ros) StderrLine: {'line': b'In file included from \x1b[01m\x1b[K/home/hyun/Autonomous-Drone/src/rplidar_ros/sdk/include/rplidar_cmd.h:36\x1b[m\x1b[K,\n'}
[20.684267] (rplidar_ros) StderrLine: {'line': b'                 from \x1b[01m\x1b[K/home/hyun/Autonomous-Drone/src/rplidar_ros/sdk/include/rplidar.h:40\x1b[m\x1b[K:\n'}
[20.684408] (rplidar_ros) StderrLine: {'line': b'\x1b[01m\x1b[K/home/hyun/Autonomous-Drone/src/rplidar_ros/sdk/include/sl_lidar_cmd.h:324:20:\x1b[m\x1b[K \x1b[01;35m\x1b[Kwarning: \x1b[m\x1b[KISO C++ forbids zero-size array \xe2\x80\x98\x1b[01m\x1b[Kpayload\x1b[m\x1b[K\xe2\x80\x99 [\x1b[01;35m\x1b[K\x1b]8;;https://gcc.gnu.org/onlinedocs/gcc/Warning-Options.html#index-Wpedantic\x07-Wpedantic\x1b]8;;\x07\x1b[m\x1b[K]\n'}
[20.684599] (rplidar_ros) StderrLine: {'line': b'  324 |     sl_u8  payload[\x1b[01;35m\x1b[K0\x1b[m\x1b[K];\n'}
[20.691610] (rplidar_ros) StderrLine: {'line': b'      |                    \x1b[01;35m\x1b[K^\x1b[m\x1b[K\n'}
[20.739849] (-) TimerEvent: {}
[20.840359] (-) TimerEvent: {}
[20.901522] (rplidar_ros) StderrLine: {'line': b'In file included from \x1b[01m\x1b[K/home/hyun/Autonomous-Drone/src/rplidar_ros/sdk/src/sl_async_transceiver.cpp:44\x1b[m\x1b[K:\n'}
[20.902124] (rplidar_ros) StderrLine: {'line': b'\x1b[01m\x1b[K/home/hyun/Autonomous-Drone/src/rplidar_ros/sdk/src/sl_async_transceiver.h:\x1b[m\x1b[K In member function \xe2\x80\x98\x1b[01m\x1b[Kvirtual void sl::internal::IAsyncProtocolCodec::\x1b[01;32m\x1b[KonChannelError\x1b[m\x1b[K(u_result)\x1b[m\x1b[K\xe2\x80\x99:\n'}
[20.902340] (rplidar_ros) StderrLine: {'line': b'\x1b[01m\x1b[K/home/hyun/Autonomous-Drone/src/rplidar_ros/sdk/src/sl_async_transceiver.h:90:48:\x1b[m\x1b[K \x1b[01;35m\x1b[Kwarning: \x1b[m\x1b[Kunused parameter \xe2\x80\x98\x1b[01m\x1b[KerrCode\x1b[m\x1b[K\xe2\x80\x99 [\x1b[01;35m\x1b[K\x1b]8;;https://gcc.gnu.org/onlinedocs/gcc/Warning-Options.html#index-Wunused-parameter\x07-Wunused-parameter\x1b]8;;\x07\x1b[m\x1b[K]\n'}
[20.902593] (rplidar_ros) StderrLine: {'line': b'   90 |         virtual void   onChannelError(\x1b[01;35m\x1b[Ku_result errCode\x1b[m\x1b[K) {}\n'}
[20.902839] (rplidar_ros) StderrLine: {'line': b'      |                                       \x1b[01;35m\x1b[K~~~~~~~~~^~~~~~~\x1b[m\x1b[K\n'}
[20.943480] (-) TimerEvent: {}
[21.043918] (-) TimerEvent: {}
[21.069868] (rplidar_ros) StdoutLine: {'line': b'[ 73%] \x1b[32m\x1b[1mLinking CXX executable rplidar_client\x1b[0m\n'}
[21.144133] (-) TimerEvent: {}
[21.177315] (rplidar_ros) StderrLine: {'line': b'In file included from \x1b[01m\x1b[K/home/hyun/Autonomous-Drone/src/rplidar_ros/sdk/include/rplidar_protocol.h:36\x1b[m\x1b[K,\n'}
[21.177870] (rplidar_ros) StderrLine: {'line': b'                 from \x1b[01m\x1b[K/home/hyun/Autonomous-Drone/src/rplidar_ros/sdk/include/rplidar.h:39\x1b[m\x1b[K,\n'}
[21.178173] (rplidar_ros) StderrLine: {'line': b'                 from \x1b[01m\x1b[K/home/hyun/Autonomous-Drone/src/rplidar_ros/sdk/src/sdkcommon.h:49\x1b[m\x1b[K,\n'}
[21.178453] (rplidar_ros) StderrLine: {'line': b'                 from \x1b[01m\x1b[K/home/hyun/Autonomous-Drone/src/rplidar_ros/sdk/src/sl_lidar_driver.cpp:33\x1b[m\x1b[K:\n'}
[21.179511] (rplidar_ros) StderrLine: {'line': b'\x1b[01m\x1b[K/home/hyun/Autonomous-Drone/src/rplidar_ros/sdk/include/sl_lidar_protocol.h:66:16:\x1b[m\x1b[K \x1b[01;35m\x1b[Kwarning: \x1b[m\x1b[KISO C++ forbids zero-size array \xe2\x80\x98\x1b[01m\x1b[Kdata\x1b[m\x1b[K\xe2\x80\x99 [\x1b[01;35m\x1b[K\x1b]8;;https://gcc.gnu.org/onlinedocs/gcc/Warning-Options.html#index-Wpedantic\x07-Wpedantic\x1b]8;;\x07\x1b[m\x1b[K]\n'}
[21.179816] (rplidar_ros) StderrLine: {'line': b'   66 |     sl_u8 data[\x1b[01;35m\x1b[K0\x1b[m\x1b[K];\n'}
[21.179952] (rplidar_ros) StderrLine: {'line': b'      |                \x1b[01;35m\x1b[K^\x1b[m\x1b[K\n'}
[21.180604] (rplidar_ros) StderrLine: {'line': b'In file included from \x1b[01m\x1b[K/home/hyun/Autonomous-Drone/src/rplidar_ros/sdk/include/rplidar_cmd.h:36\x1b[m\x1b[K,\n'}
[21.183509] (rplidar_ros) StderrLine: {'line': b'                 from \x1b[01m\x1b[K/home/hyun/Autonomous-Drone/src/rplidar_ros/sdk/include/rplidar.h:40\x1b[m\x1b[K:\n'}
[21.183916] (rplidar_ros) StderrLine: {'line': b'\x1b[01m\x1b[K/home/hyun/Autonomous-Drone/src/rplidar_ros/sdk/include/sl_lidar_cmd.h:324:20:\x1b[m\x1b[K \x1b[01;35m\x1b[Kwarning: \x1b[m\x1b[KISO C++ forbids zero-size array \xe2\x80\x98\x1b[01m\x1b[Kpayload\x1b[m\x1b[K\xe2\x80\x99 [\x1b[01;35m\x1b[K\x1b]8;;https://gcc.gnu.org/onlinedocs/gcc/Warning-Options.html#index-Wpedantic\x07-Wpedantic\x1b]8;;\x07\x1b[m\x1b[K]\n'}
[21.184090] (rplidar_ros) StderrLine: {'line': b'  324 |     sl_u8  payload[\x1b[01;35m\x1b[K0\x1b[m\x1b[K];\n'}
[21.184218] (rplidar_ros) StderrLine: {'line': b'      |                    \x1b[01;35m\x1b[K^\x1b[m\x1b[K\n'}
[21.244304] (-) TimerEvent: {}
[21.290425] (rplidar_ros) StdoutLine: {'line': b'[ 76%] \x1b[32mBuilding CXX object CMakeFiles/rplidar_composition.dir/sdk/src/sl_lidarprotocol_codec.cpp.o\x1b[0m\n'}
[21.344520] (-) TimerEvent: {}
[21.449088] (-) TimerEvent: {}
[21.549633] (-) TimerEvent: {}
[21.650289] (-) TimerEvent: {}
[21.661979] (rplidar_ros) StderrLine: {'line': b'In file included from \x1b[01m\x1b[K/home/hyun/Autonomous-Drone/src/rplidar_ros/sdk/src/sl_lidar_driver.cpp:50\x1b[m\x1b[K:\n'}
[21.662499] (rplidar_ros) StderrLine: {'line': b'\x1b[01m\x1b[K/home/hyun/Autonomous-Drone/src/rplidar_ros/sdk/src/dataunpacker/dataunpacker.h:\x1b[m\x1b[K In member function \xe2\x80\x98\x1b[01m\x1b[Kvirtual void sl::internal::LIDARSampleDataListener::\x1b[01;32m\x1b[KonCustomSampleDataDecoded\x1b[m\x1b[K(_u8, _u32, const void*, size_t)\x1b[m\x1b[K\xe2\x80\x99:\n'}
[21.662761] (rplidar_ros) StderrLine: {'line': b'\x1b[01m\x1b[K/home/hyun/Autonomous-Drone/src/rplidar_ros/sdk/src/dataunpacker/dataunpacker.h:54:52:\x1b[m\x1b[K \x1b[01;35m\x1b[Kwarning: \x1b[m\x1b[Kunused parameter \xe2\x80\x98\x1b[01m\x1b[KansType\x1b[m\x1b[K\xe2\x80\x99 [\x1b[01;35m\x1b[K\x1b]8;;https://gcc.gnu.org/onlinedocs/gcc/Warning-Options.html#index-Wunused-parameter\x07-Wunused-parameter\x1b]8;;\x07\x1b[m\x1b[K]\n'}
[21.663024] (rplidar_ros) StderrLine: {'line': b'   54 | ustomSampleDataDecoded(\x1b[01;35m\x1b[K_u8 ansType\x1b[m\x1b[K, _u32 customCode, const void* data, size_t size) {}\n'}
[21.663226] (rplidar_ros) StderrLine: {'line': b'      |                        \x1b[01;35m\x1b[K~~~~^~~~~~~\x1b[m\x1b[K\n'}
[21.663522] (rplidar_ros) StderrLine: {'line': b'\n'}
[21.668549] (rplidar_ros) StderrLine: {'line': b'\x1b[01m\x1b[K/home/hyun/Autonomous-Drone/src/rplidar_ros/sdk/src/dataunpacker/dataunpacker.h:54:66:\x1b[m\x1b[K \x1b[01;35m\x1b[Kwarning: \x1b[m\x1b[Kunused parameter \xe2\x80\x98\x1b[01m\x1b[KcustomCode\x1b[m\x1b[K\xe2\x80\x99 [\x1b[01;35m\x1b[K\x1b]8;;https://gcc.gnu.org/onlinedocs/gcc/Warning-Options.html#index-Wunused-parameter\x07-Wunused-parameter\x1b]8;;\x07\x1b[m\x1b[K]\n'}
[21.669271] (rplidar_ros) StderrLine: {'line': b'   54 | aDecoded(_u8 ansType, \x1b[01;35m\x1b[K_u32 customCode\x1b[m\x1b[K, const void* data, size_t size) {}\n'}
[21.669701] (rplidar_ros) StderrLine: {'line': b'      |                       \x1b[01;35m\x1b[K~~~~~^~~~~~~~~~\x1b[m\x1b[K\n'}
[21.670018] (rplidar_ros) StderrLine: {'line': b'\n'}
[21.670315] (rplidar_ros) StderrLine: {'line': b'\x1b[01m\x1b[K/home/hyun/Autonomous-Drone/src/rplidar_ros/sdk/src/dataunpacker/dataunpacker.h:54:90:\x1b[m\x1b[K \x1b[01;35m\x1b[Kwarning: \x1b[m\x1b[Kunused parameter \xe2\x80\x98\x1b[01m\x1b[Kdata\x1b[m\x1b[K\xe2\x80\x99 [\x1b[01;35m\x1b[K\x1b]8;;https://gcc.gnu.org/onlinedocs/gcc/Warning-Options.html#index-Wunused-parameter\x07-Wunused-parameter\x1b]8;;\x07\x1b[m\x1b[K]\n'}
[21.672347] (rplidar_ros) StderrLine: {'line': b'   54 | 32 customCode, \x1b[01;35m\x1b[Kconst void* data\x1b[m\x1b[K, size_t size) {}\n'}
[21.676610] (rplidar_ros) StderrLine: {'line': b'      |                \x1b[01;35m\x1b[K~~~~~~~~~~~~^~~~\x1b[m\x1b[K\n'}
[21.676917] (rplidar_ros) StderrLine: {'line': b'\n'}
[21.677557] (rplidar_ros) StderrLine: {'line': b'\x1b[01m\x1b[K/home/hyun/Autonomous-Drone/src/rplidar_ros/sdk/src/dataunpacker/dataunpacker.h:54:103:\x1b[m\x1b[K \x1b[01;35m\x1b[Kwarning: \x1b[m\x1b[Kunused parameter \xe2\x80\x98\x1b[01m\x1b[Ksize\x1b[m\x1b[K\xe2\x80\x99 [\x1b[01;35m\x1b[K\x1b]8;;https://gcc.gnu.org/onlinedocs/gcc/Warning-Options.html#index-Wunused-parameter\x07-Wunused-parameter\x1b]8;;\x07\x1b[m\x1b[K]\n'}
[21.678183] (rplidar_ros) StderrLine: {'line': b'   54 | ode, const void* data, \x1b[01;35m\x1b[Ksize_t size\x1b[m\x1b[K) {}\n'}
[21.680840] (rplidar_ros) StderrLine: {'line': b'      |                        \x1b[01;35m\x1b[K~~~~~~~^~~~\x1b[m\x1b[K\n'}
[21.682045] (rplidar_ros) StderrLine: {'line': b'\n'}
[21.682243] (rplidar_ros) StderrLine: {'line': b'\x1b[01m\x1b[K/home/hyun/Autonomous-Drone/src/rplidar_ros/sdk/src/dataunpacker/dataunpacker.h:\x1b[m\x1b[K In member function \xe2\x80\x98\x1b[01m\x1b[Kvirtual void sl::internal::LIDARSampleDataListener::\x1b[01;32m\x1b[KonDecodingError\x1b[m\x1b[K(int, _u8, const void*, size_t)\x1b[m\x1b[K\xe2\x80\x99:\n'}
[21.682526] (rplidar_ros) StderrLine: {'line': b'\x1b[01m\x1b[K/home/hyun/Autonomous-Drone/src/rplidar_ros/sdk/src/dataunpacker/dataunpacker.h:56:42:\x1b[m\x1b[K \x1b[01;35m\x1b[Kwarning: \x1b[m\x1b[Kunused parameter \xe2\x80\x98\x1b[01m\x1b[KerrMsg\x1b[m\x1b[K\xe2\x80\x99 [\x1b[01;35m\x1b[K\x1b]8;;https://gcc.gnu.org/onlinedocs/gcc/Warning-Options.html#index-Wunused-parameter\x07-Wunused-parameter\x1b]8;;\x07\x1b[m\x1b[K]\n'}
[21.682732] (rplidar_ros) StderrLine: {'line': b'   56 | l void onDecodingError(\x1b[01;35m\x1b[Kint errMsg\x1b[m\x1b[K, _u8 ansType, const void* payload, size_t size) {}\n'}
[21.682893] (rplidar_ros) StderrLine: {'line': b'      |                        \x1b[01;35m\x1b[K~~~~^~~~~~\x1b[m\x1b[K\n'}
[21.683047] (rplidar_ros) StderrLine: {'line': b'\n'}
[21.683199] (rplidar_ros) StderrLine: {'line': b'\x1b[01m\x1b[K/home/hyun/Autonomous-Drone/src/rplidar_ros/sdk/src/dataunpacker/dataunpacker.h:56:54:\x1b[m\x1b[K \x1b[01;35m\x1b[Kwarning: \x1b[m\x1b[Kunused parameter \xe2\x80\x98\x1b[01m\x1b[KansType\x1b[m\x1b[K\xe2\x80\x99 [\x1b[01;35m\x1b[K\x1b]8;;https://gcc.gnu.org/onlinedocs/gcc/Warning-Options.html#index-Wunused-parameter\x07-Wunused-parameter\x1b]8;;\x07\x1b[m\x1b[K]\n'}
[21.683368] (rplidar_ros) StderrLine: {'line': b'   56 | odingError(int errMsg, \x1b[01;35m\x1b[K_u8 ansType\x1b[m\x1b[K, const void* payload, size_t size) {}\n'}
[21.683614] (rplidar_ros) StderrLine: {'line': b'      |                        \x1b[01;35m\x1b[K~~~~^~~~~~~\x1b[m\x1b[K\n'}
[21.683809] (rplidar_ros) StderrLine: {'line': b'\n'}
[21.683994] (rplidar_ros) StderrLine: {'line': b'\x1b[01m\x1b[K/home/hyun/Autonomous-Drone/src/rplidar_ros/sdk/src/dataunpacker/dataunpacker.h:56:75:\x1b[m\x1b[K \x1b[01;35m\x1b[Kwarning: \x1b[m\x1b[Kunused parameter \xe2\x80\x98\x1b[01m\x1b[Kpayload\x1b[m\x1b[K\xe2\x80\x99 [\x1b[01;35m\x1b[K\x1b]8;;https://gcc.gnu.org/onlinedocs/gcc/Warning-Options.html#index-Wunused-parameter\x07-Wunused-parameter\x1b]8;;\x07\x1b[m\x1b[K]\n'}
[21.684232] (rplidar_ros) StderrLine: {'line': b'   56 | , _u8 ansType, \x1b[01;35m\x1b[Kconst void* payload\x1b[m\x1b[K, size_t size) {}\n'}
[21.687818] (rplidar_ros) StderrLine: {'line': b'      |                \x1b[01;35m\x1b[K~~~~~~~~~~~~^~~~~~~\x1b[m\x1b[K\n'}
[21.688058] (rplidar_ros) StderrLine: {'line': b'\n'}
[21.688195] (rplidar_ros) StderrLine: {'line': b'\x1b[01m\x1b[K/home/hyun/Autonomous-Drone/src/rplidar_ros/sdk/src/dataunpacker/dataunpacker.h:56:91:\x1b[m\x1b[K \x1b[01;35m\x1b[Kwarning: \x1b[m\x1b[Kunused parameter \xe2\x80\x98\x1b[01m\x1b[Ksize\x1b[m\x1b[K\xe2\x80\x99 [\x1b[01;35m\x1b[K\x1b]8;;https://gcc.gnu.org/onlinedocs/gcc/Warning-Options.html#index-Wunused-parameter\x07-Wunused-parameter\x1b]8;;\x07\x1b[m\x1b[K]\n'}
[21.688347] (rplidar_ros) StderrLine: {'line': b'   56 | , const void* payload, \x1b[01;35m\x1b[Ksize_t size\x1b[m\x1b[K) {}\n'}
[21.688527] (rplidar_ros) StderrLine: {'line': b'      |                        \x1b[01;35m\x1b[K~~~~~~~^~~~\x1b[m\x1b[K\n'}
[21.688862] (rplidar_ros) StderrLine: {'line': b'\n'}
[21.691721] (rplidar_ros) StderrLine: {'line': b'In file included from \x1b[01m\x1b[K/home/hyun/Autonomous-Drone/src/rplidar_ros/sdk/src/sl_lidar_driver.cpp:51\x1b[m\x1b[K:\n'}
[21.692042] (rplidar_ros) StderrLine: {'line': b'\x1b[01m\x1b[K/home/hyun/Autonomous-Drone/src/rplidar_ros/sdk/src/sl_async_transceiver.h:\x1b[m\x1b[K In member function \xe2\x80\x98\x1b[01m\x1b[Kvirtual void sl::internal::IAsyncProtocolCodec::\x1b[01;32m\x1b[KonChannelError\x1b[m\x1b[K(u_result)\x1b[m\x1b[K\xe2\x80\x99:\n'}
[21.692170] (rplidar_ros) StderrLine: {'line': b'\x1b[01m\x1b[K/home/hyun/Autonomous-Drone/src/rplidar_ros/sdk/src/sl_async_transceiver.h:90:48:\x1b[m\x1b[K \x1b[01;35m\x1b[Kwarning: \x1b[m\x1b[Kunused parameter \xe2\x80\x98\x1b[01m\x1b[KerrCode\x1b[m\x1b[K\xe2\x80\x99 [\x1b[01;35m\x1b[K\x1b]8;;https://gcc.gnu.org/onlinedocs/gcc/Warning-Options.html#index-Wunused-parameter\x07-Wunused-parameter\x1b]8;;\x07\x1b[m\x1b[K]\n'}
[21.692303] (rplidar_ros) StderrLine: {'line': b'   90 |    onChannelError(\x1b[01;35m\x1b[Ku_result errCode\x1b[m\x1b[K) {}\n'}
[21.692470] (rplidar_ros) StderrLine: {'line': b'      |                   \x1b[01;35m\x1b[K~~~~~~~~~^~~~~~~\x1b[m\x1b[K\n'}
[21.692601] (rplidar_ros) StderrLine: {'line': b'\n'}
[21.753534] (-) TimerEvent: {}
[21.755199] (rplidar_ros) StderrLine: {'line': b'In file included from \x1b[01m\x1b[K/home/hyun/Autonomous-Drone/src/rplidar_ros/sdk/include/rplidar_protocol.h:36\x1b[m\x1b[K,\n'}
[21.755559] (rplidar_ros) StderrLine: {'line': b'                 from \x1b[01m\x1b[K/home/hyun/Autonomous-Drone/src/rplidar_ros/sdk/include/rplidar.h:39\x1b[m\x1b[K,\n'}
[21.755760] (rplidar_ros) StderrLine: {'line': b'                 from \x1b[01m\x1b[K/home/hyun/Autonomous-Drone/src/rplidar_ros/sdk/src/sdkcommon.h:49\x1b[m\x1b[K,\n'}
[21.756762] (rplidar_ros) StderrLine: {'line': b'                 from \x1b[01m\x1b[K/home/hyun/Autonomous-Drone/src/rplidar_ros/sdk/src/sl_lidar_driver.cpp:33\x1b[m\x1b[K:\n'}
[21.756953] (rplidar_ros) StderrLine: {'line': b'\x1b[01m\x1b[K/home/hyun/Autonomous-Drone/src/rplidar_ros/sdk/include/sl_lidar_protocol.h:66:16:\x1b[m\x1b[K \x1b[01;35m\x1b[Kwarning: \x1b[m\x1b[KISO C++ forbids zero-size array \xe2\x80\x98\x1b[01m\x1b[Kdata\x1b[m\x1b[K\xe2\x80\x99 [\x1b[01;35m\x1b[K\x1b]8;;https://gcc.gnu.org/onlinedocs/gcc/Warning-Options.html#index-Wpedantic\x07-Wpedantic\x1b]8;;\x07\x1b[m\x1b[K]\n'}
[21.757136] (rplidar_ros) StderrLine: {'line': b'   66 |     sl_u8 data[\x1b[01;35m\x1b[K0\x1b[m\x1b[K];\n'}
[21.757268] (rplidar_ros) StderrLine: {'line': b'      |                \x1b[01;35m\x1b[K^\x1b[m\x1b[K\n'}
[21.760586] (rplidar_ros) StderrLine: {'line': b'In file included from \x1b[01m\x1b[K/home/hyun/Autonomous-Drone/src/rplidar_ros/sdk/include/rplidar_cmd.h:36\x1b[m\x1b[K,\n'}
[21.761004] (rplidar_ros) StderrLine: {'line': b'                 from \x1b[01m\x1b[K/home/hyun/Autonomous-Drone/src/rplidar_ros/sdk/include/rplidar.h:40\x1b[m\x1b[K:\n'}
[21.761159] (rplidar_ros) StderrLine: {'line': b'\x1b[01m\x1b[K/home/hyun/Autonomous-Drone/src/rplidar_ros/sdk/include/sl_lidar_cmd.h:324:20:\x1b[m\x1b[K \x1b[01;35m\x1b[Kwarning: \x1b[m\x1b[KISO C++ forbids zero-size array \xe2\x80\x98\x1b[01m\x1b[Kpayload\x1b[m\x1b[K\xe2\x80\x99 [\x1b[01;35m\x1b[K\x1b]8;;https://gcc.gnu.org/onlinedocs/gcc/Warning-Options.html#index-Wpedantic\x07-Wpedantic\x1b]8;;\x07\x1b[m\x1b[K]\n'}
[21.761280] (rplidar_ros) StderrLine: {'line': b'  324 |     sl_u8  payload[\x1b[01;35m\x1b[K0\x1b[m\x1b[K];\n'}
[21.761427] (rplidar_ros) StderrLine: {'line': b'      |                    \x1b[01;35m\x1b[K^\x1b[m\x1b[K\n'}
[21.767918] (rplidar_ros) StderrLine: {'line': b'\x1b[01m\x1b[K/home/hyun/Autonomous-Drone/src/rplidar_ros/sdk/src/sl_lidar_driver.cpp:\x1b[m\x1b[K In member function \xe2\x80\x98\x1b[01m\x1b[Kvirtual sl_result sl::SlamtecLidarDriver::\x1b[01;32m\x1b[Kreset\x1b[m\x1b[K(sl_u32)\x1b[m\x1b[K\xe2\x80\x99:\n'}
[21.769746] (rplidar_ros) StderrLine: {'line': b'\x1b[01m\x1b[K/home/hyun/Autonomous-Drone/src/rplidar_ros/sdk/src/sl_lidar_driver.cpp:511:32:\x1b[m\x1b[K \x1b[01;35m\x1b[Kwarning: \x1b[m\x1b[Kunused parameter \xe2\x80\x98\x1b[01m\x1b[KtimeoutInMs\x1b[m\x1b[K\xe2\x80\x99 [\x1b[01;35m\x1b[K\x1b]8;;https://gcc.gnu.org/onlinedocs/gcc/Warning-Options.html#index-Wunused-parameter\x07-Wunused-parameter\x1b]8;;\x07\x1b[m\x1b[K]\n'}
[21.769970] (rplidar_ros) StderrLine: {'line': b'  511 |     sl_result reset(\x1b[01;35m\x1b[Ksl_u32 timeoutInMs = DEFAULT_TIMEOUT\x1b[m\x1b[K)\n'}
[21.770102] (rplidar_ros) StderrLine: {'line': b'      |                     \x1b[01;35m\x1b[K~~~~~~~^~~~~~~~~~~~~~~~~~~~~~~~~~~~~\x1b[m\x1b[K\n'}
[21.770211] (rplidar_ros) StderrLine: {'line': b'\n'}
[21.780501] (rplidar_ros) StderrLine: {'line': b'\x1b[01m\x1b[K/home/hyun/Autonomous-Drone/src/rplidar_ros/sdk/src/sl_lidar_driver.cpp:\x1b[m\x1b[K In member function \xe2\x80\x98\x1b[01m\x1b[Kvirtual sl_result sl::SlamtecLidarDriver::\x1b[01;32m\x1b[KstartScan\x1b[m\x1b[K(bool, bool, sl_u32, sl::LidarScanMode*)\x1b[m\x1b[K\xe2\x80\x99:\n'}
[21.781008] (rplidar_ros) StderrLine: {'line': b'\x1b[01m\x1b[K/home/hyun/Autonomous-Drone/src/rplidar_ros/sdk/src/sl_lidar_driver.cpp:586:69:\x1b[m\x1b[K \x1b[01;35m\x1b[Kwarning: \x1b[m\x1b[Kunused parameter \xe2\x80\x98\x1b[01m\x1b[Koptions\x1b[m\x1b[K\xe2\x80\x99 [\x1b[01;35m\x1b[K\x1b]8;;https://gcc.gnu.org/onlinedocs/gcc/Warning-Options.html#index-Wunused-parameter\x07-Wunused-parameter\x1b]8;;\x07\x1b[m\x1b[K]\n'}
[21.781223] (rplidar_ros) StderrLine: {'line': b'  586 | ool useTypicalScan, \x1b[01;35m\x1b[Ksl_u32 options = 0\x1b[m\x1b[K, LidarScanMode* outUsedScanMode = nullptr)\n'}
[21.781348] (rplidar_ros) StderrLine: {'line': b'      |                     \x1b[01;35m\x1b[K~~~~~~~^~~~~~~~~~~\x1b[m\x1b[K\n'}
[21.781525] (rplidar_ros) StderrLine: {'line': b'\n'}
[21.783701] (rplidar_ros) StderrLine: {'line': b'\x1b[01m\x1b[K/home/hyun/Autonomous-Drone/src/rplidar_ros/sdk/src/sl_lidar_driver.cpp:\x1b[m\x1b[K In member function \xe2\x80\x98\x1b[01m\x1b[Kvirtual sl_result sl::SlamtecLidarDriver::\x1b[01;32m\x1b[Kstop\x1b[m\x1b[K(sl_u32)\x1b[m\x1b[K\xe2\x80\x99:\n'}
[21.784033] (rplidar_ros) StderrLine: {'line': b'\x1b[01m\x1b[K/home/hyun/Autonomous-Drone/src/rplidar_ros/sdk/src/sl_lidar_driver.cpp:763:31:\x1b[m\x1b[K \x1b[01;35m\x1b[Kwarning: \x1b[m\x1b[Kunused parameter \xe2\x80\x98\x1b[01m\x1b[Ktimeout\x1b[m\x1b[K\xe2\x80\x99 [\x1b[01;35m\x1b[K\x1b]8;;https://gcc.gnu.org/onlinedocs/gcc/Warning-Options.html#index-Wunused-parameter\x07-Wunused-parameter\x1b]8;;\x07\x1b[m\x1b[K]\n'}
[21.784174] (rplidar_ros) StderrLine: {'line': b'  763 |      sl_result stop(\x1b[01;35m\x1b[Ksl_u32 timeout = DEFAULT_TIMEOUT\x1b[m\x1b[K)\n'}
[21.784288] (rplidar_ros) StderrLine: {'line': b'      |                     \x1b[01;35m\x1b[K~~~~~~~^~~~~~~~~~~~~~~~~~~~~~~~~\x1b[m\x1b[K\n'}
[21.784436] (rplidar_ros) StderrLine: {'line': b'\n'}
[21.788407] (rplidar_ros) StderrLine: {'line': b'\x1b[01m\x1b[K/home/hyun/Autonomous-Drone/src/rplidar_ros/sdk/src/sl_lidar_driver.cpp:\x1b[m\x1b[K In member function \xe2\x80\x98\x1b[01m\x1b[Kvirtual sl_result sl::SlamtecLidarDriver::\x1b[01;32m\x1b[KgetFrequency\x1b[m\x1b[K(const sl::LidarScanMode&, const sl_lidar_response_measurement_node_hq_t*, size_t, float&)\x1b[m\x1b[K\xe2\x80\x99:\n'}
[21.791811] (rplidar_ros) StderrLine: {'line': b'\x1b[01m\x1b[K/home/hyun/Autonomous-Drone/src/rplidar_ros/sdk/src/sl_lidar_driver.cpp:880:110:\x1b[m\x1b[K \x1b[01;35m\x1b[Kwarning: \x1b[m\x1b[Kunused parameter \xe2\x80\x98\x1b[01m\x1b[Knodes\x1b[m\x1b[K\xe2\x80\x99 [\x1b[01;35m\x1b[K\x1b]8;;https://gcc.gnu.org/onlinedocs/gcc/Warning-Options.html#index-Wunused-parameter\x07-Wunused-parameter\x1b]8;;\x07\x1b[m\x1b[K]\n'}
[21.792012] (rplidar_ros) StderrLine: {'line': b'  880 | \x1b[01;35m\x1b[Knse_measurement_node_hq_t* nodes\x1b[m\x1b[K, size_t count, float& frequency)\n'}
[21.792192] (rplidar_ros) StderrLine: {'line': b'      | \x1b[01;35m\x1b[K~~~~~~~~~~~~~~~~~~~~~~~~~~~^~~~~\x1b[m\x1b[K\n'}
[21.792345] (rplidar_ros) StderrLine: {'line': b'\n'}
[21.794515] (rplidar_ros) StderrLine: {'line': b'\x1b[01m\x1b[K/home/hyun/Autonomous-Drone/src/rplidar_ros/sdk/src/sl_lidar_driver.cpp:\x1b[m\x1b[K In member function \xe2\x80\x98\x1b[01m\x1b[Kvirtual sl_result sl::SlamtecLidarDriver::\x1b[01;32m\x1b[KgetMotorInfo\x1b[m\x1b[K(sl::LidarMotorInfo&, sl_u32)\x1b[m\x1b[K\xe2\x80\x99:\n'}
[21.794892] (rplidar_ros) StderrLine: {'line': b'\x1b[01m\x1b[K/home/hyun/Autonomous-Drone/src/rplidar_ros/sdk/src/sl_lidar_driver.cpp:1023:66:\x1b[m\x1b[K \x1b[01;35m\x1b[Kwarning: \x1b[m\x1b[Kunused parameter \xe2\x80\x98\x1b[01m\x1b[KtimeoutInMs\x1b[m\x1b[K\xe2\x80\x99 [\x1b[01;35m\x1b[K\x1b]8;;https://gcc.gnu.org/onlinedocs/gcc/Warning-Options.html#index-Wunused-parameter\x07-Wunused-parameter\x1b]8;;\x07\x1b[m\x1b[K]\n'}
[21.795054] (rplidar_ros) StderrLine: {'line': b' 1023 | torInfo &motorInfo, \x1b[01;35m\x1b[Ksl_u32 timeoutInMs\x1b[m\x1b[K)\n'}
[21.795163] (rplidar_ros) StderrLine: {'line': b'      |                     \x1b[01;35m\x1b[K~~~~~~~^~~~~~~~~~~\x1b[m\x1b[K\n'}
[21.795265] (rplidar_ros) StderrLine: {'line': b'\n'}
[21.798927] (rplidar_ros) StderrLine: {'line': b'\x1b[01m\x1b[K/home/hyun/Autonomous-Drone/src/rplidar_ros/sdk/src/sl_lidar_driver.cpp:\x1b[m\x1b[K In member function \xe2\x80\x98\x1b[01m\x1b[Ku_result sl::SlamtecLidarDriver::\x1b[01;32m\x1b[KgetScanModeCount\x1b[m\x1b[K(sl_u16&, sl_u32)\x1b[m\x1b[K\xe2\x80\x99:\n'}
[21.799360] (rplidar_ros) StderrLine: {'line': b'\x1b[01m\x1b[K/home/hyun/Autonomous-Drone/src/rplidar_ros/sdk/src/sl_lidar_driver.cpp:1199:61:\x1b[m\x1b[K \x1b[01;35m\x1b[Kwarning: \x1b[m\x1b[Kunused parameter \xe2\x80\x98\x1b[01m\x1b[KtimeoutInMs\x1b[m\x1b[K\xe2\x80\x99 [\x1b[01;35m\x1b[K\x1b]8;;https://gcc.gnu.org/onlinedocs/gcc/Warning-Options.html#index-Wunused-parameter\x07-Wunused-parameter\x1b]8;;\x07\x1b[m\x1b[K]\n'}
[21.799573] (rplidar_ros) StderrLine: {'line': b' 1199 | (sl_u16& modeCount, \x1b[01;35m\x1b[Ksl_u32 timeoutInMs = DEFAULT_TIMEOUT\x1b[m\x1b[K)\n'}
[21.799761] (rplidar_ros) StderrLine: {'line': b'      |                     \x1b[01;35m\x1b[K~~~~~~~^~~~~~~~~~~~~~~~~~~~~~~~~~~~~\x1b[m\x1b[K\n'}
[21.799938] (rplidar_ros) StderrLine: {'line': b'\n'}
[21.855506] (-) TimerEvent: {}
[21.912997] (rplidar_ros) StderrLine: {'line': b'/home/hyun/Autonomous-Drone/src/rplidar_ros/sdk/src/sl_lidar_driver.cpp: In instantiation of \xe2\x80\x98\x1b[01m\x1b[Kvoid sl::RawSampleNodeHolder<T>::\x1b[01;32m\x1b[KpushNode\x1b[m\x1b[K(_u64, const T*) \x1b[35m\x1b[K[with T = sl_lidar_response_measurement_node_hq_t; _u64 = long unsigned int]\x1b[m\x1b[K\x1b[m\x1b[K\xe2\x80\x99:\n'}
[21.913519] (rplidar_ros) StderrLine: {'line': b'\x1b[01m\x1b[K/home/hyun/Autonomous-Drone/src/rplidar_ros/sdk/src/sl_lidar_driver.cpp:1648:42:\x1b[m\x1b[K   required from here\n'}
[21.913756] (rplidar_ros) StderrLine: {'line': b'\x1b[01m\x1b[K/home/hyun/Autonomous-Drone/src/rplidar_ros/sdk/src/sl_lidar_driver.cpp:202:28:\x1b[m\x1b[K \x1b[01;35m\x1b[Kwarning: \x1b[m\x1b[Kunused parameter \xe2\x80\x98\x1b[01m\x1b[Ktimestamp_uS\x1b[m\x1b[K\xe2\x80\x99 [\x1b[01;35m\x1b[K\x1b]8;;https://gcc.gnu.org/onlinedocs/gcc/Warning-Options.html#index-Wunused-parameter\x07-Wunused-parameter\x1b]8;;\x07\x1b[m\x1b[K]\n'}
[21.913969] (rplidar_ros) StderrLine: {'line': b'  202 |         void pushNode(\x1b[01;35m\x1b[K_u64 timestamp_uS\x1b[m\x1b[K, const T* node)\n'}
[21.914147] (rplidar_ros) StderrLine: {'line': b'      |                       \x1b[01;35m\x1b[K~~~~~^~~~~~~~~~~~\x1b[m\x1b[K\n'}
[21.957506] (-) TimerEvent: {}
[22.058071] (-) TimerEvent: {}
[22.093228] (rplidar_ros) StderrLine: {'line': b'In file included from \x1b[01m\x1b[K/home/hyun/Autonomous-Drone/src/rplidar_ros/sdk/src/sl_lidar_driver.cpp:50\x1b[m\x1b[K:\n'}
[22.093764] (rplidar_ros) StderrLine: {'line': b'\x1b[01m\x1b[K/home/hyun/Autonomous-Drone/src/rplidar_ros/sdk/src/dataunpacker/dataunpacker.h:\x1b[m\x1b[K In member function \xe2\x80\x98\x1b[01m\x1b[Kvirtual void sl::internal::LIDARSampleDataListener::\x1b[01;32m\x1b[KonCustomSampleDataDecoded\x1b[m\x1b[K(_u8, _u32, const void*, size_t)\x1b[m\x1b[K\xe2\x80\x99:\n'}
[22.094164] (rplidar_ros) StderrLine: {'line': b'\x1b[01m\x1b[K/home/hyun/Autonomous-Drone/src/rplidar_ros/sdk/src/dataunpacker/dataunpacker.h:54:52:\x1b[m\x1b[K \x1b[01;35m\x1b[Kwarning: \x1b[m\x1b[Kunused parameter \xe2\x80\x98\x1b[01m\x1b[KansType\x1b[m\x1b[K\xe2\x80\x99 [\x1b[01;35m\x1b[K\x1b]8;;https://gcc.gnu.org/onlinedocs/gcc/Warning-Options.html#index-Wunused-parameter\x07-Wunused-parameter\x1b]8;;\x07\x1b[m\x1b[K]\n'}
[22.097798] (rplidar_ros) StderrLine: {'line': b'   54 |         virtual void onCustomSampleDataDecoded(\x1b[01;35m\x1b[K_u8 ansType\x1b[m\x1b[K, _u32 customCode, const void* data, size_t size) {}\n'}
[22.098104] (rplidar_ros) StderrLine: {'line': b'      |                                                \x1b[01;35m\x1b[K~~~~^~~~~~~\x1b[m\x1b[K\n'}
[22.098312] (rplidar_ros) StderrLine: {'line': b'\x1b[01m\x1b[K/home/hyun/Autonomous-Drone/src/rplidar_ros/sdk/src/dataunpacker/dataunpacker.h:54:66:\x1b[m\x1b[K \x1b[01;35m\x1b[Kwarning: \x1b[m\x1b[Kunused parameter \xe2\x80\x98\x1b[01m\x1b[KcustomCode\x1b[m\x1b[K\xe2\x80\x99 [\x1b[01;35m\x1b[K\x1b]8;;https://gcc.gnu.org/onlinedocs/gcc/Warning-Options.html#index-Wunused-parameter\x07-Wunused-parameter\x1b]8;;\x07\x1b[m\x1b[K]\n'}
[22.098578] (rplidar_ros) StderrLine: {'line': b'   54 |         virtual void onCustomSampleDataDecoded(_u8 ansType, \x1b[01;35m\x1b[K_u32 customCode\x1b[m\x1b[K, const void* data, size_t size) {}\n'}
[22.098745] (rplidar_ros) StderrLine: {'line': b'      |                                                             \x1b[01;35m\x1b[K~~~~~^~~~~~~~~~\x1b[m\x1b[K\n'}
[22.098878] (rplidar_ros) StderrLine: {'line': b'\x1b[01m\x1b[K/home/hyun/Autonomous-Drone/src/rplidar_ros/sdk/src/dataunpacker/dataunpacker.h:54:90:\x1b[m\x1b[K \x1b[01;35m\x1b[Kwarning: \x1b[m\x1b[Kunused parameter \xe2\x80\x98\x1b[01m\x1b[Kdata\x1b[m\x1b[K\xe2\x80\x99 [\x1b[01;35m\x1b[K\x1b]8;;https://gcc.gnu.org/onlinedocs/gcc/Warning-Options.html#index-Wunused-parameter\x07-Wunused-parameter\x1b]8;;\x07\x1b[m\x1b[K]\n'}
[22.099034] (rplidar_ros) StderrLine: {'line': b'   54 |         virtual void onCustomSampleDataDecoded(_u8 ansType, _u32 customCode, \x1b[01;35m\x1b[Kconst void* data\x1b[m\x1b[K, size_t size) {}\n'}
[22.099159] (rplidar_ros) StderrLine: {'line': b'      |                                                                              \x1b[01;35m\x1b[K~~~~~~~~~~~~^~~~\x1b[m\x1b[K\n'}
[22.099280] (rplidar_ros) StderrLine: {'line': b'\x1b[01m\x1b[K/home/hyun/Autonomous-Drone/src/rplidar_ros/sdk/src/dataunpacker/dataunpacker.h:54:103:\x1b[m\x1b[K \x1b[01;35m\x1b[Kwarning: \x1b[m\x1b[Kunused parameter \xe2\x80\x98\x1b[01m\x1b[Ksize\x1b[m\x1b[K\xe2\x80\x99 [\x1b[01;35m\x1b[K\x1b]8;;https://gcc.gnu.org/onlinedocs/gcc/Warning-Options.html#index-Wunused-parameter\x07-Wunused-parameter\x1b]8;;\x07\x1b[m\x1b[K]\n'}
[22.104931] (rplidar_ros) StderrLine: {'line': b'   54 |         virtual void onCustomSampleDataDecoded(_u8 ansType, _u32 customCode, const void* data, \x1b[01;35m\x1b[Ksize_t size\x1b[m\x1b[K) {}\n'}
[22.105166] (rplidar_ros) StderrLine: {'line': b'      |                                                                                                \x1b[01;35m\x1b[K~~~~~~~^~~~\x1b[m\x1b[K\n'}
[22.105312] (rplidar_ros) StderrLine: {'line': b'\x1b[01m\x1b[K/home/hyun/Autonomous-Drone/src/rplidar_ros/sdk/src/dataunpacker/dataunpacker.h:\x1b[m\x1b[K In member function \xe2\x80\x98\x1b[01m\x1b[Kvirtual void sl::internal::LIDARSampleDataListener::\x1b[01;32m\x1b[KonDecodingError\x1b[m\x1b[K(int, _u8, const void*, size_t)\x1b[m\x1b[K\xe2\x80\x99:\n'}
[22.105517] (rplidar_ros) StderrLine: {'line': b'\x1b[01m\x1b[K/home/hyun/Autonomous-Drone/src/rplidar_ros/sdk/src/dataunpacker/dataunpacker.h:56:42:\x1b[m\x1b[K \x1b[01;35m\x1b[Kwarning: \x1b[m\x1b[Kunused parameter \xe2\x80\x98\x1b[01m\x1b[KerrMsg\x1b[m\x1b[K\xe2\x80\x99 [\x1b[01;35m\x1b[K\x1b]8;;https://gcc.gnu.org/onlinedocs/gcc/Warning-Options.html#index-Wunused-parameter\x07-Wunused-parameter\x1b]8;;\x07\x1b[m\x1b[K]\n'}
[22.105672] (rplidar_ros) StderrLine: {'line': b'   56 |         virtual void onDecodingError(\x1b[01;35m\x1b[Kint errMsg\x1b[m\x1b[K, _u8 ansType, const void* payload, size_t size) {}\n'}
[22.105809] (rplidar_ros) StderrLine: {'line': b'      |                                      \x1b[01;35m\x1b[K~~~~^~~~~~\x1b[m\x1b[K\n'}
[22.105941] (rplidar_ros) StderrLine: {'line': b'\x1b[01m\x1b[K/home/hyun/Autonomous-Drone/src/rplidar_ros/sdk/src/dataunpacker/dataunpacker.h:56:54:\x1b[m\x1b[K \x1b[01;35m\x1b[Kwarning: \x1b[m\x1b[Kunused parameter \xe2\x80\x98\x1b[01m\x1b[KansType\x1b[m\x1b[K\xe2\x80\x99 [\x1b[01;35m\x1b[K\x1b]8;;https://gcc.gnu.org/onlinedocs/gcc/Warning-Options.html#index-Wunused-parameter\x07-Wunused-parameter\x1b]8;;\x07\x1b[m\x1b[K]\n'}
[22.106080] (rplidar_ros) StderrLine: {'line': b'   56 |         virtual void onDecodingError(int errMsg, \x1b[01;35m\x1b[K_u8 ansType\x1b[m\x1b[K, const void* payload, size_t size) {}\n'}
[22.106220] (rplidar_ros) StderrLine: {'line': b'      |                                                  \x1b[01;35m\x1b[K~~~~^~~~~~~\x1b[m\x1b[K\n'}
[22.106355] (rplidar_ros) StderrLine: {'line': b'\x1b[01m\x1b[K/home/hyun/Autonomous-Drone/src/rplidar_ros/sdk/src/dataunpacker/dataunpacker.h:56:75:\x1b[m\x1b[K \x1b[01;35m\x1b[Kwarning: \x1b[m\x1b[Kunused parameter \xe2\x80\x98\x1b[01m\x1b[Kpayload\x1b[m\x1b[K\xe2\x80\x99 [\x1b[01;35m\x1b[K\x1b]8;;https://gcc.gnu.org/onlinedocs/gcc/Warning-Options.html#index-Wunused-parameter\x07-Wunused-parameter\x1b]8;;\x07\x1b[m\x1b[K]\n'}
[22.106612] (rplidar_ros) StderrLine: {'line': b'   56 |         virtual void onDecodingError(int errMsg, _u8 ansType, \x1b[01;35m\x1b[Kconst void* payload\x1b[m\x1b[K, size_t size) {}\n'}
[22.106812] (rplidar_ros) StderrLine: {'line': b'      |                                                               \x1b[01;35m\x1b[K~~~~~~~~~~~~^~~~~~~\x1b[m\x1b[K\n'}
[22.106968] (rplidar_ros) StderrLine: {'line': b'\x1b[01m\x1b[K/home/hyun/Autonomous-Drone/src/rplidar_ros/sdk/src/dataunpacker/dataunpacker.h:56:91:\x1b[m\x1b[K \x1b[01;35m\x1b[Kwarning: \x1b[m\x1b[Kunused parameter \xe2\x80\x98\x1b[01m\x1b[Ksize\x1b[m\x1b[K\xe2\x80\x99 [\x1b[01;35m\x1b[K\x1b]8;;https://gcc.gnu.org/onlinedocs/gcc/Warning-Options.html#index-Wunused-parameter\x07-Wunused-parameter\x1b]8;;\x07\x1b[m\x1b[K]\n'}
[22.107111] (rplidar_ros) StderrLine: {'line': b'   56 |         virtual void onDecodingError(int errMsg, _u8 ansType, const void* payload, \x1b[01;35m\x1b[Ksize_t size\x1b[m\x1b[K) {}\n'}
[22.107236] (rplidar_ros) StderrLine: {'line': b'      |                                                                                    \x1b[01;35m\x1b[K~~~~~~~^~~~\x1b[m\x1b[K\n'}
[22.116734] (rplidar_ros) StderrLine: {'line': b'In file included from \x1b[01m\x1b[K/home/hyun/Autonomous-Drone/src/rplidar_ros/sdk/src/sl_lidar_driver.cpp:51\x1b[m\x1b[K:\n'}
[22.117049] (rplidar_ros) StderrLine: {'line': b'\x1b[01m\x1b[K/home/hyun/Autonomous-Drone/src/rplidar_ros/sdk/src/sl_async_transceiver.h:\x1b[m\x1b[K In member function \xe2\x80\x98\x1b[01m\x1b[Kvirtual void sl::internal::IAsyncProtocolCodec::\x1b[01;32m\x1b[KonChannelError\x1b[m\x1b[K(u_result)\x1b[m\x1b[K\xe2\x80\x99:\n'}
[22.117194] (rplidar_ros) StderrLine: {'line': b'\x1b[01m\x1b[K/home/hyun/Autonomous-Drone/src/rplidar_ros/sdk/src/sl_async_transceiver.h:90:48:\x1b[m\x1b[K \x1b[01;35m\x1b[Kwarning: \x1b[m\x1b[Kunused parameter \xe2\x80\x98\x1b[01m\x1b[KerrCode\x1b[m\x1b[K\xe2\x80\x99 [\x1b[01;35m\x1b[K\x1b]8;;https://gcc.gnu.org/onlinedocs/gcc/Warning-Options.html#index-Wunused-parameter\x07-Wunused-parameter\x1b]8;;\x07\x1b[m\x1b[K]\n'}
[22.117324] (rplidar_ros) StderrLine: {'line': b'   90 |         virtual void   onChannelError(\x1b[01;35m\x1b[Ku_result errCode\x1b[m\x1b[K) {}\n'}
[22.117478] (rplidar_ros) StderrLine: {'line': b'      |                                       \x1b[01;35m\x1b[K~~~~~~~~~^~~~~~~\x1b[m\x1b[K\n'}
[22.158197] (-) TimerEvent: {}
[22.164864] (rplidar_ros) StderrLine: {'line': b'\x1b[01m\x1b[K/home/hyun/Autonomous-Drone/src/rplidar_ros/sdk/src/sl_lidar_driver.cpp:\x1b[m\x1b[K In member function \xe2\x80\x98\x1b[01m\x1b[Kvirtual sl_result sl::SlamtecLidarDriver::\x1b[01;32m\x1b[Kreset\x1b[m\x1b[K(sl_u32)\x1b[m\x1b[K\xe2\x80\x99:\n'}
[22.165217] (rplidar_ros) StderrLine: {'line': b'\x1b[01m\x1b[K/home/hyun/Autonomous-Drone/src/rplidar_ros/sdk/src/sl_lidar_driver.cpp:511:32:\x1b[m\x1b[K \x1b[01;35m\x1b[Kwarning: \x1b[m\x1b[Kunused parameter \xe2\x80\x98\x1b[01m\x1b[KtimeoutInMs\x1b[m\x1b[K\xe2\x80\x99 [\x1b[01;35m\x1b[K\x1b]8;;https://gcc.gnu.org/onlinedocs/gcc/Warning-Options.html#index-Wunused-parameter\x07-Wunused-parameter\x1b]8;;\x07\x1b[m\x1b[K]\n'}
[22.165450] (rplidar_ros) StderrLine: {'line': b'  511 |         sl_result reset(\x1b[01;35m\x1b[Ksl_u32 timeoutInMs = DEFAULT_TIMEOUT\x1b[m\x1b[K)\n'}
[22.165597] (rplidar_ros) StderrLine: {'line': b'      |                         \x1b[01;35m\x1b[K~~~~~~~^~~~~~~~~~~~~~~~~~~~~~~~~~~~~\x1b[m\x1b[K\n'}
[22.169502] (rplidar_ros) StderrLine: {'line': b'\x1b[01m\x1b[K/home/hyun/Autonomous-Drone/src/rplidar_ros/sdk/src/sl_lidar_driver.cpp:\x1b[m\x1b[K At global scope:\n'}
[22.169873] (rplidar_ros) StderrLine: {'line': b'\x1b[01m\x1b[K/home/hyun/Autonomous-Drone/src/rplidar_ros/sdk/src/sl_lidar_driver.cpp:83:17:\x1b[m\x1b[K \x1b[01;35m\x1b[Kwarning: \x1b[m\x1b[K\xe2\x80\x98\x1b[01m\x1b[Kvoid sl::\x1b[01;32m\x1b[Kconvert\x1b[m\x1b[K(const sl_lidar_response_measurement_node_hq_t&, sl_lidar_response_measurement_node_t&)\x1b[m\x1b[K\xe2\x80\x99 defined but not used [\x1b[01;35m\x1b[K\x1b]8;;https://gcc.gnu.org/onlinedocs/gcc/Warning-Options.html#index-Wunused-function\x07-Wunused-function\x1b]8;;\x07\x1b[m\x1b[K]\n'}
[22.170057] (rplidar_ros) StderrLine: {'line': b'   83 |     static void \x1b[01;35m\x1b[Kconvert\x1b[m\x1b[K(const sl_lidar_response_measurement_node_hq_t& from, sl_lidar_response_measurement_node_t& to)\n'}
[22.170177] (rplidar_ros) StderrLine: {'line': b'      |                 \x1b[01;35m\x1b[K^~~~~~~\x1b[m\x1b[K\n'}
[22.170287] (rplidar_ros) StderrLine: {'line': b'\x1b[01m\x1b[K/home/hyun/Autonomous-Drone/src/rplidar_ros/sdk/src/sl_lidar_driver.cpp:75:17:\x1b[m\x1b[K \x1b[01;35m\x1b[Kwarning: \x1b[m\x1b[K\xe2\x80\x98\x1b[01m\x1b[Kvoid sl::\x1b[01;32m\x1b[Kconvert\x1b[m\x1b[K(const sl_lidar_response_measurement_node_t&, sl_lidar_response_measurement_node_hq_t&)\x1b[m\x1b[K\xe2\x80\x99 defined but not used [\x1b[01;35m\x1b[K\x1b]8;;https://gcc.gnu.org/onlinedocs/gcc/Warning-Options.html#index-Wunused-function\x07-Wunused-function\x1b]8;;\x07\x1b[m\x1b[K]\n'}
[22.170455] (rplidar_ros) StderrLine: {'line': b'   75 |     static void \x1b[01;35m\x1b[Kconvert\x1b[m\x1b[K(const sl_lidar_response_measurement_node_t& from, sl_lidar_response_measurement_node_hq_t& to)\n'}
[22.170654] (rplidar_ros) StderrLine: {'line': b'      |                 \x1b[01;35m\x1b[K^~~~~~~\x1b[m\x1b[K\n'}
[22.170776] (rplidar_ros) StderrLine: {'line': b'\x1b[01m\x1b[K/home/hyun/Autonomous-Drone/src/rplidar_ros/sdk/src/sl_lidar_driver.cpp:70:17:\x1b[m\x1b[K \x1b[01;35m\x1b[Kwarning: \x1b[m\x1b[K\xe2\x80\x98\x1b[01m\x1b[Kvoid sl::\x1b[01;32m\x1b[KprintDeprecationWarn\x1b[m\x1b[K(const char*, const char*)\x1b[m\x1b[K\xe2\x80\x99 defined but not used [\x1b[01;35m\x1b[K\x1b]8;;https://gcc.gnu.org/onlinedocs/gcc/Warning-Options.html#index-Wunused-function\x07-Wunused-function\x1b]8;;\x07\x1b[m\x1b[K]\n'}
[22.170895] (rplidar_ros) StderrLine: {'line': b'   70 |     static void \x1b[01;35m\x1b[KprintDeprecationWarn\x1b[m\x1b[K(const char* fn, const char* replacement)\n'}
[22.171006] (rplidar_ros) StderrLine: {'line': b'      |                 \x1b[01;35m\x1b[K^~~~~~~~~~~~~~~~~~~~\x1b[m\x1b[K\n'}
[22.174602] (rplidar_ros) StderrLine: {'line': b'\x1b[01m\x1b[K/home/hyun/Autonomous-Drone/src/rplidar_ros/sdk/src/sl_lidar_driver.cpp:\x1b[m\x1b[K In member function \xe2\x80\x98\x1b[01m\x1b[Kvirtual sl_result sl::SlamtecLidarDriver::\x1b[01;32m\x1b[KstartScan\x1b[m\x1b[K(bool, bool, sl_u32, sl::LidarScanMode*)\x1b[m\x1b[K\xe2\x80\x99:\n'}
[22.174928] (rplidar_ros) StderrLine: {'line': b'\x1b[01m\x1b[K/home/hyun/Autonomous-Drone/src/rplidar_ros/sdk/src/sl_lidar_driver.cpp:586:69:\x1b[m\x1b[K \x1b[01;35m\x1b[Kwarning: \x1b[m\x1b[Kunused parameter \xe2\x80\x98\x1b[01m\x1b[Koptions\x1b[m\x1b[K\xe2\x80\x99 [\x1b[01;35m\x1b[K\x1b]8;;https://gcc.gnu.org/onlinedocs/gcc/Warning-Options.html#index-Wunused-parameter\x07-Wunused-parameter\x1b]8;;\x07\x1b[m\x1b[K]\n'}
[22.175071] (rplidar_ros) StderrLine: {'line': b'  586 |         sl_result startScan(bool force, bool useTypicalScan, \x1b[01;35m\x1b[Ksl_u32 options = 0\x1b[m\x1b[K, LidarScanMode* outUsedScanMode = nullptr)\n'}
[22.175176] (rplidar_ros) StderrLine: {'line': b'      |                                                              \x1b[01;35m\x1b[K~~~~~~~^~~~~~~~~~~\x1b[m\x1b[K\n'}
[22.175846] (rplidar_ros) StderrLine: {'line': b'\x1b[01m\x1b[K/home/hyun/Autonomous-Drone/src/rplidar_ros/sdk/src/sl_lidar_driver.cpp:\x1b[m\x1b[K In member function \xe2\x80\x98\x1b[01m\x1b[Kvirtual sl_result sl::SlamtecLidarDriver::\x1b[01;32m\x1b[Kstop\x1b[m\x1b[K(sl_u32)\x1b[m\x1b[K\xe2\x80\x99:\n'}
[22.176087] (rplidar_ros) StderrLine: {'line': b'\x1b[01m\x1b[K/home/hyun/Autonomous-Drone/src/rplidar_ros/sdk/src/sl_lidar_driver.cpp:763:31:\x1b[m\x1b[K \x1b[01;35m\x1b[Kwarning: \x1b[m\x1b[Kunused parameter \xe2\x80\x98\x1b[01m\x1b[Ktimeout\x1b[m\x1b[K\xe2\x80\x99 [\x1b[01;35m\x1b[K\x1b]8;;https://gcc.gnu.org/onlinedocs/gcc/Warning-Options.html#index-Wunused-parameter\x07-Wunused-parameter\x1b]8;;\x07\x1b[m\x1b[K]\n'}
[22.176240] (rplidar_ros) StderrLine: {'line': b'  763 |         sl_result stop(\x1b[01;35m\x1b[Ksl_u32 timeout = DEFAULT_TIMEOUT\x1b[m\x1b[K)\n'}
[22.176344] (rplidar_ros) StderrLine: {'line': b'      |                        \x1b[01;35m\x1b[K~~~~~~~^~~~~~~~~~~~~~~~~~~~~~~~~\x1b[m\x1b[K\n'}
[22.179429] (rplidar_ros) StderrLine: {'line': b'\x1b[01m\x1b[K/home/hyun/Autonomous-Drone/src/rplidar_ros/sdk/src/sl_lidar_driver.cpp:\x1b[m\x1b[K In member function \xe2\x80\x98\x1b[01m\x1b[Kvirtual sl_result sl::SlamtecLidarDriver::\x1b[01;32m\x1b[KgetFrequency\x1b[m\x1b[K(const sl::LidarScanMode&, const sl_lidar_response_measurement_node_hq_t*, size_t, float&)\x1b[m\x1b[K\xe2\x80\x99:\n'}
[22.179768] (rplidar_ros) StderrLine: {'line': b'\x1b[01m\x1b[K/home/hyun/Autonomous-Drone/src/rplidar_ros/sdk/src/sl_lidar_driver.cpp:880:110:\x1b[m\x1b[K \x1b[01;35m\x1b[Kwarning: \x1b[m\x1b[Kunused parameter \xe2\x80\x98\x1b[01m\x1b[Knodes\x1b[m\x1b[K\xe2\x80\x99 [\x1b[01;35m\x1b[K\x1b]8;;https://gcc.gnu.org/onlinedocs/gcc/Warning-Options.html#index-Wunused-parameter\x07-Wunused-parameter\x1b]8;;\x07\x1b[m\x1b[K]\n'}
[22.179945] (rplidar_ros) StderrLine: {'line': b'  880 |         sl_result getFrequency(const LidarScanMode& scanMode, \x1b[01;35m\x1b[Kconst sl_lidar_response_measurement_node_hq_t* nodes\x1b[m\x1b[K, size_t count, float& frequency)\n'}
[22.180102] (rplidar_ros) StderrLine: {'line': b'      |                                                               \x1b[01;35m\x1b[K~~~~~~~~~~~~~~~~~~~~~~~~~~~~~~~~~~~~~~~~~~~~~~~^~~~~\x1b[m\x1b[K\n'}
[22.183969] (rplidar_ros) StderrLine: {'line': b'\x1b[01m\x1b[K/home/hyun/Autonomous-Drone/src/rplidar_ros/sdk/src/sl_lidar_driver.cpp:\x1b[m\x1b[K In member function \xe2\x80\x98\x1b[01m\x1b[Kvirtual sl_result sl::SlamtecLidarDriver::\x1b[01;32m\x1b[KgetMotorInfo\x1b[m\x1b[K(sl::LidarMotorInfo&, sl_u32)\x1b[m\x1b[K\xe2\x80\x99:\n'}
[22.184299] (rplidar_ros) StderrLine: {'line': b'\x1b[01m\x1b[K/home/hyun/Autonomous-Drone/src/rplidar_ros/sdk/src/sl_lidar_driver.cpp:1023:66:\x1b[m\x1b[K \x1b[01;35m\x1b[Kwarning: \x1b[m\x1b[Kunused parameter \xe2\x80\x98\x1b[01m\x1b[KtimeoutInMs\x1b[m\x1b[K\xe2\x80\x99 [\x1b[01;35m\x1b[K\x1b]8;;https://gcc.gnu.org/onlinedocs/gcc/Warning-Options.html#index-Wunused-parameter\x07-Wunused-parameter\x1b]8;;\x07\x1b[m\x1b[K]\n'}
[22.184475] (rplidar_ros) StderrLine: {'line': b' 1023 |         sl_result getMotorInfo(LidarMotorInfo &motorInfo, \x1b[01;35m\x1b[Ksl_u32 timeoutInMs\x1b[m\x1b[K)\n'}
[22.184597] (rplidar_ros) StderrLine: {'line': b'      |                                                           \x1b[01;35m\x1b[K~~~~~~~^~~~~~~~~~~\x1b[m\x1b[K\n'}
[22.186218] (rplidar_ros) StderrLine: {'line': b'\x1b[01m\x1b[K/home/hyun/Autonomous-Drone/src/rplidar_ros/sdk/src/sl_lidar_driver.cpp:\x1b[m\x1b[K In member function \xe2\x80\x98\x1b[01m\x1b[Ku_result sl::SlamtecLidarDriver::\x1b[01;32m\x1b[KgetScanModeCount\x1b[m\x1b[K(sl_u16&, sl_u32)\x1b[m\x1b[K\xe2\x80\x99:\n'}
[22.186544] (rplidar_ros) StderrLine: {'line': b'\x1b[01m\x1b[K/home/hyun/Autonomous-Drone/src/rplidar_ros/sdk/src/sl_lidar_driver.cpp:1199:61:\x1b[m\x1b[K \x1b[01;35m\x1b[Kwarning: \x1b[m\x1b[Kunused parameter \xe2\x80\x98\x1b[01m\x1b[KtimeoutInMs\x1b[m\x1b[K\xe2\x80\x99 [\x1b[01;35m\x1b[K\x1b]8;;https://gcc.gnu.org/onlinedocs/gcc/Warning-Options.html#index-Wunused-parameter\x07-Wunused-parameter\x1b]8;;\x07\x1b[m\x1b[K]\n'}
[22.186698] (rplidar_ros) StderrLine: {'line': b' 1199 |         u_result getScanModeCount(sl_u16& modeCount, \x1b[01;35m\x1b[Ksl_u32 timeoutInMs = DEFAULT_TIMEOUT\x1b[m\x1b[K)\n'}
[22.186804] (rplidar_ros) StderrLine: {'line': b'      |                                                      \x1b[01;35m\x1b[K~~~~~~~^~~~~~~~~~~~~~~~~~~~~~~~~~~~~\x1b[m\x1b[K\n'}
[22.258393] (-) TimerEvent: {}
[22.281880] (rplidar_ros) StderrLine: {'line': b'/home/hyun/Autonomous-Drone/src/rplidar_ros/sdk/src/sl_lidar_driver.cpp: In instantiation of \xe2\x80\x98\x1b[01m\x1b[Kvoid sl::RawSampleNodeHolder<T>::\x1b[01;32m\x1b[KpushNode\x1b[m\x1b[K(_u64, const T*) \x1b[35m\x1b[K[with T = sl_lidar_response_measurement_node_hq_t; _u64 = long unsigned int]\x1b[m\x1b[K\x1b[m\x1b[K\xe2\x80\x99:\n'}
[22.282367] (rplidar_ros) StderrLine: {'line': b'\x1b[01m\x1b[K/home/hyun/Autonomous-Drone/src/rplidar_ros/sdk/src/sl_lidar_driver.cpp:1648:42:\x1b[m\x1b[K   required from here\n'}
[22.282616] (rplidar_ros) StderrLine: {'line': b'\x1b[01m\x1b[K/home/hyun/Autonomous-Drone/src/rplidar_ros/sdk/src/sl_lidar_driver.cpp:202:28:\x1b[m\x1b[K \x1b[01;35m\x1b[Kwarning: \x1b[m\x1b[Kunused parameter \xe2\x80\x98\x1b[01m\x1b[Ktimestamp_uS\x1b[m\x1b[K\xe2\x80\x99 [\x1b[01;35m\x1b[K\x1b]8;;https://gcc.gnu.org/onlinedocs/gcc/Warning-Options.html#index-Wunused-parameter\x07-Wunused-parameter\x1b]8;;\x07\x1b[m\x1b[K]\n'}
[22.282830] (rplidar_ros) StderrLine: {'line': b'  202 |         void pushNode(\x1b[01;35m\x1b[K_u64 timestamp_uS\x1b[m\x1b[K, const T* node)\n'}
[22.283008] (rplidar_ros) StderrLine: {'line': b'      |                       \x1b[01;35m\x1b[K~~~~~^~~~~~~~~~~~\x1b[m\x1b[K\n'}
[22.303495] (rplidar_ros) StdoutLine: {'line': b'[ 76%] Built target rplidar_client\n'}
[22.324481] (rplidar_ros) StdoutLine: {'line': b'[ 78%] \x1b[32mBuilding CXX object CMakeFiles/rplidar_composition.dir/sdk/src/sl_serial_channel.cpp.o\x1b[0m\n'}
[22.358502] (-) TimerEvent: {}
[22.459624] (-) TimerEvent: {}
[22.471898] (rplidar_ros) StderrLine: {'line': b'In file included from \x1b[01m\x1b[K/home/hyun/Autonomous-Drone/src/rplidar_ros/sdk/include/rplidar_protocol.h:36\x1b[m\x1b[K,\n'}
[22.472301] (rplidar_ros) StderrLine: {'line': b'                 from \x1b[01m\x1b[K/home/hyun/Autonomous-Drone/src/rplidar_ros/sdk/include/rplidar.h:39\x1b[m\x1b[K,\n'}
[22.472498] (rplidar_ros) StderrLine: {'line': b'                 from \x1b[01m\x1b[K/home/hyun/Autonomous-Drone/src/rplidar_ros/sdk/src/sdkcommon.h:49\x1b[m\x1b[K,\n'}
[22.472626] (rplidar_ros) StderrLine: {'line': b'                 from \x1b[01m\x1b[K/home/hyun/Autonomous-Drone/src/rplidar_ros/sdk/src/sl_lidarprotocol_codec.cpp:35\x1b[m\x1b[K:\n'}
[22.472733] (rplidar_ros) StderrLine: {'line': b'\x1b[01m\x1b[K/home/hyun/Autonomous-Drone/src/rplidar_ros/sdk/include/sl_lidar_protocol.h:66:16:\x1b[m\x1b[K \x1b[01;35m\x1b[Kwarning: \x1b[m\x1b[KISO C++ forbids zero-size array \xe2\x80\x98\x1b[01m\x1b[Kdata\x1b[m\x1b[K\xe2\x80\x99 [\x1b[01;35m\x1b[K\x1b]8;;https://gcc.gnu.org/onlinedocs/gcc/Warning-Options.html#index-Wpedantic\x07-Wpedantic\x1b]8;;\x07\x1b[m\x1b[K]\n'}
[22.472848] (rplidar_ros) StderrLine: {'line': b'   66 |     sl_u8 data[\x1b[01;35m\x1b[K0\x1b[m\x1b[K];\n'}
[22.475469] (rplidar_ros) StderrLine: {'line': b'      |                \x1b[01;35m\x1b[K^\x1b[m\x1b[K\n'}
[22.475847] (rplidar_ros) StderrLine: {'line': b'In file included from \x1b[01m\x1b[K/home/hyun/Autonomous-Drone/src/rplidar_ros/sdk/include/rplidar_cmd.h:36\x1b[m\x1b[K,\n'}
[22.476019] (rplidar_ros) StderrLine: {'line': b'                 from \x1b[01m\x1b[K/home/hyun/Autonomous-Drone/src/rplidar_ros/sdk/include/rplidar.h:40\x1b[m\x1b[K:\n'}
[22.476177] (rplidar_ros) StderrLine: {'line': b'\x1b[01m\x1b[K/home/hyun/Autonomous-Drone/src/rplidar_ros/sdk/include/sl_lidar_cmd.h:324:20:\x1b[m\x1b[K \x1b[01;35m\x1b[Kwarning: \x1b[m\x1b[KISO C++ forbids zero-size array \xe2\x80\x98\x1b[01m\x1b[Kpayload\x1b[m\x1b[K\xe2\x80\x99 [\x1b[01;35m\x1b[K\x1b]8;;https://gcc.gnu.org/onlinedocs/gcc/Warning-Options.html#index-Wpedantic\x07-Wpedantic\x1b]8;;\x07\x1b[m\x1b[K]\n'}
[22.476370] (rplidar_ros) StderrLine: {'line': b'  324 |     sl_u8  payload[\x1b[01;35m\x1b[K0\x1b[m\x1b[K];\n'}
[22.479490] (rplidar_ros) StderrLine: {'line': b'      |                    \x1b[01;35m\x1b[K^\x1b[m\x1b[K\n'}
[22.511321] (rplidar_ros) StderrLine: {'line': b'\x1b[01m\x1b[K/home/hyun/Autonomous-Drone/src/rplidar_ros/sdk/src/sl_lidar_driver.cpp:\x1b[m\x1b[K At global scope:\n'}
[22.511870] (rplidar_ros) StderrLine: {'line': b'\x1b[01m\x1b[K/home/hyun/Autonomous-Drone/src/rplidar_ros/sdk/src/sl_lidar_driver.cpp:83:17:\x1b[m\x1b[K \x1b[01;35m\x1b[Kwarning: \x1b[m\x1b[K\xe2\x80\x98\x1b[01m\x1b[Kvoid sl::\x1b[01;32m\x1b[Kconvert\x1b[m\x1b[K(const sl_lidar_response_measurement_node_hq_t&, sl_lidar_response_measurement_node_t&)\x1b[m\x1b[K\xe2\x80\x99 defined but not used [\x1b[01;35m\x1b[K\x1b]8;;https://gcc.gnu.org/onlinedocs/gcc/Warning-Options.html#index-Wunused-function\x07-Wunused-function\x1b]8;;\x07\x1b[m\x1b[K]\n'}
[22.512138] (rplidar_ros) StderrLine: {'line': b'   83 |     static void \x1b[01;35m\x1b[Kconvert\x1b[m\x1b[K(const sl_lidar_response_measurement_node_hq_t& from, sl_lidar_response_measurement_node_t& to)\n'}
[22.512351] (rplidar_ros) StderrLine: {'line': b'      |                 \x1b[01;35m\x1b[K^~~~~~~\x1b[m\x1b[K\n'}
[22.512584] (rplidar_ros) StderrLine: {'line': b'\x1b[01m\x1b[K/home/hyun/Autonomous-Drone/src/rplidar_ros/sdk/src/sl_lidar_driver.cpp:75:17:\x1b[m\x1b[K \x1b[01;35m\x1b[Kwarning: \x1b[m\x1b[K\xe2\x80\x98\x1b[01m\x1b[Kvoid sl::\x1b[01;32m\x1b[Kconvert\x1b[m\x1b[K(const sl_lidar_response_measurement_node_t&, sl_lidar_response_measurement_node_hq_t&)\x1b[m\x1b[K\xe2\x80\x99 defined but not used [\x1b[01;35m\x1b[K\x1b]8;;https://gcc.gnu.org/onlinedocs/gcc/Warning-Options.html#index-Wunused-function\x07-Wunused-function\x1b]8;;\x07\x1b[m\x1b[K]\n'}
[22.512727] (rplidar_ros) StderrLine: {'line': b'   75 |     static void \x1b[01;35m\x1b[Kconvert\x1b[m\x1b[K(const sl_lidar_response_measurement_node_t& from, sl_lidar_response_measurement_node_hq_t& to)\n'}
[22.512825] (rplidar_ros) StderrLine: {'line': b'      |                 \x1b[01;35m\x1b[K^~~~~~~\x1b[m\x1b[K\n'}
[22.512926] (rplidar_ros) StderrLine: {'line': b'\x1b[01m\x1b[K/home/hyun/Autonomous-Drone/src/rplidar_ros/sdk/src/sl_lidar_driver.cpp:70:17:\x1b[m\x1b[K \x1b[01;35m\x1b[Kwarning: \x1b[m\x1b[K\xe2\x80\x98\x1b[01m\x1b[Kvoid sl::\x1b[01;32m\x1b[KprintDeprecationWarn\x1b[m\x1b[K(const char*, const char*)\x1b[m\x1b[K\xe2\x80\x99 defined but not used [\x1b[01;35m\x1b[K\x1b]8;;https://gcc.gnu.org/onlinedocs/gcc/Warning-Options.html#index-Wunused-function\x07-Wunused-function\x1b]8;;\x07\x1b[m\x1b[K]\n'}
[22.513032] (rplidar_ros) StderrLine: {'line': b'   70 |     static void \x1b[01;35m\x1b[KprintDeprecationWarn\x1b[m\x1b[K(const char* fn, const char* replacement)\n'}
[22.513129] (rplidar_ros) StderrLine: {'line': b'      |                 \x1b[01;35m\x1b[K^~~~~~~~~~~~~~~~~~~~\x1b[m\x1b[K\n'}
[22.562498] (-) TimerEvent: {}
[22.663044] (-) TimerEvent: {}
[22.737893] (rplidar_ros) StderrLine: {'line': b'In file included from \x1b[01m\x1b[K/home/hyun/Autonomous-Drone/src/rplidar_ros/sdk/src/sl_lidarprotocol_codec.cpp:49\x1b[m\x1b[K:\n'}
[22.738785] (rplidar_ros) StderrLine: {'line': b'\x1b[01m\x1b[K/home/hyun/Autonomous-Drone/src/rplidar_ros/sdk/src/sl_async_transceiver.h:\x1b[m\x1b[K In member function \xe2\x80\x98\x1b[01m\x1b[Kvirtual void sl::internal::IAsyncProtocolCodec::\x1b[01;32m\x1b[KonChannelError\x1b[m\x1b[K(u_result)\x1b[m\x1b[K\xe2\x80\x99:\n'}
[22.738956] (rplidar_ros) StderrLine: {'line': b'\x1b[01m\x1b[K/home/hyun/Autonomous-Drone/src/rplidar_ros/sdk/src/sl_async_transceiver.h:90:48:\x1b[m\x1b[K \x1b[01;35m\x1b[Kwarning: \x1b[m\x1b[Kunused parameter \xe2\x80\x98\x1b[01m\x1b[KerrCode\x1b[m\x1b[K\xe2\x80\x99 [\x1b[01;35m\x1b[K\x1b]8;;https://gcc.gnu.org/onlinedocs/gcc/Warning-Options.html#index-Wunused-parameter\x07-Wunused-parameter\x1b]8;;\x07\x1b[m\x1b[K]\n'}
[22.739099] (rplidar_ros) StderrLine: {'line': b'   90 |         virtual void   onChannelError(\x1b[01;35m\x1b[Ku_result errCode\x1b[m\x1b[K) {}\n'}
[22.739238] (rplidar_ros) StderrLine: {'line': b'      |                                       \x1b[01;35m\x1b[K~~~~~~~~~^~~~~~~\x1b[m\x1b[K\n'}
[22.765500] (-) TimerEvent: {}
[22.866034] (-) TimerEvent: {}
[22.907206] (rplidar_ros) StderrLine: {'line': b'In file included from \x1b[01m\x1b[K/home/hyun/Autonomous-Drone/src/rplidar_ros/sdk/include/sl_lidar_cmd.h:41\x1b[m\x1b[K,\n'}
[22.907659] (rplidar_ros) StderrLine: {'line': b'                 from \x1b[01m\x1b[K/home/hyun/Autonomous-Drone/src/rplidar_ros/sdk/include/sl_lidar_driver.h:54\x1b[m\x1b[K,\n'}
[22.907821] (rplidar_ros) StderrLine: {'line': b'                 from \x1b[01m\x1b[K/home/hyun/Autonomous-Drone/src/rplidar_ros/sdk/src/sl_serial_channel.cpp:33\x1b[m\x1b[K:\n'}
[22.907929] (rplidar_ros) StderrLine: {'line': b'\x1b[01m\x1b[K/home/hyun/Autonomous-Drone/src/rplidar_ros/sdk/include/sl_lidar_protocol.h:66:16:\x1b[m\x1b[K \x1b[01;35m\x1b[Kwarning: \x1b[m\x1b[KISO C++ forbids zero-size array \xe2\x80\x98\x1b[01m\x1b[Kdata\x1b[m\x1b[K\xe2\x80\x99 [\x1b[01;35m\x1b[K\x1b]8;;https://gcc.gnu.org/onlinedocs/gcc/Warning-Options.html#index-Wpedantic\x07-Wpedantic\x1b]8;;\x07\x1b[m\x1b[K]\n'}
[22.908040] (rplidar_ros) StderrLine: {'line': b'   66 |     sl_u8 data[\x1b[01;35m\x1b[K0\x1b[m\x1b[K];\n'}
[22.908134] (rplidar_ros) StderrLine: {'line': b'      |                \x1b[01;35m\x1b[K^\x1b[m\x1b[K\n'}
[22.909601] (rplidar_ros) StderrLine: {'line': b'\x1b[01m\x1b[K/home/hyun/Autonomous-Drone/src/rplidar_ros/sdk/include/sl_lidar_cmd.h:324:20:\x1b[m\x1b[K \x1b[01;35m\x1b[Kwarning: \x1b[m\x1b[KISO C++ forbids zero-size array \xe2\x80\x98\x1b[01m\x1b[Kpayload\x1b[m\x1b[K\xe2\x80\x99 [\x1b[01;35m\x1b[K\x1b]8;;https://gcc.gnu.org/onlinedocs/gcc/Warning-Options.html#index-Wpedantic\x07-Wpedantic\x1b]8;;\x07\x1b[m\x1b[K]\n'}
[22.910227] (rplidar_ros) StderrLine: {'line': b'  324 |     sl_u8  payload[\x1b[01;35m\x1b[K0\x1b[m\x1b[K];\n'}
[22.910571] (rplidar_ros) StderrLine: {'line': b'      |                    \x1b[01;35m\x1b[K^\x1b[m\x1b[K\n'}
[22.966171] (-) TimerEvent: {}
[22.991529] (rplidar_ros) StdoutLine: {'line': b'[ 81%] \x1b[32mBuilding CXX object CMakeFiles/rplidar_composition.dir/sdk/src/sl_tcp_channel.cpp.o\x1b[0m\n'}
[23.044963] (rplidar_ros) StdoutLine: {'line': b'[ 84%] \x1b[32mBuilding CXX object CMakeFiles/rplidar_node.dir/sdk/src/sl_lidarprotocol_codec.cpp.o\x1b[0m\n'}
[23.060421] (rplidar_ros) StdoutLine: {'line': b'[ 86%] \x1b[32mBuilding CXX object CMakeFiles/rplidar_composition.dir/sdk/src/sl_udp_channel.cpp.o\x1b[0m\n'}
[23.067309] (-) TimerEvent: {}
[23.167829] (-) TimerEvent: {}
[23.268451] (-) TimerEvent: {}
[23.331444] (rplidar_ros) StdoutLine: {'line': b'[ 89%] \x1b[32mBuilding CXX object CMakeFiles/rplidar_node.dir/sdk/src/sl_serial_channel.cpp.o\x1b[0m\n'}
[23.368600] (-) TimerEvent: {}
[23.458585] (rplidar_ros) StderrLine: {'line': b'In file included from \x1b[01m\x1b[K/home/hyun/Autonomous-Drone/src/rplidar_ros/sdk/include/sl_lidar_cmd.h:41\x1b[m\x1b[K,\n'}
[23.458973] (rplidar_ros) StderrLine: {'line': b'                 from \x1b[01m\x1b[K/home/hyun/Autonomous-Drone/src/rplidar_ros/sdk/include/sl_lidar_driver.h:54\x1b[m\x1b[K,\n'}
[23.459102] (rplidar_ros) StderrLine: {'line': b'                 from \x1b[01m\x1b[K/home/hyun/Autonomous-Drone/src/rplidar_ros/sdk/src/sl_tcp_channel.cpp:33\x1b[m\x1b[K:\n'}
[23.459217] (rplidar_ros) StderrLine: {'line': b'\x1b[01m\x1b[K/home/hyun/Autonomous-Drone/src/rplidar_ros/sdk/include/sl_lidar_protocol.h:66:16:\x1b[m\x1b[K \x1b[01;35m\x1b[Kwarning: \x1b[m\x1b[KISO C++ forbids zero-size array \xe2\x80\x98\x1b[01m\x1b[Kdata\x1b[m\x1b[K\xe2\x80\x99 [\x1b[01;35m\x1b[K\x1b]8;;https://gcc.gnu.org/onlinedocs/gcc/Warning-Options.html#index-Wpedantic\x07-Wpedantic\x1b]8;;\x07\x1b[m\x1b[K]\n'}
[23.459348] (rplidar_ros) StderrLine: {'line': b'   66 |     sl_u8 data[\x1b[01;35m\x1b[K0\x1b[m\x1b[K];\n'}
[23.459481] (rplidar_ros) StderrLine: {'line': b'      |                \x1b[01;35m\x1b[K^\x1b[m\x1b[K\n'}
[23.460469] (rplidar_ros) StderrLine: {'line': b'\x1b[01m\x1b[K/home/hyun/Autonomous-Drone/src/rplidar_ros/sdk/include/sl_lidar_cmd.h:324:20:\x1b[m\x1b[K \x1b[01;35m\x1b[Kwarning: \x1b[m\x1b[KISO C++ forbids zero-size array \xe2\x80\x98\x1b[01m\x1b[Kpayload\x1b[m\x1b[K\xe2\x80\x99 [\x1b[01;35m\x1b[K\x1b]8;;https://gcc.gnu.org/onlinedocs/gcc/Warning-Options.html#index-Wpedantic\x07-Wpedantic\x1b]8;;\x07\x1b[m\x1b[K]\n'}
[23.460816] (rplidar_ros) StderrLine: {'line': b'  324 |     sl_u8  payload[\x1b[01;35m\x1b[K0\x1b[m\x1b[K];\n'}
[23.461018] (rplidar_ros) StderrLine: {'line': b'      |                    \x1b[01;35m\x1b[K^\x1b[m\x1b[K\n'}
[23.468195] (rplidar_ros) StderrLine: {'line': b'\x1b[01m\x1b[K/home/hyun/Autonomous-Drone/src/rplidar_ros/sdk/src/sl_tcp_channel.cpp:\x1b[m\x1b[K In member function \xe2\x80\x98\x1b[01m\x1b[Kvoid sl::TcpChannel::\x1b[01;32m\x1b[KsetStatus\x1b[m\x1b[K(_u32)\x1b[m\x1b[K\xe2\x80\x99:\n'}
[23.468624] (-) TimerEvent: {}
[23.469292] (rplidar_ros) StderrLine: {'line': b'\x1b[01m\x1b[K/home/hyun/Autonomous-Drone/src/rplidar_ros/sdk/src/sl_tcp_channel.cpp:109:29:\x1b[m\x1b[K \x1b[01;35m\x1b[Kwarning: \x1b[m\x1b[Kunused parameter \xe2\x80\x98\x1b[01m\x1b[Kflag\x1b[m\x1b[K\xe2\x80\x99 [\x1b[01;35m\x1b[K\x1b]8;;https://gcc.gnu.org/onlinedocs/gcc/Warning-Options.html#index-Wunused-parameter\x07-Wunused-parameter\x1b]8;;\x07\x1b[m\x1b[K]\n'}
[23.469754] (rplidar_ros) StderrLine: {'line': b'  109 |         void setStatus(\x1b[01;35m\x1b[K_u32 flag\x1b[m\x1b[K){}\n'}
[23.470087] (rplidar_ros) StderrLine: {'line': b'      |                        \x1b[01;35m\x1b[K~~~~~^~~~\x1b[m\x1b[K\n'}
[23.516629] (rplidar_ros) StderrLine: {'line': b'In file included from \x1b[01m\x1b[K/home/hyun/Autonomous-Drone/src/rplidar_ros/sdk/include/sl_lidar_cmd.h:41\x1b[m\x1b[K,\n'}
[23.518785] (rplidar_ros) StderrLine: {'line': b'                 from \x1b[01m\x1b[K/home/hyun/Autonomous-Drone/src/rplidar_ros/sdk/include/sl_lidar_driver.h:54\x1b[m\x1b[K,\n'}
[23.519023] (rplidar_ros) StderrLine: {'line': b'                 from \x1b[01m\x1b[K/home/hyun/Autonomous-Drone/src/rplidar_ros/sdk/src/sl_udp_channel.cpp:33\x1b[m\x1b[K:\n'}
[23.519182] (rplidar_ros) StderrLine: {'line': b'\x1b[01m\x1b[K/home/hyun/Autonomous-Drone/src/rplidar_ros/sdk/include/sl_lidar_protocol.h:66:16:\x1b[m\x1b[K \x1b[01;35m\x1b[Kwarning: \x1b[m\x1b[KISO C++ forbids zero-size array \xe2\x80\x98\x1b[01m\x1b[Kdata\x1b[m\x1b[K\xe2\x80\x99 [\x1b[01;35m\x1b[K\x1b]8;;https://gcc.gnu.org/onlinedocs/gcc/Warning-Options.html#index-Wpedantic\x07-Wpedantic\x1b]8;;\x07\x1b[m\x1b[K]\n'}
[23.519427] (rplidar_ros) StderrLine: {'line': b'   66 |     sl_u8 data[\x1b[01;35m\x1b[K0\x1b[m\x1b[K];\n'}
[23.519610] (rplidar_ros) StderrLine: {'line': b'      |                \x1b[01;35m\x1b[K^\x1b[m\x1b[K\n'}
[23.519729] (rplidar_ros) StderrLine: {'line': b'\x1b[01m\x1b[K/home/hyun/Autonomous-Drone/src/rplidar_ros/sdk/include/sl_lidar_cmd.h:324:20:\x1b[m\x1b[K \x1b[01;35m\x1b[Kwarning: \x1b[m\x1b[KISO C++ forbids zero-size array \xe2\x80\x98\x1b[01m\x1b[Kpayload\x1b[m\x1b[K\xe2\x80\x99 [\x1b[01;35m\x1b[K\x1b]8;;https://gcc.gnu.org/onlinedocs/gcc/Warning-Options.html#index-Wpedantic\x07-Wpedantic\x1b]8;;\x07\x1b[m\x1b[K]\n'}
[23.519861] (rplidar_ros) StderrLine: {'line': b'  324 |     sl_u8  payload[\x1b[01;35m\x1b[K0\x1b[m\x1b[K];\n'}
[23.519986] (rplidar_ros) StderrLine: {'line': b'      |                    \x1b[01;35m\x1b[K^\x1b[m\x1b[K\n'}
[23.528622] (rplidar_ros) StderrLine: {'line': b'\x1b[01m\x1b[K/home/hyun/Autonomous-Drone/src/rplidar_ros/sdk/src/sl_udp_channel.cpp:\x1b[m\x1b[K In member function \xe2\x80\x98\x1b[01m\x1b[Kvoid sl::UdpChannel::\x1b[01;32m\x1b[KsetStatus\x1b[m\x1b[K(_u32)\x1b[m\x1b[K\xe2\x80\x99:\n'}
[23.529058] (rplidar_ros) StderrLine: {'line': b'\x1b[01m\x1b[K/home/hyun/Autonomous-Drone/src/rplidar_ros/sdk/src/sl_udp_channel.cpp:112:29:\x1b[m\x1b[K \x1b[01;35m\x1b[Kwarning: \x1b[m\x1b[Kunused parameter \xe2\x80\x98\x1b[01m\x1b[Kflag\x1b[m\x1b[K\xe2\x80\x99 [\x1b[01;35m\x1b[K\x1b]8;;https://gcc.gnu.org/onlinedocs/gcc/Warning-Options.html#index-Wunused-parameter\x07-Wunused-parameter\x1b]8;;\x07\x1b[m\x1b[K]\n'}
[23.529254] (rplidar_ros) StderrLine: {'line': b'  112 |         void setStatus(\x1b[01;35m\x1b[K_u32 flag\x1b[m\x1b[K){}\n'}
[23.529462] (rplidar_ros) StderrLine: {'line': b'      |                        \x1b[01;35m\x1b[K~~~~~^~~~\x1b[m\x1b[K\n'}
[23.571524] (-) TimerEvent: {}
[23.601991] (rplidar_ros) StdoutLine: {'line': b'[ 92%] \x1b[32mBuilding CXX object CMakeFiles/rplidar_node.dir/sdk/src/sl_tcp_channel.cpp.o\x1b[0m\n'}
[23.657818] (rplidar_ros) StdoutLine: {'line': b'[ 94%] \x1b[32m\x1b[1mLinking CXX executable rplidar_composition\x1b[0m\n'}
[23.671878] (-) TimerEvent: {}
[23.773727] (-) TimerEvent: {}
[23.877822] (-) TimerEvent: {}
[23.971146] (rplidar_ros) StderrLine: {'line': b'In file included from \x1b[01m\x1b[K/home/hyun/Autonomous-Drone/src/rplidar_ros/sdk/include/sl_lidar_cmd.h:41\x1b[m\x1b[K,\n'}
[23.971658] (rplidar_ros) StderrLine: {'line': b'                 from \x1b[01m\x1b[K/home/hyun/Autonomous-Drone/src/rplidar_ros/sdk/include/sl_lidar_driver.h:54\x1b[m\x1b[K,\n'}
[23.971889] (rplidar_ros) StderrLine: {'line': b'                 from \x1b[01m\x1b[K/home/hyun/Autonomous-Drone/src/rplidar_ros/sdk/src/sl_serial_channel.cpp:33\x1b[m\x1b[K:\n'}
[23.972134] (rplidar_ros) StderrLine: {'line': b'\x1b[01m\x1b[K/home/hyun/Autonomous-Drone/src/rplidar_ros/sdk/include/sl_lidar_protocol.h:66:16:\x1b[m\x1b[K \x1b[01;35m\x1b[Kwarning: \x1b[m\x1b[KISO C++ forbids zero-size array \xe2\x80\x98\x1b[01m\x1b[Kdata\x1b[m\x1b[K\xe2\x80\x99 [\x1b[01;35m\x1b[K\x1b]8;;https://gcc.gnu.org/onlinedocs/gcc/Warning-Options.html#index-Wpedantic\x07-Wpedantic\x1b]8;;\x07\x1b[m\x1b[K]\n'}
[23.972391] (rplidar_ros) StderrLine: {'line': b'   66 |     sl_u8 data[\x1b[01;35m\x1b[K0\x1b[m\x1b[K];\n'}
[23.972631] (rplidar_ros) StderrLine: {'line': b'      |                \x1b[01;35m\x1b[K^\x1b[m\x1b[K\n'}
[23.972954] (rplidar_ros) StderrLine: {'line': b'\x1b[01m\x1b[K/home/hyun/Autonomous-Drone/src/rplidar_ros/sdk/include/sl_lidar_cmd.h:324:20:\x1b[m\x1b[K \x1b[01;35m\x1b[Kwarning: \x1b[m\x1b[KISO C++ forbids zero-size array \xe2\x80\x98\x1b[01m\x1b[Kpayload\x1b[m\x1b[K\xe2\x80\x99 [\x1b[01;35m\x1b[K\x1b]8;;https://gcc.gnu.org/onlinedocs/gcc/Warning-Options.html#index-Wpedantic\x07-Wpedantic\x1b]8;;\x07\x1b[m\x1b[K]\n'}
[23.973183] (rplidar_ros) StderrLine: {'line': b'  324 |     sl_u8  payload[\x1b[01;35m\x1b[K0\x1b[m\x1b[K];\n'}
[23.973359] (rplidar_ros) StderrLine: {'line': b'      |                    \x1b[01;35m\x1b[K^\x1b[m\x1b[K\n'}
[23.979515] (-) TimerEvent: {}
[24.080111] (-) TimerEvent: {}
[24.084932] (rplidar_ros) StderrLine: {'line': b'In file included from \x1b[01m\x1b[K/home/hyun/Autonomous-Drone/src/rplidar_ros/sdk/include/rplidar_protocol.h:36\x1b[m\x1b[K,\n'}
[24.085287] (rplidar_ros) StderrLine: {'line': b'                 from \x1b[01m\x1b[K/home/hyun/Autonomous-Drone/src/rplidar_ros/sdk/include/rplidar.h:39\x1b[m\x1b[K,\n'}
[24.085463] (rplidar_ros) StderrLine: {'line': b'                 from \x1b[01m\x1b[K/home/hyun/Autonomous-Drone/src/rplidar_ros/sdk/src/sdkcommon.h:49\x1b[m\x1b[K,\n'}
[24.085588] (rplidar_ros) StderrLine: {'line': b'                 from \x1b[01m\x1b[K/home/hyun/Autonomous-Drone/src/rplidar_ros/sdk/src/sl_lidarprotocol_codec.cpp:35\x1b[m\x1b[K:\n'}
[24.085682] (rplidar_ros) StderrLine: {'line': b'\x1b[01m\x1b[K/home/hyun/Autonomous-Drone/src/rplidar_ros/sdk/include/sl_lidar_protocol.h:66:16:\x1b[m\x1b[K \x1b[01;35m\x1b[Kwarning: \x1b[m\x1b[KISO C++ forbids zero-size array \xe2\x80\x98\x1b[01m\x1b[Kdata\x1b[m\x1b[K\xe2\x80\x99 [\x1b[01;35m\x1b[K\x1b]8;;https://gcc.gnu.org/onlinedocs/gcc/Warning-Options.html#index-Wpedantic\x07-Wpedantic\x1b]8;;\x07\x1b[m\x1b[K]\n'}
[24.085788] (rplidar_ros) StderrLine: {'line': b'   66 |     sl_u8 data[\x1b[01;35m\x1b[K0\x1b[m\x1b[K];\n'}
[24.085896] (rplidar_ros) StderrLine: {'line': b'      |                \x1b[01;35m\x1b[K^\x1b[m\x1b[K\n'}
[24.087496] (rplidar_ros) StderrLine: {'line': b'In file included from \x1b[01m\x1b[K/home/hyun/Autonomous-Drone/src/rplidar_ros/sdk/include/rplidar_cmd.h:36\x1b[m\x1b[K,\n'}
[24.088292] (rplidar_ros) StderrLine: {'line': b'                 from \x1b[01m\x1b[K/home/hyun/Autonomous-Drone/src/rplidar_ros/sdk/include/rplidar.h:40\x1b[m\x1b[K:\n'}
[24.088591] (rplidar_ros) StderrLine: {'line': b'\x1b[01m\x1b[K/home/hyun/Autonomous-Drone/src/rplidar_ros/sdk/include/sl_lidar_cmd.h:324:20:\x1b[m\x1b[K \x1b[01;35m\x1b[Kwarning: \x1b[m\x1b[KISO C++ forbids zero-size array \xe2\x80\x98\x1b[01m\x1b[Kpayload\x1b[m\x1b[K\xe2\x80\x99 [\x1b[01;35m\x1b[K\x1b]8;;https://gcc.gnu.org/onlinedocs/gcc/Warning-Options.html#index-Wpedantic\x07-Wpedantic\x1b]8;;\x07\x1b[m\x1b[K]\n'}
[24.088741] (rplidar_ros) StderrLine: {'line': b'  324 |     sl_u8  payload[\x1b[01;35m\x1b[K0\x1b[m\x1b[K];\n'}
[24.088907] (rplidar_ros) StderrLine: {'line': b'      |                    \x1b[01;35m\x1b[K^\x1b[m\x1b[K\n'}
[24.182490] (-) TimerEvent: {}
[24.209583] (rplidar_ros) StdoutLine: {'line': b'[ 97%] \x1b[32mBuilding CXX object CMakeFiles/rplidar_node.dir/sdk/src/sl_udp_channel.cpp.o\x1b[0m\n'}
[24.282638] (-) TimerEvent: {}
[24.352828] (rplidar_ros) StderrLine: {'line': b'In file included from \x1b[01m\x1b[K/home/hyun/Autonomous-Drone/src/rplidar_ros/sdk/include/sl_lidar_cmd.h:41\x1b[m\x1b[K,\n'}
[24.353256] (rplidar_ros) StderrLine: {'line': b'                 from \x1b[01m\x1b[K/home/hyun/Autonomous-Drone/src/rplidar_ros/sdk/include/sl_lidar_driver.h:54\x1b[m\x1b[K,\n'}
[24.353533] (rplidar_ros) StderrLine: {'line': b'                 from \x1b[01m\x1b[K/home/hyun/Autonomous-Drone/src/rplidar_ros/sdk/src/sl_tcp_channel.cpp:33\x1b[m\x1b[K:\n'}
[24.353721] (rplidar_ros) StderrLine: {'line': b'\x1b[01m\x1b[K/home/hyun/Autonomous-Drone/src/rplidar_ros/sdk/include/sl_lidar_protocol.h:66:16:\x1b[m\x1b[K \x1b[01;35m\x1b[Kwarning: \x1b[m\x1b[KISO C++ forbids zero-size array \xe2\x80\x98\x1b[01m\x1b[Kdata\x1b[m\x1b[K\xe2\x80\x99 [\x1b[01;35m\x1b[K\x1b]8;;https://gcc.gnu.org/onlinedocs/gcc/Warning-Options.html#index-Wpedantic\x07-Wpedantic\x1b]8;;\x07\x1b[m\x1b[K]\n'}
[24.353869] (rplidar_ros) StderrLine: {'line': b'   66 |     sl_u8 data[\x1b[01;35m\x1b[K0\x1b[m\x1b[K];\n'}
[24.354010] (rplidar_ros) StderrLine: {'line': b'      |                \x1b[01;35m\x1b[K^\x1b[m\x1b[K\n'}
[24.356477] (rplidar_ros) StderrLine: {'line': b'\x1b[01m\x1b[K/home/hyun/Autonomous-Drone/src/rplidar_ros/sdk/include/sl_lidar_cmd.h:324:20:\x1b[m\x1b[K \x1b[01;35m\x1b[Kwarning: \x1b[m\x1b[KISO C++ forbids zero-size array \xe2\x80\x98\x1b[01m\x1b[Kpayload\x1b[m\x1b[K\xe2\x80\x99 [\x1b[01;35m\x1b[K\x1b]8;;https://gcc.gnu.org/onlinedocs/gcc/Warning-Options.html#index-Wpedantic\x07-Wpedantic\x1b]8;;\x07\x1b[m\x1b[K]\n'}
[24.356864] (rplidar_ros) StderrLine: {'line': b'  324 |     sl_u8  payload[\x1b[01;35m\x1b[K0\x1b[m\x1b[K];\n'}
[24.357029] (rplidar_ros) StderrLine: {'line': b'      |                    \x1b[01;35m\x1b[K^\x1b[m\x1b[K\n'}
[24.368509] (rplidar_ros) StderrLine: {'line': b'\x1b[01m\x1b[K/home/hyun/Autonomous-Drone/src/rplidar_ros/sdk/src/sl_tcp_channel.cpp:\x1b[m\x1b[K In member function \xe2\x80\x98\x1b[01m\x1b[Kvoid sl::TcpChannel::\x1b[01;32m\x1b[KsetStatus\x1b[m\x1b[K(_u32)\x1b[m\x1b[K\xe2\x80\x99:\n'}
[24.368885] (rplidar_ros) StderrLine: {'line': b'\x1b[01m\x1b[K/home/hyun/Autonomous-Drone/src/rplidar_ros/sdk/src/sl_tcp_channel.cpp:109:29:\x1b[m\x1b[K \x1b[01;35m\x1b[Kwarning: \x1b[m\x1b[Kunused parameter \xe2\x80\x98\x1b[01m\x1b[Kflag\x1b[m\x1b[K\xe2\x80\x99 [\x1b[01;35m\x1b[K\x1b]8;;https://gcc.gnu.org/onlinedocs/gcc/Warning-Options.html#index-Wunused-parameter\x07-Wunused-parameter\x1b]8;;\x07\x1b[m\x1b[K]\n'}
[24.369133] (rplidar_ros) StderrLine: {'line': b'  109 |         void setStatus(\x1b[01;35m\x1b[K_u32 flag\x1b[m\x1b[K){}\n'}
[24.369335] (rplidar_ros) StderrLine: {'line': b'      |                        \x1b[01;35m\x1b[K~~~~~^~~~\x1b[m\x1b[K\n'}
[24.382774] (-) TimerEvent: {}
[24.385653] (rplidar_ros) StderrLine: {'line': b'In file included from \x1b[01m\x1b[K/home/hyun/Autonomous-Drone/src/rplidar_ros/sdk/src/sl_lidarprotocol_codec.cpp:49\x1b[m\x1b[K:\n'}
[24.386040] (rplidar_ros) StderrLine: {'line': b'\x1b[01m\x1b[K/home/hyun/Autonomous-Drone/src/rplidar_ros/sdk/src/sl_async_transceiver.h:\x1b[m\x1b[K In member function \xe2\x80\x98\x1b[01m\x1b[Kvirtual void sl::internal::IAsyncProtocolCodec::\x1b[01;32m\x1b[KonChannelError\x1b[m\x1b[K(u_result)\x1b[m\x1b[K\xe2\x80\x99:\n'}
[24.386206] (rplidar_ros) StderrLine: {'line': b'\x1b[01m\x1b[K/home/hyun/Autonomous-Drone/src/rplidar_ros/sdk/src/sl_async_transceiver.h:90:48:\x1b[m\x1b[K \x1b[01;35m\x1b[Kwarning: \x1b[m\x1b[Kunused parameter \xe2\x80\x98\x1b[01m\x1b[KerrCode\x1b[m\x1b[K\xe2\x80\x99 [\x1b[01;35m\x1b[K\x1b]8;;https://gcc.gnu.org/onlinedocs/gcc/Warning-Options.html#index-Wunused-parameter\x07-Wunused-parameter\x1b]8;;\x07\x1b[m\x1b[K]\n'}
[24.386444] (rplidar_ros) StderrLine: {'line': b'   90 |    onChannelError(\x1b[01;35m\x1b[Ku_result errCode\x1b[m\x1b[K) {}\n'}
[24.386812] (rplidar_ros) StderrLine: {'line': b'      |                   \x1b[01;35m\x1b[K~~~~~~~~~^~~~~~~\x1b[m\x1b[K\n'}
[24.387015] (rplidar_ros) StderrLine: {'line': b'\n'}
[24.482924] (-) TimerEvent: {}
[24.533098] (rplidar_ros) StdoutLine: {'line': b'[ 97%] Built target rplidar_composition\n'}
[24.583048] (-) TimerEvent: {}
[24.654614] (rplidar_ros) StderrLine: {'line': b'In file included from \x1b[01m\x1b[K/home/hyun/Autonomous-Drone/src/rplidar_ros/sdk/include/sl_lidar_cmd.h:41\x1b[m\x1b[K,\n'}
[24.654892] (rplidar_ros) StderrLine: {'line': b'                 from \x1b[01m\x1b[K/home/hyun/Autonomous-Drone/src/rplidar_ros/sdk/include/sl_lidar_driver.h:54\x1b[m\x1b[K,\n'}
[24.654989] (rplidar_ros) StderrLine: {'line': b'                 from \x1b[01m\x1b[K/home/hyun/Autonomous-Drone/src/rplidar_ros/sdk/src/sl_udp_channel.cpp:33\x1b[m\x1b[K:\n'}
[24.655105] (rplidar_ros) StderrLine: {'line': b'\x1b[01m\x1b[K/home/hyun/Autonomous-Drone/src/rplidar_ros/sdk/include/sl_lidar_protocol.h:66:16:\x1b[m\x1b[K \x1b[01;35m\x1b[Kwarning: \x1b[m\x1b[KISO C++ forbids zero-size array \xe2\x80\x98\x1b[01m\x1b[Kdata\x1b[m\x1b[K\xe2\x80\x99 [\x1b[01;35m\x1b[K\x1b]8;;https://gcc.gnu.org/onlinedocs/gcc/Warning-Options.html#index-Wpedantic\x07-Wpedantic\x1b]8;;\x07\x1b[m\x1b[K]\n'}
[24.655258] (rplidar_ros) StderrLine: {'line': b'   66 |     sl_u8 data[\x1b[01;35m\x1b[K0\x1b[m\x1b[K];\n'}
[24.655347] (rplidar_ros) StderrLine: {'line': b'      |                \x1b[01;35m\x1b[K^\x1b[m\x1b[K\n'}
[24.655457] (rplidar_ros) StderrLine: {'line': b'\x1b[01m\x1b[K/home/hyun/Autonomous-Drone/src/rplidar_ros/sdk/include/sl_lidar_cmd.h:324:20:\x1b[m\x1b[K \x1b[01;35m\x1b[Kwarning: \x1b[m\x1b[KISO C++ forbids zero-size array \xe2\x80\x98\x1b[01m\x1b[Kpayload\x1b[m\x1b[K\xe2\x80\x99 [\x1b[01;35m\x1b[K\x1b]8;;https://gcc.gnu.org/onlinedocs/gcc/Warning-Options.html#index-Wpedantic\x07-Wpedantic\x1b]8;;\x07\x1b[m\x1b[K]\n'}
[24.655552] (rplidar_ros) StderrLine: {'line': b'  324 |     sl_u8  payload[\x1b[01;35m\x1b[K0\x1b[m\x1b[K];\n'}
[24.655635] (rplidar_ros) StderrLine: {'line': b'      |                    \x1b[01;35m\x1b[K^\x1b[m\x1b[K\n'}
[24.660638] (rplidar_ros) StderrLine: {'line': b'\x1b[01m\x1b[K/home/hyun/Autonomous-Drone/src/rplidar_ros/sdk/src/sl_udp_channel.cpp:\x1b[m\x1b[K In member function \xe2\x80\x98\x1b[01m\x1b[Kvoid sl::UdpChannel::\x1b[01;32m\x1b[KsetStatus\x1b[m\x1b[K(_u32)\x1b[m\x1b[K\xe2\x80\x99:\n'}
[24.660906] (rplidar_ros) StderrLine: {'line': b'\x1b[01m\x1b[K/home/hyun/Autonomous-Drone/src/rplidar_ros/sdk/src/sl_udp_channel.cpp:112:29:\x1b[m\x1b[K \x1b[01;35m\x1b[Kwarning: \x1b[m\x1b[Kunused parameter \xe2\x80\x98\x1b[01m\x1b[Kflag\x1b[m\x1b[K\xe2\x80\x99 [\x1b[01;35m\x1b[K\x1b]8;;https://gcc.gnu.org/onlinedocs/gcc/Warning-Options.html#index-Wunused-parameter\x07-Wunused-parameter\x1b]8;;\x07\x1b[m\x1b[K]\n'}
[24.661019] (rplidar_ros) StderrLine: {'line': b'  112 |         void setStatus(\x1b[01;35m\x1b[K_u32 flag\x1b[m\x1b[K){}\n'}
[24.661108] (rplidar_ros) StderrLine: {'line': b'      |                        \x1b[01;35m\x1b[K~~~~~^~~~\x1b[m\x1b[K\n'}
[24.683162] (-) TimerEvent: {}
[24.743022] (rplidar_ros) StdoutLine: {'line': b'[100%] \x1b[32m\x1b[1mLinking CXX executable rplidar_node\x1b[0m\n'}
[24.783319] (-) TimerEvent: {}
[24.883816] (-) TimerEvent: {}
[24.984555] (-) TimerEvent: {}
[25.085489] (-) TimerEvent: {}
[25.186031] (-) TimerEvent: {}
[25.286459] (-) TimerEvent: {}
[25.297106] (rplidar_ros) StdoutLine: {'line': b'[100%] Built target rplidar_node\n'}
[25.320944] (rplidar_ros) CommandEnded: {'returncode': 0}
[25.321695] (rplidar_ros) JobProgress: {'identifier': 'rplidar_ros', 'progress': 'install'}
[25.338581] (rplidar_ros) Command: {'cmd': ['/usr/bin/cmake', '--install', '/home/hyun/Autonomous-Drone/build/rplidar_ros'], 'cwd': '/home/hyun/Autonomous-Drone/build/rplidar_ros', 'env': OrderedDict({'LESSOPEN': '| /usr/bin/lesspipe %s', 'USER': 'hyun', 'SSH_CLIENT': '192.168.1.87 62329 22', 'XDG_SESSION_TYPE': 'tty', 'GIT_ASKPASS': '/home/hyun/.vscode-server/cli/servers/Stable-994fd12f8d3a5aa16f17d42c041e5809167e845a/server/extensions/git/dist/askpass.sh', 'SHLVL': '1', 'LD_LIBRARY_PATH': '/opt/ros/jazzy/opt/zenoh_cpp_vendor/lib:/opt/ros/jazzy/opt/rviz_ogre_vendor/lib:/opt/ros/jazzy/lib/aarch64-linux-gnu:/opt/ros/jazzy/opt/gz_math_vendor/lib:/opt/ros/jazzy/opt/gz_utils_vendor/lib:/opt/ros/jazzy/opt/gz_cmake_vendor/lib:/opt/ros/jazzy/lib', 'BROWSER': '/home/hyun/.vscode-server/cli/servers/Stable-994fd12f8d3a5aa16f17d42c041e5809167e845a/server/bin/helpers/browser.sh', 'HOME': '/home/hyun', 'CYCLONEDDS_URI': '<CycloneDDS><Domain id="3"><General><Interfaces><NetworkInterface name="wlan0"/></Interfaces><AllowMulticast>false</AllowMulticast></General><Discovery><Peers><Peer address="127.0.0.1"/><Peer address="192.168.1.87"/></Peers></Discovery></Domain></CycloneDDS>', 'OLDPWD': '/home/hyun/Autonomous-Drone/src', 'TERM_PROGRAM_VERSION': '1.107.1', 'VSCODE_IPC_HOOK_CLI': '/run/user/1000/vscode-ipc-6e9ff804-c59c-4095-a4e0-cfb5f50f4009.sock', 'ROS_PYTHON_VERSION': '3', 'VSCODE_GIT_ASKPASS_MAIN': '/home/hyun/.vscode-server/cli/servers/Stable-994fd12f8d3a5aa16f17d42c041e5809167e845a/server/extensions/git/dist/askpass-main.js', 'VSCODE_GIT_ASKPASS_NODE': '/home/hyun/.vscode-server/cli/servers/Stable-994fd12f8d3a5aa16f17d42c041e5809167e845a/server/node', 'SSL_CERT_FILE': '/usr/lib/ssl/cert.pem', 'VSCODE_PYTHON_AUTOACTIVATE_GUARD': '1', 'DBUS_SESSION_BUS_ADDRESS': 'unix:path=/run/user/1000/bus', 'COLORTERM': 'truecolor', 'COLCON_PREFIX_PATH': '/home/hyun/ros2_ws/install', 'ROS_DISTRO': 'jazzy', 'LOGNAME': 'hyun', '_': '/usr/bin/colcon', 'ROS_VERSION': '2', 'XDG_SESSION_CLASS': 'user', 'TERM': 'xterm-256color', 'XDG_SESSION_ID': '15', 'PATH': '/home/hyun/.vscode-server/data/User/globalStorage/github.copilot-chat/debugCommand:/home/hyun/.vscode-server/data/User/globalStorage/github.copilot-chat/copilotCli:/home/hyun/.vscode-server/cli/servers/Stable-994fd12f8d3a5aa16f17d42c041e5809167e845a/server/bin/remote-cli:/opt/ros/jazzy/bin:/usr/local/sbin:/usr/local/bin:/usr/sbin:/usr/bin:/sbin:/bin:/usr/games:/usr/local/games:/snap/bin', 'XDG_RUNTIME_DIR': '/run/user/1000', 'SSL_CERT_DIR': '/usr/lib/ssl/certs', 'LANG': 'en_US.UTF-8', 'RMW_IMPLEMENTATION': 'rmw_cyclonedds_cpp', 'LS_COLORS': 'rs=0:di=01;34:ln=01;36:mh=00:pi=40;33:so=01;35:do=01;35:bd=40;33;01:cd=40;33;01:or=40;31;01:mi=00:su=37;41:sg=30;43:ca=00:tw=30;42:ow=34;42:st=37;44:ex=01;32:*.tar=01;31:*.tgz=01;31:*.arc=01;31:*.arj=01;31:*.taz=01;31:*.lha=01;31:*.lz4=01;31:*.lzh=01;31:*.lzma=01;31:*.tlz=01;31:*.txz=01;31:*.tzo=01;31:*.t7z=01;31:*.zip=01;31:*.z=01;31:*.dz=01;31:*.gz=01;31:*.lrz=01;31:*.lz=01;31:*.lzo=01;31:*.xz=01;31:*.zst=01;31:*.tzst=01;31:*.bz2=01;31:*.bz=01;31:*.tbz=01;31:*.tbz2=01;31:*.tz=01;31:*.deb=01;31:*.rpm=01;31:*.jar=01;31:*.war=01;31:*.ear=01;31:*.sar=01;31:*.rar=01;31:*.alz=01;31:*.ace=01;31:*.zoo=01;31:*.cpio=01;31:*.7z=01;31:*.rz=01;31:*.cab=01;31:*.wim=01;31:*.swm=01;31:*.dwm=01;31:*.esd=01;31:*.avif=01;35:*.jpg=01;35:*.jpeg=01;35:*.mjpg=01;35:*.mjpeg=01;35:*.gif=01;35:*.bmp=01;35:*.pbm=01;35:*.pgm=01;35:*.ppm=01;35:*.tga=01;35:*.xbm=01;35:*.xpm=01;35:*.tif=01;35:*.tiff=01;35:*.png=01;35:*.svg=01;35:*.svgz=01;35:*.mng=01;35:*.pcx=01;35:*.mov=01;35:*.mpg=01;35:*.mpeg=01;35:*.m2v=01;35:*.mkv=01;35:*.webm=01;35:*.webp=01;35:*.ogm=01;35:*.mp4=01;35:*.m4v=01;35:*.mp4v=01;35:*.vob=01;35:*.qt=01;35:*.nuv=01;35:*.wmv=01;35:*.asf=01;35:*.rm=01;35:*.rmvb=01;35:*.flc=01;35:*.avi=01;35:*.fli=01;35:*.flv=01;35:*.gl=01;35:*.dl=01;35:*.xcf=01;35:*.xwd=01;35:*.yuv=01;35:*.cgm=01;35:*.emf=01;35:*.ogv=01;35:*.ogx=01;35:*.aac=00;36:*.au=00;36:*.flac=00;36:*.m4a=00;36:*.mid=00;36:*.midi=00;36:*.mka=00;36:*.mp3=00;36:*.mpc=00;36:*.ogg=00;36:*.ra=00;36:*.wav=00;36:*.oga=00;36:*.opus=00;36:*.spx=00;36:*.xspf=00;36:*~=00;90:*#=00;90:*.bak=00;90:*.crdownload=00;90:*.dpkg-dist=00;90:*.dpkg-new=00;90:*.dpkg-old=00;90:*.dpkg-tmp=00;90:*.old=00;90:*.orig=00;90:*.part=00;90:*.rej=00;90:*.rpmnew=00;90:*.rpmorig=00;90:*.rpmsave=00;90:*.swp=00;90:*.tmp=00;90:*.ucf-dist=00;90:*.ucf-new=00;90:*.ucf-old=00;90:', 'VSCODE_GIT_IPC_HANDLE': '/run/user/1000/vscode-git-9471b07330.sock', 'TERM_PROGRAM': 'vscode', 'ROS_DOMAIN_ID': '3', 'AMENT_PREFIX_PATH': '/home/hyun/ros2_ws/install/rplidar_ros:/opt/ros/jazzy', 'SHELL': '/bin/bash', 'LESSCLOSE': '/usr/bin/lesspipe %s %s', 'ROS_AUTOMATIC_DISCOVERY_RANGE': 'SUBNET', 'VSCODE_GIT_ASKPASS_EXTRA_ARGS': '', 'PWD': '/home/hyun/Autonomous-Drone/build/rplidar_ros', 'LC_ALL': 'en_US.UTF-8', 'SSH_CONNECTION': '192.168.1.87 62329 192.168.1.90 22', 'XDG_DATA_DIRS': '/usr/local/share:/usr/share:/var/lib/snapd/desktop', 'PYTHONPATH': '/opt/ros/jazzy/lib/python3.12/site-packages', 'COLCON': '1', 'CMAKE_PREFIX_PATH': '/home/hyun/ros2_ws/install/rplidar_ros:/opt/ros/jazzy/opt/gz_math_vendor:/opt/ros/jazzy/opt/gz_utils_vendor:/opt/ros/jazzy/opt/gz_cmake_vendor:/opt/ros/jazzy'}), 'shell': False}
[25.353292] (rplidar_ros) StdoutLine: {'line': b'-- Install configuration: ""\n'}
[25.354002] (rplidar_ros) StdoutLine: {'line': b'-- Execute custom install script\n'}
[25.354949] (rplidar_ros) StdoutLine: {'line': b'-- Symlinking: /home/hyun/Autonomous-Drone/install/rplidar_ros/share/rplidar_ros/launch/rplidar_a1_launch.py\n'}
[25.372337] (rplidar_ros) StdoutLine: {'line': b'-- Symlinking: /home/hyun/Autonomous-Drone/install/rplidar_ros/share/rplidar_ros/launch/rplidar_a2m12_launch.py\n'}
[25.386544] (-) TimerEvent: {}
[25.388825] (rplidar_ros) StdoutLine: {'line': b'-- Symlinking: /home/hyun/Autonomous-Drone/install/rplidar_ros/share/rplidar_ros/launch/rplidar_a2m7_launch.py\n'}
[25.405621] (rplidar_ros) StdoutLine: {'line': b'-- Symlinking: /home/hyun/Autonomous-Drone/install/rplidar_ros/share/rplidar_ros/launch/rplidar_a2m8_launch.py\n'}
[25.422104] (rplidar_ros) StdoutLine: {'line': b'-- Symlinking: /home/hyun/Autonomous-Drone/install/rplidar_ros/share/rplidar_ros/launch/rplidar_a3_launch.py\n'}
[25.439004] (rplidar_ros) StdoutLine: {'line': b'-- Symlinking: /home/hyun/Autonomous-Drone/install/rplidar_ros/share/rplidar_ros/launch/rplidar_c1_launch.py\n'}
[25.455382] (rplidar_ros) StdoutLine: {'line': b'-- Symlinking: /home/hyun/Autonomous-Drone/install/rplidar_ros/share/rplidar_ros/launch/rplidar_s1_launch.py\n'}
[25.471633] (rplidar_ros) StdoutLine: {'line': b'-- Symlinking: /home/hyun/Autonomous-Drone/install/rplidar_ros/share/rplidar_ros/launch/rplidar_s1_tcp_launch.py\n'}
[25.486627] (-) TimerEvent: {}
[25.488726] (rplidar_ros) StdoutLine: {'line': b'-- Symlinking: /home/hyun/Autonomous-Drone/install/rplidar_ros/share/rplidar_ros/launch/rplidar_s2_launch.py\n'}
[25.505420] (rplidar_ros) StdoutLine: {'line': b'-- Symlinking: /home/hyun/Autonomous-Drone/install/rplidar_ros/share/rplidar_ros/launch/rplidar_s2e_launch.py\n'}
[25.522021] (rplidar_ros) StdoutLine: {'line': b'-- Symlinking: /home/hyun/Autonomous-Drone/install/rplidar_ros/share/rplidar_ros/launch/rplidar_s3_launch.py\n'}
[25.539122] (rplidar_ros) StdoutLine: {'line': b'-- Symlinking: /home/hyun/Autonomous-Drone/install/rplidar_ros/share/rplidar_ros/launch/rplidar_t1_launch.py\n'}
[25.555291] (rplidar_ros) StdoutLine: {'line': b'-- Symlinking: /home/hyun/Autonomous-Drone/install/rplidar_ros/share/rplidar_ros/launch/view_rplidar_a1_launch.py\n'}
[25.572723] (rplidar_ros) StdoutLine: {'line': b'-- Symlinking: /home/hyun/Autonomous-Drone/install/rplidar_ros/share/rplidar_ros/launch/view_rplidar_a2m12_launch.py\n'}
[25.586724] (-) TimerEvent: {}
[25.590218] (rplidar_ros) StdoutLine: {'line': b'-- Symlinking: /home/hyun/Autonomous-Drone/install/rplidar_ros/share/rplidar_ros/launch/view_rplidar_a2m7_launch.py\n'}
[25.607296] (rplidar_ros) StdoutLine: {'line': b'-- Symlinking: /home/hyun/Autonomous-Drone/install/rplidar_ros/share/rplidar_ros/launch/view_rplidar_a2m8_launch.py\n'}
[25.625114] (rplidar_ros) StdoutLine: {'line': b'-- Symlinking: /home/hyun/Autonomous-Drone/install/rplidar_ros/share/rplidar_ros/launch/view_rplidar_a3_launch.py\n'}
[25.642500] (rplidar_ros) StdoutLine: {'line': b'-- Symlinking: /home/hyun/Autonomous-Drone/install/rplidar_ros/share/rplidar_ros/launch/view_rplidar_c1_launch.py\n'}
[25.659357] (rplidar_ros) StdoutLine: {'line': b'-- Symlinking: /home/hyun/Autonomous-Drone/install/rplidar_ros/share/rplidar_ros/launch/view_rplidar_s1_launch.py\n'}
[25.675800] (rplidar_ros) StdoutLine: {'line': b'-- Symlinking: /home/hyun/Autonomous-Drone/install/rplidar_ros/share/rplidar_ros/launch/view_rplidar_s1_tcp_launch.py\n'}
[25.686811] (-) TimerEvent: {}
[25.692597] (rplidar_ros) StdoutLine: {'line': b'-- Symlinking: /home/hyun/Autonomous-Drone/install/rplidar_ros/share/rplidar_ros/launch/view_rplidar_s2_launch.py\n'}
[25.709145] (rplidar_ros) StdoutLine: {'line': b'-- Symlinking: /home/hyun/Autonomous-Drone/install/rplidar_ros/share/rplidar_ros/launch/view_rplidar_s2e_launch.py\n'}
[25.727049] (rplidar_ros) StdoutLine: {'line': b'-- Symlinking: /home/hyun/Autonomous-Drone/install/rplidar_ros/share/rplidar_ros/launch/view_rplidar_s3_launch.py\n'}
[25.744316] (rplidar_ros) StdoutLine: {'line': b'-- Symlinking: /home/hyun/Autonomous-Drone/install/rplidar_ros/share/rplidar_ros/launch/view_rplidar_t1_launch.py\n'}
[25.762056] (rplidar_ros) StdoutLine: {'line': b'-- Symlinking: /home/hyun/Autonomous-Drone/install/rplidar_ros/share/rplidar_ros/rviz/rplidar_ros.rviz\n'}
[25.779329] (rplidar_ros) StdoutLine: {'line': b'-- Symlinking: /home/hyun/Autonomous-Drone/install/rplidar_ros/lib/rplidar_ros/rplidar_node\n'}
[25.786892] (-) TimerEvent: {}
[25.795962] (rplidar_ros) StdoutLine: {'line': b'-- Symlinking: /home/hyun/Autonomous-Drone/install/rplidar_ros/lib/rplidar_ros/rplidar_composition\n'}
[25.813781] (rplidar_ros) StdoutLine: {'line': b'-- Symlinking: /home/hyun/Autonomous-Drone/install/rplidar_ros/lib/rplidar_ros/rplidar_client\n'}
[25.830760] (rplidar_ros) StdoutLine: {'line': b'-- Symlinking: /home/hyun/Autonomous-Drone/install/rplidar_ros/share/ament_index/resource_index/package_run_dependencies/rplidar_ros\n'}
[25.847894] (rplidar_ros) StdoutLine: {'line': b'-- Symlinking: /home/hyun/Autonomous-Drone/install/rplidar_ros/share/ament_index/resource_index/parent_prefix_path/rplidar_ros\n'}
[25.865798] (rplidar_ros) StdoutLine: {'line': b'-- Symlinking: /home/hyun/Autonomous-Drone/install/rplidar_ros/share/rplidar_ros/environment/ament_prefix_path.sh\n'}
[25.882730] (rplidar_ros) StdoutLine: {'line': b'-- Symlinking: /home/hyun/Autonomous-Drone/install/rplidar_ros/share/rplidar_ros/environment/ament_prefix_path.dsv\n'}
[25.886974] (-) TimerEvent: {}
[25.899713] (rplidar_ros) StdoutLine: {'line': b'-- Symlinking: /home/hyun/Autonomous-Drone/install/rplidar_ros/share/rplidar_ros/environment/path.sh\n'}
[25.916651] (rplidar_ros) StdoutLine: {'line': b'-- Symlinking: /home/hyun/Autonomous-Drone/install/rplidar_ros/share/rplidar_ros/environment/path.dsv\n'}
[25.932873] (rplidar_ros) StdoutLine: {'line': b'-- Symlinking: /home/hyun/Autonomous-Drone/install/rplidar_ros/share/rplidar_ros/local_setup.bash\n'}
[25.949839] (rplidar_ros) StdoutLine: {'line': b'-- Symlinking: /home/hyun/Autonomous-Drone/install/rplidar_ros/share/rplidar_ros/local_setup.sh\n'}
[25.966450] (rplidar_ros) StdoutLine: {'line': b'-- Symlinking: /home/hyun/Autonomous-Drone/install/rplidar_ros/share/rplidar_ros/local_setup.zsh\n'}
[25.983133] (rplidar_ros) StdoutLine: {'line': b'-- Symlinking: /home/hyun/Autonomous-Drone/install/rplidar_ros/share/rplidar_ros/local_setup.dsv\n'}
[25.987077] (-) TimerEvent: {}
[26.000181] (rplidar_ros) StdoutLine: {'line': b'-- Symlinking: /home/hyun/Autonomous-Drone/install/rplidar_ros/share/rplidar_ros/package.dsv\n'}
[26.017441] (rplidar_ros) StdoutLine: {'line': b'-- Symlinking: /home/hyun/Autonomous-Drone/install/rplidar_ros/share/ament_index/resource_index/packages/rplidar_ros\n'}
[26.034756] (rplidar_ros) StdoutLine: {'line': b'-- Symlinking: /home/hyun/Autonomous-Drone/install/rplidar_ros/share/rplidar_ros/cmake/ament_cmake_export_dependencies-extras.cmake\n'}
[26.052226] (rplidar_ros) StdoutLine: {'line': b'-- Symlinking: /home/hyun/Autonomous-Drone/install/rplidar_ros/share/rplidar_ros/cmake/ament_cmake_export_include_directories-extras.cmake\n'}
[26.068824] (rplidar_ros) StdoutLine: {'line': b'-- Symlinking: /home/hyun/Autonomous-Drone/install/rplidar_ros/share/rplidar_ros/cmake/rplidar_rosConfig.cmake\n'}
[26.085712] (rplidar_ros) StdoutLine: {'line': b'-- Symlinking: /home/hyun/Autonomous-Drone/install/rplidar_ros/share/rplidar_ros/cmake/rplidar_rosConfig-version.cmake\n'}
[26.087149] (-) TimerEvent: {}
[26.102776] (rplidar_ros) StdoutLine: {'line': b'-- Symlinking: /home/hyun/Autonomous-Drone/install/rplidar_ros/share/rplidar_ros/package.xml\n'}
[26.122047] (rplidar_ros) CommandEnded: {'returncode': 0}
[26.144623] (rplidar_ros) JobEnded: {'identifier': 'rplidar_ros', 'rc': 0}
[26.257877] (-) TimerEvent: {}
[26.258120] (-) EventReactorShutdown: {}
