ISO-10303-21;
HEADER;
FILE_DESCRIPTION (( 'STEP AP214' ),
    '1' );
FILE_NAME ('plate4.STEP',
    '2025-12-07T21:51:09',
    ( '' ),
    ( '' ),
    'SwSTEP 2.0',
    'SolidWorks 2025',
    '' );
FILE_SCHEMA (( 'AUTOMOTIVE_DESIGN' ));
ENDSEC;

DATA;
#1 = FACE_OUTER_BOUND ( 'NONE', #1178, .T. ) ;
#2 = LINE ( 'NONE', #448, #1310 ) ;
#3 = VERTEX_POINT ( 'NONE', #1013 ) ;
#4 = LINE ( 'NONE', #1372, #1112 ) ;
#5 = ORIENTED_EDGE ( 'NONE', *, *, #1438, .F. ) ;
#6 = EDGE_CURVE ( 'NONE', #685, #322, #1254, .T. ) ;
#7 = CARTESIAN_POINT ( 'NONE',  ( 79.99999999999977263, 0.000000000000000000, 63.47500000000002984 ) ) ;
#8 = VECTOR ( 'NONE', #481, 1000.000000000000000 ) ;
#9 = CARTESIAN_POINT ( 'NONE',  ( 64.99999999999978684, 0.000000000000000000, 81.52500000000003411 ) ) ;
#10 = LINE ( 'NONE', #482, #804 ) ;
#11 = ADVANCED_FACE ( 'NONE', ( #542 ), #104, .T. ) ;
#12 = DIRECTION ( 'NONE',  ( 0.000000000000000000, 1.000000000000000000, -0.000000000000000000 ) ) ;
#13 = VERTEX_POINT ( 'NONE', #1123 ) ;
#14 = DIRECTION ( 'NONE',  ( 0.000000000000000000, 0.000000000000000000, 1.000000000000000000 ) ) ;
#15 = ORIENTED_EDGE ( 'NONE', *, *, #775, .T. ) ;
#16 = AXIS2_PLACEMENT_3D ( 'NONE', #190, #655, #991 ) ;
#17 = CARTESIAN_POINT ( 'NONE',  ( 50.00000000000000000, 0.000000000000000000, -90.00000000000008527 ) ) ;
#18 = PLANE ( 'NONE',  #901 ) ;
#19 = CARTESIAN_POINT ( 'NONE',  ( 90.00000000000001421, 9.000000000000000000, -64.99999999999988631 ) ) ;
#20 = ORIENTED_EDGE ( 'NONE', *, *, #270, .F. ) ;
#21 = DIRECTION ( 'NONE',  ( -0.000000000000000000, 1.000000000000000000, -0.000000000000000000 ) ) ;
#22 = ADVANCED_FACE ( 'NONE', ( #995 ), #910, .T. ) ;
#23 = VERTEX_POINT ( 'NONE', #1116 ) ;
#24 = AXIS2_PLACEMENT_3D ( 'NONE', #608, #620, #1075 ) ;
#25 = DIRECTION ( 'NONE',  ( 1.067522139062651164E-16, 0.000000000000000000, -1.000000000000000000 ) ) ;
#26 = DIRECTION ( 'NONE',  ( 0.000000000000000000, 1.000000000000000000, 0.000000000000000000 ) ) ;
#27 = ORIENTED_EDGE ( 'NONE', *, *, #1293, .T. ) ;
#28 = DIRECTION ( 'NONE',  ( -0.000000000000000000, 1.000000000000000000, -0.000000000000000000 ) ) ;
#29 = EDGE_LOOP ( 'NONE', ( #401, #442, #495, #266 ) ) ;
#30 = EDGE_CURVE ( 'NONE', #13, #1373, #1002, .T. ) ;
#31 = ADVANCED_FACE ( 'NONE', ( #1225 ), #1440, .F. ) ;
#32 = DIRECTION ( 'NONE',  ( 2.775557561562891844E-16, 0.000000000000000000, 1.000000000000000000 ) ) ;
#33 = FACE_BOUND ( 'NONE', #1241, .T. ) ;
#34 = DIRECTION ( 'NONE',  ( 0.000000000000000000, 0.000000000000000000, 1.000000000000000000 ) ) ;
#35 = ORIENTED_EDGE ( 'NONE', *, *, #1170, .T. ) ;
#36 = CARTESIAN_POINT ( 'NONE',  ( 65.00000000000000000, 9.000000000000000000, 65.00000000000002842 ) ) ;
#37 = ORIENTED_EDGE ( 'NONE', *, *, #1242, .T. ) ;
#38 = ADVANCED_FACE ( 'NONE', ( #793 ), #549, .F. ) ;
#39 = DIRECTION ( 'NONE',  ( 0.000000000000000000, 1.000000000000000000, 0.000000000000000000 ) ) ;
#40 = DIRECTION ( 'NONE',  ( -1.067522139062651041E-16, 0.000000000000000000, -1.000000000000000000 ) ) ;
#41 = AXIS2_PLACEMENT_3D ( 'NONE', #1446, #1331, #894 ) ;
#42 = ORIENTED_EDGE ( 'NONE', *, *, #47, .T. ) ;
#43 = AXIS2_PLACEMENT_3D ( 'NONE', #1329, #1425, #194 ) ;
#44 =( NAMED_UNIT ( * ) SI_UNIT ( $, .STERADIAN. ) SOLID_ANGLE_UNIT ( ) );
#45 = ORIENTED_EDGE ( 'NONE', *, *, #930, .T. ) ;
#46 = AXIS2_PLACEMENT_3D ( 'NONE', #791, #97, #554 ) ;
#47 = EDGE_CURVE ( 'NONE', #518, #1267, #1422, .T. ) ;
#48 = CYLINDRICAL_SURFACE ( 'NONE', #513, 1.524999999999998579 ) ;
#49 = AXIS2_PLACEMENT_3D ( 'NONE', #731, #1421, #265 ) ;
#50 = DIRECTION ( 'NONE',  ( 0.000000000000000000, 1.000000000000000000, 0.000000000000000000 ) ) ;
#51 = AXIS2_PLACEMENT_3D ( 'NONE', #744, #50, #405 ) ;
#52 = ORIENTED_EDGE ( 'NONE', *, *, #1202, .T. ) ;
#53 = ORIENTED_EDGE ( 'NONE', *, *, #568, .T. ) ;
#54 = PRODUCT_RELATED_PRODUCT_CATEGORY ( 'part', '', ( #491 ) ) ;
#55 = CARTESIAN_POINT ( 'NONE',  ( 79.99999999999977263, 0.000000000000000000, 63.47500000000002984 ) ) ;
#56 = LINE ( 'NONE', #498, #960 ) ;
#57 = CIRCLE ( 'NONE', #460, 1.524999999999998579 ) ;
#58 = EDGE_CURVE ( 'NONE', #1049, #651, #204, .T. ) ;
#59 = EDGE_LOOP ( 'NONE', ( #1307, #1398 ) ) ;
#60 = DIRECTION ( 'NONE',  ( -0.000000000000000000, 1.000000000000000000, -0.000000000000000000 ) ) ;
#61 = ORIENTED_EDGE ( 'NONE', *, *, #1321, .F. ) ;
#62 = AXIS2_PLACEMENT_3D ( 'NONE', #809, #589, #990 ) ;
#63 = CARTESIAN_POINT ( 'NONE',  ( -64.99999999999975842, 0.000000000000000000, -64.99999999999988631 ) ) ;
#64 = LINE ( 'NONE', #1079, #230 ) ;
#65 = ORIENTED_EDGE ( 'NONE', *, *, #1323, .T. ) ;
#66 = DIRECTION ( 'NONE',  ( 0.000000000000000000, -1.000000000000000000, 0.000000000000000000 ) ) ;
#67 = VECTOR ( 'NONE', #446, 1000.000000000000000 ) ;
#68 = ORIENTED_EDGE ( 'NONE', *, *, #1397, .T. ) ;
#69 = DIRECTION ( 'NONE',  ( 0.000000000000000000, 0.000000000000000000, 1.000000000000000000 ) ) ;
#70 = CARTESIAN_POINT ( 'NONE',  ( -64.99999999999975842, 9.000000000000000000, -90.00000000000007105 ) ) ;
#71 = VECTOR ( 'NONE', #1137, 1000.000000000000000 ) ;
#72 = EDGE_CURVE ( 'NONE', #435, #428, #766, .T. ) ;
#73 = ORIENTED_EDGE ( 'NONE', *, *, #499, .T. ) ;
#74 = FACE_OUTER_BOUND ( 'NONE', #1442, .T. ) ;
#75 = EDGE_LOOP ( 'NONE', ( #151, #619 ) ) ;
#76 = DIRECTION ( 'NONE',  ( -0.000000000000000000, 1.000000000000000000, -0.000000000000000000 ) ) ;
#77 = CARTESIAN_POINT ( 'NONE',  ( 21.50000000000000355, 0.000000000000000000, 22.75000000000005684 ) ) ;
#78 = EDGE_CURVE ( 'NONE', #1150, #1228, #1338, .T. ) ;
#79 = DIRECTION ( 'NONE',  ( 0.000000000000000000, 0.000000000000000000, -1.000000000000000000 ) ) ;
#80 = DIRECTION ( 'NONE',  ( 0.000000000000000000, 1.000000000000000000, 0.000000000000000000 ) ) ;
#81 = ORIENTED_EDGE ( 'NONE', *, *, #615, .F. ) ;
#82 = CARTESIAN_POINT ( 'NONE',  ( 45.00000000000000000, 9.000000000000000000, 40.00000000000004974 ) ) ;
#83 = DIRECTION ( 'NONE',  ( -0.000000000000000000, 1.000000000000000000, -0.000000000000000000 ) ) ;
#84 = CIRCLE ( 'NONE', #875, 1.524999999999998579 ) ;
#85 = DIRECTION ( 'NONE',  ( -0.000000000000000000, 1.000000000000000000, -0.000000000000000000 ) ) ;
#86 = ORIENTED_EDGE ( 'NONE', *, *, #72, .T. ) ;
#87 = CIRCLE ( 'NONE', #1443, 1.524999999999998579 ) ;
#88 = ORIENTED_EDGE ( 'NONE', *, *, #794, .T. ) ;
#89 = FACE_OUTER_BOUND ( 'NONE', #1319, .T. ) ;
#90 = DIRECTION ( 'NONE',  ( 0.000000000000000000, 1.000000000000000000, 0.000000000000000000 ) ) ;
#91 = AXIS2_PLACEMENT_3D ( 'NONE', #307, #1102, #986 ) ;
#92 = VECTOR ( 'NONE', #822, 1000.000000000000000 ) ;
#93 = DIRECTION ( 'NONE',  ( 0.000000000000000000, 1.000000000000000000, 0.000000000000000000 ) ) ;
#94 = ORIENTED_EDGE ( 'NONE', *, *, #418, .T. ) ;
#95 = ORIENTED_EDGE ( 'NONE', *, *, #300, .T. ) ;
#96 = EDGE_CURVE ( 'NONE', #553, #1113, #1345, .T. ) ;
#97 = DIRECTION ( 'NONE',  ( 0.000000000000000000, 0.000000000000000000, -1.000000000000000000 ) ) ;
#98 = DIRECTION ( 'NONE',  ( 0.000000000000000000, 0.000000000000000000, 1.000000000000000000 ) ) ;
#99 = CARTESIAN_POINT ( 'NONE',  ( 64.99999999999975842, 9.000000000000000000, -64.99999999999988631 ) ) ;
#100 = VERTEX_POINT ( 'NONE', #1007 ) ;
#101 = VERTEX_POINT ( 'NONE', #1095 ) ;
#102 = CARTESIAN_POINT ( 'NONE',  ( -50.00000000000000000, 0.000000000000000000, -90.00000000000005684 ) ) ;
#103 = DIRECTION ( 'NONE',  ( 0.000000000000000000, 0.000000000000000000, 1.000000000000000000 ) ) ;
#104 = CYLINDRICAL_SURFACE ( 'NONE', #1306, 25.00000000000021672 ) ;
#105 = DIRECTION ( 'NONE',  ( -0.000000000000000000, 1.000000000000000000, -0.000000000000000000 ) ) ;
#106 = AXIS2_PLACEMENT_3D ( 'NONE', #911, #1361, #563 ) ;
#107 = VERTEX_POINT ( 'NONE', #649 ) ;
#108 = EDGE_CURVE ( 'NONE', #1228, #467, #326, .T. ) ;
#109 = LINE ( 'NONE', #228, #1332 ) ;
#110 = EDGE_CURVE ( 'NONE', #1197, #523, #319, .T. ) ;
#111 = EDGE_LOOP ( 'NONE', ( #985, #859 ) ) ;
#112 = CARTESIAN_POINT ( 'NONE',  ( -79.99999999999974420, 0.000000000000000000, 66.52500000000001990 ) ) ;
#113 = AXIS2_PLACEMENT_3D ( 'NONE', #424, #1439, #982 ) ;
#114 = CARTESIAN_POINT ( 'NONE',  ( 90.00000000000000000, 9.000000000000000000, 65.00000000000002842 ) ) ;
#115 = CYLINDRICAL_SURFACE ( 'NONE', #1106, 1.524999999999998579 ) ;
#116 = CARTESIAN_POINT ( 'NONE',  ( 64.99999999999975842, 9.000000000000000000, 90.00000000000007105 ) ) ;
#117 = EDGE_CURVE ( 'NONE', #798, #529, #1350, .T. ) ;
#118 = ORIENTED_EDGE ( 'NONE', *, *, #1026, .T. ) ;
#119 = VECTOR ( 'NONE', #85, 1000.000000000000000 ) ;
#120 = CARTESIAN_POINT ( 'NONE',  ( -79.99999999999974420, 0.000000000000000000, 63.47500000000001563 ) ) ;
#121 = ORIENTED_EDGE ( 'NONE', *, *, #968, .F. ) ;
#122 = CARTESIAN_POINT ( 'NONE',  ( -21.49999999999999289, 9.000000000000000000, -21.49999999999993605 ) ) ;
#123 = VECTOR ( 'NONE', #284, 1000.000000000000000 ) ;
#124 = PLANE ( 'NONE',  #46 ) ;
#125 = FACE_OUTER_BOUND ( 'NONE', #1420, .T. ) ;
#126 = CARTESIAN_POINT ( 'NONE',  ( -79.99999999999975842, 9.000000000000000000, -64.99999999999988631 ) ) ;
#127 = ORIENTED_EDGE ( 'NONE', *, *, #108, .F. ) ;
#128 = LINE ( 'NONE', #788, #740 ) ;
#129 = EDGE_LOOP ( 'NONE', ( #429, #1269, #718, #980 ) ) ;
#130 = CARTESIAN_POINT ( 'NONE',  ( -64.99999999999975842, 9.000000000000000000, 90.00000000000007105 ) ) ;
#131 = CIRCLE ( 'NONE', #648, 25.00000000000001421 ) ;
#132 = CARTESIAN_POINT ( 'NONE',  ( 21.50000000000000355, 0.000000000000000000, 21.50000000000006040 ) ) ;
#133 = DIRECTION ( 'NONE',  ( 0.000000000000000000, 0.000000000000000000, 1.000000000000000000 ) ) ;
#134 = CARTESIAN_POINT ( 'NONE',  ( -64.99999999999972999, 0.000000000000000000, 80.00000000000002842 ) ) ;
#135 = ORIENTED_EDGE ( 'NONE', *, *, #47, .F. ) ;
#136 = DIRECTION ( 'NONE',  ( 2.775557561562891844E-16, 0.000000000000000000, 1.000000000000000000 ) ) ;
#137 = EDGE_LOOP ( 'NONE', ( #558, #780, #35, #1097 ) ) ;
#138 = VECTOR ( 'NONE', #195, 1000.000000000000000 ) ;
#139 = DIRECTION ( 'NONE',  ( 1.000000000000000000, 0.000000000000000000, -0.000000000000000000 ) ) ;
#140 = DIRECTION ( 'NONE',  ( 0.000000000000000000, 0.000000000000000000, 1.000000000000000000 ) ) ;
#141 =( NAMED_UNIT ( * ) SI_UNIT ( $, .STERADIAN. ) SOLID_ANGLE_UNIT ( ) );
#142 = EDGE_CURVE ( 'NONE', #1373, #1228, #778, .T. ) ;
#143 = ORIENTED_EDGE ( 'NONE', *, *, #829, .F. ) ;
#144 = DIRECTION ( 'NONE',  ( -0.000000000000000000, 1.000000000000000000, -0.000000000000000000 ) ) ;
#145 = ORIENTED_EDGE ( 'NONE', *, *, #1129, .T. ) ;
#146 = VECTOR ( 'NONE', #958, 1000.000000000000000 ) ;
#147 = LINE ( 'NONE', #1403, #1077 ) ;
#148 = PLANE ( 'NONE',  #712 ) ;
#149 = ORIENTED_EDGE ( 'NONE', *, *, #78, .T. ) ;
#150 = ADVANCED_FACE ( 'NONE', ( #902 ), #1353, .F. ) ;
#151 = ORIENTED_EDGE ( 'NONE', *, *, #1069, .F. ) ;
#152 = CARTESIAN_POINT ( 'NONE',  ( 64.99999999999978684, 0.000000000000000000, 78.47500000000003695 ) ) ;
#153 = CARTESIAN_POINT ( 'NONE',  ( 21.50000000000000355, 0.000000000000000000, 20.25000000000006395 ) ) ;
#154 = ORIENTED_EDGE ( 'NONE', *, *, #377, .T. ) ;
#155 = CARTESIAN_POINT ( 'NONE',  ( -64.99999999999975842, 0.000000000000000000, 90.00000000000007105 ) ) ;
#156 = ADVANCED_FACE ( 'NONE', ( #1385, #379, #33, #1145, #714, #465, #1154, #592, #1396, #488, #826, #1280, #1039 ), #18, .F. ) ;
#157 = ORIENTED_EDGE ( 'NONE', *, *, #492, .T. ) ;
#158 = ADVANCED_FACE ( 'NONE', ( #125 ), #1247, .F. ) ;
#159 = DIRECTION ( 'NONE',  ( 0.000000000000000000, 1.000000000000000000, 0.000000000000000000 ) ) ;
#160 = DIRECTION ( 'NONE',  ( -0.000000000000000000, 1.000000000000000000, -0.000000000000000000 ) ) ;
#161 = AXIS2_PLACEMENT_3D ( 'NONE', #1368, #349, #1265 ) ;
#162 = VERTEX_POINT ( 'NONE', #472 ) ;
#163 = SURFACE_STYLE_USAGE ( .BOTH. , #717 ) ;
#164 = ORIENTED_EDGE ( 'NONE', *, *, #637, .T. ) ;
#165 = CARTESIAN_POINT ( 'NONE',  ( 50.00000000000000000, 0.000000000000000000, -90.00000000000008527 ) ) ;
#166 = ADVANCED_FACE ( 'NONE', ( #1169 ), #148, .F. ) ;
#167 = CARTESIAN_POINT ( 'NONE',  ( 21.50000000000000355, 0.000000000000000000, 21.50000000000006040 ) ) ;
#168 = AXIS2_PLACEMENT_3D ( 'NONE', #167, #386, #841 ) ;
#169 = VERTEX_POINT ( 'NONE', #934 ) ;
#170 = FILL_AREA_STYLE_COLOUR ( '', #1235 ) ;
#171 = ORIENTED_EDGE ( 'NONE', *, *, #850, .T. ) ;
#172 = DIRECTION ( 'NONE',  ( 0.000000000000000000, 0.000000000000000000, 1.000000000000000000 ) ) ;
#173 = DIRECTION ( 'NONE',  ( -0.000000000000000000, 1.000000000000000000, -0.000000000000000000 ) ) ;
#174 = EDGE_LOOP ( 'NONE', ( #652, #1191, #823, #1203 ) ) ;
#175 = CARTESIAN_POINT ( 'NONE',  ( -21.49999999999999289, 9.000000000000000000, -21.49999999999993605 ) ) ;
#176 = ORIENTED_EDGE ( 'NONE', *, *, #30, .T. ) ;
#177 = AXIS2_PLACEMENT_3D ( 'NONE', #354, #1141, #559 ) ;
#178 = DIRECTION ( 'NONE',  ( 0.000000000000000000, 1.000000000000000000, 0.000000000000000000 ) ) ;
#179 = CIRCLE ( 'NONE', #106, 1.524999999999998579 ) ;
#180 = LINE ( 'NONE', #1426, #361 ) ;
#181 = ORIENTED_EDGE ( 'NONE', *, *, #726, .T. ) ;
#182 = FACE_BOUND ( 'NONE', #1084, .T. ) ;
#183 = ORIENTED_EDGE ( 'NONE', *, *, #1456, .T. ) ;
#184 = AXIS2_PLACEMENT_3D ( 'NONE', #721, #1175, #1046 ) ;
#185 = EDGE_CURVE ( 'NONE', #1049, #317, #812, .T. ) ;
#186 = CARTESIAN_POINT ( 'NONE',  ( -79.99999999999975842, 0.000000000000000000, -66.52499999999989200 ) ) ;
#187 = CARTESIAN_POINT ( 'NONE',  ( -64.99999999999972999, 0.000000000000000000, 80.00000000000002842 ) ) ;
#188 = EDGE_CURVE ( 'NONE', #837, #13, #947, .T. ) ;
#189 = VECTOR ( 'NONE', #1454, 1000.000000000000000 ) ;
#190 = CARTESIAN_POINT ( 'NONE',  ( 21.50000000000000355, 0.000000000000000000, -21.49999999999993605 ) ) ;
#191 = CARTESIAN_POINT ( 'NONE',  ( 79.99999999999977263, 0.000000000000000000, 65.00000000000002842 ) ) ;
#192 = EDGE_LOOP ( 'NONE', ( #238, #1008, #1127, #640 ) ) ;
#193 = EDGE_CURVE ( 'NONE', #322, #685, #87, .T. ) ;
#194 = DIRECTION ( 'NONE',  ( 0.000000000000000000, 0.000000000000000000, 1.000000000000000000 ) ) ;
#195 = DIRECTION ( 'NONE',  ( 1.000000000000000000, 0.000000000000000000, 0.000000000000000000 ) ) ;
#196 = CARTESIAN_POINT ( 'NONE',  ( 50.00000000000000000, 0.000000000000000000, -90.00000000000008527 ) ) ;
#197 = CIRCLE ( 'NONE', #1297, 1.250000000000001110 ) ;
#198 = ORIENTED_EDGE ( 'NONE', *, *, #281, .T. ) ;
#199 = ORIENTED_EDGE ( 'NONE', *, *, #743, .T. ) ;
#200 = DIRECTION ( 'NONE',  ( 0.000000000000000000, 1.000000000000000000, 0.000000000000000000 ) ) ;
#201 = FACE_BOUND ( 'NONE', #789, .T. ) ;
#202 = ORIENTED_EDGE ( 'NONE', *, *, #185, .F. ) ;
#203 = EDGE_CURVE ( 'NONE', #978, #1125, #878, .T. ) ;
#204 = CIRCLE ( 'NONE', #777, 1.524999999999998579 ) ;
#205 = ORIENTED_EDGE ( 'NONE', *, *, #540, .F. ) ;
#206 = CARTESIAN_POINT ( 'NONE',  ( 64.99999999999975842, 0.000000000000000000, -79.99999999999988631 ) ) ;
#207 = EDGE_CURVE ( 'NONE', #101, #1227, #10, .T. ) ;
#208 = DIRECTION ( 'NONE',  ( -0.000000000000000000, 1.000000000000000000, -0.000000000000000000 ) ) ;
#209 = AXIS2_PLACEMENT_3D ( 'NONE', #1082, #484, #943 ) ;
#210 = DIRECTION ( 'NONE',  ( -0.000000000000000000, 1.000000000000000000, -0.000000000000000000 ) ) ;
#211 = EDGE_LOOP ( 'NONE', ( #578, #1387 ) ) ;
#212 = EDGE_LOOP ( 'NONE', ( #1450, #874 ) ) ;
#213 = DIRECTION ( 'NONE',  ( -0.000000000000000000, 1.000000000000000000, -0.000000000000000000 ) ) ;
#214 = DIRECTION ( 'NONE',  ( -0.000000000000000000, 1.000000000000000000, -0.000000000000000000 ) ) ;
#215 = CARTESIAN_POINT ( 'NONE',  ( -64.99999999999975842, 9.000000000000000000, -64.99999999999988631 ) ) ;
#216 = EDGE_CURVE ( 'NONE', #330, #1000, #370, .T. ) ;
#217 = CYLINDRICAL_SURFACE ( 'NONE', #1011, 1.524999999999998579 ) ;
#218 = VERTEX_POINT ( 'NONE', #606 ) ;
#219 = FACE_OUTER_BOUND ( 'NONE', #1199, .T. ) ;
#220 = ORIENTED_EDGE ( 'NONE', *, *, #521, .T. ) ;
#221 = CARTESIAN_POINT ( 'NONE',  ( -64.99999999999975842, 0.000000000000000000, -79.99999999999988631 ) ) ;
#222 = EDGE_CURVE ( 'NONE', #782, #467, #1053, .T. ) ;
#223 = LINE ( 'NONE', #9, #662 ) ;
#224 = CARTESIAN_POINT ( 'NONE',  ( -64.99999999999975842, 9.000000000000000000, 90.00000000000007105 ) ) ;
#225 = LINE ( 'NONE', #116, #827 ) ;
#226 = AXIS2_PLACEMENT_3D ( 'NONE', #126, #935, #1033 ) ;
#227 = ORIENTED_EDGE ( 'NONE', *, *, #397, .F. ) ;
#228 = CARTESIAN_POINT ( 'NONE',  ( -79.99999999999974420, 0.000000000000000000, 63.47500000000001563 ) ) ;
#229 = VERTEX_POINT ( 'NONE', #1023 ) ;
#230 = VECTOR ( 'NONE', #983, 1000.000000000000000 ) ;
#231 = DIRECTION ( 'NONE',  ( 0.000000000000000000, 1.000000000000000000, 0.000000000000000000 ) ) ;
#232 = ADVANCED_FACE ( 'NONE', ( #1 ), #115, .F. ) ;
#233 = VECTOR ( 'NONE', #1302, 1000.000000000000000 ) ;
#234 = DIRECTION ( 'NONE',  ( 0.000000000000000000, 1.000000000000000000, 0.000000000000000000 ) ) ;
#235 = DIRECTION ( 'NONE',  ( 0.000000000000000000, 1.000000000000000000, 0.000000000000000000 ) ) ;
#236 = CARTESIAN_POINT ( 'NONE',  ( -21.49999999999999289, 0.000000000000000000, -21.49999999999993605 ) ) ;
#237 = AXIS2_PLACEMENT_3D ( 'NONE', #1377, #1021, #1351 ) ;
#238 = ORIENTED_EDGE ( 'NONE', *, *, #1217, .F. ) ;
#239 = CIRCLE ( 'NONE', #689, 1.524999999999998579 ) ;
#240 = STYLED_ITEM ( 'NONE', ( #965 ), #1132 ) ;
#241 = FACE_OUTER_BOUND ( 'NONE', #1164, .T. ) ;
#242 = ORIENTED_EDGE ( 'NONE', *, *, #1242, .F. ) ;
#243 = DIRECTION ( 'NONE',  ( -0.000000000000000000, 1.000000000000000000, -0.000000000000000000 ) ) ;
#244 = AXIS2_PLACEMENT_3D ( 'NONE', #1060, #1195, #40 ) ;
#245 = DIRECTION ( 'NONE',  ( -0.000000000000000000, 1.000000000000000000, -0.000000000000000000 ) ) ;
#246 = DIRECTION ( 'NONE',  ( 0.000000000000000000, -0.000000000000000000, -1.000000000000000000 ) ) ;
#247 = DIRECTION ( 'NONE',  ( -0.000000000000000000, -1.000000000000000000, -0.000000000000000000 ) ) ;
#248 = EDGE_LOOP ( 'NONE', ( #1334, #1428, #1304, #1347 ) ) ;
#249 = CARTESIAN_POINT ( 'NONE',  ( -64.99999999999972999, 0.000000000000000000, 78.47500000000003695 ) ) ;
#250 = EDGE_LOOP ( 'NONE', ( #279, #199 ) ) ;
#251 = AXIS2_PLACEMENT_3D ( 'NONE', #1343, #325, #139 ) ;
#252 = CARTESIAN_POINT ( 'NONE',  ( 79.99999999999977263, 0.000000000000000000, 66.52500000000003411 ) ) ;
#253 = DIRECTION ( 'NONE',  ( 0.000000000000000000, 1.000000000000000000, 0.000000000000000000 ) ) ;
#254 = CARTESIAN_POINT ( 'NONE',  ( -64.99999999999975842, 9.000000000000000000, 90.00000000000005684 ) ) ;
#255 = ORIENTED_EDGE ( 'NONE', *, *, #775, .F. ) ;
#256 = CARTESIAN_POINT ( 'NONE',  ( 64.99999999999975842, 0.000000000000000000, -79.99999999999988631 ) ) ;
#257 = AXIS2_PLACEMENT_3D ( 'NONE', #1274, #594, #574 ) ;
#258 = ORIENTED_EDGE ( 'NONE', *, *, #418, .F. ) ;
#259 = EDGE_CURVE ( 'NONE', #100, #1193, #470, .T. ) ;
#260 = VECTOR ( 'NONE', #599, 1000.000000000000000 ) ;
#261 = DIRECTION ( 'NONE',  ( 0.000000000000000000, 1.000000000000000000, 0.000000000000000000 ) ) ;
#262 = CARTESIAN_POINT ( 'NONE',  ( 50.00000000000000000, 9.000000000000000000, -90.00000000000008527 ) ) ;
#263 = EDGE_CURVE ( 'NONE', #23, #523, #1281, .T. ) ;
#264 = ORIENTED_EDGE ( 'NONE', *, *, #1099, .T. ) ;
#265 = DIRECTION ( 'NONE',  ( 0.000000000000000000, 0.000000000000000000, 1.000000000000000000 ) ) ;
#266 = ORIENTED_EDGE ( 'NONE', *, *, #110, .F. ) ;
#267 = MECHANICAL_DESIGN_GEOMETRIC_PRESENTATION_REPRESENTATION (  '', ( #240 ), #739 ) ;
#268 = DIRECTION ( 'NONE',  ( 0.000000000000000000, 0.000000000000000000, 1.000000000000000000 ) ) ;
#269 = CARTESIAN_POINT ( 'NONE',  ( -49.99999999999997868, 0.000000000000000000, -40.00000000000006395 ) ) ;
#270 = EDGE_CURVE ( 'NONE', #854, #467, #64, .T. ) ;
#271 = EDGE_CURVE ( 'NONE', #974, #1464, #977, .T. ) ;
#272 = VERTEX_POINT ( 'NONE', #635 ) ;
#273 = CYLINDRICAL_SURFACE ( 'NONE', #447, 25.00000000000001421 ) ;
#274 = ORIENTED_EDGE ( 'NONE', *, *, #343, .T. ) ;
#275 = DIRECTION ( 'NONE',  ( 0.000000000000000000, 0.000000000000000000, 1.000000000000000000 ) ) ;
#276 = CARTESIAN_POINT ( 'NONE',  ( -64.99999999999972999, 0.000000000000000000, 81.52500000000003411 ) ) ;
#277 = EDGE_CURVE ( 'NONE', #428, #3, #857, .T. ) ;
#278 = VERTEX_POINT ( 'NONE', #1316 ) ;
#279 = ORIENTED_EDGE ( 'NONE', *, *, #1424, .T. ) ;
#280 = ADVANCED_BREP_SHAPE_REPRESENTATION ( 'plate4', ( #1132, #853 ), #753 ) ;
#281 = EDGE_CURVE ( 'NONE', #1172, #1063, #624, .T. ) ;
#282 = AXIS2_PLACEMENT_3D ( 'NONE', #236, #903, #692 ) ;
#283 = CARTESIAN_POINT ( 'NONE',  ( 21.50000000000000355, 0.000000000000000000, 20.25000000000006395 ) ) ;
#284 = DIRECTION ( 'NONE',  ( -0.000000000000000000, 1.000000000000000000, -0.000000000000000000 ) ) ;
#285 = VECTOR ( 'NONE', #925, 1000.000000000000000 ) ;
#286 = ORIENTED_EDGE ( 'NONE', *, *, #908, .T. ) ;
#287 = LINE ( 'NONE', #155, #146 ) ;
#288 = ORIENTED_EDGE ( 'NONE', *, *, #533, .T. ) ;
#289 = VECTOR ( 'NONE', #949, 1000.000000000000000 ) ;
#290 = VECTOR ( 'NONE', #76, 1000.000000000000000 ) ;
#291 = CARTESIAN_POINT ( 'NONE',  ( -45.00000000000001421, 9.000000000000000000, 40.00000000000006395 ) ) ;
#292 = PLANE ( 'NONE',  #244 ) ;
#293 = ORIENTED_EDGE ( 'NONE', *, *, #945, .T. ) ;
#294 = CARTESIAN_POINT ( 'NONE',  ( -79.99999999999975842, 0.000000000000000000, -63.47499999999989484 ) ) ;
#295 = ORIENTED_EDGE ( 'NONE', *, *, #557, .T. ) ;
#296 = LINE ( 'NONE', #186, #290 ) ;
#297 = CARTESIAN_POINT ( 'NONE',  ( 64.99999999999978684, 0.000000000000000000, 80.00000000000002842 ) ) ;
#298 = ORIENTED_EDGE ( 'NONE', *, *, #1352, .T. ) ;
#299 = CARTESIAN_POINT ( 'NONE',  ( -64.99999999999975842, 9.000000000000000000, -78.47499999999989484 ) ) ;
#300 = EDGE_CURVE ( 'NONE', #272, #162, #1386, .T. ) ;
#301 = ORIENTED_EDGE ( 'NONE', *, *, #639, .F. ) ;
#302 = DIRECTION ( 'NONE',  ( -2.775557561562891844E-16, 0.000000000000000000, -1.000000000000000000 ) ) ;
#303 = CYLINDRICAL_SURFACE ( 'NONE', #590, 1.524999999999998579 ) ;
#304 = ADVANCED_FACE ( 'NONE', ( #1088 ), #1309, .F. ) ;
#305 = AXIS2_PLACEMENT_3D ( 'NONE', #802, #235, #399 ) ;
#306 = ORIENTED_EDGE ( 'NONE', *, *, #1140, .T. ) ;
#307 = CARTESIAN_POINT ( 'NONE',  ( -65.00000000000000000, 0.000000000000000000, 65.00000000000002842 ) ) ;
#308 = VERTEX_POINT ( 'NONE', #749 ) ;
#309 = CIRCLE ( 'NONE', #1207, 1.524999999999998579 ) ;
#310 = CARTESIAN_POINT ( 'NONE',  ( 64.99999999999975842, 9.000000000000000000, -79.99999999999988631 ) ) ;
#311 = AXIS2_PLACEMENT_3D ( 'NONE', #801, #1359, #581 ) ;
#312 = VECTOR ( 'NONE', #889, 1000.000000000000000 ) ;
#313 = DIRECTION ( 'NONE',  ( -0.000000000000000000, -1.000000000000000000, -0.000000000000000000 ) ) ;
#314 = ADVANCED_FACE ( 'NONE', ( #955 ), #292, .F. ) ;
#315 = PLANE ( 'NONE',  #474 ) ;
#316 = VECTOR ( 'NONE', #971, 1000.000000000000000 ) ;
#317 = VERTEX_POINT ( 'NONE', #1434 ) ;
#318 = CARTESIAN_POINT ( 'NONE',  ( -21.49999999999999289, 9.000000000000000000, -22.74999999999993605 ) ) ;
#319 = LINE ( 'NONE', #1108, #67 ) ;
#320 = DIRECTION ( 'NONE',  ( 0.000000000000000000, -0.000000000000000000, -1.000000000000000000 ) ) ;
#321 = AXIS2_PLACEMENT_3D ( 'NONE', #132, #369, #848 ) ;
#322 = VERTEX_POINT ( 'NONE', #528 ) ;
#323 = ORIENTED_EDGE ( 'NONE', *, *, #384, .F. ) ;
#324 = VECTOR ( 'NONE', #1121, 1000.000000000000000 ) ;
#325 = DIRECTION ( 'NONE',  ( 0.000000000000000000, 0.000000000000000000, 1.000000000000000000 ) ) ;
#326 = LINE ( 'NONE', #1101, #496 ) ;
#327 = CYLINDRICAL_SURFACE ( 'NONE', #659, 1.524999999999998579 ) ;
#328 = ORIENTED_EDGE ( 'NONE', *, *, #375, .F. ) ;
#329 = CLOSED_SHELL ( 'NONE', ( #1098, #31, #1056, #1466, #1058, #737, #939, #504, #232, #1432, #1358, #158, #166, #628, #450, #708, #11, #314, #22, #1171, #1162, #580, #156, #1249, #610, #843, #445, #304, #1400, #1086, #907, #663, #150, #38, #800, #1369, #1022, #437, #952, #961, #1337, #1214 ) ) ;
#330 = VERTEX_POINT ( 'NONE', #508 ) ;
#331 = DIRECTION ( 'NONE',  ( 0.000000000000000000, 0.000000000000000000, 1.000000000000000000 ) ) ;
#332 = FACE_OUTER_BOUND ( 'NONE', #752, .T. ) ;
#333 = CARTESIAN_POINT ( 'NONE',  ( 64.99999999999975842, 0.000000000000000000, -79.99999999999988631 ) ) ;
#334 = AXIS2_PLACEMENT_3D ( 'NONE', #175, #1183, #1305 ) ;
#335 = LINE ( 'NONE', #254, #732 ) ;
#336 = ORIENTED_EDGE ( 'NONE', *, *, #486, .F. ) ;
#337 = ORIENTED_EDGE ( 'NONE', *, *, #876, .F. ) ;
#338 = CARTESIAN_POINT ( 'NONE',  ( 50.00000000000001421, 0.000000000000000000, -40.00000000000009237 ) ) ;
#339 = DIRECTION ( 'NONE',  ( -1.000000000000000000, 0.000000000000000000, -1.067522139062651041E-16 ) ) ;
#340 = DIRECTION ( 'NONE',  ( -1.000000000000000000, 0.000000000000000000, 1.541976423090495140E-16 ) ) ;
#341 = CARTESIAN_POINT ( 'NONE',  ( -79.99999999999975842, 0.000000000000000000, -64.99999999999988631 ) ) ;
#342 = ORIENTED_EDGE ( 'NONE', *, *, #829, .T. ) ;
#343 = EDGE_CURVE ( 'NONE', #868, #747, #1335, .T. ) ;
#344 = CARTESIAN_POINT ( 'NONE',  ( 64.99999999999978684, 9.000000000000000000, 80.00000000000002842 ) ) ;
#345 = ORIENTED_EDGE ( 'NONE', *, *, #1477, .F. ) ;
#346 = CARTESIAN_POINT ( 'NONE',  ( -64.99999999999975842, 9.000000000000000000, -90.00000000000007105 ) ) ;
#347 = EDGE_CURVE ( 'NONE', #1401, #330, #963, .T. ) ;
#348 = DIRECTION ( 'NONE',  ( 0.000000000000000000, 0.000000000000000000, 1.000000000000000000 ) ) ;
#349 = DIRECTION ( 'NONE',  ( 0.000000000000000000, 1.000000000000000000, -0.000000000000000000 ) ) ;
#350 = DIRECTION ( 'NONE',  ( 1.067522139062651164E-16, -0.000000000000000000, 1.000000000000000000 ) ) ;
#351 = ORIENTED_EDGE ( 'NONE', *, *, #945, .F. ) ;
#352 = CARTESIAN_POINT ( 'NONE',  ( 21.50000000000000355, 0.000000000000000000, -21.49999999999993605 ) ) ;
#353 = ORIENTED_EDGE ( 'NONE', *, *, #1140, .F. ) ;
#354 = CARTESIAN_POINT ( 'NONE',  ( -64.99999999999972999, 9.000000000000000000, 80.00000000000002842 ) ) ;
#355 = CARTESIAN_POINT ( 'NONE',  ( 90.00000000000002842, 9.000000000000000000, 65.00000000000002842 ) ) ;
#356 = DIRECTION ( 'NONE',  ( 0.000000000000000000, 0.000000000000000000, 1.000000000000000000 ) ) ;
#357 = EDGE_LOOP ( 'NONE', ( #595, #1070, #556, #839 ) ) ;
#358 = VECTOR ( 'NONE', #1474, 1000.000000000000000 ) ;
#359 = CYLINDRICAL_SURFACE ( 'NONE', #884, 1.524999999999998579 ) ;
#360 = ORIENTED_EDGE ( 'NONE', *, *, #671, .F. ) ;
#361 = VECTOR ( 'NONE', #834, 1000.000000000000000 ) ;
#362 = DIRECTION ( 'NONE',  ( -0.000000000000000000, -1.000000000000000000, -0.000000000000000000 ) ) ;
#363 = CARTESIAN_POINT ( 'NONE',  ( 64.99999999999975842, 0.000000000000000000, -81.52499999999989200 ) ) ;
#364 =( NAMED_UNIT ( * ) PLANE_ANGLE_UNIT ( ) SI_UNIT ( $, .RADIAN. ) );
#365 = EDGE_CURVE ( 'NONE', #944, #854, #180, .T. ) ;
#366 = ORIENTED_EDGE ( 'NONE', *, *, #864, .T. ) ;
#367 = CARTESIAN_POINT ( 'NONE',  ( 45.00000000000001421, 0.000000000000000000, 90.00000000000007105 ) ) ;
#368 = ORIENTED_EDGE ( 'NONE', *, *, #1170, .F. ) ;
#369 = DIRECTION ( 'NONE',  ( -0.000000000000000000, 1.000000000000000000, -0.000000000000000000 ) ) ;
#370 = LINE ( 'NONE', #262, #927 ) ;
#371 = CIRCLE ( 'NONE', #177, 1.524999999999998579 ) ;
#372 = ORIENTED_EDGE ( 'NONE', *, *, #390, .T. ) ;
#373 = CARTESIAN_POINT ( 'NONE',  ( -64.99999999999975842, 0.000000000000000000, 90.00000000000005684 ) ) ;
#374 = ORIENTED_EDGE ( 'NONE', *, *, #300, .F. ) ;
#375 = EDGE_CURVE ( 'NONE', #278, #382, #1419, .T. ) ;
#376 = CARTESIAN_POINT ( 'NONE',  ( -21.49999999999999289, 9.000000000000000000, 21.50000000000006040 ) ) ;
#377 = EDGE_CURVE ( 'NONE', #380, #107, #1176, .T. ) ;
#378 = AXIS2_PLACEMENT_3D ( 'NONE', #629, #409, #69 ) ;
#379 = FACE_BOUND ( 'NONE', #1379, .T. ) ;
#380 = VERTEX_POINT ( 'NONE', #269 ) ;
#381 =( LENGTH_UNIT ( ) NAMED_UNIT ( * ) SI_UNIT ( .MILLI., .METRE. ) );
#382 = VERTEX_POINT ( 'NONE', #722 ) ;
#383 = AXIS2_PLACEMENT_3D ( 'NONE', #191, #1429, #1441 ) ;
#384 = EDGE_CURVE ( 'NONE', #914, #518, #1303, .T. ) ;
#385 = FACE_OUTER_BOUND ( 'NONE', #1317, .T. ) ;
#386 = DIRECTION ( 'NONE',  ( 0.000000000000000000, 1.000000000000000000, 0.000000000000000000 ) ) ;
#387 = VERTEX_POINT ( 'NONE', #612 ) ;
#388 = LINE ( 'NONE', #632, #526 ) ;
#389 = EDGE_LOOP ( 'NONE', ( #412, #545, #414, #342 ) ) ;
#390 = EDGE_CURVE ( 'NONE', #747, #322, #56, .T. ) ;
#391 = FACE_OUTER_BOUND ( 'NONE', #509, .T. ) ;
#392 = AXIS2_PLACEMENT_3D ( 'NONE', #713, #1167, #940 ) ;
#393 = DIRECTION ( 'NONE',  ( -0.000000000000000000, 1.000000000000000000, -0.000000000000000000 ) ) ;
#394 = CIRCLE ( 'NONE', #824, 1.524999999999998579 ) ;
#395 = ORIENTED_EDGE ( 'NONE', *, *, #1478, .F. ) ;
#396 = ORIENTED_EDGE ( 'NONE', *, *, #876, .T. ) ;
#397 = EDGE_CURVE ( 'NONE', #914, #1356, #816, .T. ) ;
#398 = CARTESIAN_POINT ( 'NONE',  ( -64.99999999999975842, 9.000000000000000000, -79.99999999999988631 ) ) ;
#399 = DIRECTION ( 'NONE',  ( 0.000000000000000000, 0.000000000000000000, 1.000000000000000000 ) ) ;
#400 = AXIS2_PLACEMENT_3D ( 'NONE', #1360, #200, #98 ) ;
#401 = ORIENTED_EDGE ( 'NONE', *, *, #1045, .F. ) ;
#402 = CARTESIAN_POINT ( 'NONE',  ( -21.49999999999999289, 0.000000000000000000, -22.74999999999993605 ) ) ;
#403 = VERTEX_POINT ( 'NONE', #276 ) ;
#404 = DIRECTION ( 'NONE',  ( -1.541976423090495387E-16, 0.000000000000000000, -1.000000000000000000 ) ) ;
#405 = DIRECTION ( 'NONE',  ( 0.000000000000000000, 0.000000000000000000, 1.000000000000000000 ) ) ;
#406 = ORIENTED_EDGE ( 'NONE', *, *, #989, .T. ) ;
#407 = CARTESIAN_POINT ( 'NONE',  ( 79.99999999999975842, 9.000000000000000000, -64.99999999999988631 ) ) ;
#408 = VERTEX_POINT ( 'NONE', #1181 ) ;
#409 = DIRECTION ( 'NONE',  ( 0.000000000000000000, 1.000000000000000000, 0.000000000000000000 ) ) ;
#410 = EDGE_CURVE ( 'NONE', #1182, #944, #625, .T. ) ;
#411 = DIRECTION ( 'NONE',  ( 0.000000000000000000, 0.000000000000000000, 1.000000000000000000 ) ) ;
#412 = ORIENTED_EDGE ( 'NONE', *, *, #615, .T. ) ;
#413 = FACE_OUTER_BOUND ( 'NONE', #702, .T. ) ;
#414 = ORIENTED_EDGE ( 'NONE', *, *, #726, .F. ) ;
#415 = DIRECTION ( 'NONE',  ( 0.000000000000000000, 0.000000000000000000, -1.000000000000000000 ) ) ;
#416 = CIRCLE ( 'NONE', #257, 1.524999999999998579 ) ;
#417 = EDGE_CURVE ( 'NONE', #851, #1025, #1146, .T. ) ;
#418 = EDGE_CURVE ( 'NONE', #1182, #308, #906, .T. ) ;
#419 = APPLICATION_CONTEXT ( 'automotive_design' ) ;
#420 = CARTESIAN_POINT ( 'NONE',  ( 45.00000000000000000, 0.000000000000000000, 40.00000000000004974 ) ) ;
#421 = FACE_BOUND ( 'NONE', #1103, .T. ) ;
#422 = VERTEX_POINT ( 'NONE', #916 ) ;
#423 = AXIS2_PLACEMENT_3D ( 'NONE', #63, #1078, #415 ) ;
#424 = CARTESIAN_POINT ( 'NONE',  ( 64.99999999999975842, 0.000000000000000000, -64.99999999999988631 ) ) ;
#425 = CIRCLE ( 'NONE', #1447, 1.524999999999998579 ) ;
#426 = CARTESIAN_POINT ( 'NONE',  ( -64.99999999999975842, 9.000000000000000000, -90.00000000000007105 ) ) ;
#427 = DIRECTION ( 'NONE',  ( 0.000000000000000000, 0.000000000000000000, 1.000000000000000000 ) ) ;
#428 = VERTEX_POINT ( 'NONE', #346 ) ;
#429 = ORIENTED_EDGE ( 'NONE', *, *, #850, .F. ) ;
#430 = CARTESIAN_POINT ( 'NONE',  ( -21.49999999999999289, 0.000000000000000000, 20.25000000000006040 ) ) ;
#431 = DIRECTION ( 'NONE',  ( 0.000000000000000000, 0.000000000000000000, 1.000000000000000000 ) ) ;
#432 = FACE_OUTER_BOUND ( 'NONE', #248, .T. ) ;
#433 = CIRCLE ( 'NONE', #892, 1.524999999999998579 ) ;
#434 = ORIENTED_EDGE ( 'NONE', *, *, #1424, .F. ) ;
#435 = VERTEX_POINT ( 'NONE', #870 ) ;
#436 = CARTESIAN_POINT ( 'NONE',  ( 21.50000000000000355, 9.000000000000000000, 21.50000000000006040 ) ) ;
#437 = ADVANCED_FACE ( 'NONE', ( #569 ), #579, .F. ) ;
#438 = DIRECTION ( 'NONE',  ( 0.000000000000000000, 0.000000000000000000, -1.000000000000000000 ) ) ;
#439 = DIRECTION ( 'NONE',  ( -0.000000000000000000, -0.000000000000000000, 1.000000000000000000 ) ) ;
#440 = CYLINDRICAL_SURFACE ( 'NONE', #282, 1.250000000000001110 ) ;
#441 = EDGE_LOOP ( 'NONE', ( #181, #1220, #890, #1005, #86, #53, #293, #1282, #525, #20, #1232, #609, #94, #657, #844, #1119 ) ) ;
#442 = ORIENTED_EDGE ( 'NONE', *, *, #954, .T. ) ;
#443 = CARTESIAN_POINT ( 'NONE',  ( 21.50000000000000355, 9.000000000000000000, -22.74999999999993250 ) ) ;
#444 = DIRECTION ( 'NONE',  ( -1.067522139062651041E-16, 0.000000000000000000, 1.000000000000000000 ) ) ;
#445 = ADVANCED_FACE ( 'NONE', ( #667 ), #686, .F. ) ;
#446 = DIRECTION ( 'NONE',  ( -0.000000000000000000, 1.000000000000000000, -0.000000000000000000 ) ) ;
#447 = AXIS2_PLACEMENT_3D ( 'NONE', #36, #502, #725 ) ;
#448 = CARTESIAN_POINT ( 'NONE',  ( -45.00000000000001421, 0.000000000000000000, 40.00000000000006395 ) ) ;
#449 = EDGE_LOOP ( 'NONE', ( #1435, #490 ) ) ;
#450 = ADVANCED_FACE ( 'NONE', ( #799 ), #1374, .T. ) ;
#451 = FACE_OUTER_BOUND ( 'NONE', #672, .T. ) ;
#452 = VERTEX_POINT ( 'NONE', #790 ) ;
#453 = DIRECTION ( 'NONE',  ( -0.000000000000000000, -1.000000000000000000, -0.000000000000000000 ) ) ;
#454 = EDGE_CURVE ( 'NONE', #936, #435, #1128, .T. ) ;
#455 = CARTESIAN_POINT ( 'NONE',  ( 79.99999999999975842, 0.000000000000000000, -64.99999999999988631 ) ) ;
#456 = DIRECTION ( 'NONE',  ( -0.000000000000000000, 1.000000000000000000, -0.000000000000000000 ) ) ;
#457 = AXIS2_PLACEMENT_3D ( 'NONE', #776, #548, #1366 ) ;
#458 = CARTESIAN_POINT ( 'NONE',  ( -21.49999999999999289, 0.000000000000000000, 22.75000000000006040 ) ) ;
#459 = ORIENTED_EDGE ( 'NONE', *, *, #1223, .F. ) ;
#460 = AXIS2_PLACEMENT_3D ( 'NONE', #946, #159, #275 ) ;
#461 = CARTESIAN_POINT ( 'NONE',  ( 79.99999999999975842, 9.000000000000000000, -63.47499999999989484 ) ) ;
#462 = ORIENTED_EDGE ( 'NONE', *, *, #981, .T. ) ;
#463 = DIRECTION ( 'NONE',  ( -0.000000000000000000, 1.000000000000000000, -0.000000000000000000 ) ) ;
#464 = CARTESIAN_POINT ( 'NONE',  ( 79.99999999999977263, 9.000000000000000000, 63.47500000000002984 ) ) ;
#465 = FACE_BOUND ( 'NONE', #211, .T. ) ;
#466 = CARTESIAN_POINT ( 'NONE',  ( -45.00000000000001421, 0.000000000000000000, 40.00000000000006395 ) ) ;
#467 = VERTEX_POINT ( 'NONE', #675 ) ;
#468 = FACE_OUTER_BOUND ( 'NONE', #129, .T. ) ;
#469 = ORIENTED_EDGE ( 'NONE', *, *, #1196, .T. ) ;
#470 = CIRCLE ( 'NONE', #161, 25.00000000000001421 ) ;
#471 = LINE ( 'NONE', #1152, #1221 ) ;
#472 = CARTESIAN_POINT ( 'NONE',  ( 21.50000000000000355, 0.000000000000000000, -22.74999999999993250 ) ) ;
#473 = CARTESIAN_POINT ( 'NONE',  ( 64.99999999999978684, 0.000000000000000000, 80.00000000000002842 ) ) ;
#474 = AXIS2_PLACEMENT_3D ( 'NONE', #1339, #767, #1212 ) ;
#475 = ORIENTED_EDGE ( 'NONE', *, *, #142, .T. ) ;
#476 = VECTOR ( 'NONE', #1027, 1000.000000000000000 ) ;
#477 = CYLINDRICAL_SURFACE ( 'NONE', #621, 1.249999999999997558 ) ;
#478 = EDGE_CURVE ( 'NONE', #317, #452, #515, .T. ) ;
#479 = ORIENTED_EDGE ( 'NONE', *, *, #568, .F. ) ;
#480 = CIRCLE ( 'NONE', #457, 25.00000000000001421 ) ;
#481 = DIRECTION ( 'NONE',  ( -0.000000000000000000, 1.000000000000000000, -0.000000000000000000 ) ) ;
#482 = CARTESIAN_POINT ( 'NONE',  ( -64.99999999999975842, 0.000000000000000000, -78.47499999999989484 ) ) ;
#483 = ORIENTED_EDGE ( 'NONE', *, *, #915, .T. ) ;
#484 = DIRECTION ( 'NONE',  ( -1.000000000000000000, 0.000000000000000000, 2.775557561562891844E-16 ) ) ;
#485 = EDGE_LOOP ( 'NONE', ( #966, #143, #395, #694 ) ) ;
#486 = EDGE_CURVE ( 'NONE', #1063, #1172, #371, .T. ) ;
#487 = DIRECTION ( 'NONE',  ( -1.000000000000000000, -0.000000000000000000, -0.000000000000000000 ) ) ;
#488 = FACE_BOUND ( 'NONE', #1044, .T. ) ;
#489 = SHAPE_DEFINITION_REPRESENTATION ( #720, #280 ) ;
#490 = ORIENTED_EDGE ( 'NONE', *, *, #478, .F. ) ;
#491 = PRODUCT ( 'plate4', 'plate4', '', ( #858 ) ) ;
#492 = EDGE_CURVE ( 'NONE', #868, #685, #1253, .T. ) ;
#493 = FILL_AREA_STYLE ('',( #170 ) ) ;
#494 = VECTOR ( 'NONE', #350, 1000.000000000000000 ) ;
#495 = ORIENTED_EDGE ( 'NONE', *, *, #263, .T. ) ;
#496 = VECTOR ( 'NONE', #83, 1000.000000000000000 ) ;
#497 = DIRECTION ( 'NONE',  ( 0.000000000000000000, 0.000000000000000000, 1.000000000000000000 ) ) ;
#498 = CARTESIAN_POINT ( 'NONE',  ( 79.99999999999977263, 0.000000000000000000, 66.52500000000003411 ) ) ;
#499 = EDGE_CURVE ( 'NONE', #1113, #938, #394, .T. ) ;
#500 = EDGE_LOOP ( 'NONE', ( #306, #1472, #658, #808 ) ) ;
#501 = VECTOR ( 'NONE', #1245, 1000.000000000000000 ) ;
#502 = DIRECTION ( 'NONE',  ( -0.000000000000000000, -1.000000000000000000, -0.000000000000000000 ) ) ;
#503 = AXIS2_PLACEMENT_3D ( 'NONE', #344, #1157, #1260 ) ;
#504 = ADVANCED_FACE ( 'NONE', ( #1458 ), #303, .F. ) ;
#505 = ORIENTED_EDGE ( 'NONE', *, *, #222, .F. ) ;
#506 = AXIS2_PLACEMENT_3D ( 'NONE', #407, #1003, #650 ) ;
#507 = CARTESIAN_POINT ( 'NONE',  ( 21.50000000000000355, 9.000000000000000000, -20.24999999999993960 ) ) ;
#508 = CARTESIAN_POINT ( 'NONE',  ( 50.00000000000001421, 9.000000000000000000, -40.00000000000009237 ) ) ;
#509 = EDGE_LOOP ( 'NONE', ( #323, #1042, #220, #288 ) ) ;
#510 = PLANE ( 'NONE',  #24 ) ;
#511 = EDGE_LOOP ( 'NONE', ( #575, #705, #1408, #736 ) ) ;
#512 = CARTESIAN_POINT ( 'NONE',  ( -89.99999999999997158, 9.000000000000000000, -64.99999999999988631 ) ) ;
#513 = AXIS2_PLACEMENT_3D ( 'NONE', #962, #245, #497 ) ;
#514 = DIRECTION ( 'NONE',  ( -0.000000000000000000, 1.000000000000000000, -0.000000000000000000 ) ) ;
#515 = CIRCLE ( 'NONE', #896, 1.524999999999998579 ) ;
#516 = ORIENTED_EDGE ( 'NONE', *, *, #207, .F. ) ;
#517 = DIRECTION ( 'NONE',  ( 0.000000000000000000, 1.000000000000000000, 0.000000000000000000 ) ) ;
#518 = VERTEX_POINT ( 'NONE', #755 ) ;
#519 = CARTESIAN_POINT ( 'NONE',  ( -90.00000000000000000, 9.000000000000000000, 65.00000000000002842 ) ) ;
#520 = CARTESIAN_POINT ( 'NONE',  ( -64.99999999999972999, 9.000000000000000000, 80.00000000000002842 ) ) ;
#521 = EDGE_CURVE ( 'NONE', #1356, #1267, #1467, .T. ) ;
#522 = AXIS2_PLACEMENT_3D ( 'NONE', #1470, #678, #133 ) ;
#523 = VERTEX_POINT ( 'NONE', #1094 ) ;
#524 = CARTESIAN_POINT ( 'NONE',  ( -79.99999999999974420, 0.000000000000000000, 65.00000000000001421 ) ) ;
#525 = ORIENTED_EDGE ( 'NONE', *, *, #222, .T. ) ;
#526 = VECTOR ( 'NONE', #1068, 1000.000000000000000 ) ;
#527 = CARTESIAN_POINT ( 'NONE',  ( 21.50000000000000355, 0.000000000000000000, -21.49999999999993605 ) ) ;
#528 = CARTESIAN_POINT ( 'NONE',  ( 79.99999999999977263, 9.000000000000000000, 66.52500000000003411 ) ) ;
#529 = VERTEX_POINT ( 'NONE', #443 ) ;
#530 = CARTESIAN_POINT ( 'NONE',  ( 64.99999999999975842, 0.000000000000000000, -90.00000000000007105 ) ) ;
#531 = ORIENTED_EDGE ( 'NONE', *, *, #1118, .T. ) ;
#532 = EDGE_CURVE ( 'NONE', #380, #1401, #1357, .T. ) ;
#533 = EDGE_CURVE ( 'NONE', #1267, #518, #772, .T. ) ;
#534 = CARTESIAN_POINT ( 'NONE',  ( 45.00000000000000000, 0.000000000000000000, 40.00000000000004974 ) ) ;
#535 = DIRECTION ( 'NONE',  ( 1.000000000000000000, -0.000000000000000000, -2.775557561562891351E-16 ) ) ;
#536 = DIRECTION ( 'NONE',  ( 0.000000000000000000, 0.000000000000000000, 1.000000000000000000 ) ) ;
#537 = CARTESIAN_POINT ( 'NONE',  ( -45.00000000000001421, 0.000000000000000000, 90.00000000000009948 ) ) ;
#538 = ORIENTED_EDGE ( 'NONE', *, *, #271, .T. ) ;
#539 = FACE_OUTER_BOUND ( 'NONE', #1394, .T. ) ;
#540 = EDGE_CURVE ( 'NONE', #1410, #169, #783, .T. ) ;
#541 = AXIS2_PLACEMENT_3D ( 'NONE', #555, #888, #1239 ) ;
#542 = FACE_OUTER_BOUND ( 'NONE', #1156, .T. ) ;
#543 = DIRECTION ( 'NONE',  ( 0.000000000000000000, 0.000000000000000000, 1.000000000000000000 ) ) ;
#544 = ORIENTED_EDGE ( 'NONE', *, *, #377, .F. ) ;
#545 = ORIENTED_EDGE ( 'NONE', *, *, #1330, .T. ) ;
#546 = AXIS2_PLACEMENT_3D ( 'NONE', #1030, #900, #438 ) ;
#547 = AXIS2_PLACEMENT_3D ( 'NONE', #367, #1050, #929 ) ;
#548 = DIRECTION ( 'NONE',  ( 0.000000000000000000, 1.000000000000000000, -0.000000000000000000 ) ) ;
#549 = CYLINDRICAL_SURFACE ( 'NONE', #16, 1.249999999999997558 ) ;
#550 = DIRECTION ( 'NONE',  ( 0.000000000000000000, 0.000000000000000000, 1.000000000000000000 ) ) ;
#551 = AXIS2_PLACEMENT_3D ( 'NONE', #297, #393, #735 ) ;
#552 = ORIENTED_EDGE ( 'NONE', *, *, #835, .F. ) ;
#553 = VERTEX_POINT ( 'NONE', #112 ) ;
#554 = DIRECTION ( 'NONE',  ( -1.000000000000000000, 0.000000000000000000, -0.000000000000000000 ) ) ;
#555 = CARTESIAN_POINT ( 'NONE',  ( -65.00000000000000000, 9.000000000000000000, 65.00000000000002842 ) ) ;
#556 = ORIENTED_EDGE ( 'NONE', *, *, #682, .F. ) ;
#557 = EDGE_CURVE ( 'NONE', #1261, #101, #1188, .T. ) ;
#558 = ORIENTED_EDGE ( 'NONE', *, *, #593, .F. ) ;
#559 = DIRECTION ( 'NONE',  ( 0.000000000000000000, 0.000000000000000000, 1.000000000000000000 ) ) ;
#560 = EDGE_CURVE ( 'NONE', #403, #1063, #909, .T. ) ;
#561 = LINE ( 'NONE', #1459, #1382 ) ;
#562 = DIRECTION ( 'NONE',  ( 0.000000000000000000, 1.000000000000000000, 0.000000000000000000 ) ) ;
#563 = DIRECTION ( 'NONE',  ( 0.000000000000000000, 0.000000000000000000, 1.000000000000000000 ) ) ;
#564 = ORIENTED_EDGE ( 'NONE', *, *, #185, .T. ) ;
#565 = DIRECTION ( 'NONE',  ( 0.000000000000000000, 0.000000000000000000, 1.000000000000000000 ) ) ;
#566 = CIRCLE ( 'NONE', #1399, 1.250000000000001110 ) ;
#567 = ORIENTED_EDGE ( 'NONE', *, *, #78, .F. ) ;
#568 = EDGE_CURVE ( 'NONE', #428, #974, #883, .T. ) ;
#569 = FACE_OUTER_BOUND ( 'NONE', #1018, .T. ) ;
#570 = AXIS2_PLACEMENT_3D ( 'NONE', #114, #339, #444 ) ;
#571 = DIRECTION ( 'NONE',  ( -0.000000000000000000, 1.000000000000000000, -0.000000000000000000 ) ) ;
#572 = DIRECTION ( 'NONE',  ( -0.000000000000000000, 1.000000000000000000, -0.000000000000000000 ) ) ;
#573 = AXIS2_PLACEMENT_3D ( 'NONE', #1233, #66, #320 ) ;
#574 = DIRECTION ( 'NONE',  ( 0.000000000000000000, 0.000000000000000000, 1.000000000000000000 ) ) ;
#575 = ORIENTED_EDGE ( 'NONE', *, *, #365, .T. ) ;
#576 = LINE ( 'NONE', #704, #1287 ) ;
#577 = VECTOR ( 'NONE', #618, 1000.000000000000000 ) ;
#578 = ORIENTED_EDGE ( 'NONE', *, *, #193, .F. ) ;
#579 = PLANE ( 'NONE',  #62 ) ;
#580 = ADVANCED_FACE ( 'NONE', ( #1452 ), #676, .F. ) ;
#581 = DIRECTION ( 'NONE',  ( 0.000000000000000000, 0.000000000000000000, 1.000000000000000000 ) ) ;
#582 = CARTESIAN_POINT ( 'NONE',  ( -64.99999999999975842, 9.000000000000000000, -90.00000000000007105 ) ) ;
#583 = LINE ( 'NONE', #1370, #494 ) ;
#584 = PRODUCT_DEFINITION_CONTEXT ( 'detailed design', #1158, 'design' ) ;
#585 = ORIENTED_EDGE ( 'NONE', *, *, #1177, .T. ) ;
#586 = DIRECTION ( 'NONE',  ( -0.000000000000000000, 1.000000000000000000, -0.000000000000000000 ) ) ;
#587 = ORIENTED_EDGE ( 'NONE', *, *, #1477, .T. ) ;
#588 = EDGE_CURVE ( 'NONE', #13, #944, #561, .T. ) ;
#589 = DIRECTION ( 'NONE',  ( -1.000000000000000000, 0.000000000000000000, -0.000000000000000000 ) ) ;
#590 = AXIS2_PLACEMENT_3D ( 'NONE', #923, #243, #698 ) ;
#591 = LINE ( 'NONE', #1395, #703 ) ;
#592 = FACE_BOUND ( 'NONE', #1324, .T. ) ;
#593 = EDGE_CURVE ( 'NONE', #1125, #978, #760, .T. ) ;
#594 = DIRECTION ( 'NONE',  ( 0.000000000000000000, 1.000000000000000000, 0.000000000000000000 ) ) ;
#595 = ORIENTED_EDGE ( 'NONE', *, *, #1270, .T. ) ;
#596 = CARTESIAN_POINT ( 'NONE',  ( 64.99999999999975842, 0.000000000000000000, -81.52499999999989200 ) ) ;
#597 = ORIENTED_EDGE ( 'NONE', *, *, #117, .F. ) ;
#598 = FACE_OUTER_BOUND ( 'NONE', #922, .T. ) ;
#599 = DIRECTION ( 'NONE',  ( -2.775557561562890365E-16, 0.000000000000000000, -1.000000000000000000 ) ) ;
#600 = AXIS2_PLACEMENT_3D ( 'NONE', #758, #93, #550 ) ;
#601 = ORIENTED_EDGE ( 'NONE', *, *, #792, .T. ) ;
#602 = LINE ( 'NONE', #1363, #71 ) ;
#603 = VERTEX_POINT ( 'NONE', #430 ) ;
#604 = AXIS2_PLACEMENT_3D ( 'NONE', #206, #1006, #103 ) ;
#605 = CARTESIAN_POINT ( 'NONE',  ( -64.99999999999975842, 9.000000000000000000, -90.00000000000007105 ) ) ;
#606 = CARTESIAN_POINT ( 'NONE',  ( 90.00000000000001421, 0.000000000000000000, -64.99999999999988631 ) ) ;
#607 = ORIENTED_EDGE ( 'NONE', *, *, #96, .T. ) ;
#608 = CARTESIAN_POINT ( 'NONE',  ( -64.99999999999975842, 9.000000000000000000, 90.00000000000007105 ) ) ;
#609 = ORIENTED_EDGE ( 'NONE', *, *, #410, .F. ) ;
#610 = ADVANCED_FACE ( 'NONE', ( #1238 ), #1264, .F. ) ;
#611 = DIRECTION ( 'NONE',  ( 0.000000000000000000, 0.000000000000000000, -1.000000000000000000 ) ) ;
#612 = CARTESIAN_POINT ( 'NONE',  ( -79.99999999999975842, 0.000000000000000000, -66.52499999999989200 ) ) ;
#613 = ORIENTED_EDGE ( 'NONE', *, *, #72, .F. ) ;
#614 = ORIENTED_EDGE ( 'NONE', *, *, #117, .T. ) ;
#615 = EDGE_CURVE ( 'NONE', #1301, #724, #1230, .T. ) ;
#616 = DIRECTION ( 'NONE',  ( 0.000000000000000000, 1.000000000000000000, 0.000000000000000000 ) ) ;
#617 = CIRCLE ( 'NONE', #1444, 1.524999999999998579 ) ;
#618 = DIRECTION ( 'NONE',  ( -0.000000000000000000, -1.000000000000000000, -0.000000000000000000 ) ) ;
#619 = ORIENTED_EDGE ( 'NONE', *, *, #915, .F. ) ;
#620 = DIRECTION ( 'NONE',  ( 0.000000000000000000, 0.000000000000000000, -1.000000000000000000 ) ) ;
#621 = AXIS2_PLACEMENT_3D ( 'NONE', #352, #21, #1380 ) ;
#622 = ORIENTED_EDGE ( 'NONE', *, *, #1406, .T. ) ;
#623 = CYLINDRICAL_SURFACE ( 'NONE', #1134, 1.524999999999998579 ) ;
#624 = CIRCLE ( 'NONE', #1451, 1.524999999999998579 ) ;
#625 = LINE ( 'NONE', #1065, #316 ) ;
#626 = ORIENTED_EDGE ( 'NONE', *, *, #560, .T. ) ;
#627 = EDGE_LOOP ( 'NONE', ( #942, #830 ) ) ;
#628 = ADVANCED_FACE ( 'NONE', ( #332 ), #124, .F. ) ;
#629 = CARTESIAN_POINT ( 'NONE',  ( 64.99999999999978684, 9.000000000000000000, 80.00000000000002842 ) ) ;
#630 = DIRECTION ( 'NONE',  ( 0.000000000000000000, 1.000000000000000000, 0.000000000000000000 ) ) ;
#631 = EDGE_LOOP ( 'NONE', ( #145, #1327 ) ) ;
#632 = CARTESIAN_POINT ( 'NONE',  ( 50.00000000000001421, 9.000000000000000000, -40.00000000000009237 ) ) ;
#633 = ORIENTED_EDGE ( 'NONE', *, *, #761, .F. ) ;
#634 = PLANE ( 'NONE',  #811 ) ;
#635 = CARTESIAN_POINT ( 'NONE',  ( 21.50000000000000355, 0.000000000000000000, -20.24999999999993960 ) ) ;
#636 = ORIENTED_EDGE ( 'NONE', *, *, #390, .F. ) ;
#637 = EDGE_CURVE ( 'NONE', #697, #408, #223, .T. ) ;
#638 = CARTESIAN_POINT ( 'NONE',  ( -21.49999999999999289, 0.000000000000000000, 20.25000000000006040 ) ) ;
#639 = EDGE_CURVE ( 'NONE', #553, #1110, #1313, .T. ) ;
#640 = ORIENTED_EDGE ( 'NONE', *, *, #761, .T. ) ;
#641 = VECTOR ( 'NONE', #1312, 1000.000000000000000 ) ;
#642 = DIRECTION ( 'NONE',  ( -0.000000000000000000, 1.000000000000000000, -0.000000000000000000 ) ) ;
#643 = CARTESIAN_POINT ( 'NONE',  ( 64.99999999999975842, 9.000000000000000000, -79.99999999999988631 ) ) ;
#644 = CARTESIAN_POINT ( 'NONE',  ( -64.99999999999975842, 0.000000000000000000, 90.00000000000007105 ) ) ;
#645 = LINE ( 'NONE', #996, #1213 ) ;
#646 = EDGE_LOOP ( 'NONE', ( #242, #434, #164, #1455 ) ) ;
#647 = LINE ( 'NONE', #1100, #951 ) ;
#648 = AXIS2_PLACEMENT_3D ( 'NONE', #1411, #840, #611 ) ;
#649 = CARTESIAN_POINT ( 'NONE',  ( -49.99999999999998579, 9.000000000000000000, -40.00000000000006395 ) ) ;
#650 = DIRECTION ( 'NONE',  ( 0.000000000000000000, 0.000000000000000000, 1.000000000000000000 ) ) ;
#651 = VERTEX_POINT ( 'NONE', #810 ) ;
#652 = ORIENTED_EDGE ( 'NONE', *, *, #864, .F. ) ;
#653 = CIRCLE ( 'NONE', #1204, 25.00000000000021672 ) ;
#654 = DIRECTION ( 'NONE',  ( -0.000000000000000000, -1.000000000000000000, -0.000000000000000000 ) ) ;
#655 = DIRECTION ( 'NONE',  ( -0.000000000000000000, 1.000000000000000000, -0.000000000000000000 ) ) ;
#656 = CARTESIAN_POINT ( 'NONE',  ( -21.49999999999999289, 0.000000000000000000, 22.75000000000006040 ) ) ;
#657 = ORIENTED_EDGE ( 'NONE', *, *, #764, .T. ) ;
#658 = ORIENTED_EDGE ( 'NONE', *, *, #719, .F. ) ;
#659 = AXIS2_PLACEMENT_3D ( 'NONE', #1318, #1015, #1471 ) ;
#660 = CARTESIAN_POINT ( 'NONE',  ( -64.99999999999975842, 0.000000000000000000, -90.00000000000007105 ) ) ;
#661 = DIRECTION ( 'NONE',  ( -0.000000000000000000, 1.000000000000000000, -0.000000000000000000 ) ) ;
#662 = VECTOR ( 'NONE', #668, 1000.000000000000000 ) ;
#663 = ADVANCED_FACE ( 'NONE', ( #1246 ), #784, .F. ) ;
#664 = CARTESIAN_POINT ( 'NONE',  ( 21.50000000000000355, 9.000000000000000000, 22.75000000000005684 ) ) ;
#665 = VERTEX_POINT ( 'NONE', #893 ) ;
#666 = ORIENTED_EDGE ( 'NONE', *, *, #1294, .F. ) ;
#667 = FACE_OUTER_BOUND ( 'NONE', #1244, .T. ) ;
#668 = DIRECTION ( 'NONE',  ( -0.000000000000000000, 1.000000000000000000, -0.000000000000000000 ) ) ;
#669 = CARTESIAN_POINT ( 'NONE',  ( 21.50000000000000355, 9.000000000000000000, -21.49999999999993605 ) ) ;
#670 = CARTESIAN_POINT ( 'NONE',  ( -21.49999999999999289, 9.000000000000000000, 20.25000000000006040 ) ) ;
#671 = EDGE_CURVE ( 'NONE', #422, #278, #1430, .T. ) ;
#672 = EDGE_LOOP ( 'NONE', ( #328, #360, #891, #622 ) ) ;
#673 = FACE_OUTER_BOUND ( 'NONE', #1222, .T. ) ;
#674 = ORIENTED_EDGE ( 'NONE', *, *, #855, .F. ) ;
#675 = CARTESIAN_POINT ( 'NONE',  ( -45.00000000000001421, 9.000000000000000000, 90.00000000000009948 ) ) ;
#676 = PLANE ( 'NONE',  #570 ) ;
#677 = AXIS2_PLACEMENT_3D ( 'NONE', #919, #701, #786 ) ;
#678 = DIRECTION ( 'NONE',  ( -0.000000000000000000, 1.000000000000000000, -0.000000000000000000 ) ) ;
#679 = DIRECTION ( 'NONE',  ( 0.000000000000000000, 0.000000000000000000, 1.000000000000000000 ) ) ;
#680 = AXIS2_PLACEMENT_3D ( 'NONE', #1256, #26, #356 ) ;
#681 = VERTEX_POINT ( 'NONE', #917 ) ;
#682 = EDGE_CURVE ( 'NONE', #1410, #782, #480, .T. ) ;
#683 = CYLINDRICAL_SURFACE ( 'NONE', #1383, 1.250000000000001110 ) ;
#684 = EDGE_CURVE ( 'NONE', #1197, #387, #433, .T. ) ;
#685 = VERTEX_POINT ( 'NONE', #464 ) ;
#686 = CYLINDRICAL_SURFACE ( 'NONE', #970, 1.524999999999998579 ) ;
#687 = VECTOR ( 'NONE', #1115, 1000.000000000000000 ) ;
#688 = DIRECTION ( 'NONE',  ( 0.000000000000000000, 1.000000000000000000, 0.000000000000000000 ) ) ;
#689 = AXIS2_PLACEMENT_3D ( 'NONE', #1336, #806, #1165 ) ;
#690 = DIRECTION ( 'NONE',  ( 0.000000000000000000, -1.000000000000000000, 0.000000000000000000 ) ) ;
#691 = CIRCLE ( 'NONE', #49, 1.249999999999997558 ) ;
#692 = DIRECTION ( 'NONE',  ( 0.000000000000000000, 0.000000000000000000, 1.000000000000000000 ) ) ;
#693 = EDGE_CURVE ( 'NONE', #846, #1193, #924, .T. ) ;
#694 = ORIENTED_EDGE ( 'NONE', *, *, #873, .T. ) ;
#695 = CARTESIAN_POINT ( 'NONE',  ( -64.99999999999972999, 9.000000000000000000, 81.52500000000003411 ) ) ;
#696 = AXIS2_PLACEMENT_3D ( 'NONE', #122, #231, #331 ) ;
#697 = VERTEX_POINT ( 'NONE', #1107 ) ;
#698 = DIRECTION ( 'NONE',  ( 0.000000000000000000, 0.000000000000000000, 1.000000000000000000 ) ) ;
#699 = DIRECTION ( 'NONE',  ( 0.000000000000000000, 1.000000000000000000, 0.000000000000000000 ) ) ;
#700 = DIRECTION ( 'NONE',  ( -0.000000000000000000, 1.000000000000000000, -0.000000000000000000 ) ) ;
#701 = DIRECTION ( 'NONE',  ( -0.000000000000000000, 1.000000000000000000, -0.000000000000000000 ) ) ;
#702 = EDGE_LOOP ( 'NONE', ( #469, #1342, #709, #154 ) ) ;
#703 = VECTOR ( 'NONE', #362, 1000.000000000000000 ) ;
#704 = CARTESIAN_POINT ( 'NONE',  ( -50.00000000000000000, 9.000000000000000000, -90.00000000000005684 ) ) ;
#705 = ORIENTED_EDGE ( 'NONE', *, *, #1367, .F. ) ;
#706 = CARTESIAN_POINT ( 'NONE',  ( 45.00000000000001421, 0.000000000000000000, 90.00000000000007105 ) ) ;
#707 = CARTESIAN_POINT ( 'NONE',  ( -64.99999999999975842, 0.000000000000000000, -79.99999999999988631 ) ) ;
#708 = ADVANCED_FACE ( 'NONE', ( #89 ), #1001, .F. ) ;
#709 = ORIENTED_EDGE ( 'NONE', *, *, #532, .F. ) ;
#710 = CARTESIAN_POINT ( 'NONE',  ( 79.99999999999975842, 0.000000000000000000, -64.99999999999988631 ) ) ;
#711 = ORIENTED_EDGE ( 'NONE', *, *, #1223, .T. ) ;
#712 = AXIS2_PLACEMENT_3D ( 'NONE', #582, #1032, #941 ) ;
#713 = CARTESIAN_POINT ( 'NONE',  ( -21.49999999999999289, 0.000000000000000000, 21.50000000000006040 ) ) ;
#714 = FACE_BOUND ( 'NONE', #449, .T. ) ;
#715 = AXIS2_PLACEMENT_3D ( 'NONE', #979, #80, #1346 ) ;
#716 = EDGE_LOOP ( 'NONE', ( #1057, #462, #198, #1362 ) ) ;
#717 = SURFACE_SIDE_STYLE ('',( #1300 ) ) ;
#718 = ORIENTED_EDGE ( 'NONE', *, *, #835, .T. ) ;
#719 = EDGE_CURVE ( 'NONE', #846, #1389, #147, .T. ) ;
#720 = PRODUCT_DEFINITION_SHAPE ( 'NONE', 'NONE',  #1285 ) ;
#721 = CARTESIAN_POINT ( 'NONE',  ( -79.99999999999974420, 0.000000000000000000, 65.00000000000001421 ) ) ;
#722 = CARTESIAN_POINT ( 'NONE',  ( 79.99999999999975842, 9.000000000000000000, -66.52499999999989200 ) ) ;
#723 = CARTESIAN_POINT ( 'NONE',  ( 0.000000000000000000, 0.000000000000000000, 0.000000000000000000 ) ) ;
#724 = VERTEX_POINT ( 'NONE', #17 ) ;
#725 = DIRECTION ( 'NONE',  ( 0.000000000000000000, 0.000000000000000000, -1.000000000000000000 ) ) ;
#726 = EDGE_CURVE ( 'NONE', #665, #1000, #833, .T. ) ;
#727 = ORIENTED_EDGE ( 'NONE', *, *, #384, .T. ) ;
#728 = CARTESIAN_POINT ( 'NONE',  ( -21.49999999999999289, 9.000000000000000000, 21.50000000000006040 ) ) ;
#729 = DIRECTION ( 'NONE',  ( 0.000000000000000000, 0.000000000000000000, 1.000000000000000000 ) ) ;
#730 = ORIENTED_EDGE ( 'NONE', *, *, #989, .F. ) ;
#731 = CARTESIAN_POINT ( 'NONE',  ( 21.50000000000000355, 0.000000000000000000, 21.50000000000006040 ) ) ;
#732 = VECTOR ( 'NONE', #247, 1000.000000000000000 ) ;
#733 = EDGE_LOOP ( 'NONE', ( #1381, #368 ) ) ;
#734 = FACE_OUTER_BOUND ( 'NONE', #511, .T. ) ;
#735 = DIRECTION ( 'NONE',  ( 0.000000000000000000, 0.000000000000000000, 1.000000000000000000 ) ) ;
#736 = ORIENTED_EDGE ( 'NONE', *, *, #588, .T. ) ;
#737 = ADVANCED_FACE ( 'NONE', ( #385 ), #48, .F. ) ;
#738 = CARTESIAN_POINT ( 'NONE',  ( 90.00000000000002842, 0.000000000000000000, 65.00000000000002842 ) ) ;
#739 =( GEOMETRIC_REPRESENTATION_CONTEXT ( 3 ) GLOBAL_UNCERTAINTY_ASSIGNED_CONTEXT ( ( #1190 ) ) GLOBAL_UNIT_ASSIGNED_CONTEXT ( ( #381, #852, #44 ) ) REPRESENTATION_CONTEXT ( 'NONE', 'WORKASPACE' ) );
#740 = VECTOR ( 'NONE', #937, 1000.000000000000000 ) ;
#741 = ORIENTED_EDGE ( 'NONE', *, *, #954, .F. ) ;
#742 = DIRECTION ( 'NONE',  ( 0.000000000000000000, 1.000000000000000000, 0.000000000000000000 ) ) ;
#743 = EDGE_CURVE ( 'NONE', #814, #697, #57, .T. ) ;
#744 = CARTESIAN_POINT ( 'NONE',  ( 21.50000000000000355, 0.000000000000000000, -21.49999999999993605 ) ) ;
#745 = ORIENTED_EDGE ( 'NONE', *, *, #1461, .F. ) ;
#746 = FACE_OUTER_BOUND ( 'NONE', #1278, .T. ) ;
#747 = VERTEX_POINT ( 'NONE', #252 ) ;
#748 = FACE_OUTER_BOUND ( 'NONE', #817, .T. ) ;
#749 = CARTESIAN_POINT ( 'NONE',  ( 64.99999999999975842, 9.000000000000000000, 90.00000000000007105 ) ) ;
#750 = ORIENTED_EDGE ( 'NONE', *, *, #781, .F. ) ;
#751 = FACE_BOUND ( 'NONE', #1475, .T. ) ;
#752 = EDGE_LOOP ( 'NONE', ( #258, #730, #585, #987 ) ) ;
#753 =( GEOMETRIC_REPRESENTATION_CONTEXT ( 3 ) GLOBAL_UNCERTAINTY_ASSIGNED_CONTEXT ( ( #1298 ) ) GLOBAL_UNIT_ASSIGNED_CONTEXT ( ( #813, #364, #141 ) ) REPRESENTATION_CONTEXT ( 'NONE', 'WORKASPACE' ) );
#754 = LINE ( 'NONE', #1308, #1263 ) ;
#755 = CARTESIAN_POINT ( 'NONE',  ( 21.50000000000000355, 9.000000000000000000, 20.25000000000006395 ) ) ;
#756 = CIRCLE ( 'NONE', #113, 25.00000000000021672 ) ;
#757 = ORIENTED_EDGE ( 'NONE', *, *, #410, .T. ) ;
#758 = CARTESIAN_POINT ( 'NONE',  ( -64.99999999999972999, 0.000000000000000000, 80.00000000000002842 ) ) ;
#759 = ORIENTED_EDGE ( 'NONE', *, *, #1159, .F. ) ;
#760 = CIRCLE ( 'NONE', #237, 1.250000000000001110 ) ;
#761 = EDGE_CURVE ( 'NONE', #928, #1416, #197, .T. ) ;
#762 = AXIS2_PLACEMENT_3D ( 'NONE', #1096, #867, #543 ) ;
#763 = LINE ( 'NONE', #863, #233 ) ;
#764 = EDGE_CURVE ( 'NONE', #308, #846, #131, .T. ) ;
#765 = VECTOR ( 'NONE', #1288, 1000.000000000000000 ) ;
#766 = LINE ( 'NONE', #426, #1376 ) ;
#767 = DIRECTION ( 'NONE',  ( 2.775557561562891351E-16, 0.000000000000000000, 1.000000000000000000 ) ) ;
#768 = ORIENTED_EDGE ( 'NONE', *, *, #270, .T. ) ;
#769 = VECTOR ( 'NONE', #487, 1000.000000000000000 ) ;
#770 = ORIENTED_EDGE ( 'NONE', *, *, #764, .F. ) ;
#771 = CARTESIAN_POINT ( 'NONE',  ( 21.50000000000000355, 0.000000000000000000, 22.75000000000005684 ) ) ;
#772 = CIRCLE ( 'NONE', #1139, 1.249999999999997558 ) ;
#773 = ORIENTED_EDGE ( 'NONE', *, *, #930, .F. ) ;
#774 = ORIENTED_EDGE ( 'NONE', *, *, #375, .T. ) ;
#775 = EDGE_CURVE ( 'NONE', #272, #798, #1052, .T. ) ;
#776 = CARTESIAN_POINT ( 'NONE',  ( -65.00000000000000000, 9.000000000000000000, 65.00000000000002842 ) ) ;
#777 = AXIS2_PLACEMENT_3D ( 'NONE', #333, #562, #431 ) ;
#778 = LINE ( 'NONE', #1462, #1184 ) ;
#779 = FACE_BOUND ( 'NONE', #1148, .T. ) ;
#780 = ORIENTED_EDGE ( 'NONE', *, *, #968, .T. ) ;
#781 = EDGE_CURVE ( 'NONE', #278, #422, #1153, .T. ) ;
#782 = VERTEX_POINT ( 'NONE', #1271 ) ;
#783 = LINE ( 'NONE', #1237, #501 ) ;
#784 = CYLINDRICAL_SURFACE ( 'NONE', #604, 1.524999999999998579 ) ;
#785 = CARTESIAN_POINT ( 'NONE',  ( -79.99999999999974420, 0.000000000000000000, 66.52500000000001990 ) ) ;
#786 = DIRECTION ( 'NONE',  ( 0.000000000000000000, 0.000000000000000000, 1.000000000000000000 ) ) ;
#787 = ORIENTED_EDGE ( 'NONE', *, *, #193, .T. ) ;
#788 = CARTESIAN_POINT ( 'NONE',  ( -21.49999999999999289, 0.000000000000000000, -20.24999999999993605 ) ) ;
#789 = EDGE_LOOP ( 'NONE', ( #95, #396 ) ) ;
#790 = CARTESIAN_POINT ( 'NONE',  ( 64.99999999999975842, 9.000000000000000000, -78.47499999999989484 ) ) ;
#791 = CARTESIAN_POINT ( 'NONE',  ( -64.99999999999975842, 9.000000000000000000, 90.00000000000007105 ) ) ;
#792 = EDGE_CURVE ( 'NONE', #1437, #603, #847, .T. ) ;
#793 = FACE_OUTER_BOUND ( 'NONE', #1080, .T. ) ;
#794 = EDGE_CURVE ( 'NONE', #936, #380, #471, .T. ) ;
#795 = FACE_OUTER_BOUND ( 'NONE', #716, .T. ) ;
#796 = ORIENTED_EDGE ( 'NONE', *, *, #1083, .F. ) ;
#797 = DIRECTION ( 'NONE',  ( 0.000000000000000000, 1.000000000000000000, 0.000000000000000000 ) ) ;
#798 = VERTEX_POINT ( 'NONE', #507 ) ;
#799 = FACE_OUTER_BOUND ( 'NONE', #485, .T. ) ;
#800 = ADVANCED_FACE ( 'NONE', ( #391 ), #932, .F. ) ;
#801 = CARTESIAN_POINT ( 'NONE',  ( -64.99999999999975842, 0.000000000000000000, -79.99999999999988631 ) ) ;
#802 = CARTESIAN_POINT ( 'NONE',  ( -79.99999999999975842, 9.000000000000000000, -64.99999999999988631 ) ) ;
#803 = DIRECTION ( 'NONE',  ( -0.000000000000000000, -1.000000000000000000, -0.000000000000000000 ) ) ;
#804 = VECTOR ( 'NONE', #1391, 1000.000000000000000 ) ;
#805 = ORIENTED_EDGE ( 'NONE', *, *, #794, .F. ) ;
#806 = DIRECTION ( 'NONE',  ( 0.000000000000000000, 1.000000000000000000, 0.000000000000000000 ) ) ;
#807 = CIRCLE ( 'NONE', #1468, 1.249999999999997558 ) ;
#808 = ORIENTED_EDGE ( 'NONE', *, *, #693, .T. ) ;
#809 = CARTESIAN_POINT ( 'NONE',  ( -45.00000000000001421, 0.000000000000000000, 90.00000000000009948 ) ) ;
#810 = CARTESIAN_POINT ( 'NONE',  ( 64.99999999999975842, 0.000000000000000000, -78.47499999999989484 ) ) ;
#811 = AXIS2_PLACEMENT_3D ( 'NONE', #165, #1087, #302 ) ;
#812 = LINE ( 'NONE', #363, #1130 ) ;
#813 =( LENGTH_UNIT ( ) NAMED_UNIT ( * ) SI_UNIT ( .MILLI., .METRE. ) );
#814 = VERTEX_POINT ( 'NONE', #152 ) ;
#815 = CARTESIAN_POINT ( 'NONE',  ( -21.49999999999999289, 0.000000000000000000, 21.50000000000006040 ) ) ;
#816 = CIRCLE ( 'NONE', #168, 1.249999999999997558 ) ;
#817 = EDGE_LOOP ( 'NONE', ( #1292, #1413, #759, #882 ) ) ;
#818 = DIRECTION ( 'NONE',  ( 0.000000000000000000, 0.000000000000000000, 1.000000000000000000 ) ) ;
#819 = CARTESIAN_POINT ( 'NONE',  ( 45.00000000000001421, 0.000000000000000000, 90.00000000000007105 ) ) ;
#820 = DIRECTION ( 'NONE',  ( 0.000000000000000000, 1.000000000000000000, 0.000000000000000000 ) ) ;
#821 = ORIENTED_EDGE ( 'NONE', *, *, #58, .T. ) ;
#822 = DIRECTION ( 'NONE',  ( -1.000000000000000000, -0.000000000000000000, -0.000000000000000000 ) ) ;
#823 = ORIENTED_EDGE ( 'NONE', *, *, #207, .T. ) ;
#824 = AXIS2_PLACEMENT_3D ( 'NONE', #1322, #1010, #1476 ) ;
#825 = CYLINDRICAL_SURFACE ( 'NONE', #184, 1.524999999999998579 ) ;
#826 = FACE_BOUND ( 'NONE', #59, .T. ) ;
#827 = VECTOR ( 'NONE', #803, 1000.000000000000000 ) ;
#828 = APPLICATION_PROTOCOL_DEFINITION ( 'draft international standard', 'automotive_design', 1998, #1158 ) ;
#829 = EDGE_CURVE ( 'NONE', #665, #1301, #591, .T. ) ;
#830 = ORIENTED_EDGE ( 'NONE', *, *, #593, .T. ) ;
#831 = ORIENTED_EDGE ( 'NONE', *, *, #1202, .F. ) ;
#832 = CIRCLE ( 'NONE', #1257, 1.524999999999998579 ) ;
#833 = LINE ( 'NONE', #605, #769 ) ;
#834 = DIRECTION ( 'NONE',  ( -1.000000000000000000, 0.000000000000000000, 1.541976423090495140E-16 ) ) ;
#835 = EDGE_CURVE ( 'NONE', #1416, #928, #1341, .T. ) ;
#836 = AXIS2_PLACEMENT_3D ( 'NONE', #1283, #517, #973 ) ;
#837 = VERTEX_POINT ( 'NONE', #706 ) ;
#838 = LINE ( 'NONE', #1055, #641 ) ;
#839 = ORIENTED_EDGE ( 'NONE', *, *, #540, .T. ) ;
#840 = DIRECTION ( 'NONE',  ( 0.000000000000000000, 1.000000000000000000, -0.000000000000000000 ) ) ;
#841 = DIRECTION ( 'NONE',  ( 0.000000000000000000, 0.000000000000000000, 1.000000000000000000 ) ) ;
#842 = EDGE_CURVE ( 'NONE', #938, #1113, #832, .T. ) ;
#843 = ADVANCED_FACE ( 'NONE', ( #598 ), #825, .F. ) ;
#844 = ORIENTED_EDGE ( 'NONE', *, *, #719, .T. ) ;
#845 = FACE_OUTER_BOUND ( 'NONE', #1138, .T. ) ;
#846 = VERTEX_POINT ( 'NONE', #1390 ) ;
#847 = CIRCLE ( 'NONE', #392, 1.250000000000001110 ) ;
#848 = DIRECTION ( 'NONE',  ( 0.000000000000000000, 0.000000000000000000, 1.000000000000000000 ) ) ;
#849 = CARTESIAN_POINT ( 'NONE',  ( 50.00000000000001421, 0.000000000000000000, -40.00000000000009237 ) ) ;
#850 = EDGE_CURVE ( 'NONE', #603, #1437, #566, .T. ) ;
#851 = VERTEX_POINT ( 'NONE', #1200 ) ;
#852 =( NAMED_UNIT ( * ) PLANE_ANGLE_UNIT ( ) SI_UNIT ( $, .RADIAN. ) );
#853 = AXIS2_PLACEMENT_3D ( 'NONE', #723, #34, #1066 ) ;
#854 = VERTEX_POINT ( 'NONE', #291 ) ;
#855 = EDGE_CURVE ( 'NONE', #1227, #229, #617, .T. ) ;
#856 = FACE_OUTER_BOUND ( 'NONE', #1061, .T. ) ;
#857 = LINE ( 'NONE', #70, #577 ) ;
#858 = PRODUCT_CONTEXT ( 'NONE', #419, 'mechanical' ) ;
#859 = ORIENTED_EDGE ( 'NONE', *, *, #1352, .F. ) ;
#860 = CIRCLE ( 'NONE', #836, 1.524999999999998579 ) ;
#861 = ORIENTED_EDGE ( 'NONE', *, *, #1461, .T. ) ;
#862 = AXIS2_PLACEMENT_3D ( 'NONE', #1479, #234, #1122 ) ;
#863 = CARTESIAN_POINT ( 'NONE',  ( -64.99999999999975842, 0.000000000000000000, -81.52499999999989200 ) ) ;
#864 = EDGE_CURVE ( 'NONE', #1261, #229, #763, .T. ) ;
#865 = DIRECTION ( 'NONE',  ( -0.000000000000000000, -1.000000000000000000, -0.000000000000000000 ) ) ;
#866 = EDGE_LOOP ( 'NONE', ( #1423, #205, #351, #538 ) ) ;
#867 = DIRECTION ( 'NONE',  ( 0.000000000000000000, 1.000000000000000000, 0.000000000000000000 ) ) ;
#868 = VERTEX_POINT ( 'NONE', #55 ) ;
#869 = DIRECTION ( 'NONE',  ( 0.000000000000000000, 1.000000000000000000, 0.000000000000000000 ) ) ;
#870 = CARTESIAN_POINT ( 'NONE',  ( -50.00000000000000000, 9.000000000000000000, -90.00000000000005684 ) ) ;
#871 = ORIENTED_EDGE ( 'NONE', *, *, #1177, .F. ) ;
#872 = FACE_BOUND ( 'NONE', #631, .T. ) ;
#873 = EDGE_CURVE ( 'NONE', #1389, #218, #647, .T. ) ;
#874 = ORIENTED_EDGE ( 'NONE', *, *, #1211, .T. ) ;
#875 = AXIS2_PLACEMENT_3D ( 'NONE', #473, #820, #1124 ) ;
#876 = EDGE_CURVE ( 'NONE', #162, #272, #807, .T. ) ;
#877 = CYLINDRICAL_SURFACE ( 'NONE', #43, 1.524999999999998579 ) ;
#878 = CIRCLE ( 'NONE', #680, 1.250000000000001110 ) ;
#879 = EDGE_CURVE ( 'NONE', #218, #1301, #756, .T. ) ;
#880 = CARTESIAN_POINT ( 'NONE',  ( 21.50000000000000355, 0.000000000000000000, 21.50000000000006040 ) ) ;
#881 = FACE_BOUND ( 'NONE', #1259, .T. ) ;
#882 = ORIENTED_EDGE ( 'NONE', *, *, #347, .T. ) ;
#883 = CIRCLE ( 'NONE', #546, 25.00000000000021672 ) ;
#884 = AXIS2_PLACEMENT_3D ( 'NONE', #710, #28, #14 ) ;
#885 = PRESENTATION_LAYER_ASSIGNMENT (  '', '', ( #240 ) ) ;
#886 = DIRECTION ( 'NONE',  ( 0.000000000000000000, 0.000000000000000000, 1.000000000000000000 ) ) ;
#887 = VECTOR ( 'NONE', #865, 1000.000000000000000 ) ;
#888 = DIRECTION ( 'NONE',  ( -0.000000000000000000, -1.000000000000000000, -0.000000000000000000 ) ) ;
#889 = DIRECTION ( 'NONE',  ( -0.000000000000000000, 1.000000000000000000, -0.000000000000000000 ) ) ;
#890 = ORIENTED_EDGE ( 'NONE', *, *, #1196, .F. ) ;
#891 = ORIENTED_EDGE ( 'NONE', *, *, #1104, .T. ) ;
#892 = AXIS2_PLACEMENT_3D ( 'NONE', #1255, #688, #1144 ) ;
#893 = CARTESIAN_POINT ( 'NONE',  ( 64.99999999999975842, 9.000000000000000000, -90.00000000000007105 ) ) ;
#894 = DIRECTION ( 'NONE',  ( 0.000000000000000000, 0.000000000000000000, 1.000000000000000000 ) ) ;
#895 = PLANE ( 'NONE',  #573 ) ;
#896 = AXIS2_PLACEMENT_3D ( 'NONE', #643, #1365, #411 ) ;
#897 = ORIENTED_EDGE ( 'NONE', *, *, #343, .F. ) ;
#898 = ORIENTED_EDGE ( 'NONE', *, *, #684, .T. ) ;
#899 = DIRECTION ( 'NONE',  ( 0.000000000000000000, 1.000000000000000000, 0.000000000000000000 ) ) ;
#900 = DIRECTION ( 'NONE',  ( 0.000000000000000000, 1.000000000000000000, -0.000000000000000000 ) ) ;
#901 = AXIS2_PLACEMENT_3D ( 'NONE', #1161, #690, #246 ) ;
#902 = FACE_OUTER_BOUND ( 'NONE', #959, .T. ) ;
#903 = DIRECTION ( 'NONE',  ( -0.000000000000000000, 1.000000000000000000, -0.000000000000000000 ) ) ;
#904 = ORIENTED_EDGE ( 'NONE', *, *, #1045, .T. ) ;
#905 = ORIENTED_EDGE ( 'NONE', *, *, #6, .T. ) ;
#906 = LINE ( 'NONE', #130, #324 ) ;
#907 = ADVANCED_FACE ( 'NONE', ( #539 ), #623, .F. ) ;
#908 = EDGE_CURVE ( 'NONE', #452, #317, #309, .T. ) ;
#909 = LINE ( 'NONE', #1131, #1402 ) ;
#910 = CYLINDRICAL_SURFACE ( 'NONE', #541, 25.00000000000001421 ) ;
#911 = CARTESIAN_POINT ( 'NONE',  ( 79.99999999999975842, 9.000000000000000000, -64.99999999999988631 ) ) ;
#912 = ORIENTED_EDGE ( 'NONE', *, *, #110, .T. ) ;
#913 = DIRECTION ( 'NONE',  ( -0.000000000000000000, 1.000000000000000000, -0.000000000000000000 ) ) ;
#914 = VERTEX_POINT ( 'NONE', #283 ) ;
#915 = EDGE_CURVE ( 'NONE', #1284, #408, #1064, .T. ) ;
#916 = CARTESIAN_POINT ( 'NONE',  ( 79.99999999999975842, 0.000000000000000000, -63.47499999999989484 ) ) ;
#917 = CARTESIAN_POINT ( 'NONE',  ( -64.99999999999972999, 0.000000000000000000, 78.47500000000003695 ) ) ;
#918 = DIRECTION ( 'NONE',  ( 0.000000000000000000, 0.000000000000000000, 1.000000000000000000 ) ) ;
#919 = CARTESIAN_POINT ( 'NONE',  ( -21.49999999999999289, 0.000000000000000000, 21.50000000000006040 ) ) ;
#920 = ORIENTED_EDGE ( 'NONE', *, *, #486, .T. ) ;
#921 = PLANE ( 'NONE',  #547 ) ;
#922 = EDGE_LOOP ( 'NONE', ( #796, #301, #607, #73 ) ) ;
#923 = CARTESIAN_POINT ( 'NONE',  ( -79.99999999999975842, 0.000000000000000000, -64.99999999999988631 ) ) ;
#924 = LINE ( 'NONE', #355, #1272 ) ;
#925 = DIRECTION ( 'NONE',  ( 1.000000000000000000, 0.000000000000000000, 0.000000000000000000 ) ) ;
#926 = DIRECTION ( 'NONE',  ( 0.000000000000000000, 0.000000000000000000, -1.000000000000000000 ) ) ;
#927 = VECTOR ( 'NONE', #1133, 1000.000000000000000 ) ;
#928 = VERTEX_POINT ( 'NONE', #1072 ) ;
#929 = DIRECTION ( 'NONE',  ( -2.775557561562889872E-16, 0.000000000000000000, -1.000000000000000000 ) ) ;
#930 = EDGE_CURVE ( 'NONE', #3, #1464, #1014, .T. ) ;
#931 = ORIENTED_EDGE ( 'NONE', *, *, #781, .T. ) ;
#932 = CYLINDRICAL_SURFACE ( 'NONE', #321, 1.249999999999997558 ) ;
#933 = AXIS2_PLACEMENT_3D ( 'NONE', #524, #1448, #427 ) ;
#934 = CARTESIAN_POINT ( 'NONE',  ( -90.00000000000000000, 0.000000000000000000, 65.00000000000002842 ) ) ;
#935 = DIRECTION ( 'NONE',  ( 0.000000000000000000, 1.000000000000000000, 0.000000000000000000 ) ) ;
#936 = VERTEX_POINT ( 'NONE', #1216 ) ;
#937 = DIRECTION ( 'NONE',  ( -0.000000000000000000, 1.000000000000000000, -0.000000000000000000 ) ) ;
#938 = VERTEX_POINT ( 'NONE', #1445 ) ;
#939 = ADVANCED_FACE ( 'NONE', ( #856 ), #877, .F. ) ;
#940 = DIRECTION ( 'NONE',  ( 0.000000000000000000, 0.000000000000000000, 1.000000000000000000 ) ) ;
#941 = DIRECTION ( 'NONE',  ( 1.000000000000000000, 0.000000000000000000, -0.000000000000000000 ) ) ;
#942 = ORIENTED_EDGE ( 'NONE', *, *, #203, .T. ) ;
#943 = DIRECTION ( 'NONE',  ( 2.775557561562891844E-16, 0.000000000000000000, 1.000000000000000000 ) ) ;
#944 = VERTEX_POINT ( 'NONE', #82 ) ;
#945 = EDGE_CURVE ( 'NONE', #974, #1410, #1186, .T. ) ;
#946 = CARTESIAN_POINT ( 'NONE',  ( 64.99999999999978684, 0.000000000000000000, 80.00000000000002842 ) ) ;
#947 = LINE ( 'NONE', #819, #260 ) ;
#948 = ORIENTED_EDGE ( 'NONE', *, *, #188, .T. ) ;
#949 = DIRECTION ( 'NONE',  ( -2.775557561562891844E-16, -0.000000000000000000, -1.000000000000000000 ) ) ;
#950 = ORIENTED_EDGE ( 'NONE', *, *, #454, .F. ) ;
#951 = VECTOR ( 'NONE', #994, 1000.000000000000000 ) ;
#952 = ADVANCED_FACE ( 'NONE', ( #734 ), #976, .F. ) ;
#953 = DIRECTION ( 'NONE',  ( 0.000000000000000000, 0.000000000000000000, 1.000000000000000000 ) ) ;
#954 = EDGE_CURVE ( 'NONE', #387, #23, #296, .T. ) ;
#955 = FACE_OUTER_BOUND ( 'NONE', #866, .T. ) ;
#956 = CIRCLE ( 'NONE', #600, 1.524999999999998579 ) ;
#957 = ORIENTED_EDGE ( 'NONE', *, *, #1104, .F. ) ;
#958 = DIRECTION ( 'NONE',  ( 1.000000000000000000, 0.000000000000000000, 0.000000000000000000 ) ) ;
#959 = EDGE_LOOP ( 'NONE', ( #121, #1120, #1371, #1067 ) ) ;
#960 = VECTOR ( 'NONE', #514, 1000.000000000000000 ) ;
#961 = ADVANCED_FACE ( 'NONE', ( #748 ), #634, .F. ) ;
#962 = CARTESIAN_POINT ( 'NONE',  ( 79.99999999999977263, 0.000000000000000000, 65.00000000000002842 ) ) ;
#963 = LINE ( 'NONE', #849, #1071 ) ;
#964 = ORIENTED_EDGE ( 'NONE', *, *, #108, .T. ) ;
#965 = PRESENTATION_STYLE_ASSIGNMENT (( #163 ) ) ;
#966 = ORIENTED_EDGE ( 'NONE', *, *, #879, .T. ) ;
#967 = AXIS2_PLACEMENT_3D ( 'NONE', #376, #1286, #1038 ) ;
#968 = EDGE_CURVE ( 'NONE', #1125, #1025, #754, .T. ) ;
#969 = DIRECTION ( 'NONE',  ( -0.000000000000000000, 1.000000000000000000, -0.000000000000000000 ) ) ;
#970 = AXIS2_PLACEMENT_3D ( 'NONE', #187, #1262, #1151 ) ;
#971 = DIRECTION ( 'NONE',  ( -2.775557561562890365E-16, 0.000000000000000000, -1.000000000000000000 ) ) ;
#972 = ORIENTED_EDGE ( 'NONE', *, *, #693, .F. ) ;
#973 = DIRECTION ( 'NONE',  ( 0.000000000000000000, 0.000000000000000000, 1.000000000000000000 ) ) ;
#974 = VERTEX_POINT ( 'NONE', #512 ) ;
#975 = AXIS2_PLACEMENT_3D ( 'NONE', #669, #90, #1453 ) ;
#976 = PLANE ( 'NONE',  #1189 ) ;
#977 = LINE ( 'NONE', #1296, #887 ) ;
#978 = VERTEX_POINT ( 'NONE', #1418 ) ;
#979 = CARTESIAN_POINT ( 'NONE',  ( 21.50000000000000355, 9.000000000000000000, -21.49999999999993605 ) ) ;
#980 = ORIENTED_EDGE ( 'NONE', *, *, #1231, .F. ) ;
#981 = EDGE_CURVE ( 'NONE', #681, #1172, #1093, .T. ) ;
#982 = DIRECTION ( 'NONE',  ( 0.000000000000000000, 0.000000000000000000, -1.000000000000000000 ) ) ;
#983 = DIRECTION ( 'NONE',  ( -0.000000000000000000, -0.000000000000000000, 1.000000000000000000 ) ) ;
#984 = EDGE_CURVE ( 'NONE', #978, #851, #128, .T. ) ;
#985 = ORIENTED_EDGE ( 'NONE', *, *, #1406, .F. ) ;
#986 = DIRECTION ( 'NONE',  ( 0.000000000000000000, 0.000000000000000000, -1.000000000000000000 ) ) ;
#987 = ORIENTED_EDGE ( 'NONE', *, *, #1456, .F. ) ;
#988 = DIRECTION ( 'NONE',  ( 0.000000000000000000, 0.000000000000000000, 1.000000000000000000 ) ) ;
#989 = EDGE_CURVE ( 'NONE', #837, #1182, #4, .T. ) ;
#990 = DIRECTION ( 'NONE',  ( -0.000000000000000000, 0.000000000000000000, 1.000000000000000000 ) ) ;
#991 = DIRECTION ( 'NONE',  ( 0.000000000000000000, 0.000000000000000000, 1.000000000000000000 ) ) ;
#992 = FACE_BOUND ( 'NONE', #627, .T. ) ;
#993 = VERTEX_POINT ( 'NONE', #461 ) ;
#994 = DIRECTION ( 'NONE',  ( -0.000000000000000000, -1.000000000000000000, -0.000000000000000000 ) ) ;
#995 = FACE_OUTER_BOUND ( 'NONE', #357, .T. ) ;
#996 = CARTESIAN_POINT ( 'NONE',  ( 64.99999999999978684, 0.000000000000000000, 78.47500000000003695 ) ) ;
#997 = EDGE_LOOP ( 'NONE', ( #633, #552 ) ) ;
#998 = AXIS2_PLACEMENT_3D ( 'NONE', #221, #1019, #348 ) ;
#999 = CIRCLE ( 'NONE', #503, 1.524999999999998579 ) ;
#1000 = VERTEX_POINT ( 'NONE', #1388 ) ;
#1001 = PLANE ( 'NONE',  #251 ) ;
#1002 = LINE ( 'NONE', #420, #1041 ) ;
#1003 = DIRECTION ( 'NONE',  ( 0.000000000000000000, 1.000000000000000000, 0.000000000000000000 ) ) ;
#1004 = EDGE_LOOP ( 'NONE', ( #1299, #931 ) ) ;
#1005 = ORIENTED_EDGE ( 'NONE', *, *, #1118, .F. ) ;
#1006 = DIRECTION ( 'NONE',  ( -0.000000000000000000, 1.000000000000000000, -0.000000000000000000 ) ) ;
#1007 = CARTESIAN_POINT ( 'NONE',  ( 64.99999999999975842, 0.000000000000000000, 90.00000000000007105 ) ) ;
#1008 = ORIENTED_EDGE ( 'NONE', *, *, #792, .F. ) ;
#1009 = ORIENTED_EDGE ( 'NONE', *, *, #588, .F. ) ;
#1010 = DIRECTION ( 'NONE',  ( 0.000000000000000000, 1.000000000000000000, 0.000000000000000000 ) ) ;
#1011 = AXIS2_PLACEMENT_3D ( 'NONE', #341, #105, #679 ) ;
#1012 = DIRECTION ( 'NONE',  ( 0.000000000000000000, 1.000000000000000000, 0.000000000000000000 ) ) ;
#1013 = CARTESIAN_POINT ( 'NONE',  ( -64.99999999999975842, 0.000000000000000000, -90.00000000000007105 ) ) ;
#1014 = CIRCLE ( 'NONE', #423, 25.00000000000021672 ) ;
#1015 = DIRECTION ( 'NONE',  ( -0.000000000000000000, 1.000000000000000000, -0.000000000000000000 ) ) ;
#1016 = ORIENTED_EDGE ( 'NONE', *, *, #271, .F. ) ;
#1017 = LINE ( 'NONE', #1268, #358 ) ;
#1018 = EDGE_LOOP ( 'NONE', ( #768, #127, #1210, #1215 ) ) ;
#1019 = DIRECTION ( 'NONE',  ( 0.000000000000000000, 1.000000000000000000, 0.000000000000000000 ) ) ;
#1020 = CIRCLE ( 'NONE', #334, 1.250000000000001110 ) ;
#1021 = DIRECTION ( 'NONE',  ( 0.000000000000000000, 1.000000000000000000, 0.000000000000000000 ) ) ;
#1022 = ADVANCED_FACE ( 'NONE', ( #241 ), #921, .F. ) ;
#1023 = CARTESIAN_POINT ( 'NONE',  ( -64.99999999999975842, 9.000000000000000000, -81.52499999999989200 ) ) ;
#1024 = CYLINDRICAL_SURFACE ( 'NONE', #677, 1.250000000000001110 ) ;
#1025 = VERTEX_POINT ( 'NONE', #318 ) ;
#1026 = EDGE_CURVE ( 'NONE', #936, #3, #1035, .T. ) ;
#1027 = DIRECTION ( 'NONE',  ( -0.000000000000000000, 1.000000000000000000, -0.000000000000000000 ) ) ;
#1028 = ORIENTED_EDGE ( 'NONE', *, *, #259, .F. ) ;
#1029 = DIRECTION ( 'NONE',  ( 0.000000000000000000, 0.000000000000000000, -1.000000000000000000 ) ) ;
#1030 = CARTESIAN_POINT ( 'NONE',  ( -64.99999999999975842, 9.000000000000000000, -64.99999999999988631 ) ) ;
#1031 = AXIS2_PLACEMENT_3D ( 'NONE', #1279, #699, #818 ) ;
#1032 = DIRECTION ( 'NONE',  ( 0.000000000000000000, 0.000000000000000000, 1.000000000000000000 ) ) ;
#1033 = DIRECTION ( 'NONE',  ( 0.000000000000000000, 0.000000000000000000, 1.000000000000000000 ) ) ;
#1034 = ORIENTED_EDGE ( 'NONE', *, *, #259, .T. ) ;
#1035 = LINE ( 'NONE', #1243, #92 ) ;
#1036 = ORIENTED_EDGE ( 'NONE', *, *, #454, .T. ) ;
#1037 = CARTESIAN_POINT ( 'NONE',  ( 64.99999999999975842, 9.000000000000000000, -64.99999999999988631 ) ) ;
#1038 = DIRECTION ( 'NONE',  ( 0.000000000000000000, 0.000000000000000000, 1.000000000000000000 ) ) ;
#1039 = FACE_OUTER_BOUND ( 'NONE', #441, .T. ) ;
#1040 = FACE_OUTER_BOUND ( 'NONE', #137, .T. ) ;
#1041 = VECTOR ( 'NONE', #340, 1000.000000000000000 ) ;
#1042 = ORIENTED_EDGE ( 'NONE', *, *, #1129, .F. ) ;
#1043 = CARTESIAN_POINT ( 'NONE',  ( -79.99999999999974420, 9.000000000000000000, 66.52500000000001990 ) ) ;
#1044 = EDGE_LOOP ( 'NONE', ( #336, #1174 ) ) ;
#1045 = EDGE_CURVE ( 'NONE', #387, #1197, #425, .T. ) ;
#1046 = DIRECTION ( 'NONE',  ( 0.000000000000000000, 0.000000000000000000, 1.000000000000000000 ) ) ;
#1047 = CIRCLE ( 'NONE', #91, 25.00000000000001421 ) ;
#1048 = DIRECTION ( 'NONE',  ( 0.000000000000000000, 0.000000000000000000, 1.000000000000000000 ) ) ;
#1049 = VERTEX_POINT ( 'NONE', #596 ) ;
#1050 = DIRECTION ( 'NONE',  ( 1.000000000000000000, 0.000000000000000000, -2.775557561562889872E-16 ) ) ;
#1051 = ORIENTED_EDGE ( 'NONE', *, *, #532, .T. ) ;
#1052 = LINE ( 'NONE', #1295, #8 ) ;
#1053 = LINE ( 'NONE', #224, #285 ) ;
#1054 = EDGE_LOOP ( 'NONE', ( #227, #727, #42, #1166 ) ) ;
#1055 = CARTESIAN_POINT ( 'NONE',  ( 90.00000000000000000, 0.000000000000000000, 65.00000000000002842 ) ) ;
#1056 = ADVANCED_FACE ( 'NONE', ( #219 ), #477, .F. ) ;
#1057 = ORIENTED_EDGE ( 'NONE', *, *, #1211, .F. ) ;
#1058 = ADVANCED_FACE ( 'NONE', ( #673 ), #1126, .F. ) ;
#1059 = CARTESIAN_POINT ( 'NONE',  ( -21.49999999999999289, 0.000000000000000000, 21.50000000000006040 ) ) ;
#1060 = CARTESIAN_POINT ( 'NONE',  ( -90.00000000000000000, 9.000000000000000000, 65.00000000000002842 ) ) ;
#1061 = EDGE_LOOP ( 'NONE', ( #750, #774, #298, #957 ) ) ;
#1062 = CARTESIAN_POINT ( 'NONE',  ( -64.99999999999972999, 9.000000000000000000, 78.47500000000003695 ) ) ;
#1063 = VERTEX_POINT ( 'NONE', #695 ) ;
#1064 = CIRCLE ( 'NONE', #378, 1.524999999999998579 ) ;
#1065 = CARTESIAN_POINT ( 'NONE',  ( 45.00000000000001421, 9.000000000000000000, 90.00000000000007105 ) ) ;
#1066 = DIRECTION ( 'NONE',  ( 1.000000000000000000, 0.000000000000000000, 0.000000000000000000 ) ) ;
#1067 = ORIENTED_EDGE ( 'NONE', *, *, #417, .T. ) ;
#1068 = DIRECTION ( 'NONE',  ( 1.000000000000000000, -0.000000000000000000, -2.775557561562891351E-16 ) ) ;
#1069 = EDGE_CURVE ( 'NONE', #408, #1284, #999, .T. ) ;
#1070 = ORIENTED_EDGE ( 'NONE', *, *, #1397, .F. ) ;
#1071 = VECTOR ( 'NONE', #173, 1000.000000000000000 ) ;
#1072 = CARTESIAN_POINT ( 'NONE',  ( -21.49999999999999289, 9.000000000000000000, 22.75000000000006040 ) ) ;
#1073 = CARTESIAN_POINT ( 'NONE',  ( 79.99999999999975842, 0.000000000000000000, -66.52499999999989200 ) ) ;
#1074 = ORIENTED_EDGE ( 'NONE', *, *, #533, .F. ) ;
#1075 = DIRECTION ( 'NONE',  ( -1.000000000000000000, 0.000000000000000000, -0.000000000000000000 ) ) ;
#1076 = ORIENTED_EDGE ( 'NONE', *, *, #557, .F. ) ;
#1077 = VECTOR ( 'NONE', #25, 1000.000000000000000 ) ;
#1078 = DIRECTION ( 'NONE',  ( 0.000000000000000000, 1.000000000000000000, -0.000000000000000000 ) ) ;
#1079 = CARTESIAN_POINT ( 'NONE',  ( -45.00000000000001421, 9.000000000000000000, 90.00000000000009948 ) ) ;
#1080 = EDGE_LOOP ( 'NONE', ( #1340, #374, #15, #614 ) ) ;
#1081 = AXIS2_PLACEMENT_3D ( 'NONE', #134, #1147, #1248 ) ;
#1082 = CARTESIAN_POINT ( 'NONE',  ( -50.00000000000000000, 0.000000000000000000, -90.00000000000005684 ) ) ;
#1083 = EDGE_CURVE ( 'NONE', #1110, #938, #109, .T. ) ;
#1084 = EDGE_LOOP ( 'NONE', ( #1275, #295 ) ) ;
#1085 = AXIS2_PLACEMENT_3D ( 'NONE', #707, #572, #140 ) ;
#1086 = ADVANCED_FACE ( 'NONE', ( #451 ), #359, .F. ) ;
#1087 = DIRECTION ( 'NONE',  ( 1.000000000000000000, 0.000000000000000000, -2.775557561562891844E-16 ) ) ;
#1088 = FACE_OUTER_BOUND ( 'NONE', #646, .T. ) ;
#1089 = ORIENTED_EDGE ( 'NONE', *, *, #277, .F. ) ;
#1090 = FACE_BOUND ( 'NONE', #1004, .T. ) ;
#1091 = ORIENTED_EDGE ( 'NONE', *, *, #492, .F. ) ;
#1092 = EDGE_CURVE ( 'NONE', #101, #1261, #239, .T. ) ;
#1093 = LINE ( 'NONE', #249, #476 ) ;
#1094 = CARTESIAN_POINT ( 'NONE',  ( -79.99999999999975842, 9.000000000000000000, -63.47499999999989484 ) ) ;
#1095 = CARTESIAN_POINT ( 'NONE',  ( -64.99999999999975842, 0.000000000000000000, -78.47499999999989484 ) ) ;
#1096 = CARTESIAN_POINT ( 'NONE',  ( -64.99999999999975842, 9.000000000000000000, -79.99999999999988631 ) ) ;
#1097 = ORIENTED_EDGE ( 'NONE', *, *, #984, .F. ) ;
#1098 = ADVANCED_FACE ( 'NONE', ( #468 ), #683, .F. ) ;
#1099 = EDGE_CURVE ( 'NONE', #162, #529, #1017, .T. ) ;
#1100 = CARTESIAN_POINT ( 'NONE',  ( 90.00000000000001421, 9.000000000000000000, -64.99999999999988631 ) ) ;
#1101 = CARTESIAN_POINT ( 'NONE',  ( -45.00000000000001421, 0.000000000000000000, 90.00000000000009948 ) ) ;
#1102 = DIRECTION ( 'NONE',  ( 0.000000000000000000, 1.000000000000000000, -0.000000000000000000 ) ) ;
#1103 = EDGE_LOOP ( 'NONE', ( #711, #274 ) ) ;
#1104 = EDGE_CURVE ( 'NONE', #422, #993, #602, .T. ) ;
#1105 = ORIENTED_EDGE ( 'NONE', *, *, #1294, .T. ) ;
#1106 = AXIS2_PLACEMENT_3D ( 'NONE', #1378, #456, #918 ) ;
#1107 = CARTESIAN_POINT ( 'NONE',  ( 64.99999999999978684, 0.000000000000000000, 81.52500000000003411 ) ) ;
#1108 = CARTESIAN_POINT ( 'NONE',  ( -79.99999999999975842, 0.000000000000000000, -63.47499999999989484 ) ) ;
#1109 = CARTESIAN_POINT ( 'NONE',  ( 64.99999999999978684, 9.000000000000000000, 78.47500000000003695 ) ) ;
#1110 = VERTEX_POINT ( 'NONE', #120 ) ;
#1111 = CIRCLE ( 'NONE', #762, 1.524999999999998579 ) ;
#1112 = VECTOR ( 'NONE', #586, 1000.000000000000000 ) ;
#1113 = VERTEX_POINT ( 'NONE', #1043 ) ;
#1114 = AXIS2_PLACEMENT_3D ( 'NONE', #455, #1012, #1469 ) ;
#1115 = DIRECTION ( 'NONE',  ( -1.000000000000000000, -0.000000000000000000, -0.000000000000000000 ) ) ;
#1116 = CARTESIAN_POINT ( 'NONE',  ( -79.99999999999975842, 9.000000000000000000, -66.52499999999989200 ) ) ;
#1117 = FACE_OUTER_BOUND ( 'NONE', #1348, .T. ) ;
#1118 = EDGE_CURVE ( 'NONE', #435, #107, #576, .T. ) ;
#1119 = ORIENTED_EDGE ( 'NONE', *, *, #1478, .T. ) ;
#1120 = ORIENTED_EDGE ( 'NONE', *, *, #203, .F. ) ;
#1121 = DIRECTION ( 'NONE',  ( 1.000000000000000000, 0.000000000000000000, 0.000000000000000000 ) ) ;
#1122 = DIRECTION ( 'NONE',  ( 0.000000000000000000, 0.000000000000000000, 1.000000000000000000 ) ) ;
#1123 = CARTESIAN_POINT ( 'NONE',  ( 45.00000000000000000, 0.000000000000000000, 40.00000000000004974 ) ) ;
#1124 = DIRECTION ( 'NONE',  ( 0.000000000000000000, 0.000000000000000000, 1.000000000000000000 ) ) ;
#1125 = VERTEX_POINT ( 'NONE', #402 ) ;
#1126 = CYLINDRICAL_SURFACE ( 'NONE', #1142, 1.524999999999998579 ) ;
#1127 = ORIENTED_EDGE ( 'NONE', *, *, #1231, .T. ) ;
#1128 = LINE ( 'NONE', #102, #1277 ) ;
#1129 = EDGE_CURVE ( 'NONE', #1356, #914, #691, .T. ) ;
#1130 = VECTOR ( 'NONE', #700, 1000.000000000000000 ) ;
#1131 = CARTESIAN_POINT ( 'NONE',  ( -64.99999999999972999, 0.000000000000000000, 81.52500000000003411 ) ) ;
#1132 = MANIFOLD_SOLID_BREP ( 'Cut-Extrude1', #329 ) ;
#1133 = DIRECTION ( 'NONE',  ( -2.775557561562891844E-16, -0.000000000000000000, -1.000000000000000000 ) ) ;
#1134 = AXIS2_PLACEMENT_3D ( 'NONE', #1208, #969, #172 ) ;
#1135 = CARTESIAN_POINT ( 'NONE',  ( -90.00000000000000000, 9.000000000000000000, 65.00000000000002842 ) ) ;
#1136 = EDGE_LOOP ( 'NONE', ( #149, #964, #505, #68 ) ) ;
#1137 = DIRECTION ( 'NONE',  ( -0.000000000000000000, 1.000000000000000000, -0.000000000000000000 ) ) ;
#1138 = EDGE_LOOP ( 'NONE', ( #1034, #972, #770, #183 ) ) ;
#1139 = AXIS2_PLACEMENT_3D ( 'NONE', #436, #899, #1349 ) ;
#1140 = EDGE_CURVE ( 'NONE', #1193, #218, #838, .T. ) ;
#1141 = DIRECTION ( 'NONE',  ( 0.000000000000000000, 1.000000000000000000, 0.000000000000000000 ) ) ;
#1142 = AXIS2_PLACEMENT_3D ( 'NONE', #256, #144, #886 ) ;
#1143 = CIRCLE ( 'NONE', #506, 1.524999999999998579 ) ;
#1144 = DIRECTION ( 'NONE',  ( 0.000000000000000000, 0.000000000000000000, 1.000000000000000000 ) ) ;
#1145 = FACE_BOUND ( 'NONE', #733, .T. ) ;
#1146 = CIRCLE ( 'NONE', #696, 1.250000000000001110 ) ;
#1147 = DIRECTION ( 'NONE',  ( -0.000000000000000000, 1.000000000000000000, -0.000000000000000000 ) ) ;
#1148 = EDGE_LOOP ( 'NONE', ( #898, #904 ) ) ;
#1149 = DIRECTION ( 'NONE',  ( -0.000000000000000000, 1.000000000000000000, -0.000000000000000000 ) ) ;
#1150 = VERTEX_POINT ( 'NONE', #373 ) ;
#1151 = DIRECTION ( 'NONE',  ( 0.000000000000000000, 0.000000000000000000, 1.000000000000000000 ) ) ;
#1152 = CARTESIAN_POINT ( 'NONE',  ( -50.00000000000000000, 0.000000000000000000, -90.00000000000005684 ) ) ;
#1153 = CIRCLE ( 'NONE', #1031, 1.524999999999998579 ) ;
#1154 = FACE_BOUND ( 'NONE', #111, .T. ) ;
#1155 = CYLINDRICAL_SURFACE ( 'NONE', #1081, 1.524999999999998579 ) ;
#1156 = EDGE_LOOP ( 'NONE', ( #45, #1016, #479, #1465 ) ) ;
#1157 = DIRECTION ( 'NONE',  ( 0.000000000000000000, 1.000000000000000000, 0.000000000000000000 ) ) ;
#1158 = APPLICATION_CONTEXT ( 'automotive_design' ) ;
#1159 = EDGE_CURVE ( 'NONE', #1401, #724, #1179, .T. ) ;
#1160 = CARTESIAN_POINT ( 'NONE',  ( -79.99999999999974420, 9.000000000000000000, 65.00000000000001421 ) ) ;
#1161 = CARTESIAN_POINT ( 'NONE',  ( 64.99999999999975842, 9.000000000000000000, -64.99999999999988631 ) ) ;
#1162 = ADVANCED_FACE ( 'NONE', ( #845 ), #273, .T. ) ;
#1163 = VECTOR ( 'NONE', #208, 1000.000000000000000 ) ;
#1164 = EDGE_LOOP ( 'NONE', ( #757, #1009, #1392, #406 ) ) ;
#1165 = DIRECTION ( 'NONE',  ( 0.000000000000000000, 0.000000000000000000, 1.000000000000000000 ) ) ;
#1166 = ORIENTED_EDGE ( 'NONE', *, *, #521, .F. ) ;
#1167 = DIRECTION ( 'NONE',  ( 0.000000000000000000, 1.000000000000000000, 0.000000000000000000 ) ) ;
#1168 = CIRCLE ( 'NONE', #383, 1.524999999999998579 ) ;
#1169 = FACE_OUTER_BOUND ( 'NONE', #389, .T. ) ;
#1170 = EDGE_CURVE ( 'NONE', #1025, #851, #1020, .T. ) ;
#1171 = ADVANCED_FACE ( 'NONE', ( #1173 ), #510, .F. ) ;
#1172 = VERTEX_POINT ( 'NONE', #1062 ) ;
#1173 = FACE_OUTER_BOUND ( 'NONE', #1136, .T. ) ;
#1174 = ORIENTED_EDGE ( 'NONE', *, *, #281, .F. ) ;
#1175 = DIRECTION ( 'NONE',  ( -0.000000000000000000, 1.000000000000000000, -0.000000000000000000 ) ) ;
#1176 = LINE ( 'NONE', #1405, #765 ) ;
#1177 = EDGE_CURVE ( 'NONE', #837, #100, #287, .T. ) ;
#1178 = EDGE_LOOP ( 'NONE', ( #1206, #37, #483, #1431 ) ) ;
#1179 = LINE ( 'NONE', #1291, #289 ) ;
#1180 = ORIENTED_EDGE ( 'NONE', *, *, #263, .F. ) ;
#1181 = CARTESIAN_POINT ( 'NONE',  ( 64.99999999999978684, 9.000000000000000000, 81.52500000000003411 ) ) ;
#1182 = VERTEX_POINT ( 'NONE', #1409 ) ;
#1183 = DIRECTION ( 'NONE',  ( 0.000000000000000000, 1.000000000000000000, 0.000000000000000000 ) ) ;
#1184 = VECTOR ( 'NONE', #439, 1000.000000000000000 ) ;
#1185 = ORIENTED_EDGE ( 'NONE', *, *, #1323, .F. ) ;
#1186 = LINE ( 'NONE', #519, #1328 ) ;
#1187 = DIRECTION ( 'NONE',  ( 0.000000000000000000, 1.000000000000000000, 0.000000000000000000 ) ) ;
#1188 = CIRCLE ( 'NONE', #998, 1.524999999999998579 ) ;
#1189 = AXIS2_PLACEMENT_3D ( 'NONE', #534, #404, #1315 ) ;
#1190 = UNCERTAINTY_MEASURE_WITH_UNIT (LENGTH_MEASURE( 1.000000000000000082E-05 ), #381, 'distance_accuracy_value', 'NONE');
#1191 = ORIENTED_EDGE ( 'NONE', *, *, #1092, .F. ) ;
#1192 = CARTESIAN_POINT ( 'NONE',  ( 64.99999999999975842, 0.000000000000000000, -78.47499999999989484 ) ) ;
#1193 = VERTEX_POINT ( 'NONE', #738 ) ;
#1194 = DIRECTION ( 'NONE',  ( 0.000000000000000000, 0.000000000000000000, 1.000000000000000000 ) ) ;
#1195 = DIRECTION ( 'NONE',  ( 1.000000000000000000, 0.000000000000000000, -1.067522139062651041E-16 ) ) ;
#1196 = EDGE_CURVE ( 'NONE', #107, #330, #388, .T. ) ;
#1197 = VERTEX_POINT ( 'NONE', #294 ) ;
#1198 = PLANE ( 'NONE',  #209 ) ;
#1199 = EDGE_LOOP ( 'NONE', ( #337, #264, #65, #255 ) ) ;
#1200 = CARTESIAN_POINT ( 'NONE',  ( -21.49999999999999289, 9.000000000000000000, -20.24999999999993605 ) ) ;
#1201 = DIRECTION ( 'NONE',  ( 0.000000000000000000, 0.000000000000000000, 1.000000000000000000 ) ) ;
#1202 = EDGE_CURVE ( 'NONE', #651, #452, #1415, .T. ) ;
#1203 = ORIENTED_EDGE ( 'NONE', *, *, #855, .T. ) ;
#1204 = AXIS2_PLACEMENT_3D ( 'NONE', #99, #12, #926 ) ;
#1205 = FACE_BOUND ( 'NONE', #1250, .T. ) ;
#1206 = ORIENTED_EDGE ( 'NONE', *, *, #743, .F. ) ;
#1207 = AXIS2_PLACEMENT_3D ( 'NONE', #310, #869, #1433 ) ;
#1208 = CARTESIAN_POINT ( 'NONE',  ( 79.99999999999977263, 0.000000000000000000, 65.00000000000002842 ) ) ;
#1209 = DIRECTION ( 'NONE',  ( -0.000000000000000000, 1.000000000000000000, -0.000000000000000000 ) ) ;
#1210 = ORIENTED_EDGE ( 'NONE', *, *, #142, .F. ) ;
#1211 = EDGE_CURVE ( 'NONE', #681, #403, #860, .T. ) ;
#1212 = DIRECTION ( 'NONE',  ( 1.000000000000000000, 0.000000000000000000, -2.775557561562891351E-16 ) ) ;
#1213 = VECTOR ( 'NONE', #210, 1000.000000000000000 ) ;
#1214 = ADVANCED_FACE ( 'NONE', ( #746 ), #1198, .F. ) ;
#1215 = ORIENTED_EDGE ( 'NONE', *, *, #1367, .T. ) ;
#1216 = CARTESIAN_POINT ( 'NONE',  ( -50.00000000000000000, 0.000000000000000000, -90.00000000000005684 ) ) ;
#1217 = EDGE_CURVE ( 'NONE', #603, #1416, #1393, .T. ) ;
#1218 = DIRECTION ( 'NONE',  ( -1.000000000000000000, -0.000000000000000000, -0.000000000000000000 ) ) ;
#1219 = LINE ( 'NONE', #656, #119 ) ;
#1220 = ORIENTED_EDGE ( 'NONE', *, *, #216, .F. ) ;
#1221 = VECTOR ( 'NONE', #32, 1000.000000000000000 ) ;
#1222 = EDGE_LOOP ( 'NONE', ( #1364, #564, #1290, #831 ) ) ;
#1223 = EDGE_CURVE ( 'NONE', #747, #868, #1168, .T. ) ;
#1224 = VECTOR ( 'NONE', #1209, 1000.000000000000000 ) ;
#1225 = FACE_OUTER_BOUND ( 'NONE', #1054, .T. ) ;
#1226 = CARTESIAN_POINT ( 'NONE',  ( -64.99999999999975842, 0.000000000000000000, -81.52499999999989200 ) ) ;
#1227 = VERTEX_POINT ( 'NONE', #299 ) ;
#1228 = VERTEX_POINT ( 'NONE', #537 ) ;
#1229 = AXIS2_PLACEMENT_3D ( 'NONE', #880, #661, #536 ) ;
#1230 = LINE ( 'NONE', #660, #687 ) ;
#1231 = EDGE_CURVE ( 'NONE', #1437, #928, #1219, .T. ) ;
#1232 = ORIENTED_EDGE ( 'NONE', *, *, #365, .F. ) ;
#1233 = CARTESIAN_POINT ( 'NONE',  ( 64.99999999999975842, 0.000000000000000000, -64.99999999999988631 ) ) ;
#1234 = ORIENTED_EDGE ( 'NONE', *, *, #684, .F. ) ;
#1235 = COLOUR_RGB ( '',0.7921568627450980005, 0.8196078431372548767, 0.9333333333333333481 ) ;
#1236 = ORIENTED_EDGE ( 'NONE', *, *, #981, .F. ) ;
#1237 = CARTESIAN_POINT ( 'NONE',  ( -90.00000000000000000, 9.000000000000000000, 65.00000000000002842 ) ) ;
#1238 = FACE_OUTER_BOUND ( 'NONE', #174, .T. ) ;
#1239 = DIRECTION ( 'NONE',  ( 0.000000000000000000, 0.000000000000000000, -1.000000000000000000 ) ) ;
#1240 = DIRECTION ( 'NONE',  ( -0.000000000000000000, 1.000000000000000000, -0.000000000000000000 ) ) ;
#1241 = EDGE_LOOP ( 'NONE', ( #597, #1185 ) ) ;
#1242 = EDGE_CURVE ( 'NONE', #814, #1284, #645, .T. ) ;
#1243 = CARTESIAN_POINT ( 'NONE',  ( -64.99999999999975842, 0.000000000000000000, -90.00000000000007105 ) ) ;
#1244 = EDGE_LOOP ( 'NONE', ( #1236, #61, #626, #920 ) ) ;
#1245 = DIRECTION ( 'NONE',  ( -0.000000000000000000, -1.000000000000000000, -0.000000000000000000 ) ) ;
#1246 = FACE_OUTER_BOUND ( 'NONE', #1355, .T. ) ;
#1247 = CYLINDRICAL_SURFACE ( 'NONE', #1085, 1.524999999999998579 ) ;
#1248 = DIRECTION ( 'NONE',  ( 0.000000000000000000, 0.000000000000000000, 1.000000000000000000 ) ) ;
#1249 = ADVANCED_FACE ( 'NONE', ( #74, #751, #872, #201, #992, #1205, #421, #1090, #779, #1326, #1436, #881, #182 ), #895, .T. ) ;
#1250 = EDGE_LOOP ( 'NONE', ( #861, #821 ) ) ;
#1251 = DIRECTION ( 'NONE',  ( 0.000000000000000000, 0.000000000000000000, 1.000000000000000000 ) ) ;
#1252 = ORIENTED_EDGE ( 'NONE', *, *, #1159, .T. ) ;
#1253 = LINE ( 'NONE', #7, #1344 ) ;
#1254 = CIRCLE ( 'NONE', #400, 1.524999999999998579 ) ;
#1255 = CARTESIAN_POINT ( 'NONE',  ( -79.99999999999975842, 0.000000000000000000, -64.99999999999988631 ) ) ;
#1256 = CARTESIAN_POINT ( 'NONE',  ( -21.49999999999999289, 0.000000000000000000, -21.49999999999993605 ) ) ;
#1257 = AXIS2_PLACEMENT_3D ( 'NONE', #1160, #261, #268 ) ;
#1258 = CARTESIAN_POINT ( 'NONE',  ( -89.99999999999997158, 0.000000000000000000, -64.99999999999988631 ) ) ;
#1259 = EDGE_LOOP ( 'NONE', ( #1449, #27 ) ) ;
#1260 = DIRECTION ( 'NONE',  ( 0.000000000000000000, 0.000000000000000000, 1.000000000000000000 ) ) ;
#1261 = VERTEX_POINT ( 'NONE', #1226 ) ;
#1262 = DIRECTION ( 'NONE',  ( -0.000000000000000000, 1.000000000000000000, -0.000000000000000000 ) ) ;
#1263 = VECTOR ( 'NONE', #642, 1000.000000000000000 ) ;
#1264 = CYLINDRICAL_SURFACE ( 'NONE', #311, 1.524999999999998579 ) ;
#1265 = DIRECTION ( 'NONE',  ( 0.000000000000000000, 0.000000000000000000, -1.000000000000000000 ) ) ;
#1266 = VECTOR ( 'NONE', #160, 1000.000000000000000 ) ;
#1267 = VERTEX_POINT ( 'NONE', #664 ) ;
#1268 = CARTESIAN_POINT ( 'NONE',  ( 21.50000000000000355, 0.000000000000000000, -22.74999999999993250 ) ) ;
#1269 = ORIENTED_EDGE ( 'NONE', *, *, #1217, .T. ) ;
#1270 = EDGE_CURVE ( 'NONE', #169, #1150, #1047, .T. ) ;
#1271 = CARTESIAN_POINT ( 'NONE',  ( -64.99999999999975842, 9.000000000000000000, 90.00000000000005684 ) ) ;
#1272 = VECTOR ( 'NONE', #654, 1000.000000000000000 ) ;
#1273 = CARTESIAN_POINT ( 'NONE',  ( 79.99999999999977263, 9.000000000000000000, 65.00000000000002842 ) ) ;
#1274 = CARTESIAN_POINT ( 'NONE',  ( 64.99999999999975842, 0.000000000000000000, -79.99999999999988631 ) ) ;
#1275 = ORIENTED_EDGE ( 'NONE', *, *, #1092, .T. ) ;
#1276 = CARTESIAN_POINT ( 'NONE',  ( -79.99999999999975842, 0.000000000000000000, -64.99999999999988631 ) ) ;
#1277 = VECTOR ( 'NONE', #213, 1000.000000000000000 ) ;
#1278 = EDGE_LOOP ( 'NONE', ( #531, #544, #805, #1036 ) ) ;
#1279 = CARTESIAN_POINT ( 'NONE',  ( 79.99999999999975842, 0.000000000000000000, -64.99999999999988631 ) ) ;
#1280 = FACE_BOUND ( 'NONE', #1314, .T. ) ;
#1281 = CIRCLE ( 'NONE', #305, 1.524999999999998579 ) ;
#1282 = ORIENTED_EDGE ( 'NONE', *, *, #682, .T. ) ;
#1283 = CARTESIAN_POINT ( 'NONE',  ( -64.99999999999972999, 0.000000000000000000, 80.00000000000002842 ) ) ;
#1284 = VERTEX_POINT ( 'NONE', #1109 ) ;
#1285 = PRODUCT_DEFINITION ( 'UNKNOWN', '', #1375, #584 ) ;
#1286 = DIRECTION ( 'NONE',  ( 0.000000000000000000, 1.000000000000000000, 0.000000000000000000 ) ) ;
#1287 = VECTOR ( 'NONE', #136, 1000.000000000000000 ) ;
#1288 = DIRECTION ( 'NONE',  ( -0.000000000000000000, 1.000000000000000000, -0.000000000000000000 ) ) ;
#1289 = APPLICATION_PROTOCOL_DEFINITION ( 'draft international standard', 'automotive_design', 1998, #419 ) ;
#1290 = ORIENTED_EDGE ( 'NONE', *, *, #478, .T. ) ;
#1291 = CARTESIAN_POINT ( 'NONE',  ( 50.00000000000000000, 0.000000000000000000, -90.00000000000008527 ) ) ;
#1292 = ORIENTED_EDGE ( 'NONE', *, *, #216, .T. ) ;
#1293 = EDGE_CURVE ( 'NONE', #1110, #553, #1404, .T. ) ;
#1294 = EDGE_CURVE ( 'NONE', #229, #1227, #1111, .T. ) ;
#1295 = CARTESIAN_POINT ( 'NONE',  ( 21.50000000000000355, 0.000000000000000000, -20.24999999999993960 ) ) ;
#1296 = CARTESIAN_POINT ( 'NONE',  ( -89.99999999999997158, 9.000000000000000000, -64.99999999999988631 ) ) ;
#1297 = AXIS2_PLACEMENT_3D ( 'NONE', #728, #616, #1384 ) ;
#1298 = UNCERTAINTY_MEASURE_WITH_UNIT (LENGTH_MEASURE( 1.000000000000000082E-05 ), #813, 'distance_accuracy_value', 'NONE');
#1299 = ORIENTED_EDGE ( 'NONE', *, *, #671, .T. ) ;
#1300 = SURFACE_STYLE_FILL_AREA ( #493 ) ;
#1301 = VERTEX_POINT ( 'NONE', #530 ) ;
#1302 = DIRECTION ( 'NONE',  ( -0.000000000000000000, 1.000000000000000000, -0.000000000000000000 ) ) ;
#1303 = LINE ( 'NONE', #153, #123 ) ;
#1304 = ORIENTED_EDGE ( 'NONE', *, *, #842, .T. ) ;
#1305 = DIRECTION ( 'NONE',  ( 0.000000000000000000, 0.000000000000000000, 1.000000000000000000 ) ) ;
#1306 = AXIS2_PLACEMENT_3D ( 'NONE', #215, #313, #79 ) ;
#1307 = ORIENTED_EDGE ( 'NONE', *, *, #499, .F. ) ;
#1308 = CARTESIAN_POINT ( 'NONE',  ( -21.49999999999999289, 0.000000000000000000, -22.74999999999993605 ) ) ;
#1309 = CYLINDRICAL_SURFACE ( 'NONE', #551, 1.524999999999998579 ) ;
#1310 = VECTOR ( 'NONE', #1240, 1000.000000000000000 ) ;
#1311 = ORIENTED_EDGE ( 'NONE', *, *, #1026, .F. ) ;
#1312 = DIRECTION ( 'NONE',  ( 1.067522139062651164E-16, 0.000000000000000000, -1.000000000000000000 ) ) ;
#1313 = CIRCLE ( 'NONE', #862, 1.524999999999998579 ) ;
#1314 = EDGE_LOOP ( 'NONE', ( #674, #666 ) ) ;
#1315 = DIRECTION ( 'NONE',  ( -1.000000000000000000, 0.000000000000000000, 1.541976423090495387E-16 ) ) ;
#1316 = CARTESIAN_POINT ( 'NONE',  ( 79.99999999999975842, 0.000000000000000000, -66.52499999999989200 ) ) ;
#1317 = EDGE_LOOP ( 'NONE', ( #897, #157, #905, #636 ) ) ;
#1318 = CARTESIAN_POINT ( 'NONE',  ( -79.99999999999974420, 0.000000000000000000, 65.00000000000001421 ) ) ;
#1319 = EDGE_LOOP ( 'NONE', ( #613, #950, #118, #1089 ) ) ;
#1320 = DIRECTION ( 'NONE',  ( 1.067522139062651164E-16, -0.000000000000000000, 1.000000000000000000 ) ) ;
#1321 = EDGE_CURVE ( 'NONE', #403, #681, #956, .T. ) ;
#1322 = CARTESIAN_POINT ( 'NONE',  ( -79.99999999999974420, 9.000000000000000000, 65.00000000000001421 ) ) ;
#1323 = EDGE_CURVE ( 'NONE', #529, #798, #1427, .T. ) ;
#1324 = EDGE_LOOP ( 'NONE', ( #345, #1180 ) ) ;
#1325 = CIRCLE ( 'NONE', #226, 1.524999999999998579 ) ;
#1326 = FACE_BOUND ( 'NONE', #250, .T. ) ;
#1327 = ORIENTED_EDGE ( 'NONE', *, *, #397, .T. ) ;
#1328 = VECTOR ( 'NONE', #1320, 1000.000000000000000 ) ;
#1329 = CARTESIAN_POINT ( 'NONE',  ( 79.99999999999975842, 0.000000000000000000, -64.99999999999988631 ) ) ;
#1330 = EDGE_CURVE ( 'NONE', #724, #1000, #1333, .T. ) ;
#1331 = DIRECTION ( 'NONE',  ( 0.000000000000000000, 1.000000000000000000, 0.000000000000000000 ) ) ;
#1332 = VECTOR ( 'NONE', #1149, 1000.000000000000000 ) ;
#1333 = LINE ( 'NONE', #196, #312 ) ;
#1334 = ORIENTED_EDGE ( 'NONE', *, *, #1293, .F. ) ;
#1335 = CIRCLE ( 'NONE', #1407, 1.524999999999998579 ) ;
#1336 = CARTESIAN_POINT ( 'NONE',  ( -64.99999999999975842, 0.000000000000000000, -79.99999999999988631 ) ) ;
#1337 = ADVANCED_FACE ( 'NONE', ( #413 ), #315, .F. ) ;
#1338 = LINE ( 'NONE', #644, #138 ) ;
#1339 = CARTESIAN_POINT ( 'NONE',  ( 50.00000000000001421, 0.000000000000000000, -40.00000000000009237 ) ) ;
#1340 = ORIENTED_EDGE ( 'NONE', *, *, #1099, .F. ) ;
#1341 = CIRCLE ( 'NONE', #967, 1.250000000000001110 ) ;
#1342 = ORIENTED_EDGE ( 'NONE', *, *, #347, .F. ) ;
#1343 = CARTESIAN_POINT ( 'NONE',  ( -64.99999999999975842, 9.000000000000000000, -90.00000000000007105 ) ) ;
#1344 = VECTOR ( 'NONE', #463, 1000.000000000000000 ) ;
#1345 = LINE ( 'NONE', #785, #1163 ) ;
#1346 = DIRECTION ( 'NONE',  ( 0.000000000000000000, 0.000000000000000000, 1.000000000000000000 ) ) ;
#1347 = ORIENTED_EDGE ( 'NONE', *, *, #96, .F. ) ;
#1348 = EDGE_LOOP ( 'NONE', ( #741, #1234, #912, #587 ) ) ;
#1349 = DIRECTION ( 'NONE',  ( 0.000000000000000000, 0.000000000000000000, 1.000000000000000000 ) ) ;
#1350 = CIRCLE ( 'NONE', #975, 1.249999999999997558 ) ;
#1351 = DIRECTION ( 'NONE',  ( 0.000000000000000000, 0.000000000000000000, 1.000000000000000000 ) ) ;
#1352 = EDGE_CURVE ( 'NONE', #382, #993, #1143, .T. ) ;
#1353 = CYLINDRICAL_SURFACE ( 'NONE', #522, 1.250000000000001110 ) ;
#1354 = CARTESIAN_POINT ( 'NONE',  ( 50.00000000000001421, 0.000000000000000000, -40.00000000000009237 ) ) ;
#1355 = EDGE_LOOP ( 'NONE', ( #202, #745, #52, #286 ) ) ;
#1356 = VERTEX_POINT ( 'NONE', #771 ) ;
#1357 = LINE ( 'NONE', #338, #1417 ) ;
#1358 = ADVANCED_FACE ( 'NONE', ( #432 ), #327, .F. ) ;
#1359 = DIRECTION ( 'NONE',  ( -0.000000000000000000, 1.000000000000000000, -0.000000000000000000 ) ) ;
#1360 = CARTESIAN_POINT ( 'NONE',  ( 79.99999999999977263, 9.000000000000000000, 65.00000000000002842 ) ) ;
#1361 = DIRECTION ( 'NONE',  ( 0.000000000000000000, 1.000000000000000000, 0.000000000000000000 ) ) ;
#1362 = ORIENTED_EDGE ( 'NONE', *, *, #560, .F. ) ;
#1363 = CARTESIAN_POINT ( 'NONE',  ( 79.99999999999975842, 0.000000000000000000, -63.47499999999989484 ) ) ;
#1364 = ORIENTED_EDGE ( 'NONE', *, *, #58, .F. ) ;
#1365 = DIRECTION ( 'NONE',  ( 0.000000000000000000, 1.000000000000000000, 0.000000000000000000 ) ) ;
#1366 = DIRECTION ( 'NONE',  ( 0.000000000000000000, 0.000000000000000000, -1.000000000000000000 ) ) ;
#1367 = EDGE_CURVE ( 'NONE', #1373, #854, #2, .T. ) ;
#1368 = CARTESIAN_POINT ( 'NONE',  ( 65.00000000000000000, 0.000000000000000000, 65.00000000000002842 ) ) ;
#1369 = ADVANCED_FACE ( 'NONE', ( #1463 ), #1024, .F. ) ;
#1370 = CARTESIAN_POINT ( 'NONE',  ( -90.00000000000000000, 0.000000000000000000, 65.00000000000002842 ) ) ;
#1371 = ORIENTED_EDGE ( 'NONE', *, *, #984, .T. ) ;
#1372 = CARTESIAN_POINT ( 'NONE',  ( 45.00000000000001421, 0.000000000000000000, 90.00000000000007105 ) ) ;
#1373 = VERTEX_POINT ( 'NONE', #466 ) ;
#1374 = CYLINDRICAL_SURFACE ( 'NONE', #1460, 25.00000000000021672 ) ;
#1375 = PRODUCT_DEFINITION_FORMATION_WITH_SPECIFIED_SOURCE ( 'ANY', '', #491, .NOT_KNOWN. ) ;
#1376 = VECTOR ( 'NONE', #1218, 1000.000000000000000 ) ;
#1377 = CARTESIAN_POINT ( 'NONE',  ( -21.49999999999999289, 0.000000000000000000, -21.49999999999993605 ) ) ;
#1378 = CARTESIAN_POINT ( 'NONE',  ( 64.99999999999978684, 0.000000000000000000, 80.00000000000002842 ) ) ;
#1379 = EDGE_LOOP ( 'NONE', ( #1074, #135 ) ) ;
#1380 = DIRECTION ( 'NONE',  ( 0.000000000000000000, 0.000000000000000000, 1.000000000000000000 ) ) ;
#1381 = ORIENTED_EDGE ( 'NONE', *, *, #417, .F. ) ;
#1382 = VECTOR ( 'NONE', #571, 1000.000000000000000 ) ;
#1383 = AXIS2_PLACEMENT_3D ( 'NONE', #815, #913, #565 ) ;
#1384 = DIRECTION ( 'NONE',  ( 0.000000000000000000, 0.000000000000000000, 1.000000000000000000 ) ) ;
#1385 = FACE_BOUND ( 'NONE', #997, .T. ) ;
#1386 = CIRCLE ( 'NONE', #51, 1.249999999999997558 ) ;
#1387 = ORIENTED_EDGE ( 'NONE', *, *, #6, .F. ) ;
#1388 = CARTESIAN_POINT ( 'NONE',  ( 50.00000000000000000, 9.000000000000000000, -90.00000000000008527 ) ) ;
#1389 = VERTEX_POINT ( 'NONE', #19 ) ;
#1390 = CARTESIAN_POINT ( 'NONE',  ( 90.00000000000002842, 9.000000000000000000, 65.00000000000002842 ) ) ;
#1391 = DIRECTION ( 'NONE',  ( -0.000000000000000000, 1.000000000000000000, -0.000000000000000000 ) ) ;
#1392 = ORIENTED_EDGE ( 'NONE', *, *, #188, .F. ) ;
#1393 = LINE ( 'NONE', #638, #189 ) ;
#1394 = EDGE_LOOP ( 'NONE', ( #1091, #459, #372, #787 ) ) ;
#1395 = CARTESIAN_POINT ( 'NONE',  ( 64.99999999999975842, 9.000000000000000000, -90.00000000000007105 ) ) ;
#1396 = FACE_BOUND ( 'NONE', #75, .T. ) ;
#1397 = EDGE_CURVE ( 'NONE', #782, #1150, #335, .T. ) ;
#1398 = ORIENTED_EDGE ( 'NONE', *, *, #842, .F. ) ;
#1399 = AXIS2_PLACEMENT_3D ( 'NONE', #1059, #39, #953 ) ;
#1400 = ADVANCED_FACE ( 'NONE', ( #1117 ), #217, .F. ) ;
#1401 = VERTEX_POINT ( 'NONE', #1354 ) ;
#1402 = VECTOR ( 'NONE', #214, 1000.000000000000000 ) ;
#1403 = CARTESIAN_POINT ( 'NONE',  ( 90.00000000000000000, 9.000000000000000000, 65.00000000000002842 ) ) ;
#1404 = CIRCLE ( 'NONE', #933, 1.524999999999998579 ) ;
#1405 = CARTESIAN_POINT ( 'NONE',  ( -49.99999999999998579, 0.000000000000000000, -40.00000000000006395 ) ) ;
#1406 = EDGE_CURVE ( 'NONE', #993, #382, #179, .T. ) ;
#1407 = AXIS2_PLACEMENT_3D ( 'NONE', #1412, #1187, #1201 ) ;
#1408 = ORIENTED_EDGE ( 'NONE', *, *, #30, .F. ) ;
#1409 = CARTESIAN_POINT ( 'NONE',  ( 45.00000000000001421, 9.000000000000000000, 90.00000000000007105 ) ) ;
#1410 = VERTEX_POINT ( 'NONE', #1135 ) ;
#1411 = CARTESIAN_POINT ( 'NONE',  ( 65.00000000000000000, 9.000000000000000000, 65.00000000000002842 ) ) ;
#1412 = CARTESIAN_POINT ( 'NONE',  ( 79.99999999999977263, 0.000000000000000000, 65.00000000000002842 ) ) ;
#1413 = ORIENTED_EDGE ( 'NONE', *, *, #1330, .F. ) ;
#1414 = ORIENTED_EDGE ( 'NONE', *, *, #879, .F. ) ;
#1415 = LINE ( 'NONE', #1192, #1473 ) ;
#1416 = VERTEX_POINT ( 'NONE', #670 ) ;
#1417 = VECTOR ( 'NONE', #535, 1000.000000000000000 ) ;
#1418 = CARTESIAN_POINT ( 'NONE',  ( -21.49999999999999289, 0.000000000000000000, -20.24999999999993605 ) ) ;
#1419 = LINE ( 'NONE', #1073, #1266 ) ;
#1420 = EDGE_LOOP ( 'NONE', ( #1076, #366, #1105, #516 ) ) ;
#1421 = DIRECTION ( 'NONE',  ( 0.000000000000000000, 1.000000000000000000, 0.000000000000000000 ) ) ;
#1422 = CIRCLE ( 'NONE', #41, 1.249999999999997558 ) ;
#1423 = ORIENTED_EDGE ( 'NONE', *, *, #1438, .T. ) ;
#1424 = EDGE_CURVE ( 'NONE', #697, #814, #84, .T. ) ;
#1425 = DIRECTION ( 'NONE',  ( -0.000000000000000000, 1.000000000000000000, -0.000000000000000000 ) ) ;
#1426 = CARTESIAN_POINT ( 'NONE',  ( 45.00000000000000000, 9.000000000000000000, 40.00000000000004974 ) ) ;
#1427 = CIRCLE ( 'NONE', #715, 1.249999999999997558 ) ;
#1428 = ORIENTED_EDGE ( 'NONE', *, *, #1083, .T. ) ;
#1429 = DIRECTION ( 'NONE',  ( 0.000000000000000000, 1.000000000000000000, 0.000000000000000000 ) ) ;
#1430 = CIRCLE ( 'NONE', #1114, 1.524999999999998579 ) ;
#1431 = ORIENTED_EDGE ( 'NONE', *, *, #637, .F. ) ;
#1432 = ADVANCED_FACE ( 'NONE', ( #795 ), #1155, .F. ) ;
#1433 = DIRECTION ( 'NONE',  ( 0.000000000000000000, 0.000000000000000000, 1.000000000000000000 ) ) ;
#1434 = CARTESIAN_POINT ( 'NONE',  ( 64.99999999999975842, 9.000000000000000000, -81.52499999999989200 ) ) ;
#1435 = ORIENTED_EDGE ( 'NONE', *, *, #908, .F. ) ;
#1436 = FACE_BOUND ( 'NONE', #212, .T. ) ;
#1437 = VERTEX_POINT ( 'NONE', #458 ) ;
#1438 = EDGE_CURVE ( 'NONE', #1464, #169, #583, .T. ) ;
#1439 = DIRECTION ( 'NONE',  ( 0.000000000000000000, 1.000000000000000000, -0.000000000000000000 ) ) ;
#1440 = CYLINDRICAL_SURFACE ( 'NONE', #1229, 1.249999999999997558 ) ;
#1441 = DIRECTION ( 'NONE',  ( 0.000000000000000000, 0.000000000000000000, 1.000000000000000000 ) ) ;
#1442 = EDGE_LOOP ( 'NONE', ( #1252, #81, #1414, #353, #1028, #871, #948, #176, #475, #567, #1457, #5, #773, #1311, #88, #1051 ) ) ;
#1443 = AXIS2_PLACEMENT_3D ( 'NONE', #1273, #253, #1048 ) ;
#1444 = AXIS2_PLACEMENT_3D ( 'NONE', #398, #178, #988 ) ;
#1445 = CARTESIAN_POINT ( 'NONE',  ( -79.99999999999974420, 9.000000000000000000, 63.47500000000001563 ) ) ;
#1446 = CARTESIAN_POINT ( 'NONE',  ( 21.50000000000000355, 9.000000000000000000, 21.50000000000006040 ) ) ;
#1447 = AXIS2_PLACEMENT_3D ( 'NONE', #1276, #797, #1251 ) ;
#1448 = DIRECTION ( 'NONE',  ( 0.000000000000000000, 1.000000000000000000, 0.000000000000000000 ) ) ;
#1449 = ORIENTED_EDGE ( 'NONE', *, *, #639, .T. ) ;
#1450 = ORIENTED_EDGE ( 'NONE', *, *, #1321, .T. ) ;
#1451 = AXIS2_PLACEMENT_3D ( 'NONE', #520, #630, #729 ) ;
#1452 = FACE_OUTER_BOUND ( 'NONE', #500, .T. ) ;
#1453 = DIRECTION ( 'NONE',  ( 0.000000000000000000, 0.000000000000000000, 1.000000000000000000 ) ) ;
#1454 = DIRECTION ( 'NONE',  ( -0.000000000000000000, 1.000000000000000000, -0.000000000000000000 ) ) ;
#1455 = ORIENTED_EDGE ( 'NONE', *, *, #1069, .T. ) ;
#1456 = EDGE_CURVE ( 'NONE', #308, #100, #225, .T. ) ;
#1457 = ORIENTED_EDGE ( 'NONE', *, *, #1270, .F. ) ;
#1458 = FACE_OUTER_BOUND ( 'NONE', #29, .T. ) ;
#1459 = CARTESIAN_POINT ( 'NONE',  ( 45.00000000000000000, 0.000000000000000000, 40.00000000000004974 ) ) ;
#1460 = AXIS2_PLACEMENT_3D ( 'NONE', #1037, #453, #1029 ) ;
#1461 = EDGE_CURVE ( 'NONE', #651, #1049, #416, .T. ) ;
#1462 = CARTESIAN_POINT ( 'NONE',  ( -45.00000000000001421, 0.000000000000000000, 90.00000000000009948 ) ) ;
#1463 = FACE_OUTER_BOUND ( 'NONE', #192, .T. ) ;
#1464 = VERTEX_POINT ( 'NONE', #1258 ) ;
#1465 = ORIENTED_EDGE ( 'NONE', *, *, #277, .T. ) ;
#1466 = ADVANCED_FACE ( 'NONE', ( #1040 ), #440, .F. ) ;
#1467 = LINE ( 'NONE', #77, #1224 ) ;
#1468 = AXIS2_PLACEMENT_3D ( 'NONE', #527, #742, #1194 ) ;
#1469 = DIRECTION ( 'NONE',  ( 0.000000000000000000, 0.000000000000000000, 1.000000000000000000 ) ) ;
#1470 = CARTESIAN_POINT ( 'NONE',  ( -21.49999999999999289, 0.000000000000000000, -21.49999999999993605 ) ) ;
#1471 = DIRECTION ( 'NONE',  ( 0.000000000000000000, 0.000000000000000000, 1.000000000000000000 ) ) ;
#1472 = ORIENTED_EDGE ( 'NONE', *, *, #873, .F. ) ;
#1473 = VECTOR ( 'NONE', #60, 1000.000000000000000 ) ;
#1474 = DIRECTION ( 'NONE',  ( -0.000000000000000000, 1.000000000000000000, -0.000000000000000000 ) ) ;
#1475 = EDGE_LOOP ( 'NONE', ( #601, #171 ) ) ;
#1476 = DIRECTION ( 'NONE',  ( 0.000000000000000000, 0.000000000000000000, 1.000000000000000000 ) ) ;
#1477 = EDGE_CURVE ( 'NONE', #523, #23, #1325, .T. ) ;
#1478 = EDGE_CURVE ( 'NONE', #1389, #665, #653, .T. ) ;
#1479 = CARTESIAN_POINT ( 'NONE',  ( -79.99999999999974420, 0.000000000000000000, 65.00000000000001421 ) ) ;
ENDSEC;
END-ISO-10303-21;
