ISO-10303-21;
HEADER;
FILE_DESCRIPTION (( 'STEP AP214' ),
    '1' );
FILE_NAME ('plate2.STEP',
    '2025-12-14T03:01:52',
    ( '' ),
    ( '' ),
    'SwSTEP 2.0',
    'SolidWorks 2025',
    '' );
FILE_SCHEMA (( 'AUTOMOTIVE_DESIGN' ));
ENDSEC;

DATA;
#1 = ADVANCED_FACE ( 'NONE', ( #1372 ), #1829, .F. ) ;
#2 = CARTESIAN_POINT ( 'NONE',  ( 60.00000000000000000, 0.000000000000000000, -49.99999999999996447 ) ) ;
#3 = EDGE_LOOP ( 'NONE', ( #86, #2021, #2300, #1939 ) ) ;
#4 = CARTESIAN_POINT ( 'NONE',  ( -90.00000000000000000, 9.000000000000000000, 65.00000000000002842 ) ) ;
#5 = CARTESIAN_POINT ( 'NONE',  ( -60.00000000000002132, 9.000000000000000000, -50.00000000000001421 ) ) ;
#6 = DIRECTION ( 'NONE',  ( -1.000000000000000000, -0.000000000000000000, 6.938893903907228378E-16 ) ) ;
#7 = PLANE ( 'NONE',  #702 ) ;
#8 = VERTEX_POINT ( 'NONE', #1108 ) ;
#9 = DIRECTION ( 'NONE',  ( -0.000000000000000000, -0.000000000000000000, -1.000000000000000000 ) ) ;
#10 = ORIENTED_EDGE ( 'NONE', *, *, #2592, .T. ) ;
#11 = CARTESIAN_POINT ( 'NONE',  ( 33.14999999999999858, 11.00000000000000000, -80.65000000000004832 ) ) ;
#12 = LINE ( 'NONE', #506, #1159 ) ;
#13 = VERTEX_POINT ( 'NONE', #1167 ) ;
#14 = LINE ( 'NONE', #1226, #1171 ) ;
#15 = VECTOR ( 'NONE', #35, 1000.000000000000000 ) ;
#16 = DIRECTION ( 'NONE',  ( -0.000000000000000000, 1.000000000000000000, -0.000000000000000000 ) ) ;
#17 = FACE_OUTER_BOUND ( 'NONE', #529, .T. ) ;
#18 = AXIS2_PLACEMENT_3D ( 'NONE', #562, #43, #1237 ) ;
#19 = CARTESIAN_POINT ( 'NONE',  ( -34.40000000000000568, 19.99999999999999645, -12.50000000000006040 ) ) ;
#20 = DIRECTION ( 'NONE',  ( -0.000000000000000000, -1.000000000000000000, -0.000000000000000000 ) ) ;
#21 = VERTEX_POINT ( 'NONE', #221 ) ;
#22 = CARTESIAN_POINT ( 'NONE',  ( 34.39999999999999858, 19.99999999999999645, -83.00000000000005684 ) ) ;
#23 = ORIENTED_EDGE ( 'NONE', *, *, #2504, .F. ) ;
#24 = EDGE_CURVE ( 'NONE', #140, #2611, #1598, .T. ) ;
#25 = CARTESIAN_POINT ( 'NONE',  ( -38.39999999999999858, 19.99999999999999645, -79.00000000000007105 ) ) ;
#26 = LINE ( 'NONE', #971, #2723 ) ;
#27 = VERTEX_POINT ( 'NONE', #1857 ) ;
#28 = CIRCLE ( 'NONE', #1946, 1.600000000000002531 ) ;
#29 = AXIS2_PLACEMENT_3D ( 'NONE', #539, #2913, #800 ) ;
#30 = DIRECTION ( 'NONE',  ( 0.000000000000000000, 0.000000000000000000, 1.000000000000000000 ) ) ;
#31 = DIRECTION ( 'NONE',  ( -0.000000000000000000, -1.000000000000000000, -0.000000000000000000 ) ) ;
#32 = AXIS2_PLACEMENT_3D ( 'NONE', #850, #2308, #881 ) ;
#33 = VECTOR ( 'NONE', #1339, 1000.000000000000000 ) ;
#34 = FACE_OUTER_BOUND ( 'NONE', #2653, .T. ) ;
#35 = DIRECTION ( 'NONE',  ( 1.000000000000000000, -0.000000000000000000, -2.168404344971012566E-16 ) ) ;
#36 = CARTESIAN_POINT ( 'NONE',  ( -24.30000000000001847, 0.000000000000000000, 50.00000000000004974 ) ) ;
#37 = DIRECTION ( 'NONE',  ( 0.000000000000000000, 1.000000000000000000, 0.000000000000000000 ) ) ;
#38 = VERTEX_POINT ( 'NONE', #2994 ) ;
#39 = VERTEX_POINT ( 'NONE', #641 ) ;
#40 = EDGE_CURVE ( 'NONE', #1206, #2628, #1140, .T. ) ;
#41 = DIRECTION ( 'NONE',  ( 0.000000000000000000, 0.000000000000000000, -1.000000000000000000 ) ) ;
#42 = EDGE_CURVE ( 'NONE', #2486, #1033, #2791, .T. ) ;
#43 = DIRECTION ( 'NONE',  ( -0.000000000000000000, 1.000000000000000000, -0.000000000000000000 ) ) ;
#44 = EDGE_CURVE ( 'NONE', #3003, #2624, #1799, .T. ) ;
#45 = VERTEX_POINT ( 'NONE', #2519 ) ;
#46 = AXIS2_PLACEMENT_3D ( 'NONE', #1873, #37, #1419 ) ;
#47 = CIRCLE ( 'NONE', #2463, 1.600000000000004086 ) ;
#48 = ADVANCED_FACE ( 'NONE', ( #1122 ), #2566, .F. ) ;
#49 = LINE ( 'NONE', #1454, #1957 ) ;
#50 = DIRECTION ( 'NONE',  ( 0.000000000000000000, 1.000000000000000000, 0.000000000000000000 ) ) ;
#51 = LINE ( 'NONE', #282, #324 ) ;
#52 = FACE_OUTER_BOUND ( 'NONE', #2840, .T. ) ;
#53 = DIRECTION ( 'NONE',  ( 0.000000000000000000, 1.000000000000000000, 0.000000000000000000 ) ) ;
#54 = CARTESIAN_POINT ( 'NONE',  ( 35.64999999999999858, 11.00000000000000178, -87.00000000000004263 ) ) ;
#55 = ORIENTED_EDGE ( 'NONE', *, *, #1958, .T. ) ;
#56 = VERTEX_POINT ( 'NONE', #1567 ) ;
#57 = ADVANCED_FACE ( 'NONE', ( #2963 ), #194, .F. ) ;
#58 = CYLINDRICAL_SURFACE ( 'NONE', #2572, 10.00000000000000178 ) ;
#59 = CARTESIAN_POINT ( 'NONE',  ( -34.39999999999999858, 19.99999999999999645, -87.00000000000004263 ) ) ;
#60 = ORIENTED_EDGE ( 'NONE', *, *, #613, .T. ) ;
#61 = ORIENTED_EDGE ( 'NONE', *, *, #1020, .F. ) ;
#62 = AXIS2_PLACEMENT_3D ( 'NONE', #1667, #50, #297 ) ;
#63 = CARTESIAN_POINT ( 'NONE',  ( 42.39999999999999147, 19.99999999999999645, -87.00000000000004263 ) ) ;
#64 = DIRECTION ( 'NONE',  ( 1.000000000000000000, 0.000000000000000000, -1.734723475976808672E-15 ) ) ;
#65 = DIRECTION ( 'NONE',  ( -1.000000000000000000, 0.000000000000000000, 1.734723475976808475E-15 ) ) ;
#66 = DIRECTION ( 'NONE',  ( -0.000000000000000000, -1.000000000000000000, 0.000000000000000000 ) ) ;
#67 = CARTESIAN_POINT ( 'NONE',  ( -40.00000000000000000, 0.000000000000000000, 20.00000000000005329 ) ) ;
#68 = PLANE ( 'NONE',  #2947 ) ;
#69 = ORIENTED_EDGE ( 'NONE', *, *, #2551, .T. ) ;
#70 = VERTEX_POINT ( 'NONE', #668 ) ;
#71 = PLANE ( 'NONE',  #1837 ) ;
#72 = PLANE ( 'NONE',  #803 ) ;
#73 = ORIENTED_EDGE ( 'NONE', *, *, #416, .F. ) ;
#74 = ORIENTED_EDGE ( 'NONE', *, *, #2085, .F. ) ;
#75 = CARTESIAN_POINT ( 'NONE',  ( 19.25000000000000000, 0.000000000000000000, 6.400000000000060751 ) ) ;
#76 = DIRECTION ( 'NONE',  ( 0.000000000000000000, 0.000000000000000000, 1.000000000000000000 ) ) ;
#77 = VECTOR ( 'NONE', #2909, 1000.000000000000000 ) ;
#78 = ORIENTED_EDGE ( 'NONE', *, *, #1053, .F. ) ;
#79 = VECTOR ( 'NONE', #1504, 1000.000000000000000 ) ;
#80 = DIRECTION ( 'NONE',  ( 1.067522139062651164E-16, 0.000000000000000000, -1.000000000000000000 ) ) ;
#81 = DIRECTION ( 'NONE',  ( 0.000000000000000000, 1.000000000000000000, 0.000000000000000000 ) ) ;
#82 = EDGE_CURVE ( 'NONE', #3032, #1431, #438, .T. ) ;
#83 = CARTESIAN_POINT ( 'NONE',  ( 42.39999999999999147, 19.99999999999999645, -20.50000000000005329 ) ) ;
#84 = ADVANCED_FACE ( 'NONE', ( #526 ), #2358, .F. ) ;
#85 = CARTESIAN_POINT ( 'NONE',  ( 34.39999999999999858, 19.99999999999999645, -83.00000000000005684 ) ) ;
#86 = ORIENTED_EDGE ( 'NONE', *, *, #1885, .F. ) ;
#87 = FACE_BOUND ( 'NONE', #1014, .T. ) ;
#88 = CARTESIAN_POINT ( 'NONE',  ( 34.40000000000000568, 19.99999999999999645, -12.50000000000006040 ) ) ;
#89 = ORIENTED_EDGE ( 'NONE', *, *, #854, .T. ) ;
#90 = EDGE_CURVE ( 'NONE', #1872, #1535, #2803, .T. ) ;
#91 = DIRECTION ( 'NONE',  ( 0.000000000000000000, 0.000000000000000000, 1.000000000000000000 ) ) ;
#92 = CARTESIAN_POINT ( 'NONE',  ( -89.99999999999997158, 9.000000000000000000, -64.99999999999988631 ) ) ;
#93 = ORIENTED_EDGE ( 'NONE', *, *, #268, .F. ) ;
#94 = AXIS2_PLACEMENT_3D ( 'NONE', #67, #743, #2834 ) ;
#95 = ADVANCED_FACE ( 'NONE', ( #3040 ), #2635, .F. ) ;
#96 = AXIS2_PLACEMENT_3D ( 'NONE', #2297, #2823, #2612 ) ;
#97 = LINE ( 'NONE', #2864, #1415 ) ;
#98 = LINE ( 'NONE', #1977, #523 ) ;
#99 = CARTESIAN_POINT ( 'NONE',  ( 24.50000000000000711, 0.000000000000000000, 70.00000000000004263 ) ) ;
#100 = CARTESIAN_POINT ( 'NONE',  ( 42.39999999999999147, 9.000000000000000000, -87.00000000000004263 ) ) ;
#101 = ORIENTED_EDGE ( 'NONE', *, *, #2253, .F. ) ;
#102 = ORIENTED_EDGE ( 'NONE', *, *, #1508, .F. ) ;
#103 = STYLED_ITEM ( 'NONE', ( #1570 ), #1242 ) ;
#104 = CARTESIAN_POINT ( 'NONE',  ( 64.99999999999975842, 9.000000000000000000, -64.99999999999988631 ) ) ;
#105 = FACE_OUTER_BOUND ( 'NONE', #516, .T. ) ;
#106 = EDGE_LOOP ( 'NONE', ( #2295, #184, #1064, #2094 ) ) ;
#107 = DIRECTION ( 'NONE',  ( 1.000000000000000000, 0.000000000000000000, 0.000000000000000000 ) ) ;
#108 = PLANE ( 'NONE',  #2478 ) ;
#109 = ORIENTED_EDGE ( 'NONE', *, *, #541, .T. ) ;
#110 = VECTOR ( 'NONE', #1015, 1000.000000000000000 ) ;
#111 = CARTESIAN_POINT ( 'NONE',  ( -64.99999999999975842, 9.000000000000000000, -90.00000000000007105 ) ) ;
#112 = FACE_OUTER_BOUND ( 'NONE', #1838, .T. ) ;
#113 = CARTESIAN_POINT ( 'NONE',  ( 33.14999999999999858, 0.000000000000000000, -80.65000000000004832 ) ) ;
#114 = PLANE ( 'NONE',  #686 ) ;
#115 = ORIENTED_EDGE ( 'NONE', *, *, #684, .F. ) ;
#116 = VECTOR ( 'NONE', #2131, 1000.000000000000000 ) ;
#117 = DIRECTION ( 'NONE',  ( 0.000000000000000000, 1.000000000000000000, 0.000000000000000000 ) ) ;
#118 = CARTESIAN_POINT ( 'NONE',  ( 34.39999999999999858, 16.00000000000000000, -20.50000000000004619 ) ) ;
#119 = ADVANCED_FACE ( 'NONE', ( #52 ), #2609, .F. ) ;
#120 = ORIENTED_EDGE ( 'NONE', *, *, #402, .F. ) ;
#121 = ORIENTED_EDGE ( 'NONE', *, *, #1697, .T. ) ;
#122 = LINE ( 'NONE', #521, #1365 ) ;
#123 = DIRECTION ( 'NONE',  ( -0.000000000000000000, -1.000000000000000000, -0.000000000000000000 ) ) ;
#124 = ORIENTED_EDGE ( 'NONE', *, *, #2135, .T. ) ;
#125 = LINE ( 'NONE', #1610, #763 ) ;
#126 = AXIS2_PLACEMENT_3D ( 'NONE', #2545, #2606, #217 ) ;
#127 = CARTESIAN_POINT ( 'NONE',  ( 33.14999999999999858, 0.000000000000000000, -79.50000000000005684 ) ) ;
#128 = AXIS2_PLACEMENT_3D ( 'NONE', #1399, #943, #695 ) ;
#129 = DIRECTION ( 'NONE',  ( -0.000000000000000000, -1.000000000000000000, -0.000000000000000000 ) ) ;
#130 = EDGE_CURVE ( 'NONE', #371, #2669, #2721, .T. ) ;
#131 = DIRECTION ( 'NONE',  ( -1.000000000000000000, 0.000000000000000000, -0.000000000000000000 ) ) ;
#132 = ORIENTED_EDGE ( 'NONE', *, *, #717, .F. ) ;
#133 = ORIENTED_EDGE ( 'NONE', *, *, #634, .T. ) ;
#134 = CARTESIAN_POINT ( 'NONE',  ( -79.99999999999974420, 9.000000000000000000, 65.00000000000001421 ) ) ;
#135 = DIRECTION ( 'NONE',  ( 0.000000000000000000, 0.000000000000000000, 1.000000000000000000 ) ) ;
#136 = ORIENTED_EDGE ( 'NONE', *, *, #82, .F. ) ;
#137 = VERTEX_POINT ( 'NONE', #2579 ) ;
#138 = EDGE_CURVE ( 'NONE', #1816, #2628, #1416, .T. ) ;
#139 = LINE ( 'NONE', #660, #1756 ) ;
#140 = VERTEX_POINT ( 'NONE', #1473 ) ;
#141 = DIRECTION ( 'NONE',  ( 0.000000000000000000, 0.000000000000000000, 1.000000000000000000 ) ) ;
#142 = CARTESIAN_POINT ( 'NONE',  ( -79.99999999999975842, 0.000000000000000000, -64.99999999999988631 ) ) ;
#143 = DIRECTION ( 'NONE',  ( -0.000000000000000000, 1.000000000000000000, -0.000000000000000000 ) ) ;
#144 = AXIS2_PLACEMENT_3D ( 'NONE', #2688, #1752, #2704 ) ;
#145 = DIRECTION ( 'NONE',  ( 0.000000000000000000, 1.000000000000000000, 0.000000000000000000 ) ) ;
#146 = EDGE_LOOP ( 'NONE', ( #2270, #581 ) ) ;
#147 = VECTOR ( 'NONE', #1512, 1000.000000000000000 ) ;
#148 = ORIENTED_EDGE ( 'NONE', *, *, #1817, .T. ) ;
#149 = FACE_OUTER_BOUND ( 'NONE', #395, .T. ) ;
#150 = DIRECTION ( 'NONE',  ( 0.000000000000000000, 0.000000000000000000, -1.000000000000000000 ) ) ;
#151 = EDGE_LOOP ( 'NONE', ( #831, #2216, #211, #1280 ) ) ;
#152 = EDGE_CURVE ( 'NONE', #2055, #599, #1402, .T. ) ;
#153 = EDGE_LOOP ( 'NONE', ( #1706, #2891, #2345, #1281 ) ) ;
#154 = CARTESIAN_POINT ( 'NONE',  ( -24.49999999999999289, 9.000000000000000000, 70.00000000000005684 ) ) ;
#155 = ORIENTED_EDGE ( 'NONE', *, *, #954, .T. ) ;
#156 = CARTESIAN_POINT ( 'NONE',  ( 38.39999999999999858, 19.99999999999999645, -16.50000000000005684 ) ) ;
#157 = FACE_BOUND ( 'NONE', #1116, .T. ) ;
#158 = ADVANCED_FACE ( 'NONE', ( #235 ), #7, .F. ) ;
#159 = ADVANCED_FACE ( 'NONE', ( #742 ), #2388, .F. ) ;
#160 = LINE ( 'NONE', #640, #3046 ) ;
#161 = ORIENTED_EDGE ( 'NONE', *, *, #916, .T. ) ;
#162 = EDGE_CURVE ( 'NONE', #1191, #1637, #1229, .T. ) ;
#163 = VERTEX_POINT ( 'NONE', #1658 ) ;
#164 = CARTESIAN_POINT ( 'NONE',  ( 38.39999999999999858, 19.99999999999999645, -20.50000000000005329 ) ) ;
#165 = ORIENTED_EDGE ( 'NONE', *, *, #1831, .F. ) ;
#166 = DIRECTION ( 'NONE',  ( 0.000000000000000000, 0.000000000000000000, -1.000000000000000000 ) ) ;
#167 = ORIENTED_EDGE ( 'NONE', *, *, #718, .F. ) ;
#168 = CARTESIAN_POINT ( 'NONE',  ( 0.000000000000000000, 19.99999999999999645, 0.000000000000000000 ) ) ;
#169 = VERTEX_POINT ( 'NONE', #2833 ) ;
#170 = LINE ( 'NONE', #3008, #574 ) ;
#171 = FACE_BOUND ( 'NONE', #1971, .T. ) ;
#172 = CARTESIAN_POINT ( 'NONE',  ( 35.64999999999999147, 9.000000000000001776, -87.00000000000004263 ) ) ;
#173 = EDGE_CURVE ( 'NONE', #2917, #56, #710, .T. ) ;
#174 = CARTESIAN_POINT ( 'NONE',  ( 38.39999999999999858, 19.99999999999999645, -16.50000000000005684 ) ) ;
#175 = EDGE_CURVE ( 'NONE', #896, #2799, #726, .T. ) ;
#176 = VERTEX_POINT ( 'NONE', #2594 ) ;
#177 = CIRCLE ( 'NONE', #2444, 1.600000000000002531 ) ;
#178 = AXIS2_PLACEMENT_3D ( 'NONE', #2847, #741, #1629 ) ;
#179 = DIRECTION ( 'NONE',  ( -0.000000000000000000, 1.000000000000000000, -0.000000000000000000 ) ) ;
#180 = EDGE_CURVE ( 'NONE', #2201, #1769, #1353, .T. ) ;
#181 = VERTEX_POINT ( 'NONE', #1197 ) ;
#182 = FILL_AREA_STYLE_COLOUR ( '', #2851 ) ;
#183 = EDGE_CURVE ( 'NONE', #2598, #2408, #963, .T. ) ;
#184 = ORIENTED_EDGE ( 'NONE', *, *, #2821, .F. ) ;
#185 = VECTOR ( 'NONE', #1058, 1000.000000000000000 ) ;
#186 = LINE ( 'NONE', #1806, #816 ) ;
#187 = EDGE_LOOP ( 'NONE', ( #2166, #2707, #1364, #1126 ) ) ;
#188 = ADVANCED_FACE ( 'NONE', ( #1701 ), #1895, .F. ) ;
#189 = CARTESIAN_POINT ( 'NONE',  ( 24.29999999999999005, 0.000000000000000000, 30.00000000000004974 ) ) ;
#190 = CARTESIAN_POINT ( 'NONE',  ( 34.40000000000000568, 9.000000000000000000, -12.50000000000006040 ) ) ;
#191 = PLANE ( 'NONE',  #3035 ) ;
#192 = ADVANCED_FACE ( 'NONE', ( #801 ), #2488, .F. ) ;
#193 = CARTESIAN_POINT ( 'NONE',  ( 49.99999999999996447, 0.000000000000000000, 50.00000000000002132 ) ) ;
#194 = PLANE ( 'NONE',  #608 ) ;
#195 = VERTEX_POINT ( 'NONE', #2897 ) ;
#196 = VECTOR ( 'NONE', #2249, 1000.000000000000000 ) ;
#197 = CYLINDRICAL_SURFACE ( 'NONE', #2706, 1.600000000000004086 ) ;
#198 = ORIENTED_EDGE ( 'NONE', *, *, #24, .F. ) ;
#199 = CARTESIAN_POINT ( 'NONE',  ( 64.99999999999978684, 9.000000000000000000, 78.40000000000001990 ) ) ;
#200 = ORIENTED_EDGE ( 'NONE', *, *, #926, .F. ) ;
#201 = EDGE_LOOP ( 'NONE', ( #1149, #1349, #1844, #1843 ) ) ;
#202 = DIRECTION ( 'NONE',  ( -0.000000000000000000, 1.000000000000000000, -0.000000000000000000 ) ) ;
#203 = ORIENTED_EDGE ( 'NONE', *, *, #2404, .F. ) ;
#204 = LINE ( 'NONE', #2074, #373 ) ;
#205 = FACE_BOUND ( 'NONE', #305, .T. ) ;
#206 = CARTESIAN_POINT ( 'NONE',  ( 64.99999999999975842, 9.000000000000000000, -79.99999999999988631 ) ) ;
#207 = ORIENTED_EDGE ( 'NONE', *, *, #1506, .T. ) ;
#208 = VERTEX_POINT ( 'NONE', #1750 ) ;
#209 = VECTOR ( 'NONE', #768, 1000.000000000000000 ) ;
#210 = DIRECTION ( 'NONE',  ( -0.000000000000000000, 1.000000000000000000, -0.000000000000000000 ) ) ;
#211 = ORIENTED_EDGE ( 'NONE', *, *, #378, .F. ) ;
#212 = ORIENTED_EDGE ( 'NONE', *, *, #1086, .T. ) ;
#213 = VECTOR ( 'NONE', #977, 1000.000000000000000 ) ;
#214 = EDGE_CURVE ( 'NONE', #2794, #417, #1496, .T. ) ;
#215 = PLANE ( 'NONE',  #1648 ) ;
#216 = ORIENTED_EDGE ( 'NONE', *, *, #1889, .T. ) ;
#217 = DIRECTION ( 'NONE',  ( 0.000000000000000000, 0.000000000000000000, -1.000000000000000000 ) ) ;
#218 = CARTESIAN_POINT ( 'NONE',  ( 49.99999999999997158, 9.000000000000000000, 20.00000000000005329 ) ) ;
#219 = ADVANCED_FACE ( 'NONE', ( #785 ), #1734, .F. ) ;
#220 = CARTESIAN_POINT ( 'NONE',  ( -34.39999999999999858, 9.000000000000000000, -20.50000000000003908 ) ) ;
#221 = CARTESIAN_POINT ( 'NONE',  ( 64.99999999999975842, 0.000000000000000000, -81.59999999999989484 ) ) ;
#222 = ORIENTED_EDGE ( 'NONE', *, *, #2322, .T. ) ;
#223 = CARTESIAN_POINT ( 'NONE',  ( 89.99999999999998579, 9.000000000000000000, -49.99999999999990763 ) ) ;
#224 = ORIENTED_EDGE ( 'NONE', *, *, #2335, .T. ) ;
#225 = AXIS2_PLACEMENT_3D ( 'NONE', #142, #1562, #2516 ) ;
#226 = EDGE_LOOP ( 'NONE', ( #3020, #1183, #1123, #2729 ) ) ;
#227 = CIRCLE ( 'NONE', #2829, 25.00000000000021672 ) ;
#228 = DIRECTION ( 'NONE',  ( -0.000000000000000000, 1.000000000000000000, -0.000000000000000000 ) ) ;
#229 = ORIENTED_EDGE ( 'NONE', *, *, #2171, .F. ) ;
#230 = ADVANCED_FACE ( 'NONE', ( #112 ), #1716, .F. ) ;
#231 = VECTOR ( 'NONE', #2726, 1000.000000000000000 ) ;
#232 = DIRECTION ( 'NONE',  ( 0.000000000000000000, 0.000000000000000000, -1.000000000000000000 ) ) ;
#233 = CARTESIAN_POINT ( 'NONE',  ( 0.000000000000000000, 16.00000000000000000, 0.000000000000000000 ) ) ;
#234 = DIRECTION ( 'NONE',  ( 0.000000000000000000, 0.000000000000000000, 1.000000000000000000 ) ) ;
#235 = FACE_OUTER_BOUND ( 'NONE', #1270, .T. ) ;
#236 = ORIENTED_EDGE ( 'NONE', *, *, #1595, .T. ) ;
#237 = DIRECTION ( 'NONE',  ( -0.000000000000000000, 1.000000000000000000, -0.000000000000000000 ) ) ;
#238 = VERTEX_POINT ( 'NONE', #1010 ) ;
#239 = VECTOR ( 'NONE', #994, 1000.000000000000000 ) ;
#240 = AXIS2_PLACEMENT_3D ( 'NONE', #2740, #2505, #1327 ) ;
#241 = DIRECTION ( 'NONE',  ( -0.000000000000000000, 1.000000000000000000, -0.000000000000000000 ) ) ;
#242 = DIRECTION ( 'NONE',  ( -0.000000000000000000, 1.000000000000000000, -0.000000000000000000 ) ) ;
#243 = ORIENTED_EDGE ( 'NONE', *, *, #1177, .F. ) ;
#244 = FACE_OUTER_BOUND ( 'NONE', #2200, .T. ) ;
#245 = AXIS2_PLACEMENT_3D ( 'NONE', #1066, #1096, #150 ) ;
#246 = DIRECTION ( 'NONE',  ( -1.000000000000000000, -0.000000000000000000, -0.000000000000000000 ) ) ;
#247 = LINE ( 'NONE', #1913, #2687 ) ;
#248 = DIRECTION ( 'NONE',  ( 0.000000000000000000, 0.000000000000000000, 1.000000000000000000 ) ) ;
#249 = EDGE_CURVE ( 'NONE', #2506, #2598, #2713, .T. ) ;
#250 = CARTESIAN_POINT ( 'NONE',  ( 34.40000000000000568, 9.000000000000000000, -12.50000000000006040 ) ) ;
#251 = VERTEX_POINT ( 'NONE', #2665 ) ;
#252 = LINE ( 'NONE', #1476, #2703 ) ;
#253 = EDGE_CURVE ( 'NONE', #21, #1322, #606, .T. ) ;
#254 = VERTEX_POINT ( 'NONE', #1308 ) ;
#255 = ORIENTED_EDGE ( 'NONE', *, *, #2584, .F. ) ;
#256 = CIRCLE ( 'NONE', #2718, 25.00000000000001421 ) ;
#257 = CARTESIAN_POINT ( 'NONE',  ( -42.39999999999999147, 9.000000000000000000, -12.50000000000005862 ) ) ;
#258 = FACE_OUTER_BOUND ( 'NONE', #2887, .T. ) ;
#259 = ORIENTED_EDGE ( 'NONE', *, *, #1251, .F. ) ;
#260 = CARTESIAN_POINT ( 'NONE',  ( -34.40000000000000568, 19.99999999999999645, -16.50000000000005684 ) ) ;
#261 = VECTOR ( 'NONE', #2848, 1000.000000000000000 ) ;
#262 = CARTESIAN_POINT ( 'NONE',  ( 29.39999999999999503, 16.00000000000000000, -83.00000000000005684 ) ) ;
#263 = DIRECTION ( 'NONE',  ( -0.000000000000000000, -1.000000000000000000, -0.000000000000000000 ) ) ;
#264 = EDGE_CURVE ( 'NONE', #1250, #1322, #414, .T. ) ;
#265 = DIRECTION ( 'NONE',  ( 0.000000000000000000, 0.000000000000000000, 1.000000000000000000 ) ) ;
#266 = CARTESIAN_POINT ( 'NONE',  ( 79.99999999999977263, 0.000000000000000000, 66.60000000000003695 ) ) ;
#267 = ORIENTED_EDGE ( 'NONE', *, *, #2331, .F. ) ;
#268 = EDGE_CURVE ( 'NONE', #2870, #1740, #1449, .T. ) ;
#269 = LINE ( 'NONE', #472, #2016 ) ;
#270 = ORIENTED_EDGE ( 'NONE', *, *, #987, .F. ) ;
#271 = EDGE_CURVE ( 'NONE', #1967, #853, #357, .T. ) ;
#272 = DIRECTION ( 'NONE',  ( -0.000000000000000000, -1.000000000000000000, -0.000000000000000000 ) ) ;
#273 = PRODUCT_DEFINITION ( 'UNKNOWN', '', #2780, #1192 ) ;
#274 = CIRCLE ( 'NONE', #2398, 10.00000000000000178 ) ;
#275 = LINE ( 'NONE', #450, #2093 ) ;
#276 = ORIENTED_EDGE ( 'NONE', *, *, #1027, .F. ) ;
#277 = DIRECTION ( 'NONE',  ( 0.000000000000000000, 1.000000000000000000, -0.000000000000000000 ) ) ;
#278 = CARTESIAN_POINT ( 'NONE',  ( -38.39999999999999858, 16.00000000000000000, -20.50000000000003908 ) ) ;
#279 = ADVANCED_FACE ( 'NONE', ( #1963 ), #1550, .F. ) ;
#280 = AXIS2_PLACEMENT_3D ( 'NONE', #867, #1150, #2090 ) ;
#281 = AXIS2_PLACEMENT_3D ( 'NONE', #1978, #2702, #1964 ) ;
#282 = CARTESIAN_POINT ( 'NONE',  ( -42.39999999999999147, 19.99999999999999645, -12.50000000000005862 ) ) ;
#283 = DIRECTION ( 'NONE',  ( 1.000000000000000000, 0.000000000000000000, -1.067522139062651041E-16 ) ) ;
#284 = CARTESIAN_POINT ( 'NONE',  ( 79.99999999999977263, 9.000000000000000000, 63.40000000000002700 ) ) ;
#285 = ADVANCED_FACE ( 'NONE', ( #2241 ), #1276, .F. ) ;
#286 = LINE ( 'NONE', #2377, #335 ) ;
#287 = EDGE_LOOP ( 'NONE', ( #998, #452, #2663, #368 ) ) ;
#288 = VERTEX_POINT ( 'NONE', #326 ) ;
#289 = CARTESIAN_POINT ( 'NONE',  ( 42.39999999999999147, 9.000000000000000000, -12.50000000000005862 ) ) ;
#290 = EDGE_CURVE ( 'NONE', #2408, #1956, #98, .T. ) ;
#291 = CARTESIAN_POINT ( 'NONE',  ( 64.99999999999975842, 0.000000000000000000, -79.99999999999988631 ) ) ;
#292 = ORIENTED_EDGE ( 'NONE', *, *, #987, .T. ) ;
#293 = VERTEX_POINT ( 'NONE', #127 ) ;
#294 = AXIS2_PLACEMENT_3D ( 'NONE', #979, #2361, #744 ) ;
#295 = VECTOR ( 'NONE', #41, 1000.000000000000000 ) ;
#296 = CARTESIAN_POINT ( 'NONE',  ( -64.99999999999972999, 9.000000000000000000, 81.60000000000003695 ) ) ;
#297 = DIRECTION ( 'NONE',  ( 0.000000000000000000, 0.000000000000000000, 1.000000000000000000 ) ) ;
#298 = DIRECTION ( 'NONE',  ( -0.000000000000000000, -1.000000000000000000, -0.000000000000000000 ) ) ;
#299 = CARTESIAN_POINT ( 'NONE',  ( -90.00000000000000000, 9.000000000000000000, 65.00000000000002842 ) ) ;
#300 = LINE ( 'NONE', #1246, #239 ) ;
#301 = CARTESIAN_POINT ( 'NONE',  ( 30.65000000000000213, 9.000000000000000000, -90.00000000000011369 ) ) ;
#302 = ORIENTED_EDGE ( 'NONE', *, *, #1503, .F. ) ;
#303 = DIRECTION ( 'NONE',  ( -0.000000000000000000, -1.000000000000000000, -0.000000000000000000 ) ) ;
#304 = CARTESIAN_POINT ( 'NONE',  ( -38.39999999999999858, 16.00000000000000000, -16.50000000000005684 ) ) ;
#305 = EDGE_LOOP ( 'NONE', ( #413, #1527 ) ) ;
#306 = EDGE_CURVE ( 'NONE', #456, #1645, #2255, .T. ) ;
#307 = VECTOR ( 'NONE', #1941, 1000.000000000000000 ) ;
#308 = CARTESIAN_POINT ( 'NONE',  ( -38.39999999999999858, 19.99999999999999645, -83.00000000000005684 ) ) ;
#309 = PLANE ( 'NONE',  #1931 ) ;
#310 = EDGE_CURVE ( 'NONE', #855, #1645, #1294, .T. ) ;
#311 = LINE ( 'NONE', #1261, #621 ) ;
#312 = DIRECTION ( 'NONE',  ( 0.000000000000000000, 0.000000000000000000, -1.000000000000000000 ) ) ;
#313 = PLANE ( 'NONE',  #925 ) ;
#314 = PLANE ( 'NONE',  #144 ) ;
#315 = VERTEX_POINT ( 'NONE', #2011 ) ;
#316 = EDGE_CURVE ( 'NONE', #1023, #2644, #2691, .T. ) ;
#317 = DIRECTION ( 'NONE',  ( 0.000000000000000000, 0.000000000000000000, 1.000000000000000000 ) ) ;
#318 = DIRECTION ( 'NONE',  ( 0.000000000000000000, 0.000000000000000000, 1.000000000000000000 ) ) ;
#319 = ORIENTED_EDGE ( 'NONE', *, *, #493, .F. ) ;
#320 = VERTEX_POINT ( 'NONE', #897 ) ;
#321 = CARTESIAN_POINT ( 'NONE',  ( 79.99999999999977263, 0.000000000000000000, 65.00000000000002842 ) ) ;
#322 = CARTESIAN_POINT ( 'NONE',  ( 34.40000000000000568, 19.99999999999999645, -12.50000000000006040 ) ) ;
#323 = ORIENTED_EDGE ( 'NONE', *, *, #1681, .T. ) ;
#324 = VECTOR ( 'NONE', #263, 1000.000000000000000 ) ;
#325 = CARTESIAN_POINT ( 'NONE',  ( 42.39999999999999147, 19.99999999999999645, -20.50000000000005329 ) ) ;
#326 = CARTESIAN_POINT ( 'NONE',  ( -64.99999999999975842, 0.000000000000000000, -90.00000000000007105 ) ) ;
#327 = CARTESIAN_POINT ( 'NONE',  ( 59.99999999999997868, 0.000000000000000000, -39.99999999999995737 ) ) ;
#328 = CARTESIAN_POINT ( 'NONE',  ( 19.25000000000000000, 9.000000000000000000, 8.000000000000062172 ) ) ;
#329 = ORIENTED_EDGE ( 'NONE', *, *, #865, .F. ) ;
#330 = VERTEX_POINT ( 'NONE', #1808 ) ;
#331 = FACE_BOUND ( 'NONE', #2264, .T. ) ;
#332 = DIRECTION ( 'NONE',  ( -0.000000000000000000, -0.000000000000000000, -1.000000000000000000 ) ) ;
#333 = VERTEX_POINT ( 'NONE', #2976 ) ;
#334 = LINE ( 'NONE', #75, #77 ) ;
#335 = VECTOR ( 'NONE', #2597, 1000.000000000000000 ) ;
#336 = CARTESIAN_POINT ( 'NONE',  ( -38.39999999999999858, 19.99999999999999645, -16.50000000000005684 ) ) ;
#337 = ORIENTED_EDGE ( 'NONE', *, *, #2504, .T. ) ;
#338 = VECTOR ( 'NONE', #1392, 1000.000000000000000 ) ;
#339 = AXIS2_PLACEMENT_3D ( 'NONE', #1832, #2063, #1125 ) ;
#340 = CARTESIAN_POINT ( 'NONE',  ( -50.00000000000000711, 0.000000000000000000, -40.00000000000001421 ) ) ;
#341 = CARTESIAN_POINT ( 'NONE',  ( 42.39999999999999147, 9.000000000000000000, -87.00000000000004263 ) ) ;
#342 = LINE ( 'NONE', #1295, #2257 ) ;
#343 = ADVANCED_FACE ( 'NONE', ( #1324 ), #1383, .T. ) ;
#344 = FACE_OUTER_BOUND ( 'NONE', #1863, .T. ) ;
#345 = ORIENTED_EDGE ( 'NONE', *, *, #1453, .T. ) ;
#346 = EDGE_LOOP ( 'NONE', ( #2234, #674, #1975, #2792, #167, #2507 ) ) ;
#347 = ADVANCED_FACE ( 'NONE', ( #1626 ), #2530, .F. ) ;
#348 = CYLINDRICAL_SURFACE ( 'NONE', #587, 1.600000000000004086 ) ;
#349 = CARTESIAN_POINT ( 'NONE',  ( 0.000000000000000000, 19.99999999999999645, 0.000000000000000000 ) ) ;
#350 = VERTEX_POINT ( 'NONE', #391 ) ;
#351 = EDGE_CURVE ( 'NONE', #2486, #1404, #374, .T. ) ;
#352 = DIRECTION ( 'NONE',  ( 0.000000000000000000, 1.000000000000000000, 0.000000000000000000 ) ) ;
#353 = DIRECTION ( 'NONE',  ( 0.000000000000000000, 0.000000000000000000, -1.000000000000000000 ) ) ;
#354 = ORIENTED_EDGE ( 'NONE', *, *, #449, .T. ) ;
#355 = VECTOR ( 'NONE', #1455, 1000.000000000000000 ) ;
#356 = CARTESIAN_POINT ( 'NONE',  ( 38.39999999999999858, 19.99999999999999645, -83.00000000000005684 ) ) ;
#357 = LINE ( 'NONE', #1262, #676 ) ;
#358 = DIRECTION ( 'NONE',  ( 0.000000000000000000, 1.000000000000000000, 0.000000000000000000 ) ) ;
#359 = CARTESIAN_POINT ( 'NONE',  ( 79.99999999999977263, 0.000000000000000000, 63.40000000000002700 ) ) ;
#360 = VERTEX_POINT ( 'NONE', #635 ) ;
#361 = EDGE_CURVE ( 'NONE', #1312, #2573, #2057, .T. ) ;
#362 = VERTEX_POINT ( 'NONE', #1796 ) ;
#363 = CIRCLE ( 'NONE', #557, 1.149999999999998135 ) ;
#364 = EDGE_CURVE ( 'NONE', #2346, #140, #204, .T. ) ;
#365 = CARTESIAN_POINT ( 'NONE',  ( -34.40000000000000568, 9.000000000000000000, -12.50000000000006040 ) ) ;
#366 = DIRECTION ( 'NONE',  ( -1.734723475976808672E-15, 0.000000000000000000, 1.000000000000000000 ) ) ;
#367 = EDGE_LOOP ( 'NONE', ( #789, #1417 ) ) ;
#368 = ORIENTED_EDGE ( 'NONE', *, *, #1722, .F. ) ;
#369 = ADVANCED_FACE ( 'NONE', ( #2991 ), #2324, .F. ) ;
#370 = DIRECTION ( 'NONE',  ( -0.000000000000000000, -1.000000000000000000, -0.000000000000000000 ) ) ;
#371 = VERTEX_POINT ( 'NONE', #1338 ) ;
#372 = DIRECTION ( 'NONE',  ( 0.000000000000000000, 1.000000000000000000, -0.000000000000000000 ) ) ;
#373 = VECTOR ( 'NONE', #435, 1000.000000000000000 ) ;
#374 = LINE ( 'NONE', #914, #3033 ) ;
#375 = VECTOR ( 'NONE', #6, 1000.000000000000000 ) ;
#376 = CARTESIAN_POINT ( 'NONE',  ( -38.39999999999999858, 19.99999999999999645, -16.50000000000005684 ) ) ;
#377 = DIRECTION ( 'NONE',  ( -1.387778780781445676E-16, -0.000000000000000000, 1.000000000000000000 ) ) ;
#378 = EDGE_CURVE ( 'NONE', #1154, #2137, #170, .T. ) ;
#379 = ORIENTED_EDGE ( 'NONE', *, *, #316, .F. ) ;
#380 = ORIENTED_EDGE ( 'NONE', *, *, #2842, .T. ) ;
#381 = CIRCLE ( 'NONE', #126, 10.00000000000000178 ) ;
#382 = DIRECTION ( 'NONE',  ( 0.000000000000000000, 0.000000000000000000, 1.000000000000000000 ) ) ;
#383 = DIRECTION ( 'NONE',  ( -0.000000000000000000, 1.000000000000000000, -0.000000000000000000 ) ) ;
#384 = ORIENTED_EDGE ( 'NONE', *, *, #480, .T. ) ;
#385 = ORIENTED_EDGE ( 'NONE', *, *, #1503, .T. ) ;
#386 = EDGE_CURVE ( 'NONE', #1769, #2201, #2632, .T. ) ;
#387 = CARTESIAN_POINT ( 'NONE',  ( 64.99999999999978684, 0.000000000000000000, 78.40000000000001990 ) ) ;
#388 = ORIENTED_EDGE ( 'NONE', *, *, #1407, .F. ) ;
#389 = EDGE_CURVE ( 'NONE', #1023, #642, #2291, .T. ) ;
#390 = PLANE ( 'NONE',  #1218 ) ;
#391 = CARTESIAN_POINT ( 'NONE',  ( 30.65000000000000213, 9.000000000000000000, -83.00000000000005684 ) ) ;
#392 = FACE_BOUND ( 'NONE', #2220, .T. ) ;
#393 = VECTOR ( 'NONE', #377, 1000.000000000000000 ) ;
#394 = DIRECTION ( 'NONE',  ( -1.000000000000000000, 0.000000000000000000, -1.067522139062651041E-16 ) ) ;
#395 = EDGE_LOOP ( 'NONE', ( #1897, #2492, #89, #1543 ) ) ;
#396 = ORIENTED_EDGE ( 'NONE', *, *, #2322, .F. ) ;
#397 = LINE ( 'NONE', #1583, #2321 ) ;
#398 = ORIENTED_EDGE ( 'NONE', *, *, #827, .F. ) ;
#399 = VERTEX_POINT ( 'NONE', #681 ) ;
#400 = DIRECTION ( 'NONE',  ( 0.000000000000000000, -0.000000000000000000, 1.000000000000000000 ) ) ;
#401 = ORIENTED_EDGE ( 'NONE', *, *, #1506, .F. ) ;
#402 = EDGE_CURVE ( 'NONE', #1899, #2196, #1839, .T. ) ;
#403 = EDGE_CURVE ( 'NONE', #1919, #507, #620, .T. ) ;
#404 = CARTESIAN_POINT ( 'NONE',  ( 39.99999999999996447, 0.000000000000000000, 30.00000000000005329 ) ) ;
#405 = LINE ( 'NONE', #436, #2936 ) ;
#406 = AXIS2_PLACEMENT_3D ( 'NONE', #1426, #1640, #522 ) ;
#407 = EDGE_CURVE ( 'NONE', #1452, #2767, #662, .T. ) ;
#408 = CARTESIAN_POINT ( 'NONE',  ( -64.99999999999972999, 0.000000000000000000, 78.40000000000001990 ) ) ;
#409 = ADVANCED_FACE ( 'NONE', ( #1350 ), #1824, .F. ) ;
#410 = ORIENTED_EDGE ( 'NONE', *, *, #441, .F. ) ;
#411 = ORIENTED_EDGE ( 'NONE', *, *, #2983, .F. ) ;
#412 = DIRECTION ( 'NONE',  ( -1.000000000000000000, -0.000000000000000000, -0.000000000000000000 ) ) ;
#413 = ORIENTED_EDGE ( 'NONE', *, *, #2000, .T. ) ;
#414 = CIRCLE ( 'NONE', #2390, 1.600000000000004086 ) ;
#415 = CYLINDRICAL_SURFACE ( 'NONE', #495, 1.600000000000004086 ) ;
#416 = EDGE_CURVE ( 'NONE', #2323, #559, #2771, .T. ) ;
#417 = VERTEX_POINT ( 'NONE', #404 ) ;
#418 = AXIS2_PLACEMENT_3D ( 'NONE', #491, #2783, #704 ) ;
#419 = EDGE_CURVE ( 'NONE', #1033, #421, #2886, .T. ) ;
#420 = CARTESIAN_POINT ( 'NONE',  ( 49.99999999999997158, 9.000000000000000000, -39.99999999999995737 ) ) ;
#421 = VERTEX_POINT ( 'NONE', #1611 ) ;
#422 = DIRECTION ( 'NONE',  ( 0.000000000000000000, 1.000000000000000000, -0.000000000000000000 ) ) ;
#423 = FACE_OUTER_BOUND ( 'NONE', #187, .T. ) ;
#424 = CARTESIAN_POINT ( 'NONE',  ( 42.39999999999999147, 19.99999999999999645, -12.50000000000005862 ) ) ;
#425 = ORIENTED_EDGE ( 'NONE', *, *, #2672, .T. ) ;
#426 = ORIENTED_EDGE ( 'NONE', *, *, #733, .T. ) ;
#427 =( GEOMETRIC_REPRESENTATION_CONTEXT ( 3 ) GLOBAL_UNCERTAINTY_ASSIGNED_CONTEXT ( ( #2659 ) ) GLOBAL_UNIT_ASSIGNED_CONTEXT ( ( #2273, #2039, #1323 ) ) REPRESENTATION_CONTEXT ( 'NONE', 'WORKASPACE' ) );
#428 = DIRECTION ( 'NONE',  ( 0.000000000000000000, 0.000000000000000000, -1.000000000000000000 ) ) ;
#429 = ORIENTED_EDGE ( 'NONE', *, *, #2149, .T. ) ;
#430 = CARTESIAN_POINT ( 'NONE',  ( -64.99999999999975842, 0.000000000000000000, -90.00000000000007105 ) ) ;
#431 = EDGE_LOOP ( 'NONE', ( #2657, #2268, #1388, #691 ) ) ;
#432 = VECTOR ( 'NONE', #1263, 1000.000000000000000 ) ;
#433 = DIRECTION ( 'NONE',  ( -0.000000000000000000, -0.000000000000000000, 1.000000000000000000 ) ) ;
#434 = ORIENTED_EDGE ( 'NONE', *, *, #2244, .F. ) ;
#435 = DIRECTION ( 'NONE',  ( -0.000000000000000000, -1.000000000000000000, -0.000000000000000000 ) ) ;
#436 = CARTESIAN_POINT ( 'NONE',  ( 33.14999999999999858, 0.000000000000000000, -79.50000000000005684 ) ) ;
#437 = DIRECTION ( 'NONE',  ( 0.000000000000000000, 1.000000000000000000, 0.000000000000000000 ) ) ;
#438 = LINE ( 'NONE', #2119, #116 ) ;
#440 = ORIENTED_EDGE ( 'NONE', *, *, #471, .T. ) ;
#439 = CIRCLE ( 'NONE', #2509, 1.600000000000004086 ) ;
#441 = EDGE_CURVE ( 'NONE', #1661, #1615, #381, .T. ) ;
#442 = ADVANCED_FACE ( 'NONE', ( #244 ), #974, .F. ) ;
#443 = AXIS2_PLACEMENT_3D ( 'NONE', #134, #1555, #317 ) ;
#444 = LINE ( 'NONE', #3027, #879 ) ;
#445 = ORIENTED_EDGE ( 'NONE', *, *, #1729, .T. ) ;
#446 = CARTESIAN_POINT ( 'NONE',  ( 38.39999999999999858, 19.99999999999999645, -79.00000000000007105 ) ) ;
#447 = ORIENTED_EDGE ( 'NONE', *, *, #1724, .T. ) ;
#448 = ORIENTED_EDGE ( 'NONE', *, *, #214, .T. ) ;
#449 = EDGE_CURVE ( 'NONE', #559, #2379, #1760, .T. ) ;
#450 = CARTESIAN_POINT ( 'NONE',  ( -90.00000000000000000, 9.000000000000000000, 49.99999999999999289 ) ) ;
#451 = EDGE_CURVE ( 'NONE', #1780, #3016, #2574, .T. ) ;
#452 = ORIENTED_EDGE ( 'NONE', *, *, #665, .F. ) ;
#453 = LINE ( 'NONE', #1397, #2359 ) ;
#454 = CARTESIAN_POINT ( 'NONE',  ( 35.64999999999999147, 9.000000000000001776, -79.00000000000007105 ) ) ;
#455 = DIRECTION ( 'NONE',  ( -1.000000000000000000, 0.000000000000000000, -2.168404344971012566E-16 ) ) ;
#456 = VERTEX_POINT ( 'NONE', #2128 ) ;
#457 = VERTEX_POINT ( 'NONE', #941 ) ;
#458 = VECTOR ( 'NONE', #2801, 1000.000000000000000 ) ;
#459 = LINE ( 'NONE', #688, #833 ) ;
#460 = ORIENTED_EDGE ( 'NONE', *, *, #306, .F. ) ;
#461 = VECTOR ( 'NONE', #1880, 1000.000000000000000 ) ;
#462 = DIRECTION ( 'NONE',  ( 0.000000000000000000, 0.000000000000000000, -1.000000000000000000 ) ) ;
#463 = VERTEX_POINT ( 'NONE', #1174 ) ;
#464 = AXIS2_PLACEMENT_3D ( 'NONE', #791, #764, #749 ) ;
#465 = PRODUCT ( 'plate2', 'plate2', '', ( #2943 ) ) ;
#466 = DIRECTION ( 'NONE',  ( 0.000000000000000000, 1.000000000000000000, 0.000000000000000000 ) ) ;
#467 = LINE ( 'NONE', #2831, #2521 ) ;
#468 = CARTESIAN_POINT ( 'NONE',  ( 64.99999999999975842, 0.000000000000000000, -64.99999999999988631 ) ) ;
#469 = DIRECTION ( 'NONE',  ( -1.000000000000000000, 0.000000000000000000, 0.000000000000000000 ) ) ;
#470 = ORIENTED_EDGE ( 'NONE', *, *, #827, .T. ) ;
#471 = EDGE_CURVE ( 'NONE', #1202, #333, #14, .T. ) ;
#472 = CARTESIAN_POINT ( 'NONE',  ( 49.99999999999997158, 0.000000000000000000, 20.00000000000005329 ) ) ;
#473 = ORIENTED_EDGE ( 'NONE', *, *, #1907, .F. ) ;
#474 = DIRECTION ( 'NONE',  ( 0.000000000000000000, 0.000000000000000000, 1.000000000000000000 ) ) ;
#475 = LINE ( 'NONE', #1679, #1110 ) ;
#476 = ORIENTED_EDGE ( 'NONE', *, *, #1590, .T. ) ;
#477 = EDGE_CURVE ( 'NONE', #1740, #2870, #1519, .T. ) ;
#478 = FACE_OUTER_BOUND ( 'NONE', #2246, .T. ) ;
#479 = LINE ( 'NONE', #2576, #2177 ) ;
#480 = EDGE_CURVE ( 'NONE', #1401, #463, #2306, .T. ) ;
#481 = DIRECTION ( 'NONE',  ( -0.000000000000000000, -1.000000000000000000, -0.000000000000000000 ) ) ;
#482 = DIRECTION ( 'NONE',  ( 0.000000000000000000, 1.000000000000000000, 0.000000000000000000 ) ) ;
#483 = EDGE_LOOP ( 'NONE', ( #2392, #1680, #2699, #447 ) ) ;
#484 = LINE ( 'NONE', #1918, #2995 ) ;
#485 = ORIENTED_EDGE ( 'NONE', *, *, #808, .T. ) ;
#486 = AXIS2_PLACEMENT_3D ( 'NONE', #712, #1690, #2852 ) ;
#487 = ORIENTED_EDGE ( 'NONE', *, *, #1497, .F. ) ;
#488 = VECTOR ( 'NONE', #2866, 1000.000000000000000 ) ;
#489 = AXIS2_PLACEMENT_3D ( 'NONE', #653, #145, #1107 ) ;
#490 = CARTESIAN_POINT ( 'NONE',  ( -42.39999999999999147, 19.99999999999999645, -79.00000000000007105 ) ) ;
#491 = CARTESIAN_POINT ( 'NONE',  ( 24.50000000000000711, 9.000000000000000000, 70.00000000000004263 ) ) ;
#492 = EDGE_LOOP ( 'NONE', ( #1158, #2479, #2157, #2186 ) ) ;
#493 = EDGE_CURVE ( 'NONE', #2952, #2669, #2142, .T. ) ;
#494 = DIRECTION ( 'NONE',  ( 0.000000000000000000, 1.000000000000000000, 0.000000000000000000 ) ) ;
#495 = AXIS2_PLACEMENT_3D ( 'NONE', #2762, #383, #658 ) ;
#496 = CARTESIAN_POINT ( 'NONE',  ( 35.64999999999999858, 11.00000000000000178, -79.00000000000007105 ) ) ;
#497 = EDGE_CURVE ( 'NONE', #1361, #1240, #1851, .T. ) ;
#498 = DIRECTION ( 'NONE',  ( 2.168404344971012566E-16, 0.000000000000000000, -1.000000000000000000 ) ) ;
#499 = CARTESIAN_POINT ( 'NONE',  ( 0.000000000000000000, 19.99999999999999645, 0.000000000000000000 ) ) ;
#500 = CARTESIAN_POINT ( 'NONE',  ( 90.00000000000001421, 0.000000000000000000, -64.99999999999988631 ) ) ;
#501 = ORIENTED_EDGE ( 'NONE', *, *, #1457, .T. ) ;
#502 = CARTESIAN_POINT ( 'NONE',  ( 0.000000000000000000, 16.00000000000000000, 0.000000000000000000 ) ) ;
#503 = EDGE_LOOP ( 'NONE', ( #2179, #133, #1995, #200 ) ) ;
#504 = CIRCLE ( 'NONE', #1642, 10.00000000000000178 ) ;
#505 = CARTESIAN_POINT ( 'NONE',  ( 38.39999999999999858, 16.00000000000000000, -20.50000000000004619 ) ) ;
#506 = CARTESIAN_POINT ( 'NONE',  ( 24.29999999999998650, -1.000000000000000888, 50.00000000000004974 ) ) ;
#507 = VERTEX_POINT ( 'NONE', #4 ) ;
#508 = EDGE_CURVE ( 'NONE', #333, #1676, #2860, .T. ) ;
#509 = DIRECTION ( 'NONE',  ( -0.000000000000000000, 1.000000000000000000, -0.000000000000000000 ) ) ;
#510 = AXIS2_PLACEMENT_3D ( 'NONE', #2372, #2147, #944 ) ;
#511 = DIRECTION ( 'NONE',  ( -0.000000000000000000, -1.000000000000000000, -0.000000000000000000 ) ) ;
#512 = FACE_OUTER_BOUND ( 'NONE', #1256, .T. ) ;
#513 = DIRECTION ( 'NONE',  ( -1.067522139062651041E-16, 0.000000000000000000, -1.000000000000000000 ) ) ;
#514 = DIRECTION ( 'NONE',  ( 0.000000000000000000, 0.000000000000000000, -1.000000000000000000 ) ) ;
#515 = ORIENTED_EDGE ( 'NONE', *, *, #916, .F. ) ;
#516 = EDGE_LOOP ( 'NONE', ( #2690, #379, #1292, #876 ) ) ;
#517 = FACE_OUTER_BOUND ( 'NONE', #2095, .T. ) ;
#518 = AXIS2_PLACEMENT_3D ( 'NONE', #1523, #2456, #1073 ) ;
#519 = DIRECTION ( 'NONE',  ( 0.000000000000000000, 0.000000000000000000, 1.000000000000000000 ) ) ;
#520 = ORIENTED_EDGE ( 'NONE', *, *, #2863, .T. ) ;
#521 = CARTESIAN_POINT ( 'NONE',  ( -64.99999999999975842, 0.000000000000000000, -81.59999999999989484 ) ) ;
#522 = DIRECTION ( 'NONE',  ( 0.000000000000000000, 0.000000000000000000, 1.000000000000000000 ) ) ;
#523 = VECTOR ( 'NONE', #572, 1000.000000000000000 ) ;
#524 = VECTOR ( 'NONE', #2058, 1000.000000000000000 ) ;
#525 = DIRECTION ( 'NONE',  ( -1.387778780781445676E-16, 0.000000000000000000, -1.000000000000000000 ) ) ;
#526 = FACE_OUTER_BOUND ( 'NONE', #2965, .T. ) ;
#527 = PLANE ( 'NONE',  #1180 ) ;
#528 = PLANE ( 'NONE',  #1772 ) ;
#529 = EDGE_LOOP ( 'NONE', ( #910, #2462, #645, #276, #2126, #2034 ) ) ;
#530 = ORIENTED_EDGE ( 'NONE', *, *, #1277, .F. ) ;
#531 = EDGE_CURVE ( 'NONE', #463, #1401, #2108, .T. ) ;
#532 = CARTESIAN_POINT ( 'NONE',  ( 30.65000000000000213, 11.00000000000000000, -90.00000000000011369 ) ) ;
#533 = DIRECTION ( 'NONE',  ( 0.000000000000000000, 0.000000000000000000, 1.000000000000000000 ) ) ;
#534 = VERTEX_POINT ( 'NONE', #2845 ) ;
#535 = ORIENTED_EDGE ( 'NONE', *, *, #2587, .F. ) ;
#536 = CIRCLE ( 'NONE', #2841, 1.600000000000002531 ) ;
#537 = DIRECTION ( 'NONE',  ( 0.000000000000000000, 1.000000000000000000, 0.000000000000000000 ) ) ;
#538 = CARTESIAN_POINT ( 'NONE',  ( 34.40000000000000568, 19.99999999999999645, -12.50000000000006040 ) ) ;
#539 = CARTESIAN_POINT ( 'NONE',  ( -79.99999999999975842, 0.000000000000000000, -64.99999999999988631 ) ) ;
#540 = CARTESIAN_POINT ( 'NONE',  ( 64.99999999999975842, 9.000000000000000000, -79.99999999999988631 ) ) ;
#541 = EDGE_CURVE ( 'NONE', #1676, #1753, #49, .T. ) ;
#542 = CARTESIAN_POINT ( 'NONE',  ( 24.30000000000002913, 0.000000000000000000, -64.99999999999990052 ) ) ;
#543 = CARTESIAN_POINT ( 'NONE',  ( -42.39999999999999147, 9.000000000000000000, -20.50000000000005329 ) ) ;
#544 = ORIENTED_EDGE ( 'NONE', *, *, #2821, .T. ) ;
#545 = VERTEX_POINT ( 'NONE', #929 ) ;
#546 = FACE_OUTER_BOUND ( 'NONE', #2511, .T. ) ;
#547 = CARTESIAN_POINT ( 'NONE',  ( -64.99999999999972999, 0.000000000000000000, 80.00000000000002842 ) ) ;
#548 = ORIENTED_EDGE ( 'NONE', *, *, #694, .F. ) ;
#549 = ORIENTED_EDGE ( 'NONE', *, *, #819, .F. ) ;
#550 = DIRECTION ( 'NONE',  ( 0.000000000000000000, 1.000000000000000000, 0.000000000000000000 ) ) ;
#551 = DIRECTION ( 'NONE',  ( 1.000000000000000000, 0.000000000000000000, 0.000000000000000000 ) ) ;
#552 = ORIENTED_EDGE ( 'NONE', *, *, #2283, .F. ) ;
#553 = AXIS2_PLACEMENT_3D ( 'NONE', #1914, #1181, #265 ) ;
#554 = CYLINDRICAL_SURFACE ( 'NONE', #2541, 25.00000000000001421 ) ;
#555 = DIRECTION ( 'NONE',  ( 2.949029909160569694E-15, 0.000000000000000000, 1.000000000000000000 ) ) ;
#556 = CARTESIAN_POINT ( 'NONE',  ( 34.40000000000000568, 19.99999999999999645, -16.50000000000005684 ) ) ;
#557 = AXIS2_PLACEMENT_3D ( 'NONE', #2797, #1423, #2559 ) ;
#558 = CARTESIAN_POINT ( 'NONE',  ( -34.40000000000000568, 16.00000000000000000, -83.00000000000005684 ) ) ;
#559 = VERTEX_POINT ( 'NONE', #751 ) ;
#560 = VERTEX_POINT ( 'NONE', #1208 ) ;
#561 = CARTESIAN_POINT ( 'NONE',  ( 64.99999999999975842, 0.000000000000000000, -90.00000000000007105 ) ) ;
#562 = CARTESIAN_POINT ( 'NONE',  ( 33.14999999999999858, 0.000000000000000000, -80.65000000000004832 ) ) ;
#563 = ORIENTED_EDGE ( 'NONE', *, *, #403, .F. ) ;
#564 = VERTEX_POINT ( 'NONE', #260 ) ;
#565 = DIRECTION ( 'NONE',  ( -0.000000000000000000, 1.000000000000000000, -0.000000000000000000 ) ) ;
#566 = LINE ( 'NONE', #2219, #307 ) ;
#567 = AXIS2_PLACEMENT_3D ( 'NONE', #321, #537, #1499 ) ;
#568 = ORIENTED_EDGE ( 'NONE', *, *, #2862, .T. ) ;
#569 = CIRCLE ( 'NONE', #29, 1.600000000000004086 ) ;
#570 = ADVANCED_FACE ( 'NONE', ( #959 ), #738, .F. ) ;
#571 = DIRECTION ( 'NONE',  ( -0.000000000000000000, 1.000000000000000000, -0.000000000000000000 ) ) ;
#572 = DIRECTION ( 'NONE',  ( -1.000000000000000000, -3.469446951953616654E-16, -1.734723475976808869E-15 ) ) ;
#573 = LINE ( 'NONE', #2260, #432 ) ;
#574 = VECTOR ( 'NONE', #2786, 1000.000000000000000 ) ;
#575 = LINE ( 'NONE', #301, #1233 ) ;
#576 = ORIENTED_EDGE ( 'NONE', *, *, #1407, .T. ) ;
#577 = ORIENTED_EDGE ( 'NONE', *, *, #1178, .F. ) ;
#578 = FACE_BOUND ( 'NONE', #2279, .T. ) ;
#579 = LINE ( 'NONE', #2215, #1260 ) ;
#580 = EDGE_CURVE ( 'NONE', #3016, #2970, #453, .T. ) ;
#581 = ORIENTED_EDGE ( 'NONE', *, *, #1697, .F. ) ;
#582 = CYLINDRICAL_SURFACE ( 'NONE', #2352, 1.600000000000004086 ) ;
#583 = AXIS2_PLACEMENT_3D ( 'NONE', #2623, #2165, #514 ) ;
#584 = FACE_OUTER_BOUND ( 'NONE', #1146, .T. ) ;
#585 = ORIENTED_EDGE ( 'NONE', *, *, #351, .T. ) ;
#586 = EDGE_CURVE ( 'NONE', #1401, #1357, #1653, .T. ) ;
#587 = AXIS2_PLACEMENT_3D ( 'NONE', #644, #1862, #2554 ) ;
#588 = LINE ( 'NONE', #1486, #1320 ) ;
#589 = CARTESIAN_POINT ( 'NONE',  ( 19.25000000000000000, 0.000000000000000000, 8.000000000000062172 ) ) ;
#590 = ADVANCED_FACE ( 'NONE', ( #692 ), #723, .F. ) ;
#591 = DIRECTION ( 'NONE',  ( 0.000000000000000000, 0.000000000000000000, 1.000000000000000000 ) ) ;
#592 = ADVANCED_FACE ( 'NONE', ( #478 ), #1425, .F. ) ;
#593 = DIRECTION ( 'NONE',  ( 0.000000000000000000, 0.000000000000000000, -1.000000000000000000 ) ) ;
#594 = ORIENTED_EDGE ( 'NONE', *, *, #1781, .F. ) ;
#595 = EDGE_CURVE ( 'NONE', #1431, #2439, #1304, .T. ) ;
#596 = ORIENTED_EDGE ( 'NONE', *, *, #2625, .T. ) ;
#597 = FACE_BOUND ( 'NONE', #1019, .T. ) ;
#598 = DIRECTION ( 'NONE',  ( 3.469446951953614583E-15, 1.000000000000000000, 0.000000000000000000 ) ) ;
#599 = VERTEX_POINT ( 'NONE', #2645 ) ;
#600 = ORIENTED_EDGE ( 'NONE', *, *, #1369, .F. ) ;
#601 = CARTESIAN_POINT ( 'NONE',  ( -89.99999999999997158, 9.000000000000000000, -64.99999999999988631 ) ) ;
#602 = ORIENTED_EDGE ( 'NONE', *, *, #2676, .F. ) ;
#603 = EDGE_CURVE ( 'NONE', #333, #2506, #1272, .T. ) ;
#604 = AXIS2_PLACEMENT_3D ( 'NONE', #1974, #1485, #2680 ) ;
#605 = DIRECTION ( 'NONE',  ( -0.000000000000000000, 1.000000000000000000, -0.000000000000000000 ) ) ;
#606 = LINE ( 'NONE', #1025, #1744 ) ;
#607 = CARTESIAN_POINT ( 'NONE',  ( -24.30000000000001847, -1.000000000000000888, 50.00000000000004974 ) ) ;
#608 = AXIS2_PLACEMENT_3D ( 'NONE', #2552, #2078, #902 ) ;
#609 = DIRECTION ( 'NONE',  ( -0.000000000000000000, -0.000000000000000000, -1.000000000000000000 ) ) ;
#610 = ORIENTED_EDGE ( 'NONE', *, *, #268, .T. ) ;
#611 = ORIENTED_EDGE ( 'NONE', *, *, #733, .F. ) ;
#612 = VECTOR ( 'NONE', #736, 1000.000000000000000 ) ;
#613 = EDGE_CURVE ( 'NONE', #254, #2557, #1319, .T. ) ;
#614 = LINE ( 'NONE', #365, #2999 ) ;
#615 = ORIENTED_EDGE ( 'NONE', *, *, #1460, .F. ) ;
#616 = EDGE_LOOP ( 'NONE', ( #1232, #2187, #905, #60 ) ) ;
#617 = LINE ( 'NONE', #2054, #1216 ) ;
#618 = ORIENTED_EDGE ( 'NONE', *, *, #1418, .F. ) ;
#619 = VECTOR ( 'NONE', #1745, 1000.000000000000000 ) ;
#620 = LINE ( 'NONE', #2259, #2785 ) ;
#621 = VECTOR ( 'NONE', #571, 1000.000000000000000 ) ;
#622 = CARTESIAN_POINT ( 'NONE',  ( 33.14999999999999858, 11.00000000000000000, -79.50000000000005684 ) ) ;
#623 = DIRECTION ( 'NONE',  ( -1.000000000000000000, -0.000000000000000000, -0.000000000000000000 ) ) ;
#624 = ORIENTED_EDGE ( 'NONE', *, *, #613, .F. ) ;
#625 = ORIENTED_EDGE ( 'NONE', *, *, #2326, .T. ) ;
#626 = VECTOR ( 'NONE', #650, 1000.000000000000000 ) ;
#627 = CARTESIAN_POINT ( 'NONE',  ( -49.99999999999999289, 0.000000000000000000, 49.99999999999997868 ) ) ;
#628 = SURFACE_SIDE_STYLE ('',( #842 ) ) ;
#629 = EDGE_CURVE ( 'NONE', #3004, #38, #1703, .T. ) ;
#630 = EDGE_LOOP ( 'NONE', ( #2689, #229 ) ) ;
#631 = EDGE_CURVE ( 'NONE', #2539, #1344, #1558, .T. ) ;
#632 = CARTESIAN_POINT ( 'NONE',  ( 60.00000000000000000, 0.000000000000000000, -49.99999999999996447 ) ) ;
#633 = ORIENTED_EDGE ( 'NONE', *, *, #2684, .T. ) ;
#634 = EDGE_CURVE ( 'NONE', #169, #2557, #122, .T. ) ;
#635 = CARTESIAN_POINT ( 'NONE',  ( -24.30000000000001137, 0.000000000000000000, 30.00000000000004974 ) ) ;
#636 = CIRCLE ( 'NONE', #2604, 1.149999999999998135 ) ;
#637 = CYLINDRICAL_SURFACE ( 'NONE', #2460, 1.600000000000004086 ) ;
#638 = VECTOR ( 'NONE', #3043, 1000.000000000000000 ) ;
#639 = EDGE_CURVE ( 'NONE', #2901, #1186, #781, .T. ) ;
#640 = CARTESIAN_POINT ( 'NONE',  ( 38.39999999999999858, 19.99999999999999645, -79.00000000000007105 ) ) ;
#641 = CARTESIAN_POINT ( 'NONE',  ( -24.30000000000001847, 9.000000000000000000, 50.00000000000004974 ) ) ;
#642 = VERTEX_POINT ( 'NONE', #296 ) ;
#643 = ADVANCED_FACE ( 'NONE', ( #1470 ), #582, .F. ) ;
#644 = CARTESIAN_POINT ( 'NONE',  ( 24.50000000000000711, 0.000000000000000000, 70.00000000000004263 ) ) ;
#645 = ORIENTED_EDGE ( 'NONE', *, *, #2850, .F. ) ;
#646 = LINE ( 'NONE', #2033, #1826 ) ;
#647 = VERTEX_POINT ( 'NONE', #2422 ) ;
#648 = CARTESIAN_POINT ( 'NONE',  ( -64.99999999999975842, 9.000000000000000000, -79.99999999999988631 ) ) ;
#649 = ORIENTED_EDGE ( 'NONE', *, *, #819, .T. ) ;
#650 = DIRECTION ( 'NONE',  ( -0.000000000000000000, 1.000000000000000000, -0.000000000000000000 ) ) ;
#651 = FACE_BOUND ( 'NONE', #2083, .T. ) ;
#652 = VECTOR ( 'NONE', #2117, 1000.000000000000000 ) ;
#653 = CARTESIAN_POINT ( 'NONE',  ( 64.99999999999978684, 9.000000000000000000, 80.00000000000002842 ) ) ;
#654 = EDGE_LOOP ( 'NONE', ( #1908, #224, #2582, #429 ) ) ;
#655 = ORIENTED_EDGE ( 'NONE', *, *, #1020, .T. ) ;
#656 = LINE ( 'NONE', #2568, #2319 ) ;
#657 = ORIENTED_EDGE ( 'NONE', *, *, #813, .T. ) ;
#658 = DIRECTION ( 'NONE',  ( 0.000000000000000000, 0.000000000000000000, 1.000000000000000000 ) ) ;
#659 = VERTEX_POINT ( 'NONE', #1241 ) ;
#660 = CARTESIAN_POINT ( 'NONE',  ( 90.00000000000002842, 9.000000000000000000, 65.00000000000002842 ) ) ;
#661 = ORIENTED_EDGE ( 'NONE', *, *, #1176, .F. ) ;
#662 = LINE ( 'NONE', #2738, #626 ) ;
#663 = DIRECTION ( 'NONE',  ( 0.000000000000000000, 0.000000000000000000, 1.000000000000000000 ) ) ;
#664 = ADVANCED_FACE ( 'NONE', ( #1036 ), #1730, .F. ) ;
#665 = EDGE_CURVE ( 'NONE', #2561, #2196, #2892, .T. ) ;
#666 = CARTESIAN_POINT ( 'NONE',  ( 79.99999999999977263, 9.000000000000000000, 65.00000000000002842 ) ) ;
#667 = AXIS2_PLACEMENT_3D ( 'NONE', #2371, #2130, #1440 ) ;
#668 = CARTESIAN_POINT ( 'NONE',  ( -38.39999999999999858, 19.99999999999999645, -16.50000000000005684 ) ) ;
#669 = ORIENTED_EDGE ( 'NONE', *, *, #1048, .F. ) ;
#670 = ADVANCED_FACE ( 'NONE', ( #2876 ), #1533, .F. ) ;
#671 = LINE ( 'NONE', #2032, #2558 ) ;
#672 = ORIENTED_EDGE ( 'NONE', *, *, #2004, .T. ) ;
#673 = DIRECTION ( 'NONE',  ( 0.000000000000000000, 0.000000000000000000, -1.000000000000000000 ) ) ;
#674 = ORIENTED_EDGE ( 'NONE', *, *, #451, .T. ) ;
#675 = ORIENTED_EDGE ( 'NONE', *, *, #130, .T. ) ;
#676 = VECTOR ( 'NONE', #2191, 1000.000000000000000 ) ;
#677 = CIRCLE ( 'NONE', #1375, 1.600000000000004086 ) ;
#678 = EDGE_CURVE ( 'NONE', #2644, #1023, #1893, .T. ) ;
#679 = DIRECTION ( 'NONE',  ( 0.000000000000000000, 1.000000000000000000, 0.000000000000000000 ) ) ;
#680 = ORIENTED_EDGE ( 'NONE', *, *, #2028, .T. ) ;
#681 = CARTESIAN_POINT ( 'NONE',  ( -40.00000000000000000, 9.000000000000000000, 30.00000000000004974 ) ) ;
#682 = FACE_OUTER_BOUND ( 'NONE', #2316, .T. ) ;
#683 = DIRECTION ( 'NONE',  ( -0.000000000000000000, -1.000000000000000000, -0.000000000000000000 ) ) ;
#684 = EDGE_CURVE ( 'NONE', #1951, #1728, #334, .T. ) ;
#685 = DIRECTION ( 'NONE',  ( 1.067522139062651164E-16, -0.000000000000000000, 1.000000000000000000 ) ) ;
#687 = ORIENTED_EDGE ( 'NONE', *, *, #477, .F. ) ;
#686 = AXIS2_PLACEMENT_3D ( 'NONE', #85, #1525, #131 ) ;
#688 = CARTESIAN_POINT ( 'NONE',  ( -42.39999999999999147, 9.000000000000000000, -12.50000000000005862 ) ) ;
#689 = ORIENTED_EDGE ( 'NONE', *, *, #1573, .T. ) ;
#690 = DIRECTION ( 'NONE',  ( 0.000000000000000000, -0.000000000000000000, -1.000000000000000000 ) ) ;
#691 = ORIENTED_EDGE ( 'NONE', *, *, #407, .F. ) ;
#692 = FACE_OUTER_BOUND ( 'NONE', #3028, .T. ) ;
#693 = CARTESIAN_POINT ( 'NONE',  ( 79.99999999999975842, 0.000000000000000000, -63.39999999999988489 ) ) ;
#694 = EDGE_CURVE ( 'NONE', #1535, #564, #796, .T. ) ;
#695 = DIRECTION ( 'NONE',  ( -1.000000000000000000, 0.000000000000000000, -0.000000000000000000 ) ) ;
#696 = DIRECTION ( 'NONE',  ( -1.067522139062651041E-16, 0.000000000000000000, -1.000000000000000000 ) ) ;
#697 = ORIENTED_EDGE ( 'NONE', *, *, #2028, .F. ) ;
#698 = CIRCLE ( 'NONE', #1252, 25.00000000000001421 ) ;
#699 = DIRECTION ( 'NONE',  ( 1.000000000000000000, 0.000000000000000000, 0.000000000000000000 ) ) ;
#700 = VERTEX_POINT ( 'NONE', #2679 ) ;
#701 = ORIENTED_EDGE ( 'NONE', *, *, #1059, .T. ) ;
#702 = AXIS2_PLACEMENT_3D ( 'NONE', #2400, #283, #513 ) ;
#703 = DIRECTION ( 'NONE',  ( -1.067522139062651041E-16, 0.000000000000000000, 1.000000000000000000 ) ) ;
#704 = DIRECTION ( 'NONE',  ( 0.000000000000000000, 0.000000000000000000, 1.000000000000000000 ) ) ;
#705 = EDGE_LOOP ( 'NONE', ( #1316, #2637 ) ) ;
#706 = CIRCLE ( 'NONE', #2920, 1.600000000000004086 ) ;
#707 = CARTESIAN_POINT ( 'NONE',  ( 30.65000000000000213, 11.00000000000000000, -79.00000000000007105 ) ) ;
#708 = DIRECTION ( 'NONE',  ( 0.000000000000000000, 0.000000000000000000, 1.000000000000000000 ) ) ;
#709 = DIRECTION ( 'NONE',  ( 1.000000000000000000, 0.000000000000000000, 0.000000000000000000 ) ) ;
#710 = LINE ( 'NONE', #2820, #213 ) ;
#711 = ORIENTED_EDGE ( 'NONE', *, *, #948, .T. ) ;
#712 = CARTESIAN_POINT ( 'NONE',  ( -64.99999999999972999, 0.000000000000000000, 80.00000000000002842 ) ) ;
#713 = ORIENTED_EDGE ( 'NONE', *, *, #2770, .T. ) ;
#714 = CIRCLE ( 'NONE', #2302, 1.600000000000004086 ) ;
#715 = CIRCLE ( 'NONE', #1657, 1.600000000000004086 ) ;
#716 = CARTESIAN_POINT ( 'NONE',  ( -90.00000000000000000, 0.000000000000000000, 49.99999999999999289 ) ) ;
#717 = EDGE_CURVE ( 'NONE', #1769, #251, #1518, .T. ) ;
#718 = EDGE_CURVE ( 'NONE', #1956, #1664, #2924, .T. ) ;
#719 = CARTESIAN_POINT ( 'NONE',  ( -34.39999999999999858, 16.00000000000000000, -16.50000000000005684 ) ) ;
#720 = EDGE_CURVE ( 'NONE', #1951, #2949, #177, .T. ) ;
#721 = EDGE_CURVE ( 'NONE', #463, #2537, #617, .T. ) ;
#722 = ORIENTED_EDGE ( 'NONE', *, *, #631, .F. ) ;
#723 = PLANE ( 'NONE',  #762 ) ;
#724 = CARTESIAN_POINT ( 'NONE',  ( 64.99999999999975842, 9.000000000000000000, -90.00000000000007105 ) ) ;
#725 = PLANE ( 'NONE',  #128 ) ;
#726 = LINE ( 'NONE', #993, #2180 ) ;
#727 = DIRECTION ( 'NONE',  ( -0.000000000000000000, 1.000000000000000000, -0.000000000000000000 ) ) ;
#728 = ORIENTED_EDGE ( 'NONE', *, *, #1475, .F. ) ;
#729 = DIRECTION ( 'NONE',  ( 0.000000000000000000, 1.000000000000000000, 0.000000000000000000 ) ) ;
#730 = ORIENTED_EDGE ( 'NONE', *, *, #508, .F. ) ;
#731 = AXIS2_PLACEMENT_3D ( 'NONE', #164, #904, #428 ) ;
#732 = ORIENTED_EDGE ( 'NONE', *, *, #1219, .T. ) ;
#733 = EDGE_CURVE ( 'NONE', #2949, #2420, #2304, .T. ) ;
#734 = AXIS2_PLACEMENT_3D ( 'NONE', #748, #2626, #2825 ) ;
#735 = LINE ( 'NONE', #1204, #1778 ) ;
#736 = DIRECTION ( 'NONE',  ( -0.000000000000000000, 1.000000000000000000, -0.000000000000000000 ) ) ;
#737 = ORIENTED_EDGE ( 'NONE', *, *, #162, .T. ) ;
#738 = PLANE ( 'NONE',  #917 ) ;
#739 = VECTOR ( 'NONE', #2050, 1000.000000000000000 ) ;
#740 = CARTESIAN_POINT ( 'NONE',  ( 34.39999999999999858, 11.00000000000000178, -83.00000000000005684 ) ) ;
#741 = DIRECTION ( 'NONE',  ( 0.000000000000000000, 1.000000000000000000, 0.000000000000000000 ) ) ;
#742 = FACE_OUTER_BOUND ( 'NONE', #492, .T. ) ;
#743 = DIRECTION ( 'NONE',  ( 0.000000000000000000, 1.000000000000000000, 0.000000000000000000 ) ) ;
#744 = DIRECTION ( 'NONE',  ( 0.000000000000000000, 0.000000000000000000, -1.000000000000000000 ) ) ;
#745 = ORIENTED_EDGE ( 'NONE', *, *, #1289, .T. ) ;
#746 = EDGE_LOOP ( 'NONE', ( #1609, #2809, #2717, #2763 ) ) ;
#747 = AXIS2_PLACEMENT_3D ( 'NONE', #752, #1243, #930 ) ;
#748 = CARTESIAN_POINT ( 'NONE',  ( 79.99999999999977263, 0.000000000000000000, 65.00000000000002842 ) ) ;
#749 = DIRECTION ( 'NONE',  ( 0.000000000000000000, 0.000000000000000000, 1.000000000000000000 ) ) ;
#750 = ORIENTED_EDGE ( 'NONE', *, *, #152, .F. ) ;
#751 = CARTESIAN_POINT ( 'NONE',  ( 90.00000000000001421, 9.000000000000000000, -64.99999999999988631 ) ) ;
#752 = CARTESIAN_POINT ( 'NONE',  ( 64.99999999999975842, 0.000000000000000000, -79.99999999999988631 ) ) ;
#753 = CIRCLE ( 'NONE', #1600, 1.600000000000002531 ) ;
#754 = CARTESIAN_POINT ( 'NONE',  ( 30.65000000000000213, 9.000000000000000000, -79.00000000000007105 ) ) ;
#755 = CARTESIAN_POINT ( 'NONE',  ( 35.65000000000002700, 20.00000000000002132, -87.00000000000004263 ) ) ;
#756 = EDGE_CURVE ( 'NONE', #896, #843, #28, .T. ) ;
#757 =( NAMED_UNIT ( * ) PLANE_ANGLE_UNIT ( ) SI_UNIT ( $, .RADIAN. ) );
#758 = LINE ( 'NONE', #1169, #934 ) ;
#759 = EDGE_LOOP ( 'NONE', ( #1332, #1328 ) ) ;
#760 = ORIENTED_EDGE ( 'NONE', *, *, #1368, .F. ) ;
#761 = FACE_OUTER_BOUND ( 'NONE', #346, .T. ) ;
#762 = AXIS2_PLACEMENT_3D ( 'NONE', #1639, #1411, #2814 ) ;
#763 = VECTOR ( 'NONE', #866, 1000.000000000000000 ) ;
#764 = DIRECTION ( 'NONE',  ( -0.000000000000000000, 1.000000000000000000, -0.000000000000000000 ) ) ;
#765 = ORIENTED_EDGE ( 'NONE', *, *, #1053, .T. ) ;
#766 = EDGE_LOOP ( 'NONE', ( #535, #2779, #203, #1215 ) ) ;
#767 = DIRECTION ( 'NONE',  ( -3.469446951953621584E-16, 1.000000000000000000, -0.000000000000000000 ) ) ;
#768 = DIRECTION ( 'NONE',  ( 0.000000000000000000, 0.000000000000000000, -1.000000000000000000 ) ) ;
#769 = AXIS2_PLACEMENT_3D ( 'NONE', #2385, #466, #3034 ) ;
#770 = LINE ( 'NONE', #1976, #818 ) ;
#771 = CARTESIAN_POINT ( 'NONE',  ( -38.39999999999999858, 19.99999999999999645, -79.00000000000007105 ) ) ;
#772 = CARTESIAN_POINT ( 'NONE',  ( 90.00000000000000000, 0.000000000000000000, 65.00000000000002842 ) ) ;
#773 = CARTESIAN_POINT ( 'NONE',  ( -38.39999999999999858, 19.99999999999999645, -83.00000000000005684 ) ) ;
#774 = VERTEX_POINT ( 'NONE', #1380 ) ;
#775 = DIRECTION ( 'NONE',  ( 3.469446951953614189E-16, 0.000000000000000000, -1.000000000000000000 ) ) ;
#776 = VECTOR ( 'NONE', #727, 1000.000000000000000 ) ;
#777 = CYLINDRICAL_SURFACE ( 'NONE', #464, 1.600000000000002531 ) ;
#778 = ORIENTED_EDGE ( 'NONE', *, *, #913, .T. ) ;
#779 = VECTOR ( 'NONE', #1813, 1000.000000000000000 ) ;
#780 = UNCERTAINTY_MEASURE_WITH_UNIT (LENGTH_MEASURE( 1.000000000000000082E-05 ), #2282, 'distance_accuracy_value', 'NONE');
#781 = LINE ( 'NONE', #2940, #1016 ) ;
#782 = DIRECTION ( 'NONE',  ( -1.000000000000000000, 0.000000000000000000, 0.000000000000000000 ) ) ;
#783 = EDGE_LOOP ( 'NONE', ( #270, #2958, #1234, #2784 ) ) ;
#784 = DIRECTION ( 'NONE',  ( 0.000000000000000000, 0.000000000000000000, -1.000000000000000000 ) ) ;
#785 = FACE_OUTER_BOUND ( 'NONE', #1874, .T. ) ;
#786 = CARTESIAN_POINT ( 'NONE',  ( -34.40000000000000568, 19.99999999999999645, -12.50000000000006040 ) ) ;
#787 = DIRECTION ( 'NONE',  ( -0.000000000000000000, -0.000000000000000000, 1.000000000000000000 ) ) ;
#788 = ORIENTED_EDGE ( 'NONE', *, *, #138, .F. ) ;
#789 = ORIENTED_EDGE ( 'NONE', *, *, #2678, .F. ) ;
#790 = CARTESIAN_POINT ( 'NONE',  ( -90.00000000000001421, 9.000000000000000000, -49.99999999999999289 ) ) ;
#791 = CARTESIAN_POINT ( 'NONE',  ( -19.25000000000000000, 0.000000000000000000, 8.000000000000062172 ) ) ;
#792 = EDGE_CURVE ( 'NONE', #560, #1265, #877, .T. ) ;
#793 = ORIENTED_EDGE ( 'NONE', *, *, #162, .F. ) ;
#794 = CIRCLE ( 'NONE', #62, 1.600000000000004086 ) ;
#795 = ADVANCED_FACE ( 'NONE', ( #2765 ), #1608, .T. ) ;
#796 = LINE ( 'NONE', #1054, #619 ) ;
#797 = CARTESIAN_POINT ( 'NONE',  ( -34.39999999999999858, 19.99999999999999645, -87.00000000000004263 ) ) ;
#798 = ORIENTED_EDGE ( 'NONE', *, *, #1086, .F. ) ;
#799 = AXIS2_PLACEMENT_3D ( 'NONE', #174, #2061, #886 ) ;
#800 = DIRECTION ( 'NONE',  ( 0.000000000000000000, 0.000000000000000000, 1.000000000000000000 ) ) ;
#801 = FACE_OUTER_BOUND ( 'NONE', #2015, .T. ) ;
#802 = DIRECTION ( 'NONE',  ( 3.469446951953614189E-16, 0.000000000000000000, -1.000000000000000000 ) ) ;
#803 = AXIS2_PLACEMENT_3D ( 'NONE', #1742, #519, #2185 ) ;
#804 = CARTESIAN_POINT ( 'NONE',  ( 38.39999999999999858, 16.00000000000000000, -16.50000000000005684 ) ) ;
#805 = ORIENTED_EDGE ( 'NONE', *, *, #2010, .F. ) ;
#806 = ORIENTED_EDGE ( 'NONE', *, *, #2946, .F. ) ;
#807 = FACE_BOUND ( 'NONE', #2245, .T. ) ;
#808 = EDGE_CURVE ( 'NONE', #2719, #1872, #186, .T. ) ;
#809 = CARTESIAN_POINT ( 'NONE',  ( 29.39999999999999503, 16.00000000000000000, -79.00000000000005684 ) ) ;
#810 = ORIENTED_EDGE ( 'NONE', *, *, #1927, .T. ) ;
#811 = ORIENTED_EDGE ( 'NONE', *, *, #2112, .T. ) ;
#812 = EDGE_CURVE ( 'NONE', #2557, #254, #714, .T. ) ;
#813 = EDGE_CURVE ( 'NONE', #2055, #1361, #1148, .T. ) ;
#814 = DIRECTION ( 'NONE',  ( -1.000000000000000000, 0.000000000000000000, -0.000000000000000000 ) ) ;
#815 = DIRECTION ( 'NONE',  ( -0.000000000000000000, 1.000000000000000000, -0.000000000000000000 ) ) ;
#816 = VECTOR ( 'NONE', #433, 1000.000000000000000 ) ;
#817 = EDGE_LOOP ( 'NONE', ( #872, #1013, #487, #1617, #2674, #2853 ) ) ;
#818 = VECTOR ( 'NONE', #2205, 1000.000000000000000 ) ;
#819 = EDGE_CURVE ( 'NONE', #559, #1374, #2736, .T. ) ;
#820 = DIRECTION ( 'NONE',  ( 0.000000000000000000, 1.000000000000000000, -0.000000000000000000 ) ) ;
#821 = DIRECTION ( 'NONE',  ( -0.000000000000000000, 1.000000000000000000, -0.000000000000000000 ) ) ;
#822 = LINE ( 'NONE', #83, #1965 ) ;
#823 = VECTOR ( 'NONE', #2960, 1000.000000000000000 ) ;
#824 = CARTESIAN_POINT ( 'NONE',  ( -24.49999999999999289, 9.000000000000000000, 68.40000000000006253 ) ) ;
#825 = VERTEX_POINT ( 'NONE', #632 ) ;
#826 = ORIENTED_EDGE ( 'NONE', *, *, #1516, .T. ) ;
#827 = EDGE_CURVE ( 'NONE', #564, #1482, #2485, .T. ) ;
#828 = CARTESIAN_POINT ( 'NONE',  ( 38.39999999999999858, 19.99999999999999645, -20.50000000000005329 ) ) ;
#829 = FACE_OUTER_BOUND ( 'NONE', #1391, .T. ) ;
#830 = EDGE_CURVE ( 'NONE', #2212, #13, #139, .T. ) ;
#831 = ORIENTED_EDGE ( 'NONE', *, *, #1176, .T. ) ;
#832 = CARTESIAN_POINT ( 'NONE',  ( 29.39999999999999503, 16.00000000000000000, -83.00000000000005684 ) ) ;
#833 = VECTOR ( 'NONE', #2510, 1000.000000000000000 ) ;
#834 = ORIENTED_EDGE ( 'NONE', *, *, #1105, .T. ) ;
#835 = DIRECTION ( 'NONE',  ( -0.000000000000000000, 1.000000000000000000, -0.000000000000000000 ) ) ;
#836 = CARTESIAN_POINT ( 'NONE',  ( -34.39999999999999858, 16.00000000000000000, -16.50000000000005684 ) ) ;
#837 = ADVANCED_FACE ( 'NONE', ( #2070 ), #3006, .F. ) ;
#838 = DIRECTION ( 'NONE',  ( 0.000000000000000000, 1.000000000000000000, -0.000000000000000000 ) ) ;
#839 = EDGE_LOOP ( 'NONE', ( #1301, #2114, #1830, #949 ) ) ;
#840 = ORIENTED_EDGE ( 'NONE', *, *, #2271, .T. ) ;
#841 = PLANE ( 'NONE',  #2164 ) ;
#842 = SURFACE_STYLE_FILL_AREA ( #2954 ) ;
#843 = VERTEX_POINT ( 'NONE', #846 ) ;
#844 = VERTEX_POINT ( 'NONE', #832 ) ;
#845 = CIRCLE ( 'NONE', #1638, 1.600000000000002531 ) ;
#846 = CARTESIAN_POINT ( 'NONE',  ( -19.25000000000000000, 0.000000000000000000, 6.400000000000059863 ) ) ;
#847 = ORIENTED_EDGE ( 'NONE', *, *, #306, .T. ) ;
#848 = VECTOR ( 'NONE', #123, 1000.000000000000000 ) ;
#849 = CARTESIAN_POINT ( 'NONE',  ( -34.39999999999999858, 19.99999999999999645, -83.00000000000005684 ) ) ;
#850 = CARTESIAN_POINT ( 'NONE',  ( -64.99999999999975842, 9.000000000000000000, -64.99999999999988631 ) ) ;
#851 = DIRECTION ( 'NONE',  ( 0.000000000000000000, -0.000000000000000000, -1.000000000000000000 ) ) ;
#852 = FACE_OUTER_BOUND ( 'NONE', #2890, .T. ) ;
#853 = VERTEX_POINT ( 'NONE', #2269 ) ;
#854 = EDGE_CURVE ( 'NONE', #176, #1250, #895, .T. ) ;
#855 = VERTEX_POINT ( 'NONE', #420 ) ;
#856 = CIRCLE ( 'NONE', #2578, 1.600000000000004086 ) ;
#857 = DIRECTION ( 'NONE',  ( 1.000000000000000000, 0.000000000000000000, 0.000000000000000000 ) ) ;
#858 = EDGE_CURVE ( 'NONE', #208, #2987, #2023, .T. ) ;
#859 = DIRECTION ( 'NONE',  ( 0.000000000000000000, 1.000000000000000000, 0.000000000000000000 ) ) ;
#860 = EDGE_LOOP ( 'NONE', ( #319, #55, #2123, #675 ) ) ;
#861 = EDGE_LOOP ( 'NONE', ( #1568, #1147 ) ) ;
#862 = EDGE_CURVE ( 'NONE', #1615, #2987, #2724, .T. ) ;
#863 = DIRECTION ( 'NONE',  ( 0.000000000000000000, 0.000000000000000000, 1.000000000000000000 ) ) ;
#864 = EDGE_LOOP ( 'NONE', ( #1047, #448, #2389, #1359, #1719, #530, #2133, #1071, #2955, #1812, #585, #697, #2089, #292, #2395, #2513, #1631, #2894, #1692, #259, #2758, #2436, #811, #2339 ) ) ;
#865 = EDGE_CURVE ( 'NONE', #1859, #315, #1779, .T. ) ;
#866 = DIRECTION ( 'NONE',  ( 0.000000000000000000, 0.000000000000000000, -1.000000000000000000 ) ) ;
#867 = CARTESIAN_POINT ( 'NONE',  ( 34.40000000000000568, 19.99999999999999645, -16.50000000000005684 ) ) ;
#868 = VECTOR ( 'NONE', #2357, 1000.000000000000000 ) ;
#869 = CYLINDRICAL_SURFACE ( 'NONE', #1224, 1.600000000000004086 ) ;
#870 = CARTESIAN_POINT ( 'NONE',  ( 38.39999999999999858, 19.99999999999999645, -20.50000000000005329 ) ) ;
#871 = VERTEX_POINT ( 'NONE', #2497 ) ;
#872 = ORIENTED_EDGE ( 'NONE', *, *, #2283, .T. ) ;
#873 = DIRECTION ( 'NONE',  ( 0.000000000000000000, 0.000000000000000000, -1.000000000000000000 ) ) ;
#874 = EDGE_LOOP ( 'NONE', ( #2362, #2748, #1622, #1584 ) ) ;
#875 = DIRECTION ( 'NONE',  ( -0.000000000000000000, 1.000000000000000000, -0.000000000000000000 ) ) ;
#876 = ORIENTED_EDGE ( 'NONE', *, *, #2048, .T. ) ;
#877 = LINE ( 'NONE', #2320, #2981 ) ;
#878 = ORIENTED_EDGE ( 'NONE', *, *, #893, .F. ) ;
#879 = VECTOR ( 'NONE', #2793, 1000.000000000000000 ) ;
#880 = CARTESIAN_POINT ( 'NONE',  ( -19.25000000000000000, 0.000000000000000000, 6.400000000000060751 ) ) ;
#881 = DIRECTION ( 'NONE',  ( 0.000000000000000000, 0.000000000000000000, -1.000000000000000000 ) ) ;
#882 = AXIS2_PLACEMENT_3D ( 'NONE', #1896, #2163, #2413 ) ;
#883 = LINE ( 'NONE', #2992, #2787 ) ;
#884 = CIRCLE ( 'NONE', #1628, 1.149999999999998135 ) ;
#885 = CARTESIAN_POINT ( 'NONE',  ( -42.39999999999999147, 19.99999999999999645, -87.00000000000004263 ) ) ;
#886 = DIRECTION ( 'NONE',  ( 1.000000000000000000, 0.000000000000000000, -0.000000000000000000 ) ) ;
#887 = ORIENTED_EDGE ( 'NONE', *, *, #1902, .T. ) ;
#888 = CARTESIAN_POINT ( 'NONE',  ( 38.39999999999999858, 16.00000000000000000, -16.50000000000005684 ) ) ;
#889 = ORIENTED_EDGE ( 'NONE', *, *, #1475, .T. ) ;
#890 = MECHANICAL_DESIGN_GEOMETRIC_PRESENTATION_REPRESENTATION (  '', ( #103 ), #1678 ) ;
#891 = FACE_OUTER_BOUND ( 'NONE', #1876, .T. ) ;
#892 = ORIENTED_EDGE ( 'NONE', *, *, #3005, .F. ) ;
#893 = EDGE_CURVE ( 'NONE', #2537, #1357, #2433, .T. ) ;
#894 = EDGE_CURVE ( 'NONE', #1482, #1777, #1348, .T. ) ;
#895 = LINE ( 'NONE', #2750, #968 ) ;
#896 = VERTEX_POINT ( 'NONE', #939 ) ;
#897 = CARTESIAN_POINT ( 'NONE',  ( -42.39999999999999147, 9.000000000000000000, -79.00000000000007105 ) ) ;
#898 = FACE_BOUND ( 'NONE', #1696, .T. ) ;
#899 = CIRCLE ( 'NONE', #2338, 1.600000000000004086 ) ;
#900 = EDGE_CURVE ( 'NONE', #2137, #2988, #1451, .T. ) ;
#901 = DIRECTION ( 'NONE',  ( 0.000000000000000000, 0.000000000000000000, 1.000000000000000000 ) ) ;
#902 = DIRECTION ( 'NONE',  ( 1.000000000000000000, 0.000000000000000000, -0.000000000000000000 ) ) ;
#903 = EDGE_LOOP ( 'NONE', ( #722, #3018, #2451, #1400 ) ) ;
#904 = DIRECTION ( 'NONE',  ( 1.000000000000000000, 0.000000000000000000, 0.000000000000000000 ) ) ;
#905 = ORIENTED_EDGE ( 'NONE', *, *, #926, .T. ) ;
#906 =( NAMED_UNIT ( * ) SI_UNIT ( $, .STERADIAN. ) SOLID_ANGLE_UNIT ( ) );
#907 = ORIENTED_EDGE ( 'NONE', *, *, #1775, .F. ) ;
#908 = ADVANCED_FACE ( 'NONE', ( #1636 ), #1190, .F. ) ;
#909 = DIRECTION ( 'NONE',  ( 1.000000000000000000, 0.000000000000000000, -3.469446951953614189E-16 ) ) ;
#910 = ORIENTED_EDGE ( 'NONE', *, *, #2782, .T. ) ;
#911 = EDGE_CURVE ( 'NONE', #417, #456, #1651, .T. ) ;
#912 = EDGE_CURVE ( 'NONE', #1154, #2439, #12, .T. ) ;
#913 = EDGE_CURVE ( 'NONE', #1996, #1206, #475, .T. ) ;
#914 = CARTESIAN_POINT ( 'NONE',  ( -90.00000000000000000, 0.000000000000000000, 49.99999999999999289 ) ) ;
#915 = CARTESIAN_POINT ( 'NONE',  ( 38.39999999999999858, 16.00000000000000000, -79.00000000000007105 ) ) ;
#916 = EDGE_CURVE ( 'NONE', #27, #238, #1694, .T. ) ;
#917 = AXIS2_PLACEMENT_3D ( 'NONE', #2396, #1867, #2562 ) ;
#918 = CARTESIAN_POINT ( 'NONE',  ( 64.99999999999975842, 9.000000000000000000, 90.00000000000007105 ) ) ;
#919 = AXIS2_PLACEMENT_3D ( 'NONE', #666, #2490, #2773 ) ;
#920 = CARTESIAN_POINT ( 'NONE',  ( -34.39999999999999858, 9.000000000000000000, -83.00000000000005684 ) ) ;
#921 = ORIENTED_EDGE ( 'NONE', *, *, #830, .T. ) ;
#922 = PLANE ( 'NONE',  #1386 ) ;
#923 = EDGE_LOOP ( 'NONE', ( #1747, #2858, #1056, #1187 ) ) ;
#924 = AXIS2_PLACEMENT_3D ( 'NONE', #1666, #277, #232 ) ;
#925 = AXIS2_PLACEMENT_3D ( 'NONE', #2714, #1524, #851 ) ;
#926 = EDGE_CURVE ( 'NONE', #1447, #254, #955, .T. ) ;
#927 = DIRECTION ( 'NONE',  ( 0.000000000000000000, 0.000000000000000000, -1.000000000000000000 ) ) ;
#928 = ORIENTED_EDGE ( 'NONE', *, *, #1177, .T. ) ;
#929 = CARTESIAN_POINT ( 'NONE',  ( 29.39999999999999503, 9.000000000000000000, -83.00000000000005684 ) ) ;
#930 = DIRECTION ( 'NONE',  ( 0.000000000000000000, 0.000000000000000000, 1.000000000000000000 ) ) ;
#931 = FACE_OUTER_BOUND ( 'NONE', #153, .T. ) ;
#932 = ADVANCED_FACE ( 'NONE', ( #2586 ), #1888, .F. ) ;
#933 = CARTESIAN_POINT ( 'NONE',  ( 42.39999999999999147, 19.99999999999999645, -12.50000000000005862 ) ) ;
#935 = ORIENTED_EDGE ( 'NONE', *, *, #2495, .T. ) ;
#934 = VECTOR ( 'NONE', #9, 1000.000000000000000 ) ;
#936 = CYLINDRICAL_SURFACE ( 'NONE', #486, 1.600000000000004086 ) ;
#937 = ORIENTED_EDGE ( 'NONE', *, *, #2171, .T. ) ;
#938 = ORIENTED_EDGE ( 'NONE', *, *, #1130, .F. ) ;
#939 = CARTESIAN_POINT ( 'NONE',  ( -19.25000000000000000, 0.000000000000000000, 9.600000000000065370 ) ) ;
#940 = ORIENTED_EDGE ( 'NONE', *, *, #2974, .T. ) ;
#941 = CARTESIAN_POINT ( 'NONE',  ( 30.65000000000000213, 11.00000000000000000, -83.00000000000005684 ) ) ;
#942 = CARTESIAN_POINT ( 'NONE',  ( 38.39999999999999858, 19.99999999999999645, -16.50000000000005684 ) ) ;
#943 = DIRECTION ( 'NONE',  ( 0.000000000000000000, 0.000000000000000000, -1.000000000000000000 ) ) ;
#944 = DIRECTION ( 'NONE',  ( 0.000000000000000000, 0.000000000000000000, 1.000000000000000000 ) ) ;
#945 = ORIENTED_EDGE ( 'NONE', *, *, #2850, .T. ) ;
#946 = EDGE_CURVE ( 'NONE', #38, #3004, #363, .T. ) ;
#947 = CARTESIAN_POINT ( 'NONE',  ( 19.25000000000000000, 9.000000000000000000, 9.600000000000065370 ) ) ;
#948 = EDGE_CURVE ( 'NONE', #1919, #39, #275, .T. ) ;
#949 = ORIENTED_EDGE ( 'NONE', *, *, #1904, .T. ) ;
#950 = ORIENTED_EDGE ( 'NONE', *, *, #2629, .T. ) ;
#951 = ADVANCED_FACE ( 'NONE', ( #1408 ), #2826, .F. ) ;
#952 = VECTOR ( 'NONE', #1630, 1000.000000000000000 ) ;
#953 = DIRECTION ( 'NONE',  ( 1.000000000000000000, 0.000000000000000000, 0.000000000000000000 ) ) ;
#954 = EDGE_CURVE ( 'NONE', #2420, #1728, #753, .T. ) ;
#955 = LINE ( 'NONE', #3019, #2971 ) ;
#956 = ADVANCED_FACE ( 'NONE', ( #2571, #258 ), #2601, .F. ) ;
#957 = ORIENTED_EDGE ( 'NONE', *, *, #812, .F. ) ;
#958 = VECTOR ( 'NONE', #1923, 1000.000000000000000 ) ;
#959 = FACE_OUTER_BOUND ( 'NONE', #1990, .T. ) ;
#960 = DIRECTION ( 'NONE',  ( 0.000000000000000000, 0.000000000000000000, 1.000000000000000000 ) ) ;
#961 = EDGE_CURVE ( 'NONE', #2528, #421, #26, .T. ) ;
#962 = CARTESIAN_POINT ( 'NONE',  ( 49.99999999999997158, 0.000000000000000000, -39.99999999999995737 ) ) ;
#963 = LINE ( 'NONE', #755, #261 ) ;
#964 = CARTESIAN_POINT ( 'NONE',  ( -24.49999999999999289, 0.000000000000000000, 71.60000000000006537 ) ) ;
#965 = ORIENTED_EDGE ( 'NONE', *, *, #858, .F. ) ;
#966 = CARTESIAN_POINT ( 'NONE',  ( 89.99999999999998579, 0.000000000000000000, -49.99999999999990763 ) ) ;
#967 = ORIENTED_EDGE ( 'NONE', *, *, #678, .T. ) ;
#968 = VECTOR ( 'NONE', #1574, 1000.000000000000000 ) ;
#969 = AXIS2_PLACEMENT_3D ( 'NONE', #2802, #498, #455 ) ;
#970 = DIRECTION ( 'NONE',  ( -1.000000000000000000, 0.000000000000000000, -1.067522139062651041E-16 ) ) ;
#971 = CARTESIAN_POINT ( 'NONE',  ( -64.99999999999975842, 9.000000000000000000, 90.00000000000005684 ) ) ;
#972 = ORIENTED_EDGE ( 'NONE', *, *, #2867, .T. ) ;
#973 = AXIS2_PLACEMENT_3D ( 'NONE', #2928, #555, #1505 ) ;
#974 = PLANE ( 'NONE',  #2498 ) ;
#975 = LINE ( 'NONE', #1910, #458 ) ;
#976 = CARTESIAN_POINT ( 'NONE',  ( 64.99999999999975842, 0.000000000000000000, 30.00000000000005329 ) ) ;
#977 = DIRECTION ( 'NONE',  ( -0.000000000000000000, 1.000000000000000000, -0.000000000000000000 ) ) ;
#978 = CARTESIAN_POINT ( 'NONE',  ( -60.00000000000002132, 9.000000000000000000, -50.00000000000001421 ) ) ;
#979 = CARTESIAN_POINT ( 'NONE',  ( 65.00000000000000000, 9.000000000000000000, 65.00000000000002842 ) ) ;
#980 = ORIENTED_EDGE ( 'NONE', *, *, #173, .F. ) ;
#981 = AXIS2_PLACEMENT_3D ( 'NONE', #1601, #873, #1095 ) ;
#982 = ORIENTED_EDGE ( 'NONE', *, *, #1952, .T. ) ;
#983 = CIRCLE ( 'NONE', #339, 1.149999999999998135 ) ;
#984 = DIRECTION ( 'NONE',  ( 0.000000000000000000, 0.000000000000000000, -1.000000000000000000 ) ) ;
#985 = CARTESIAN_POINT ( 'NONE',  ( -38.39999999999999858, 19.99999999999999645, -83.00000000000005684 ) ) ;
#986 = ORIENTED_EDGE ( 'NONE', *, *, #792, .F. ) ;
#987 = EDGE_CURVE ( 'NONE', #8, #208, #1884, .T. ) ;
#988 = ADVANCED_FACE ( 'NONE', ( #1849 ), #215, .F. ) ;
#989 = CARTESIAN_POINT ( 'NONE',  ( -34.40000000000000568, 19.99999999999999645, -12.50000000000006040 ) ) ;
#990 = CARTESIAN_POINT ( 'NONE',  ( 65.00000000000000000, 0.000000000000000000, 65.00000000000002842 ) ) ;
#991 = EDGE_CURVE ( 'NONE', #871, #825, #1172, .T. ) ;
#992 = CYLINDRICAL_SURFACE ( 'NONE', #1947, 25.00000000000021672 ) ;
#993 = CARTESIAN_POINT ( 'NONE',  ( -19.25000000000000000, 0.000000000000000000, 9.600000000000065370 ) ) ;
#994 = DIRECTION ( 'NONE',  ( -1.000000000000000000, 0.000000000000000000, 0.000000000000000000 ) ) ;
#995 = EDGE_CURVE ( 'NONE', #1098, #2681, #1695, .T. ) ;
#996 = DIRECTION ( 'NONE',  ( 0.000000000000000000, 1.000000000000000000, -0.000000000000000000 ) ) ;
#997 = EDGE_LOOP ( 'NONE', ( #624, #957 ) ) ;
#998 = ORIENTED_EDGE ( 'NONE', *, *, #402, .T. ) ;
#999 = ADVANCED_FACE ( 'NONE', ( #2199 ), #1467, .F. ) ;
#1000 = VECTOR ( 'NONE', #2203, 1000.000000000000000 ) ;
#1001 = LINE ( 'NONE', #1693, #1792 ) ;
#1002 = DIRECTION ( 'NONE',  ( 0.000000000000000000, 1.000000000000000000, 0.000000000000000000 ) ) ;
#1003 = ORIENTED_EDGE ( 'NONE', *, *, #2817, .T. ) ;
#1004 = VECTOR ( 'NONE', #2757, 1000.000000000000000 ) ;
#1005 = CARTESIAN_POINT ( 'NONE',  ( 79.99999999999975842, 0.000000000000000000, -64.99999999999988631 ) ) ;
#1006 = LINE ( 'NONE', #2423, #2912 ) ;
#1007 = VECTOR ( 'NONE', #927, 1000.000000000000000 ) ;
#1008 = EDGE_CURVE ( 'NONE', #2464, #2901, #2656, .T. ) ;
#1009 = DIRECTION ( 'NONE',  ( -0.000000000000000000, -1.000000000000000000, -0.000000000000000000 ) ) ;
#1010 = CARTESIAN_POINT ( 'NONE',  ( 24.50000000000000711, 9.000000000000000000, 71.60000000000005116 ) ) ;
#1011 = LINE ( 'NONE', #772, #1670 ) ;
#1012 = CARTESIAN_POINT ( 'NONE',  ( -19.25000000000000000, 0.000000000000000000, 8.000000000000062172 ) ) ;
#1013 = ORIENTED_EDGE ( 'NONE', *, *, #1904, .F. ) ;
#1014 = EDGE_LOOP ( 'NONE', ( #552, #788, #805, #1935 ) ) ;
#1015 = DIRECTION ( 'NONE',  ( -0.000000000000000000, 1.000000000000000000, -0.000000000000000000 ) ) ;
#1016 = VECTOR ( 'NONE', #2437, 1000.000000000000000 ) ;
#1017 = CARTESIAN_POINT ( 'NONE',  ( -64.99999999999972999, 0.000000000000000000, 81.60000000000003695 ) ) ;
#1018 = VERTEX_POINT ( 'NONE', #88 ) ;
#1019 = EDGE_LOOP ( 'NONE', ( #1286, #577 ) ) ;
#1020 = EDGE_CURVE ( 'NONE', #2598, #1635, #2450, .T. ) ;
#1021 = CARTESIAN_POINT ( 'NONE',  ( -64.99999999999975842, 9.000000000000000000, -79.99999999999988631 ) ) ;
#1022 = CARTESIAN_POINT ( 'NONE',  ( 38.39999999999999858, 19.99999999999999645, -16.50000000000005684 ) ) ;
#1023 = VERTEX_POINT ( 'NONE', #1017 ) ;
#1024 = CARTESIAN_POINT ( 'NONE',  ( -40.00000000000000000, -1.000000000000000888, 30.00000000000004974 ) ) ;
#1025 = CARTESIAN_POINT ( 'NONE',  ( 64.99999999999975842, 0.000000000000000000, -81.59999999999989484 ) ) ;
#1026 = CYLINDRICAL_SURFACE ( 'NONE', #281, 1.600000000000004086 ) ;
#1027 = EDGE_CURVE ( 'NONE', #853, #1186, #2673, .T. ) ;
#1028 = DIRECTION ( 'NONE',  ( 0.000000000000000000, 1.000000000000000000, 0.000000000000000000 ) ) ;
#1029 = ORIENTED_EDGE ( 'NONE', *, *, #2875, .F. ) ;
#1030 = DIRECTION ( 'NONE',  ( 0.000000000000000000, -0.000000000000000000, -1.000000000000000000 ) ) ;
#1031 = VECTOR ( 'NONE', #53, 1000.000000000000000 ) ;
#1032 = DIRECTION ( 'NONE',  ( -1.000000000000000000, 0.000000000000000000, 1.734723475976808475E-15 ) ) ;
#1033 = VERTEX_POINT ( 'NONE', #2642 ) ;
#1034 = ORIENTED_EDGE ( 'NONE', *, *, #2314, .T. ) ;
#1035 = VECTOR ( 'NONE', #412, 1000.000000000000000 ) ;
#1036 = FACE_OUTER_BOUND ( 'NONE', #2730, .T. ) ;
#1037 = DIRECTION ( 'NONE',  ( 0.000000000000000000, 0.000000000000000000, 1.000000000000000000 ) ) ;
#1038 = ORIENTED_EDGE ( 'NONE', *, *, #1911, .F. ) ;
#1039 = CARTESIAN_POINT ( 'NONE',  ( 35.64999999999999858, 11.00000000000000178, -79.00000000000007105 ) ) ;
#1040 = AXIS2_PLACEMENT_3D ( 'NONE', #1603, #2709, #598 ) ;
#1041 = DIRECTION ( 'NONE',  ( 0.000000000000000000, 0.000000000000000000, 1.000000000000000000 ) ) ;
#1042 = FACE_OUTER_BOUND ( 'NONE', #1785, .T. ) ;
#1043 = ADVANCED_FACE ( 'NONE', ( #1269 ), #777, .F. ) ;
#1044 = LINE ( 'NONE', #804, #2411 ) ;
#1045 = ORIENTED_EDGE ( 'NONE', *, *, #386, .F. ) ;
#1046 = ADVANCED_FACE ( 'NONE', ( #2627 ), #72, .F. ) ;
#1047 = ORIENTED_EDGE ( 'NONE', *, *, #2621, .T. ) ;
#1048 = EDGE_CURVE ( 'NONE', #70, #330, #1983, .T. ) ;
#1049 = FACE_BOUND ( 'NONE', #1526, .T. ) ;
#1050 = DIRECTION ( 'NONE',  ( 0.000000000000000000, 0.000000000000000000, 1.000000000000000000 ) ) ;
#1051 = ORIENTED_EDGE ( 'NONE', *, *, #249, .T. ) ;
#1052 = AXIS2_PLACEMENT_3D ( 'NONE', #1878, #1439, #708 ) ;
#1053 = EDGE_CURVE ( 'NONE', #21, #176, #856, .T. ) ;
#1054 = CARTESIAN_POINT ( 'NONE',  ( -34.40000000000000568, 19.99999999999999645, -16.50000000000005684 ) ) ;
#1055 = CARTESIAN_POINT ( 'NONE',  ( -42.39999999999999147, 19.99999999999999645, -12.50000000000005862 ) ) ;
#1056 = ORIENTED_EDGE ( 'NONE', *, *, #2235, .T. ) ;
#1057 = DIRECTION ( 'NONE',  ( -0.000000000000000000, -1.000000000000000000, -0.000000000000000000 ) ) ;
#1058 = DIRECTION ( 'NONE',  ( -1.387778780781445676E-16, -0.000000000000000000, 1.000000000000000000 ) ) ;
#1059 = EDGE_CURVE ( 'NONE', #545, #700, #579, .T. ) ;
#1060 = DIRECTION ( 'NONE',  ( 0.000000000000000000, 0.000000000000000000, -1.000000000000000000 ) ) ;
#1061 = DIRECTION ( 'NONE',  ( 1.000000000000000000, 0.000000000000000000, 0.000000000000000000 ) ) ;
#1062 = ADVANCED_FACE ( 'NONE', ( #105 ), #1530, .F. ) ;
#1063 = ORIENTED_EDGE ( 'NONE', *, *, #1911, .T. ) ;
#1064 = ORIENTED_EDGE ( 'NONE', *, *, #808, .F. ) ;
#1065 = CARTESIAN_POINT ( 'NONE',  ( -64.99999999999972999, 9.000000000000000000, 80.00000000000002842 ) ) ;
#1066 = CARTESIAN_POINT ( 'NONE',  ( 29.39999999999999503, 16.00000000000000000, -83.00000000000005684 ) ) ;
#1067 = EDGE_LOOP ( 'NONE', ( #2141, #2745 ) ) ;
#1068 = VECTOR ( 'NONE', #2800, 1000.000000000000000 ) ;
#1069 = VECTOR ( 'NONE', #2832, 1000.000000000000000 ) ;
#1070 = DIRECTION ( 'NONE',  ( -0.000000000000000000, 1.000000000000000000, -0.000000000000000000 ) ) ;
#1071 = ORIENTED_EDGE ( 'NONE', *, *, #2629, .F. ) ;
#1072 = LINE ( 'NONE', #1522, #2445 ) ;
#1073 = DIRECTION ( 'NONE',  ( 0.000000000000000000, 0.000000000000000000, -1.000000000000000000 ) ) ;
#1074 = CARTESIAN_POINT ( 'NONE',  ( 24.29999999999999005, 9.000000000000000000, 30.00000000000004974 ) ) ;
#1075 = AXIS2_PLACEMENT_3D ( 'NONE', #2442, #2206, #2944 ) ;
#1076 = AXIS2_PLACEMENT_3D ( 'NONE', #2727, #1351, #1121 ) ;
#1077 = CARTESIAN_POINT ( 'NONE',  ( -64.99999999999975842, 9.000000000000000000, -64.99999999999988631 ) ) ;
#1078 = ORIENTED_EDGE ( 'NONE', *, *, #1418, .T. ) ;
#1079 = EDGE_LOOP ( 'NONE', ( #2351, #1078, #485, #2403, #1721, #216 ) ) ;
#1080 = FACE_BOUND ( 'NONE', #367, .T. ) ;
#1081 = CARTESIAN_POINT ( 'NONE',  ( 64.99999999999978684, 9.000000000000000000, 81.60000000000003695 ) ) ;
#1082 = ORIENTED_EDGE ( 'NONE', *, *, #1442, .T. ) ;
#1083 = DIRECTION ( 'NONE',  ( -0.000000000000000000, 1.000000000000000000, -0.000000000000000000 ) ) ;
#1084 = VECTOR ( 'NONE', #237, 1000.000000000000000 ) ;
#1085 = EDGE_LOOP ( 'NONE', ( #425, #2885 ) ) ;
#1086 = EDGE_CURVE ( 'NONE', #1191, #700, #2921, .T. ) ;
#1087 = EDGE_CURVE ( 'NONE', #238, #27, #706, .T. ) ;
#1088 = VECTOR ( 'NONE', #2708, 1000.000000000000000 ) ;
#1089 = APPLICATION_PROTOCOL_DEFINITION ( 'draft international standard', 'automotive_design', 1998, #2104 ) ;
#1090 = CARTESIAN_POINT ( 'NONE',  ( 79.99999999999975842, 0.000000000000000000, -64.99999999999988631 ) ) ;
#1091 = CARTESIAN_POINT ( 'NONE',  ( -79.99999999999974420, 0.000000000000000000, 63.40000000000001279 ) ) ;
#1092 = CARTESIAN_POINT ( 'NONE',  ( -79.99999999999975842, 9.000000000000000000, -64.99999999999988631 ) ) ;
#1093 = ORIENTED_EDGE ( 'NONE', *, *, #718, .T. ) ;
#1094 = ORIENTED_EDGE ( 'NONE', *, *, #894, .F. ) ;
#1095 = DIRECTION ( 'NONE',  ( -1.000000000000000000, 0.000000000000000000, -0.000000000000000000 ) ) ;
#1096 = DIRECTION ( 'NONE',  ( 1.000000000000000000, 0.000000000000000000, 0.000000000000000000 ) ) ;
#1097 = ADVANCED_FACE ( 'NONE', ( #2466 ), #1481, .T. ) ;
#1098 = VERTEX_POINT ( 'NONE', #2156 ) ;
#1099 = ORIENTED_EDGE ( 'NONE', *, *, #1516, .F. ) ;
#1100 = DIRECTION ( 'NONE',  ( 0.000000000000000000, 1.000000000000000000, 0.000000000000000000 ) ) ;
#1101 = VERTEX_POINT ( 'NONE', #304 ) ;
#1102 = CARTESIAN_POINT ( 'NONE',  ( 30.65000000000000213, 11.00000000000000000, -79.00000000000007105 ) ) ;
#1103 = DIRECTION ( 'NONE',  ( 1.067522139062651164E-16, -0.000000000000000000, 1.000000000000000000 ) ) ;
#1104 = CARTESIAN_POINT ( 'NONE',  ( -65.00000000000000000, 9.000000000000000000, 65.00000000000002842 ) ) ;
#1105 = EDGE_CURVE ( 'NONE', #659, #2323, #1254, .T. ) ;
#1106 = AXIS2_PLACEMENT_3D ( 'NONE', #1871, #2620, #1458 ) ;
#1107 = DIRECTION ( 'NONE',  ( 0.000000000000000000, 0.000000000000000000, 1.000000000000000000 ) ) ;
#1108 = CARTESIAN_POINT ( 'NONE',  ( -40.00000000000000711, 0.000000000000000000, 30.00000000000005329 ) ) ;
#1109 = ORIENTED_EDGE ( 'NONE', *, *, #2672, .F. ) ;
#1110 = VECTOR ( 'NONE', #2394, 1000.000000000000000 ) ;
#1111 = PLANE ( 'NONE',  #731 ) ;
#1112 = ORIENTED_EDGE ( 'NONE', *, *, #2235, .F. ) ;
#1113 = CARTESIAN_POINT ( 'NONE',  ( 42.39999999999999147, 19.99999999999999645, -87.00000000000004263 ) ) ;
#1114 = ORIENTED_EDGE ( 'NONE', *, *, #1917, .F. ) ;
#1115 = DIRECTION ( 'NONE',  ( -0.000000000000000000, -1.000000000000000000, -0.000000000000000000 ) ) ;
#1116 = EDGE_LOOP ( 'NONE', ( #1501, #2956 ) ) ;
#1117 = DIRECTION ( 'NONE',  ( 2.775557561562890957E-15, 0.000000000000000000, -1.000000000000000000 ) ) ;
#1118 = VECTOR ( 'NONE', #2972, 1000.000000000000000 ) ;
#1119 = DIRECTION ( 'NONE',  ( 1.067522139062651164E-16, 0.000000000000000000, -1.000000000000000000 ) ) ;
#1120 = VECTOR ( 'NONE', #2975, 1000.000000000000000 ) ;
#1121 = DIRECTION ( 'NONE',  ( 1.000000000000000000, 0.000000000000000000, -0.000000000000000000 ) ) ;
#1122 = FACE_OUTER_BOUND ( 'NONE', #287, .T. ) ;
#1123 = ORIENTED_EDGE ( 'NONE', *, *, #2599, .T. ) ;
#1124 = EDGE_CURVE ( 'NONE', #2799, #2710, #845, .T. ) ;
#1125 = DIRECTION ( 'NONE',  ( 0.000000000000000000, 0.000000000000000000, 1.000000000000000000 ) ) ;
#1126 = ORIENTED_EDGE ( 'NONE', *, *, #1369, .T. ) ;
#1127 = CARTESIAN_POINT ( 'NONE',  ( -38.39999999999999858, 16.00000000000000000, -79.00000000000007105 ) ) ;
#1128 = EDGE_LOOP ( 'NONE', ( #2835, #2329, #2019, #2941 ) ) ;
#1129 = VERTEX_POINT ( 'NONE', #2746 ) ;
#1130 = EDGE_CURVE ( 'NONE', #1859, #2767, #1314, .T. ) ;
#1131 = DIRECTION ( 'NONE',  ( 0.000000000000000000, 1.000000000000000000, 0.000000000000000000 ) ) ;
#1132 = ORIENTED_EDGE ( 'NONE', *, *, #1453, .F. ) ;
#1133 = CIRCLE ( 'NONE', #2647, 1.600000000000004086 ) ;
#1134 = LINE ( 'NONE', #2290, #1120 ) ;
#1135 = DIRECTION ( 'NONE',  ( 0.000000000000000000, 0.000000000000000000, -1.000000000000000000 ) ) ;
#1136 = DIRECTION ( 'NONE',  ( -0.000000000000000000, 1.000000000000000000, -0.000000000000000000 ) ) ;
#1137 = ADVANCED_FACE ( 'NONE', ( #1834 ), #2937, .F. ) ;
#1138 = AXIS2_PLACEMENT_3D ( 'NONE', #2600, #1922, #474 ) ;
#1139 = DIRECTION ( 'NONE',  ( 0.000000000000000000, 0.000000000000000000, 1.000000000000000000 ) ) ;
#1140 = LINE ( 'NONE', #1355, #1203 ) ;
#1141 = EDGE_LOOP ( 'NONE', ( #2939, #1586 ) ) ;
#1142 = CARTESIAN_POINT ( 'NONE',  ( -79.99999999999975842, 0.000000000000000000, -64.99999999999988631 ) ) ;
#1143 = ORIENTED_EDGE ( 'NONE', *, *, #995, .F. ) ;
#1144 = VECTOR ( 'NONE', #1331, 1000.000000000000000 ) ;
#1145 = LINE ( 'NONE', #1945, #776 ) ;
#1146 = EDGE_LOOP ( 'NONE', ( #2468, #411, #669, #345 ) ) ;
#1147 = ORIENTED_EDGE ( 'NONE', *, *, #2376, .T. ) ;
#1148 = LINE ( 'NONE', #387, #1118 ) ;
#1149 = ORIENTED_EDGE ( 'NONE', *, *, #721, .F. ) ;
#1150 = DIRECTION ( 'NONE',  ( 1.000000000000000000, 0.000000000000000000, 0.000000000000000000 ) ) ;
#1151 = DIRECTION ( 'NONE',  ( 0.000000000000000000, 0.000000000000000000, 1.000000000000000000 ) ) ;
#1152 = VECTOR ( 'NONE', #1731, 1000.000000000000000 ) ;
#1153 = CARTESIAN_POINT ( 'NONE',  ( 19.25000000000000000, 0.000000000000000000, 8.000000000000062172 ) ) ;
#1154 = VERTEX_POINT ( 'NONE', #2001 ) ;
#1155 = ORIENTED_EDGE ( 'NONE', *, *, #2855, .T. ) ;
#1156 = EDGE_CURVE ( 'NONE', #45, #2506, #2538, .T. ) ;
#1157 = DIRECTION ( 'NONE',  ( -1.387778780781445676E-16, 0.000000000000000000, -1.000000000000000000 ) ) ;
#1158 = ORIENTED_EDGE ( 'NONE', *, *, #531, .F. ) ;
#1159 = VECTOR ( 'NONE', #1864, 1000.000000000000000 ) ;
#1160 = DIRECTION ( 'NONE',  ( -1.000000000000000000, 0.000000000000000000, -0.000000000000000000 ) ) ;
#1161 = ORIENTED_EDGE ( 'NONE', *, *, #1497, .T. ) ;
#1162 = DIRECTION ( 'NONE',  ( -1.000000000000000000, -3.469446951953616161E-16, -0.000000000000000000 ) ) ;
#1163 = FACE_OUTER_BOUND ( 'NONE', #1707, .T. ) ;
#1164 = AXIS2_PLACEMENT_3D ( 'NONE', #1366, #1577, #1853 ) ;
#1165 = LINE ( 'NONE', #2106, #1852 ) ;
#1166 = VECTOR ( 'NONE', #2608, 1000.000000000000000 ) ;
#1167 = CARTESIAN_POINT ( 'NONE',  ( 90.00000000000002842, 0.000000000000000000, 65.00000000000002842 ) ) ;
#1168 = ORIENTED_EDGE ( 'NONE', *, *, #2695, .F. ) ;
#1169 = CARTESIAN_POINT ( 'NONE',  ( -34.40000000000000568, 9.000000000000000000, -16.50000000000005684 ) ) ;
#1170 = ORIENTED_EDGE ( 'NONE', *, *, #1889, .F. ) ;
#1171 = VECTOR ( 'NONE', #1925, 1000.000000000000000 ) ;
#1172 = LINE ( 'NONE', #2, #958 ) ;
#1173 = EDGE_LOOP ( 'NONE', ( #713, #2421, #745, #136 ) ) ;
#1174 = CARTESIAN_POINT ( 'NONE',  ( -24.49999999999999289, 0.000000000000000000, 68.40000000000006253 ) ) ;
#1175 = DIRECTION ( 'NONE',  ( 0.000000000000000000, 0.000000000000000000, 1.000000000000000000 ) ) ;
#1176 = EDGE_CURVE ( 'NONE', #2439, #2988, #646, .T. ) ;
#1177 = EDGE_CURVE ( 'NONE', #2712, #320, #1300, .T. ) ;
#1178 = EDGE_CURVE ( 'NONE', #2710, #2799, #2902, .T. ) ;
#1179 = CARTESIAN_POINT ( 'NONE',  ( -90.00000000000001421, 0.000000000000000000, -49.99999999999999289 ) ) ;
#1180 = AXIS2_PLACEMENT_3D ( 'NONE', #2148, #1212, #673 ) ;
#1181 = DIRECTION ( 'NONE',  ( 0.000000000000000000, 1.000000000000000000, 0.000000000000000000 ) ) ;
#1183 = ORIENTED_EDGE ( 'NONE', *, *, #173, .T. ) ;
#1182 = AXIS2_PLACEMENT_3D ( 'NONE', #1012, #2225, #1489 ) ;
#1184 = EDGE_CURVE ( 'NONE', #1676, #1956, #1345, .T. ) ;
#1185 = CARTESIAN_POINT ( 'NONE',  ( -64.99999999999975842, 0.000000000000000000, -79.99999999999988631 ) ) ;
#1186 = VERTEX_POINT ( 'NONE', #1127 ) ;
#1187 = ORIENTED_EDGE ( 'NONE', *, *, #1087, .T. ) ;
#1188 = CYLINDRICAL_SURFACE ( 'NONE', #1138, 1.600000000000004086 ) ;
#1189 = ADVANCED_FACE ( 'NONE', ( #2986 ), #415, .F. ) ;
#1190 = CYLINDRICAL_SURFACE ( 'NONE', #1797, 1.600000000000002531 ) ;
#1191 = VERTEX_POINT ( 'NONE', #2250 ) ;
#1192 = PRODUCT_DEFINITION_CONTEXT ( 'detailed design', #2261, 'design' ) ;
#1193 = ADVANCED_FACE ( 'NONE', ( #829 ), #1815, .F. ) ;
#1194 = DIRECTION ( 'NONE',  ( -2.168404344971012566E-16, 0.000000000000000000, -1.000000000000000000 ) ) ;
#1195 = CARTESIAN_POINT ( 'NONE',  ( -24.49999999999999289, 9.000000000000000000, 70.00000000000005684 ) ) ;
#1196 = DIRECTION ( 'NONE',  ( 0.000000000000000000, 0.000000000000000000, 1.000000000000000000 ) ) ;
#1197 = CARTESIAN_POINT ( 'NONE',  ( -79.99999999999975842, 0.000000000000000000, -63.39999999999988489 ) ) ;
#1198 = CARTESIAN_POINT ( 'NONE',  ( -90.00000000000000000, 9.000000000000000000, 65.00000000000002842 ) ) ;
#1199 = AXIS2_PLACEMENT_3D ( 'NONE', #1960, #815, #1037 ) ;
#1200 = ORIENTED_EDGE ( 'NONE', *, *, #3013, .T. ) ;
#1201 = CARTESIAN_POINT ( 'NONE',  ( -50.00000000000000000, 0.000000000000000000, 20.00000000000005329 ) ) ;
#1202 = VERTEX_POINT ( 'NONE', #2232 ) ;
#1203 = VECTOR ( 'NONE', #2311, 1000.000000000000000 ) ;
#1204 = CARTESIAN_POINT ( 'NONE',  ( 79.99999999999977263, 0.000000000000000000, 66.60000000000003695 ) ) ;
#1205 = DIRECTION ( 'NONE',  ( -1.000000000000000000, 0.000000000000000000, -0.000000000000000000 ) ) ;
#1206 = VERTEX_POINT ( 'NONE', #118 ) ;
#1207 = AXIS2_PLACEMENT_3D ( 'NONE', #547, #1938, #1050 ) ;
#1208 = CARTESIAN_POINT ( 'NONE',  ( -34.39999999999999858, 19.99999999999999645, -83.00000000000005684 ) ) ;
#1209 = FACE_OUTER_BOUND ( 'NONE', #2595, .T. ) ;
#1210 = CARTESIAN_POINT ( 'NONE',  ( -90.00000000000001421, 9.000000000000000000, -49.99999999999999289 ) ) ;
#1211 = CARTESIAN_POINT ( 'NONE',  ( 42.39999999999999147, 9.000000000000000000, -20.50000000000005329 ) ) ;
#1212 = DIRECTION ( 'NONE',  ( 1.000000000000000000, -0.000000000000000000, 0.000000000000000000 ) ) ;
#1213 = ORIENTED_EDGE ( 'NONE', *, *, #1356, .T. ) ;
#1214 = FACE_OUTER_BOUND ( 'NONE', #1128, .T. ) ;
#1215 = ORIENTED_EDGE ( 'NONE', *, *, #2805, .T. ) ;
#1216 = VECTOR ( 'NONE', #202, 1000.000000000000000 ) ;
#1217 = ORIENTED_EDGE ( 'NONE', *, *, #2587, .T. ) ;
#1218 = AXIS2_PLACEMENT_3D ( 'NONE', #849, #2073, #2487 ) ;
#1219 = EDGE_CURVE ( 'NONE', #2435, #2099, #1972, .T. ) ;
#1220 = DIRECTION ( 'NONE',  ( 0.000000000000000000, 0.000000000000000000, 1.000000000000000000 ) ) ;
#1221 = DIRECTION ( 'NONE',  ( -0.000000000000000000, 0.000000000000000000, 1.000000000000000000 ) ) ;
#1222 = ORIENTED_EDGE ( 'NONE', *, *, #44, .T. ) ;
#1223 = VECTOR ( 'NONE', #2237, 1000.000000000000000 ) ;
#1224 = AXIS2_PLACEMENT_3D ( 'NONE', #1809, #2293, #663 ) ;
#1225 = ADVANCED_FACE ( 'NONE', ( #891 ), #1802, .F. ) ;
#1226 = CARTESIAN_POINT ( 'NONE',  ( 42.39999999999999147, 19.99999999999999645, -79.00000000000007105 ) ) ;
#1227 = CARTESIAN_POINT ( 'NONE',  ( 19.25000000000000000, 9.000000000000000000, 6.400000000000059863 ) ) ;
#1228 = CARTESIAN_POINT ( 'NONE',  ( -34.39999999999999858, 19.99999999999999645, -87.00000000000004263 ) ) ;
#1229 = LINE ( 'NONE', #2162, #461 ) ;
#1230 = LINE ( 'NONE', #1474, #338 ) ;
#1231 = DIRECTION ( 'NONE',  ( -1.000000000000000000, 0.000000000000000000, -1.908195823574487409E-15 ) ) ;
#1232 = ORIENTED_EDGE ( 'NONE', *, *, #634, .F. ) ;
#1233 = VECTOR ( 'NONE', #787, 1000.000000000000000 ) ;
#1234 = ORIENTED_EDGE ( 'NONE', *, *, #1906, .F. ) ;
#1235 = AXIS2_PLACEMENT_3D ( 'NONE', #1755, #2692, #1529 ) ;
#1236 = DIRECTION ( 'NONE',  ( 0.000000000000000000, 0.000000000000000000, -1.000000000000000000 ) ) ;
#1237 = DIRECTION ( 'NONE',  ( 0.000000000000000000, 0.000000000000000000, 1.000000000000000000 ) ) ;
#1238 = ADVANCED_FACE ( 'NONE', ( #1545 ), #2481, .F. ) ;
#1239 = ORIENTED_EDGE ( 'NONE', *, *, #1592, .T. ) ;
#1240 = VERTEX_POINT ( 'NONE', #1081 ) ;
#1241 = CARTESIAN_POINT ( 'NONE',  ( 89.99999999999998579, 0.000000000000000000, -49.99999999999990763 ) ) ;
#1242 = MANIFOLD_SOLID_BREP ( 'Cut-Extrude3', #1934 ) ;
#1243 = DIRECTION ( 'NONE',  ( -0.000000000000000000, 1.000000000000000000, -0.000000000000000000 ) ) ;
#1244 = CARTESIAN_POINT ( 'NONE',  ( 0.000000000000000000, 19.99999999999999645, 0.000000000000000000 ) ) ;
#1245 = DIRECTION ( 'NONE',  ( -0.000000000000000000, 1.000000000000000000, -0.000000000000000000 ) ) ;
#1246 = CARTESIAN_POINT ( 'NONE',  ( 49.99999999999997158, 9.000000000000000000, 30.00000000000004974 ) ) ;
#1247 = VECTOR ( 'NONE', #2889, 1000.000000000000000 ) ;
#1248 = LINE ( 'NONE', #543, #2208 ) ;
#1249 = ORIENTED_EDGE ( 'NONE', *, *, #948, .F. ) ;
#1250 = VERTEX_POINT ( 'NONE', #1672 ) ;
#1251 = EDGE_CURVE ( 'NONE', #2024, #288, #2734, .T. ) ;
#1252 = AXIS2_PLACEMENT_3D ( 'NONE', #990, #2846, #1654 ) ;
#1253 = FACE_OUTER_BOUND ( 'NONE', #2284, .T. ) ;
#1254 = LINE ( 'NONE', #1954, #1247 ) ;
#1255 = ORIENTED_EDGE ( 'NONE', *, *, #2407, .T. ) ;
#1256 = EDGE_LOOP ( 'NONE', ( #2285, #2378, #1791, #649 ) ) ;
#1257 = AXIS2_PLACEMENT_3D ( 'NONE', #771, #2881, #2175 ) ;
#1258 = CARTESIAN_POINT ( 'NONE',  ( -64.99999999999972999, 0.000000000000000000, 80.00000000000002842 ) ) ;
#1259 = CARTESIAN_POINT ( 'NONE',  ( 59.99999999999997868, 0.000000000000000000, -39.99999999999995737 ) ) ;
#1260 = VECTOR ( 'NONE', #2693, 1000.000000000000000 ) ;
#1261 = CARTESIAN_POINT ( 'NONE',  ( 79.99999999999975842, 0.000000000000000000, -66.59999999999989484 ) ) ;
#1262 = CARTESIAN_POINT ( 'NONE',  ( -42.39999999999999147, 19.99999999999999645, -79.00000000000007105 ) ) ;
#1263 = DIRECTION ( 'NONE',  ( -0.000000000000000000, -1.000000000000000000, -0.000000000000000000 ) ) ;
#1264 = CARTESIAN_POINT ( 'NONE',  ( -90.00000000000000000, 0.000000000000000000, 49.99999999999999289 ) ) ;
#1265 = VERTEX_POINT ( 'NONE', #1717 ) ;
#1266 = FACE_BOUND ( 'NONE', #1306, .T. ) ;
#1267 = VECTOR ( 'NONE', #2957, 1000.000000000000000 ) ;
#1268 = VECTOR ( 'NONE', #2387, 1000.000000000000000 ) ;
#1269 = FACE_OUTER_BOUND ( 'NONE', #746, .T. ) ;
#1270 = EDGE_LOOP ( 'NONE', ( #563, #1038, #1548, #600 ) ) ;
#1271 = VERTEX_POINT ( 'NONE', #1459 ) ;
#1272 = LINE ( 'NONE', #63, #1223 ) ;
#1273 = LINE ( 'NONE', #538, #1000 ) ;
#1274 = EDGE_LOOP ( 'NONE', ( #384, #1890 ) ) ;
#1275 = DIRECTION ( 'NONE',  ( -1.000000000000000000, -0.000000000000000000, -0.000000000000000000 ) ) ;
#1276 = PLANE ( 'NONE',  #1075 ) ;
#1277 = EDGE_CURVE ( 'NONE', #13, #2137, #1011, .T. ) ;
#1278 = DIRECTION ( 'NONE',  ( 0.000000000000000000, -1.000000000000000000, 0.000000000000000000 ) ) ;
#1279 = CARTESIAN_POINT ( 'NONE',  ( 79.99999999999977263, 9.000000000000000000, 65.00000000000002842 ) ) ;
#1280 = ORIENTED_EDGE ( 'NONE', *, *, #912, .T. ) ;
#1281 = ORIENTED_EDGE ( 'NONE', *, *, #2003, .T. ) ;
#1282 = CIRCLE ( 'NONE', #294, 25.00000000000001421 ) ;
#1283 = DIRECTION ( 'NONE',  ( 1.000000000000000000, -0.000000000000000000, -2.168404344971012566E-16 ) ) ;
#1284 = VECTOR ( 'NONE', #2666, 1000.000000000000000 ) ;
#1285 = DIRECTION ( 'NONE',  ( 0.000000000000000000, 0.000000000000000000, 1.000000000000000000 ) ) ;
#1286 = ORIENTED_EDGE ( 'NONE', *, *, #1124, .F. ) ;
#1287 = ORIENTED_EDGE ( 'NONE', *, *, #2048, .F. ) ;
#1288 = AXIS2_PLACEMENT_3D ( 'NONE', #2614, #953, #984 ) ;
#1289 = EDGE_CURVE ( 'NONE', #456, #1431, #300, .T. ) ;
#1290 = DIRECTION ( 'NONE',  ( -0.000000000000000000, 1.000000000000000000, -0.000000000000000000 ) ) ;
#1291 = CARTESIAN_POINT ( 'NONE',  ( -65.00000000000000000, 9.000000000000000000, 65.00000000000002842 ) ) ;
#1292 = ORIENTED_EDGE ( 'NONE', *, *, #389, .T. ) ;
#1293 = LINE ( 'NONE', #2190, #2731 ) ;
#1294 = LINE ( 'NONE', #2223, #185 ) ;
#1295 = CARTESIAN_POINT ( 'NONE',  ( 34.39999999999999858, 19.99999999999999645, -83.00000000000005684 ) ) ;
#1296 = CARTESIAN_POINT ( 'NONE',  ( 79.99999999999975842, 9.000000000000000000, -66.59999999999989484 ) ) ;
#1297 = ORIENTED_EDGE ( 'NONE', *, *, #180, .F. ) ;
#1298 = EDGE_LOOP ( 'NONE', ( #198, #2741, #243, #1029 ) ) ;
#1299 = DIRECTION ( 'NONE',  ( 1.000000000000000000, 0.000000000000000000, 3.469446951953614189E-16 ) ) ;
#1300 = LINE ( 'NONE', #3002, #739 ) ;
#1301 = ORIENTED_EDGE ( 'NONE', *, *, #361, .T. ) ;
#1302 = ORIENTED_EDGE ( 'NONE', *, *, #2253, .T. ) ;
#1303 = VECTOR ( 'NONE', #2238, 1000.000000000000000 ) ;
#1304 = LINE ( 'NONE', #1713, #2544 ) ;
#1305 = CARTESIAN_POINT ( 'NONE',  ( -42.39999999999999147, 19.99999999999999645, -87.00000000000004263 ) ) ;
#1306 = EDGE_LOOP ( 'NONE', ( #61, #2525, #2008, #1933 ) ) ;
#1307 = DIRECTION ( 'NONE',  ( -0.000000000000000000, -0.000000000000000000, 1.000000000000000000 ) ) ;
#1308 = CARTESIAN_POINT ( 'NONE',  ( -64.99999999999975842, 9.000000000000000000, -78.39999999999989200 ) ) ;
#1309 = DIRECTION ( 'NONE',  ( -0.000000000000000000, -0.000000000000000000, 1.000000000000000000 ) ) ;
#1310 = DIRECTION ( 'NONE',  ( 0.000000000000000000, 0.000000000000000000, 1.000000000000000000 ) ) ;
#1311 = ORIENTED_EDGE ( 'NONE', *, *, #2753, .T. ) ;
#1312 = VERTEX_POINT ( 'NONE', #250 ) ;
#1313 = FACE_BOUND ( 'NONE', #2837, .T. ) ;
#1314 = LINE ( 'NONE', #2494, #1144 ) ;
#1315 = ADVANCED_FACE ( 'NONE', ( #2778 ), #527, .F. ) ;
#1316 = ORIENTED_EDGE ( 'NONE', *, *, #1775, .T. ) ;
#1317 = EDGE_CURVE ( 'NONE', #1624, #2952, #2895, .T. ) ;
#1318 = ORIENTED_EDGE ( 'NONE', *, *, #1907, .T. ) ;
#1319 = CIRCLE ( 'NONE', #1616, 1.600000000000004086 ) ;
#1320 = VECTOR ( 'NONE', #65, 1000.000000000000000 ) ;
#1321 = DIRECTION ( 'NONE',  ( 0.000000000000000000, 0.000000000000000000, 1.000000000000000000 ) ) ;
#1322 = VERTEX_POINT ( 'NONE', #2317 ) ;
#1323 =( NAMED_UNIT ( * ) SI_UNIT ( $, .STERADIAN. ) SOLID_ANGLE_UNIT ( ) );
#1324 = FACE_OUTER_BOUND ( 'NONE', #2014, .T. ) ;
#1325 = CARTESIAN_POINT ( 'NONE',  ( 38.39999999999999858, 9.000000000000000000, -79.00000000000007105 ) ) ;
#1326 = AXIS2_PLACEMENT_3D ( 'NONE', #327, #1278, #1060 ) ;
#1327 = DIRECTION ( 'NONE',  ( 0.000000000000000000, 0.000000000000000000, 1.000000000000000000 ) ) ;
#1328 = ORIENTED_EDGE ( 'NONE', *, *, #2715, .F. ) ;
#1329 = ORIENTED_EDGE ( 'NONE', *, *, #2331, .T. ) ;
#1330 = LINE ( 'NONE', #790, #1088 ) ;
#1331 = DIRECTION ( 'NONE',  ( 1.067522139062651164E-16, -0.000000000000000000, 1.000000000000000000 ) ) ;
#1332 = ORIENTED_EDGE ( 'NONE', *, *, #2086, .F. ) ;
#1333 = EDGE_LOOP ( 'NONE', ( #1881, #2523, #1599, #2932, #1807, #3012 ) ) ;
#1334 = DIRECTION ( 'NONE',  ( -0.000000000000000000, -1.000000000000000000, -0.000000000000000000 ) ) ;
#1335 = CIRCLE ( 'NONE', #2160, 25.00000000000021672 ) ;
#1336 = EDGE_LOOP ( 'NONE', ( #711, #1099, #2233, #1063 ) ) ;
#1337 = DIRECTION ( 'NONE',  ( 1.000000000000000000, 0.000000000000000000, 0.000000000000000000 ) ) ;
#1338 = CARTESIAN_POINT ( 'NONE',  ( 33.14999999999999858, 16.00000000000000000, -79.50000000000005684 ) ) ;
#1339 = DIRECTION ( 'NONE',  ( -0.000000000000000000, -1.000000000000000000, -0.000000000000000000 ) ) ;
#1340 = CARTESIAN_POINT ( 'NONE',  ( 33.14999999999999858, 16.00000000000000000, -81.80000000000005400 ) ) ;
#1341 = ORIENTED_EDGE ( 'NONE', *, *, #497, .T. ) ;
#1342 = VERTEX_POINT ( 'NONE', #284 ) ;
#1343 = PLANE ( 'NONE',  #981 ) ;
#1344 = VERTEX_POINT ( 'NONE', #266 ) ;
#1345 = LINE ( 'NONE', #2267, #2469 ) ;
#1346 = ORIENTED_EDGE ( 'NONE', *, *, #1781, .T. ) ;
#1347 = ORIENTED_EDGE ( 'NONE', *, *, #477, .T. ) ;
#1348 = LINE ( 'NONE', #719, #1007 ) ;
#1349 = ORIENTED_EDGE ( 'NONE', *, *, #480, .F. ) ;
#1350 = FACE_OUTER_BOUND ( 'NONE', #1605, .T. ) ;
#1351 = DIRECTION ( 'NONE',  ( 0.000000000000000000, 0.000000000000000000, 1.000000000000000000 ) ) ;
#1352 = ADVANCED_FACE ( 'NONE', ( #1930 ), #2556, .T. ) ;
#1353 = CIRCLE ( 'NONE', #2967, 1.600000000000004086 ) ;
#1354 = DIRECTION ( 'NONE',  ( -1.067522139062651041E-16, 0.000000000000000000, 1.000000000000000000 ) ) ;
#1355 = CARTESIAN_POINT ( 'NONE',  ( 34.39999999999999858, 16.00000000000000000, -20.50000000000004619 ) ) ;
#1356 = EDGE_CURVE ( 'NONE', #1589, #1202, #1378, .T. ) ;
#1357 = VERTEX_POINT ( 'NONE', #2610 ) ;
#1358 = DIRECTION ( 'NONE',  ( -1.000000000000000000, -0.000000000000000000, -0.000000000000000000 ) ) ;
#1359 = ORIENTED_EDGE ( 'NONE', *, *, #1465, .F. ) ;
#1360 = DIRECTION ( 'NONE',  ( 0.000000000000000000, 0.000000000000000000, 1.000000000000000000 ) ) ;
#1361 = VERTEX_POINT ( 'NONE', #199 ) ;
#1362 = ORIENTED_EDGE ( 'NONE', *, *, #2045, .T. ) ;
#1363 = CARTESIAN_POINT ( 'NONE',  ( 90.00000000000001421, 9.000000000000000000, -64.99999999999988631 ) ) ;
#1364 = ORIENTED_EDGE ( 'NONE', *, *, #1901, .F. ) ;
#1365 = VECTOR ( 'NONE', #1070, 1000.000000000000000 ) ;
#1366 = CARTESIAN_POINT ( 'NONE',  ( 24.29999999999998650, -1.000000000000000888, 50.00000000000004974 ) ) ;
#1367 = FACE_OUTER_BOUND ( 'NONE', #1602, .T. ) ;
#1368 = EDGE_CURVE ( 'NONE', #599, #1240, #1145, .T. ) ;
#1369 = EDGE_CURVE ( 'NONE', #507, #1033, #2882, .T. ) ;
#1370 = CYLINDRICAL_SURFACE ( 'NONE', #240, 1.600000000000002531 ) ;
#1371 = EDGE_CURVE ( 'NONE', #2900, #288, #1230, .T. ) ;
#1372 = FACE_OUTER_BOUND ( 'NONE', #2312, .T. ) ;
#1373 = VECTOR ( 'NONE', #509, 1000.000000000000000 ) ;
#1374 = VERTEX_POINT ( 'NONE', #500 ) ;
#1375 = AXIS2_PLACEMENT_3D ( 'NONE', #99, #358, #1488 ) ;
#1376 = LINE ( 'NONE', #2348, #1673 ) ;
#1377 = ORIENTED_EDGE ( 'NONE', *, *, #1590, .F. ) ;
#1378 = LINE ( 'NONE', #446, #488 ) ;
#1379 = ORIENTED_EDGE ( 'NONE', *, *, #1008, .T. ) ;
#1380 = CARTESIAN_POINT ( 'NONE',  ( 42.39999999999999147, 19.99999999999999645, -12.50000000000005862 ) ) ;
#1381 = ORIENTED_EDGE ( 'NONE', *, *, #1906, .T. ) ;
#1382 = CIRCLE ( 'NONE', #1182, 1.600000000000002531 ) ;
#1383 = CYLINDRICAL_SURFACE ( 'NONE', #32, 25.00000000000021672 ) ;
#1384 = FACE_OUTER_BOUND ( 'NONE', #616, .T. ) ;
#1385 = EDGE_CURVE ( 'NONE', #1967, #320, #2132, .T. ) ;
#1386 = AXIS2_PLACEMENT_3D ( 'NONE', #627, #1619, #1157 ) ;
#1387 = DIRECTION ( 'NONE',  ( 0.000000000000000000, 0.000000000000000000, 1.000000000000000000 ) ) ;
#1388 = ORIENTED_EDGE ( 'NONE', *, *, #2059, .T. ) ;
#1389 = EDGE_LOOP ( 'NONE', ( #1379, #434, #986, #3017 ) ) ;
#1390 = FACE_OUTER_BOUND ( 'NONE', #1173, .T. ) ;
#1391 = EDGE_LOOP ( 'NONE', ( #701, #798, #2722, #810 ) ) ;
#1392 = DIRECTION ( 'NONE',  ( -0.000000000000000000, -1.000000000000000000, -0.000000000000000000 ) ) ;
#1393 = ORIENTED_EDGE ( 'NONE', *, *, #2056, .T. ) ;
#1394 = EDGE_LOOP ( 'NONE', ( #78, #1659, #2035, #2969 ) ) ;
#1395 = DIRECTION ( 'NONE',  ( -0.000000000000000000, -1.000000000000000000, -0.000000000000000000 ) ) ;
#1396 = ORIENTED_EDGE ( 'NONE', *, *, #684, .T. ) ;
#1397 = CARTESIAN_POINT ( 'NONE',  ( 30.65000000000000213, 11.00000000000000000, -79.00000000000007105 ) ) ;
#1398 = DIRECTION ( 'NONE',  ( -1.000000000000000000, 0.000000000000000000, -1.387778780781445676E-16 ) ) ;
#1399 = CARTESIAN_POINT ( 'NONE',  ( -42.39999999999999147, 19.99999999999999645, -79.00000000000007105 ) ) ;
#1400 = ORIENTED_EDGE ( 'NONE', *, *, #1952, .F. ) ;
#1401 = VERTEX_POINT ( 'NONE', #964 ) ;
#1402 = CIRCLE ( 'NONE', #1841, 1.600000000000004086 ) ;
#1403 = FACE_OUTER_BOUND ( 'NONE', #1691, .T. ) ;
#1404 = VERTEX_POINT ( 'NONE', #36 ) ;
#1405 = VECTOR ( 'NONE', #2905, 1000.000000000000000 ) ;
#1406 = ADVANCED_BREP_SHAPE_REPRESENTATION ( 'plate2', ( #1242, #2879 ), #427 ) ;
#1407 = EDGE_CURVE ( 'NONE', #181, #2917, #2508, .T. ) ;
#1408 = FACE_OUTER_BOUND ( 'NONE', #431, .T. ) ;
#1409 = EDGE_CURVE ( 'NONE', #2483, #1661, #1443, .T. ) ;
#1410 = ORIENTED_EDGE ( 'NONE', *, *, #180, .T. ) ;
#1411 = DIRECTION ( 'NONE',  ( 0.000000000000000000, 0.000000000000000000, -1.000000000000000000 ) ) ;
#1412 = LINE ( 'NONE', #724, #2088 ) ;
#1413 = VECTOR ( 'NONE', #2661, 1000.000000000000000 ) ;
#1414 = LINE ( 'NONE', #976, #1268 ) ;
#1415 = VECTOR ( 'NONE', #80, 1000.000000000000000 ) ;
#1416 = LINE ( 'NONE', #1211, #2341 ) ;
#1417 = ORIENTED_EDGE ( 'NONE', *, *, #2599, .F. ) ;
#1418 = EDGE_CURVE ( 'NONE', #330, #2719, #1915, .T. ) ;
#1419 = DIRECTION ( 'NONE',  ( 0.000000000000000000, 0.000000000000000000, 1.000000000000000000 ) ) ;
#1420 = ORIENTED_EDGE ( 'NONE', *, *, #1735, .F. ) ;
#1421 = ORIENTED_EDGE ( 'NONE', *, *, #2547, .T. ) ;
#1422 = LINE ( 'NONE', #2183, #110 ) ;
#1423 = DIRECTION ( 'NONE',  ( -3.469446951953621584E-16, 1.000000000000000000, -0.000000000000000000 ) ) ;
#1424 = ORIENTED_EDGE ( 'NONE', *, *, #2732, .F. ) ;
#1425 = CYLINDRICAL_SURFACE ( 'NONE', #3029, 1.600000000000004086 ) ;
#1426 = CARTESIAN_POINT ( 'NONE',  ( 79.99999999999975842, 9.000000000000000000, -64.99999999999988631 ) ) ;
#1427 = LINE ( 'NONE', #2145, #2303 ) ;
#1428 = AXIS2_PLACEMENT_3D ( 'NONE', #1621, #2622, #2176 ) ;
#1429 = DIRECTION ( 'NONE',  ( 0.000000000000000000, 1.000000000000000000, 0.000000000000000000 ) ) ;
#1431 = VERTEX_POINT ( 'NONE', #1074 ) ;
#1430 = VECTOR ( 'NONE', #1979, 1000.000000000000000 ) ;
#1432 = PLANE ( 'NONE',  #1912 ) ;
#1433 = ORIENTED_EDGE ( 'NONE', *, *, #2805, .F. ) ;
#1434 = DIRECTION ( 'NONE',  ( -1.000000000000000000, 0.000000000000000000, 0.000000000000000000 ) ) ;
#1435 = PRESENTATION_LAYER_ASSIGNMENT (  '', '', ( #103 ) ) ;
#1436 = CARTESIAN_POINT ( 'NONE',  ( 39.99999999999996447, -1.000000000000000888, 30.00000000000004974 ) ) ;
#1437 = ORIENTED_EDGE ( 'NONE', *, *, #639, .F. ) ;
#1438 = DIRECTION ( 'NONE',  ( 0.000000000000000000, 1.000000000000000000, 0.000000000000000000 ) ) ;
#1439 = DIRECTION ( 'NONE',  ( 0.000000000000000000, 1.000000000000000000, 0.000000000000000000 ) ) ;
#1440 = DIRECTION ( 'NONE',  ( 0.000000000000000000, 0.000000000000000000, 1.000000000000000000 ) ) ;
#1441 = DIRECTION ( 'NONE',  ( 0.000000000000000000, -1.000000000000000000, 0.000000000000000000 ) ) ;
#1442 = EDGE_CURVE ( 'NONE', #1477, #2111, #822, .T. ) ;
#1443 = LINE ( 'NONE', #978, #1031 ) ;
#1444 = AXIS2_PLACEMENT_3D ( 'NONE', #1746, #782, #76 ) ;
#1445 = ORIENTED_EDGE ( 'NONE', *, *, #1764, .T. ) ;
#1446 = CARTESIAN_POINT ( 'NONE',  ( 24.50000000000000711, 0.000000000000000000, 68.40000000000004832 ) ) ;
#1447 = VERTEX_POINT ( 'NONE', #2012 ) ;
#1448 = ORIENTED_EDGE ( 'NONE', *, *, #183, .F. ) ;
#1449 = CIRCLE ( 'NONE', #2429, 1.600000000000004086 ) ;
#1450 = DIRECTION ( 'NONE',  ( -0.000000000000000000, 1.000000000000000000, -0.000000000000000000 ) ) ;
#1451 = LINE ( 'NONE', #1875, #612 ) ;
#1452 = VERTEX_POINT ( 'NONE', #1993 ) ;
#1453 = EDGE_CURVE ( 'NONE', #70, #1101, #2489, .T. ) ;
#1454 = CARTESIAN_POINT ( 'NONE',  ( 34.39999999999999858, 19.99999999999999645, -87.00000000000004263 ) ) ;
#1455 = DIRECTION ( 'NONE',  ( -1.000000000000000000, 0.000000000000000000, 0.000000000000000000 ) ) ;
#1456 = CARTESIAN_POINT ( 'NONE',  ( 79.99999999999977263, 9.000000000000000000, 66.60000000000003695 ) ) ;
#1457 = EDGE_CURVE ( 'NONE', #1576, #293, #636, .T. ) ;
#1458 = DIRECTION ( 'NONE',  ( 0.000000000000000000, 0.000000000000000000, 1.000000000000000000 ) ) ;
#1459 = CARTESIAN_POINT ( 'NONE',  ( -64.99999999999972999, 9.000000000000000000, 78.40000000000001990 ) ) ;
#1460 = EDGE_CURVE ( 'NONE', #2323, #871, #2945, .T. ) ;
#1461 = VECTOR ( 'NONE', #2682, 1000.000000000000000 ) ;
#1462 = DIRECTION ( 'NONE',  ( 0.000000000000000000, 0.000000000000000000, 1.000000000000000000 ) ) ;
#1463 = EDGE_LOOP ( 'NONE', ( #165, #2360, #2051, #1222 ) ) ;
#1464 = EDGE_LOOP ( 'NONE', ( #380, #501 ) ) ;
#1465 = EDGE_CURVE ( 'NONE', #1154, #3032, #2929, .T. ) ;
#1466 = CYLINDRICAL_SURFACE ( 'NONE', #734, 1.600000000000004086 ) ;
#1467 = CYLINDRICAL_SURFACE ( 'NONE', #18, 1.149999999999998135 ) ;
#1468 = ORIENTED_EDGE ( 'NONE', *, *, #1770, .T. ) ;
#1469 = VECTOR ( 'NONE', #591, 1000.000000000000000 ) ;
#1470 = FACE_OUTER_BOUND ( 'NONE', #3041, .T. ) ;
#1471 = DIRECTION ( 'NONE',  ( 0.000000000000000000, 1.000000000000000000, 0.000000000000000000 ) ) ;
#1472 = CARTESIAN_POINT ( 'NONE',  ( 33.14999999999999858, 0.000000000000000000, -79.50000000000005684 ) ) ;
#1473 = CARTESIAN_POINT ( 'NONE',  ( -34.40000000000001279, 9.000000000000000000, -79.00000000000007105 ) ) ;
#1474 = CARTESIAN_POINT ( 'NONE',  ( -64.99999999999975842, 9.000000000000000000, -90.00000000000007105 ) ) ;
#1475 = EDGE_CURVE ( 'NONE', #700, #2970, #2650, .T. ) ;
#1476 = CARTESIAN_POINT ( 'NONE',  ( 90.00000000000000000, 9.000000000000000000, 65.00000000000002842 ) ) ;
#1477 = VERTEX_POINT ( 'NONE', #1767 ) ;
#1478 = VECTOR ( 'NONE', #699, 1000.000000000000000 ) ;
#1479 = CARTESIAN_POINT ( 'NONE',  ( 34.39999999999999858, 11.00000000000000178, -87.00000000000004263 ) ) ;
#1480 = ADVANCED_FACE ( 'NONE', ( #1042 ), #1026, .F. ) ;
#1481 = PLANE ( 'NONE',  #1786 ) ;
#1482 = VERTEX_POINT ( 'NONE', #836 ) ;
#1483 = ORIENTED_EDGE ( 'NONE', *, *, #1317, .T. ) ;
#1484 = DIRECTION ( 'NONE',  ( 0.000000000000000000, 0.000000000000000000, 1.000000000000000000 ) ) ;
#1485 = DIRECTION ( 'NONE',  ( 0.000000000000000000, 1.000000000000000000, -0.000000000000000000 ) ) ;
#1486 = CARTESIAN_POINT ( 'NONE',  ( -34.39999999999999858, 9.000000000000000000, -87.00000000000004263 ) ) ;
#1487 = DIRECTION ( 'NONE',  ( -1.000000000000000000, 0.000000000000000000, -1.734723475976808475E-15 ) ) ;
#1488 = DIRECTION ( 'NONE',  ( 0.000000000000000000, 0.000000000000000000, 1.000000000000000000 ) ) ;
#1489 = DIRECTION ( 'NONE',  ( 0.000000000000000000, 0.000000000000000000, 1.000000000000000000 ) ) ;
#1490 = ORIENTED_EDGE ( 'NONE', *, *, #2335, .F. ) ;
#1491 = ORIENTED_EDGE ( 'NONE', *, *, #603, .T. ) ;
#1492 = CARTESIAN_POINT ( 'NONE',  ( 64.99999999999975842, 0.000000000000000000, 30.00000000000005329 ) ) ;
#1493 = DIRECTION ( 'NONE',  ( 0.000000000000000000, 1.000000000000000000, 0.000000000000000000 ) ) ;
#1494 = ORIENTED_EDGE ( 'NONE', *, *, #3013, .F. ) ;
#1495 = ORIENTED_EDGE ( 'NONE', *, *, #364, .T. ) ;
#1496 = CIRCLE ( 'NONE', #2768, 10.00000000000000000 ) ;
#1497 = EDGE_CURVE ( 'NONE', #1129, #1018, #1783, .T. ) ;
#1498 = ADVANCED_FACE ( 'NONE', ( #2027 ), #2426, .F. ) ;
#1499 = DIRECTION ( 'NONE',  ( 0.000000000000000000, 0.000000000000000000, 1.000000000000000000 ) ) ;
#1500 = CYLINDRICAL_SURFACE ( 'NONE', #1199, 1.600000000000004086 ) ;
#1501 = ORIENTED_EDGE ( 'NONE', *, *, #756, .T. ) ;
#1502 = AXIS2_PLACEMENT_3D ( 'NONE', #2098, #1663, #2839 ) ;
#1503 = EDGE_CURVE ( 'NONE', #2569, #844, #2207, .T. ) ;
#1504 = DIRECTION ( 'NONE',  ( -0.000000000000000000, 1.000000000000000000, -0.000000000000000000 ) ) ;
#1505 = DIRECTION ( 'NONE',  ( 1.000000000000000000, 0.000000000000000000, -2.949029909160569694E-15 ) ) ;
#1506 = EDGE_CURVE ( 'NONE', #2870, #3001, #2915, .T. ) ;
#1507 = DIRECTION ( 'NONE',  ( -1.000000000000000000, 0.000000000000000000, -1.908195823574487409E-15 ) ) ;
#1508 = EDGE_CURVE ( 'NONE', #2099, #2435, #677, .T. ) ;
#1509 = LINE ( 'NONE', #558, #1866 ) ;
#1510 = ORIENTED_EDGE ( 'NONE', *, *, #1317, .F. ) ;
#1511 = ADVANCED_FACE ( 'NONE', ( #1539 ), #313, .F. ) ;
#1512 = DIRECTION ( 'NONE',  ( -0.000000000000000000, -1.000000000000000000, -0.000000000000000000 ) ) ;
#1513 = VECTOR ( 'NONE', #1115, 1000.000000000000000 ) ;
#1514 = AXIS2_PLACEMENT_3D ( 'NONE', #2818, #1869, #1196 ) ;
#1515 = DIRECTION ( 'NONE',  ( -0.000000000000000000, -0.000000000000000000, 1.000000000000000000 ) ) ;
#1516 = EDGE_CURVE ( 'NONE', #1404, #39, #2961, .T. ) ;
#1517 = ORIENTED_EDGE ( 'NONE', *, *, #1371, .T. ) ;
#1518 = LINE ( 'NONE', #2452, #2052 ) ;
#1519 = CIRCLE ( 'NONE', #2100, 1.600000000000004086 ) ;
#1520 = CARTESIAN_POINT ( 'NONE',  ( -34.39999999999999858, 19.99999999999999645, -83.00000000000005684 ) ) ;
#1521 = ORIENTED_EDGE ( 'NONE', *, *, #946, .T. ) ;
#1522 = CARTESIAN_POINT ( 'NONE',  ( -38.39999999999999858, 19.99999999999999645, -20.50000000000005329 ) ) ;
#1523 = CARTESIAN_POINT ( 'NONE',  ( 39.99999999999996447, 9.000000000000000000, 20.00000000000005329 ) ) ;
#1524 = DIRECTION ( 'NONE',  ( 0.000000000000000000, -1.000000000000000000, 0.000000000000000000 ) ) ;
#1525 = DIRECTION ( 'NONE',  ( 0.000000000000000000, 0.000000000000000000, -1.000000000000000000 ) ) ;
#1526 = EDGE_LOOP ( 'NONE', ( #1287, #1847 ) ) ;
#1527 = ORIENTED_EDGE ( 'NONE', *, *, #631, .T. ) ;
#1528 = CIRCLE ( 'NONE', #96, 1.600000000000004086 ) ;
#1529 = DIRECTION ( 'NONE',  ( 0.000000000000000000, 0.000000000000000000, 1.000000000000000000 ) ) ;
#1530 = CYLINDRICAL_SURFACE ( 'NONE', #1207, 1.600000000000004086 ) ;
#1531 = ORIENTED_EDGE ( 'NONE', *, *, #665, .T. ) ;
#1532 = ORIENTED_EDGE ( 'NONE', *, *, #90, .F. ) ;
#1533 = PLANE ( 'NONE',  #2144 ) ;
#1534 = FACE_OUTER_BOUND ( 'NONE', #1557, .T. ) ;
#1535 = VERTEX_POINT ( 'NONE', #786 ) ;
#1536 = CARTESIAN_POINT ( 'NONE',  ( -79.99999999999975842, 0.000000000000000000, -66.59999999999989484 ) ) ;
#1537 = VECTOR ( 'NONE', #2849, 1000.000000000000000 ) ;
#1538 = DIRECTION ( 'NONE',  ( 0.000000000000000000, 0.000000000000000000, 1.000000000000000000 ) ) ;
#1539 = FACE_OUTER_BOUND ( 'NONE', #483, .T. ) ;
#1540 = EDGE_CURVE ( 'NONE', #1129, #2561, #573, .T. ) ;
#1541 = CARTESIAN_POINT ( 'NONE',  ( -60.00000000000002132, 0.000000000000000000, -50.00000000000001421 ) ) ;
#1542 = ORIENTED_EDGE ( 'NONE', *, *, #2347, .F. ) ;
#1543 = ORIENTED_EDGE ( 'NONE', *, *, #264, .T. ) ;
#1544 = FACE_BOUND ( 'NONE', #2534, .T. ) ;
#1545 = FACE_OUTER_BOUND ( 'NONE', #2602, .T. ) ;
#1546 = ORIENTED_EDGE ( 'NONE', *, *, #2855, .F. ) ;
#1547 = CARTESIAN_POINT ( 'NONE',  ( 19.25000000000000000, 0.000000000000000000, 9.600000000000065370 ) ) ;
#1548 = ORIENTED_EDGE ( 'NONE', *, *, #42, .T. ) ;
#1549 = CARTESIAN_POINT ( 'NONE',  ( -60.00000000000001421, 0.000000000000000000, -40.00000000000001421 ) ) ;
#1550 = PLANE ( 'NONE',  #973 ) ;
#1551 = AXIS2_PLACEMENT_3D ( 'NONE', #2350, #2140, #690 ) ;
#1552 = DIRECTION ( 'NONE',  ( -0.000000000000000000, 1.000000000000000000, -0.000000000000000000 ) ) ;
#1553 = ORIENTED_EDGE ( 'NONE', *, *, #2875, .T. ) ;
#1554 = ORIENTED_EDGE ( 'NONE', *, *, #2419, .T. ) ;
#1555 = DIRECTION ( 'NONE',  ( 0.000000000000000000, 1.000000000000000000, 0.000000000000000000 ) ) ;
#1556 = DIRECTION ( 'NONE',  ( -0.000000000000000000, -1.000000000000000000, -0.000000000000000000 ) ) ;
#1557 = EDGE_LOOP ( 'NONE', ( #2097, #907, #2138, #596 ) ) ;
#1558 = CIRCLE ( 'NONE', #567, 1.600000000000004086 ) ;
#1559 = VECTOR ( 'NONE', #1842, 1000.000000000000000 ) ;
#1560 = DIRECTION ( 'NONE',  ( -0.000000000000000000, -1.000000000000000000, -0.000000000000000000 ) ) ;
#1561 = ORIENTED_EDGE ( 'NONE', *, *, #2548, .F. ) ;
#1562 = DIRECTION ( 'NONE',  ( -0.000000000000000000, 1.000000000000000000, -0.000000000000000000 ) ) ;
#1563 = LINE ( 'NONE', #3023, #33 ) ;
#1564 = AXIS2_PLACEMENT_3D ( 'NONE', #1090, #3022, #2040 ) ;
#1565 = LINE ( 'NONE', #2728, #1818 ) ;
#1566 = EDGE_CURVE ( 'NONE', #163, #1101, #1751, .T. ) ;
#1567 = CARTESIAN_POINT ( 'NONE',  ( -79.99999999999975842, 9.000000000000000000, -66.59999999999989484 ) ) ;
#1568 = ORIENTED_EDGE ( 'NONE', *, *, #2431, .T. ) ;
#1569 = CARTESIAN_POINT ( 'NONE',  ( -38.39999999999999147, 16.00000000000000000, -83.00000000000005684 ) ) ;
#1570 = PRESENTATION_STYLE_ASSIGNMENT (( #1789 ) ) ;
#1571 = EDGE_LOOP ( 'NONE', ( #1554, #594, #1094, #398, #548, #236 ) ) ;
#1572 = VECTOR ( 'NONE', #2082, 1000.000000000000000 ) ;
#1573 = EDGE_CURVE ( 'NONE', #2569, #1664, #342, .T. ) ;
#1574 = DIRECTION ( 'NONE',  ( -0.000000000000000000, 1.000000000000000000, -0.000000000000000000 ) ) ;
#1575 = AXIS2_PLACEMENT_3D ( 'NONE', #2077, #394, #1354 ) ;
#1576 = VERTEX_POINT ( 'NONE', #1578 ) ;
#1577 = DIRECTION ( 'NONE',  ( -1.000000000000000000, 0.000000000000000000, -3.469446951953614189E-16 ) ) ;
#1578 = CARTESIAN_POINT ( 'NONE',  ( 33.14999999999999858, 0.000000000000000000, -81.80000000000005400 ) ) ;
#1579 = AXIS2_PLACEMENT_3D ( 'NONE', #2524, #2968, #135 ) ;
#1580 = DIRECTION ( 'NONE',  ( 1.000000000000000000, 0.000000000000000000, 0.000000000000000000 ) ) ;
#1581 = CARTESIAN_POINT ( 'NONE',  ( -90.00000000000000000, 0.000000000000000000, 65.00000000000002842 ) ) ;
#1582 = ORIENTED_EDGE ( 'NONE', *, *, #2753, .F. ) ;
#1583 = CARTESIAN_POINT ( 'NONE',  ( 49.99999999999997158, 9.000000000000000000, -39.99999999999995737 ) ) ;
#1584 = ORIENTED_EDGE ( 'NONE', *, *, #2135, .F. ) ;
#1585 = DIRECTION ( 'NONE',  ( 1.000000000000000000, -0.000000000000000000, -2.949029909160569694E-15 ) ) ;
#1586 = ORIENTED_EDGE ( 'NONE', *, *, #2570, .F. ) ;
#1587 = DIRECTION ( 'NONE',  ( 0.000000000000000000, -1.000000000000000000, -0.000000000000000000 ) ) ;
#1588 = VECTOR ( 'NONE', #1175, 1000.000000000000000 ) ;
#1589 = VERTEX_POINT ( 'NONE', #2788 ) ;
#1590 = EDGE_CURVE ( 'NONE', #360, #534, #883, .T. ) ;
#1591 = ADVANCED_FACE ( 'NONE', ( #423 ), #2075, .T. ) ;
#1592 = EDGE_CURVE ( 'NONE', #2464, #560, #1840, .T. ) ;
#1593 = CARTESIAN_POINT ( 'NONE',  ( 90.00000000000000000, 9.000000000000000000, 65.00000000000002842 ) ) ;
#1594 = FACE_BOUND ( 'NONE', #705, .T. ) ;
#1595 = EDGE_CURVE ( 'NONE', #1535, #195, #1563, .T. ) ;
#1596 = DIRECTION ( 'NONE',  ( 1.000000000000000000, 0.000000000000000000, 0.000000000000000000 ) ) ;
#1597 = ADVANCED_FACE ( 'NONE', ( #1798 ), #3009, .F. ) ;
#1598 = LINE ( 'NONE', #920, #1004 ) ;
#1599 = ORIENTED_EDGE ( 'NONE', *, *, #913, .F. ) ;
#1600 = AXIS2_PLACEMENT_3D ( 'NONE', #2381, #679, #2364 ) ;
#1601 = CARTESIAN_POINT ( 'NONE',  ( -49.99999999999999289, -1.000000000000000888, 30.00000000000004974 ) ) ;
#1602 = EDGE_LOOP ( 'NONE', ( #750, #657, #1341, #760 ) ) ;
#1603 = CARTESIAN_POINT ( 'NONE',  ( 35.64999999999999858, 11.00000000000000178, -90.00000000000011369 ) ) ;
#1604 = ADVANCED_FACE ( 'NONE', ( #2275, #2532, #2342, #1825, #157, #651, #392, #205, #1854, #898, #1594, #2739, #171, #2309 ), #191, .T. ) ;
#1605 = EDGE_LOOP ( 'NONE', ( #980, #388, #1003, #2204 ) ) ;
#1606 = ORIENTED_EDGE ( 'NONE', *, *, #271, .T. ) ;
#1607 = ADVANCED_FACE ( 'NONE', ( #1367 ), #869, .F. ) ;
#1608 = PLANE ( 'NONE',  #1655 ) ;
#1609 = ORIENTED_EDGE ( 'NONE', *, *, #2440, .F. ) ;
#1610 = CARTESIAN_POINT ( 'NONE',  ( 42.39999999999999147, 19.99999999999999645, -12.50000000000005862 ) ) ;
#1611 = CARTESIAN_POINT ( 'NONE',  ( -64.99999999999975842, 0.000000000000000000, 90.00000000000005684 ) ) ;
#1612 = CIRCLE ( 'NONE', #178, 1.149999999999998135 ) ;
#1613 = DIRECTION ( 'NONE',  ( 0.000000000000000000, -0.000000000000000000, -1.000000000000000000 ) ) ;
#1614 = CARTESIAN_POINT ( 'NONE',  ( -42.39999999999999147, 9.000000000000000000, -87.00000000000004263 ) ) ;
#1615 = VERTEX_POINT ( 'NONE', #2546 ) ;
#1616 = AXIS2_PLACEMENT_3D ( 'NONE', #1021, #2202, #1484 ) ;
#1617 = ORIENTED_EDGE ( 'NONE', *, *, #1540, .T. ) ;
#1618 = VECTOR ( 'NONE', #2224, 1000.000000000000000 ) ;
#1619 = DIRECTION ( 'NONE',  ( 1.000000000000000000, 0.000000000000000000, -1.387778780781445676E-16 ) ) ;
#1620 = ORIENTED_EDGE ( 'NONE', *, *, #2347, .T. ) ;
#1621 = CARTESIAN_POINT ( 'NONE',  ( 33.14999999999999858, 11.00000000000000000, -80.65000000000004832 ) ) ;
#1622 = ORIENTED_EDGE ( 'NONE', *, *, #2547, .F. ) ;
#1623 = CARTESIAN_POINT ( 'NONE',  ( 30.65000000000000213, 11.00000000000000000, -90.00000000000011369 ) ) ;
#1624 = VERTEX_POINT ( 'NONE', #622 ) ;
#1625 = VECTOR ( 'NONE', #2869, 1000.000000000000000 ) ;
#1626 = FACE_OUTER_BOUND ( 'NONE', #2616, .T. ) ;
#1627 = PLANE ( 'NONE',  #1076 ) ;
#1628 = AXIS2_PLACEMENT_3D ( 'NONE', #11, #2838, #1434 ) ;
#1629 = DIRECTION ( 'NONE',  ( 0.000000000000000000, 0.000000000000000000, 1.000000000000000000 ) ) ;
#1630 = DIRECTION ( 'NONE',  ( -0.000000000000000000, -1.000000000000000000, -0.000000000000000000 ) ) ;
#1631 = ORIENTED_EDGE ( 'NONE', *, *, #2806, .T. ) ;
#1632 = EDGE_CURVE ( 'NONE', #293, #38, #405, .T. ) ;
#1633 = ADVANCED_FACE ( 'NONE', ( #1384 ), #637, .F. ) ;
#1634 = DIRECTION ( 'NONE',  ( 0.000000000000000000, 0.000000000000000000, 1.000000000000000000 ) ) ;
#1635 = VERTEX_POINT ( 'NONE', #454 ) ;
#1636 = FACE_OUTER_BOUND ( 'NONE', #3025, .T. ) ;
#1637 = VERTEX_POINT ( 'NONE', #915 ) ;
#1638 = AXIS2_PLACEMENT_3D ( 'NONE', #1726, #1493, #318 ) ;
#1639 = CARTESIAN_POINT ( 'NONE',  ( -64.99999999999975842, 9.000000000000000000, 90.00000000000007105 ) ) ;
#1640 = DIRECTION ( 'NONE',  ( 0.000000000000000000, 1.000000000000000000, 0.000000000000000000 ) ) ;
#1641 = ADVANCED_FACE ( 'NONE', ( #682 ), #1627, .F. ) ;
#1642 = AXIS2_PLACEMENT_3D ( 'NONE', #1259, #2453, #2877 ) ;
#1643 = FACE_OUTER_BOUND ( 'NONE', #839, .T. ) ;
#1644 = DIRECTION ( 'NONE',  ( 1.000000000000000000, 0.000000000000000000, -1.067522139062651041E-16 ) ) ;
#1645 = VERTEX_POINT ( 'NONE', #218 ) ;
#1646 = LINE ( 'NONE', #1201, #1625 ) ;
#1647 = ORIENTED_EDGE ( 'NONE', *, *, #717, .T. ) ;
#1648 = AXIS2_PLACEMENT_3D ( 'NONE', #2113, #462, #1160 ) ;
#1649 = ADVANCED_FACE ( 'NONE', ( #1163 ), #2105, .T. ) ;
#1650 = FACE_OUTER_BOUND ( 'NONE', #503, .T. ) ;
#1651 = LINE ( 'NONE', #1436, #2484 ) ;
#1652 = ORIENTED_EDGE ( 'NONE', *, *, #2004, .F. ) ;
#1653 = LINE ( 'NONE', #2830, #1068 ) ;
#1654 = DIRECTION ( 'NONE',  ( 0.000000000000000000, 0.000000000000000000, -1.000000000000000000 ) ) ;
#1655 = AXIS2_PLACEMENT_3D ( 'NONE', #168, #2711, #400 ) ;
#1656 = DIRECTION ( 'NONE',  ( -0.000000000000000000, -0.000000000000000000, 1.000000000000000000 ) ) ;
#1657 = AXIS2_PLACEMENT_3D ( 'NONE', #2993, #2789, #901 ) ;
#1658 = CARTESIAN_POINT ( 'NONE',  ( -38.39999999999999858, 16.00000000000000000, -20.50000000000005329 ) ) ;
#1659 = ORIENTED_EDGE ( 'NONE', *, *, #253, .T. ) ;
#1660 = DIRECTION ( 'NONE',  ( 0.000000000000000000, 1.000000000000000000, 0.000000000000000000 ) ) ;
#1661 = VERTEX_POINT ( 'NONE', #5 ) ;
#1662 = CARTESIAN_POINT ( 'NONE',  ( 90.00000000000000000, 9.000000000000000000, 65.00000000000002842 ) ) ;
#1663 = DIRECTION ( 'NONE',  ( -6.938893903907228378E-16, 0.000000000000000000, -1.000000000000000000 ) ) ;
#1664 = VERTEX_POINT ( 'NONE', #740 ) ;
#1665 = EDGE_CURVE ( 'NONE', #2719, #362, #975, .T. ) ;
#1666 = CARTESIAN_POINT ( 'NONE',  ( 64.99999999999975842, 9.000000000000000000, -64.99999999999988631 ) ) ;
#1667 = CARTESIAN_POINT ( 'NONE',  ( 79.99999999999975842, 9.000000000000000000, -64.99999999999988631 ) ) ;
#1668 = CIRCLE ( 'NONE', #583, 25.00000000000021672 ) ;
#1669 = CARTESIAN_POINT ( 'NONE',  ( -79.99999999999975842, 0.000000000000000000, -63.39999999999988489 ) ) ;
#1670 = VECTOR ( 'NONE', #1702, 1000.000000000000000 ) ;
#1671 = DIRECTION ( 'NONE',  ( 0.000000000000000000, 0.000000000000000000, 1.000000000000000000 ) ) ;
#1672 = CARTESIAN_POINT ( 'NONE',  ( 64.99999999999975842, 9.000000000000000000, -78.39999999999989200 ) ) ;
#1674 = ORIENTED_EDGE ( 'NONE', *, *, #2570, .T. ) ;
#1673 = VECTOR ( 'NONE', #2330, 1000.000000000000000 ) ;
#1675 = DIRECTION ( 'NONE',  ( 0.000000000000000000, 0.000000000000000000, 1.000000000000000000 ) ) ;
#1676 = VERTEX_POINT ( 'NONE', #2397 ) ;
#1677 = PLANE ( 'NONE',  #1288 ) ;
#1678 =( GEOMETRIC_REPRESENTATION_CONTEXT ( 3 ) GLOBAL_UNCERTAINTY_ASSIGNED_CONTEXT ( ( #780 ) ) GLOBAL_UNIT_ASSIGNED_CONTEXT ( ( #2282, #757, #906 ) ) REPRESENTATION_CONTEXT ( 'NONE', 'WORKASPACE' ) );
#1679 = CARTESIAN_POINT ( 'NONE',  ( 38.39999999999999858, 16.00000000000000000, -20.50000000000004619 ) ) ;
#1680 = ORIENTED_EDGE ( 'NONE', *, *, #2677, .T. ) ;
#1681 = EDGE_CURVE ( 'NONE', #2226, #13, #698, .T. ) ;
#1682 = DIRECTION ( 'NONE',  ( -1.000000000000000000, 0.000000000000000000, 2.168404344971012566E-16 ) ) ;
#1683 = CARTESIAN_POINT ( 'NONE',  ( -34.39999999999999858, 16.00000000000000000, -20.50000000000003908 ) ) ;
#1684 = EDGE_CURVE ( 'NONE', #2681, #1967, #467, .T. ) ;
#1685 = LINE ( 'NONE', #1669, #1166 ) ;
#1686 = DIRECTION ( 'NONE',  ( -1.000000000000000000, 0.000000000000000000, 0.000000000000000000 ) ) ;
#1687 = CARTESIAN_POINT ( 'NONE',  ( -42.39999999999999147, 19.99999999999999645, -20.50000000000005329 ) ) ;
#1688 = AXIS2_PLACEMENT_3D ( 'NONE', #2410, #2591, #2129 ) ;
#1689 = ADVANCED_FACE ( 'NONE', ( #1209 ), #1699, .T. ) ;
#1690 = DIRECTION ( 'NONE',  ( -0.000000000000000000, 1.000000000000000000, -0.000000000000000000 ) ) ;
#1691 = EDGE_LOOP ( 'NONE', ( #1155, #2402, #1362, #476 ) ) ;
#1692 = ORIENTED_EDGE ( 'NONE', *, *, #2407, .F. ) ;
#1693 = CARTESIAN_POINT ( 'NONE',  ( 29.39999999999999503, 16.00000000000000000, -83.00000000000005684 ) ) ;
#1694 = CIRCLE ( 'NONE', #418, 1.600000000000004086 ) ;
#1695 = LINE ( 'NONE', #59, #2671 ) ;
#1696 = EDGE_LOOP ( 'NONE', ( #576, #1758 ) ) ;
#1697 = EDGE_CURVE ( 'NONE', #2515, #251, #2964, .T. ) ;
#1698 = DIRECTION ( 'NONE',  ( -3.469446951953614189E-16, -0.000000000000000000, 1.000000000000000000 ) ) ;
#1699 = CYLINDRICAL_SURFACE ( 'NONE', #1688, 10.00000000000000000 ) ;
#1700 = FACE_OUTER_BOUND ( 'NONE', #2416, .T. ) ;
#1701 = FACE_OUTER_BOUND ( 'NONE', #2277, .T. ) ;
#1702 = DIRECTION ( 'NONE',  ( 1.067522139062651164E-16, 0.000000000000000000, -1.000000000000000000 ) ) ;
#1703 = CIRCLE ( 'NONE', #2007, 1.149999999999998135 ) ;
#1704 = CIRCLE ( 'NONE', #2146, 1.600000000000004086 ) ;
#1705 = DIRECTION ( 'NONE',  ( 0.000000000000000000, -1.000000000000000000, 0.000000000000000000 ) ) ;
#1706 = ORIENTED_EDGE ( 'NONE', *, *, #1156, .T. ) ;
#1707 = EDGE_LOOP ( 'NONE', ( #1865, #778, #625, #1531 ) ) ;
#1708 = PLANE ( 'NONE',  #2798 ) ;
#1709 = DIRECTION ( 'NONE',  ( 0.000000000000000000, 1.000000000000000000, 0.000000000000000000 ) ) ;
#1710 = ORIENTED_EDGE ( 'NONE', *, *, #2548, .T. ) ;
#1711 = ORIENTED_EDGE ( 'NONE', *, *, #1738, .T. ) ;
#1712 = AXIS2_PLACEMENT_3D ( 'NONE', #2754, #422, #1135 ) ;
#1713 = CARTESIAN_POINT ( 'NONE',  ( 24.29999999999998650, 9.000000000000000000, 50.00000000000004974 ) ) ;
#1714 = PLANE ( 'NONE',  #1444 ) ;
#1715 = LINE ( 'NONE', #1991, #2248 ) ;
#1716 = CYLINDRICAL_SURFACE ( 'NONE', #2815, 1.149999999999998135 ) ;
#1717 = CARTESIAN_POINT ( 'NONE',  ( -34.39999999999999858, 16.00000000000000000, -83.00000000000005684 ) ) ;
#1718 = DIRECTION ( 'NONE',  ( 0.000000000000000000, 0.000000000000000000, -1.000000000000000000 ) ) ;
#1719 = ORIENTED_EDGE ( 'NONE', *, *, #378, .T. ) ;
#1720 = AXIS2_PLACEMENT_3D ( 'NONE', #1092, #2978, #2962 ) ;
#1721 = ORIENTED_EDGE ( 'NONE', *, *, #694, .T. ) ;
#1722 = EDGE_CURVE ( 'NONE', #1899, #1129, #2369, .T. ) ;
#1723 = EDGE_CURVE ( 'NONE', #2644, #1271, #479, .T. ) ;
#1724 = EDGE_CURVE ( 'NONE', #1777, #163, #2631, .T. ) ;
#1725 = DIRECTION ( 'NONE',  ( -1.000000000000000000, -3.469446951953616654E-16, 0.000000000000000000 ) ) ;
#1726 = CARTESIAN_POINT ( 'NONE',  ( -19.25000000000000000, 9.000000000000000000, 8.000000000000062172 ) ) ;
#1727 = ORIENTED_EDGE ( 'NONE', *, *, #1632, .T. ) ;
#1728 = VERTEX_POINT ( 'NONE', #1227 ) ;
#1729 = EDGE_CURVE ( 'NONE', #2379, #2024, #1412, .T. ) ;
#1730 = CYLINDRICAL_SURFACE ( 'NONE', #2930, 1.149999999999998135 ) ;
#1731 = DIRECTION ( 'NONE',  ( -0.000000000000000000, -0.000000000000000000, -1.000000000000000000 ) ) ;
#1732 = ORIENTED_EDGE ( 'NONE', *, *, #1722, .T. ) ;
#1733 = CARTESIAN_POINT ( 'NONE',  ( 65.00000000000000000, 9.000000000000000000, 65.00000000000002842 ) ) ;
#1734 = CYLINDRICAL_SURFACE ( 'NONE', #2289, 1.600000000000002531 ) ;
#1735 = EDGE_CURVE ( 'NONE', #1357, #2537, #899, .T. ) ;
#1736 = DIRECTION ( 'NONE',  ( -1.000000000000000000, 0.000000000000000000, 0.000000000000000000 ) ) ;
#1737 = CARTESIAN_POINT ( 'NONE',  ( 34.39999999999999858, 19.99999999999999645, -87.00000000000004263 ) ) ;
#1738 = EDGE_CURVE ( 'NONE', #844, #1191, #2159, .T. ) ;
#1739 = ORIENTED_EDGE ( 'NONE', *, *, #2564, .T. ) ;
#1740 = VERTEX_POINT ( 'NONE', #1892 ) ;
#1741 = FACE_BOUND ( 'NONE', #2305, .T. ) ;
#1742 = CARTESIAN_POINT ( 'NONE',  ( -64.99999999999975842, 9.000000000000000000, -90.00000000000007105 ) ) ;
#1743 = EDGE_LOOP ( 'NONE', ( #2030, #1776, #2804, #730, #1491, #1051 ) ) ;
#1744 = VECTOR ( 'NONE', #835, 1000.000000000000000 ) ;
#1745 = DIRECTION ( 'NONE',  ( -0.000000000000000000, -0.000000000000000000, -1.000000000000000000 ) ) ;
#1746 = CARTESIAN_POINT ( 'NONE',  ( -38.39999999999999858, 19.99999999999999645, -20.50000000000005329 ) ) ;
#1747 = ORIENTED_EDGE ( 'NONE', *, *, #2314, .F. ) ;
#1748 = VECTOR ( 'NONE', #1515, 1000.000000000000000 ) ;
#1749 = CARTESIAN_POINT ( 'NONE',  ( 33.14999999999999858, 11.00000000000000000, -81.80000000000005400 ) ) ;
#1750 = CARTESIAN_POINT ( 'NONE',  ( -50.00000000000000000, 0.000000000000000000, 20.00000000000005329 ) ) ;
#1751 = LINE ( 'NONE', #2457, #2154 ) ;
#1752 = DIRECTION ( 'NONE',  ( 3.469446951953614189E-16, 0.000000000000000000, 1.000000000000000000 ) ) ;
#1753 = VERTEX_POINT ( 'NONE', #1868 ) ;
#1754 = ORIENTED_EDGE ( 'NONE', *, *, #2272, .F. ) ;
#1755 = CARTESIAN_POINT ( 'NONE',  ( 64.99999999999975842, 0.000000000000000000, -79.99999999999988631 ) ) ;
#1756 = VECTOR ( 'NONE', #1334, 1000.000000000000000 ) ;
#1757 = CARTESIAN_POINT ( 'NONE',  ( 24.50000000000000711, 9.000000000000000000, 70.00000000000004263 ) ) ;
#1758 = ORIENTED_EDGE ( 'NONE', *, *, #2951, .T. ) ;
#1759 = DIRECTION ( 'NONE',  ( 0.000000000000000000, -0.000000000000000000, 1.000000000000000000 ) ) ;
#1760 = CIRCLE ( 'NONE', #924, 25.00000000000021672 ) ;
#1761 = LINE ( 'NONE', #336, #1303 ) ;
#1762 = ORIENTED_EDGE ( 'NONE', *, *, #2010, .T. ) ;
#1763 = AXIS2_PLACEMENT_3D ( 'NONE', #2563, #1398, #2041 ) ;
#1764 = EDGE_CURVE ( 'NONE', #251, #2515, #794, .T. ) ;
#1765 = LINE ( 'NONE', #2700, #1805 ) ;
#1766 = DIRECTION ( 'NONE',  ( 0.000000000000000000, 0.000000000000000000, 1.000000000000000000 ) ) ;
#1767 = CARTESIAN_POINT ( 'NONE',  ( 42.39999999999999147, 19.99999999999999645, -20.50000000000005329 ) ) ;
#1768 = DIRECTION ( 'NONE',  ( -0.000000000000000000, -1.000000000000000000, -0.000000000000000000 ) ) ;
#1769 = VERTEX_POINT ( 'NONE', #693 ) ;
#1770 = EDGE_CURVE ( 'NONE', #1664, #457, #2607, .T. ) ;
#1771 = ORIENTED_EDGE ( 'NONE', *, *, #2883, .F. ) ;
#1772 = AXIS2_PLACEMENT_3D ( 'NONE', #966, #2401, #1231 ) ;
#1773 = LINE ( 'NONE', #828, #147 ) ;
#1774 = CARTESIAN_POINT ( 'NONE',  ( 24.50000000000000711, 0.000000000000000000, 70.00000000000004263 ) ) ;
#1776 = ORIENTED_EDGE ( 'NONE', *, *, #290, .T. ) ;
#1775 = EDGE_CURVE ( 'NONE', #599, #2055, #2384, .T. ) ;
#1777 = VERTEX_POINT ( 'NONE', #1683 ) ;
#1778 = VECTOR ( 'NONE', #241, 1000.000000000000000 ) ;
#1779 = LINE ( 'NONE', #601, #2868 ) ;
#1780 = VERTEX_POINT ( 'NONE', #496 ) ;
#1781 = EDGE_CURVE ( 'NONE', #1777, #2775, #2618, .T. ) ;
#1782 = DIRECTION ( 'NONE',  ( 0.000000000000000000, 1.000000000000000000, 0.000000000000000000 ) ) ;
#1783 = LINE ( 'NONE', #556, #1469 ) ;
#1784 = DIRECTION ( 'NONE',  ( 0.000000000000000000, 0.000000000000000000, -1.000000000000000000 ) ) ;
#1785 = EDGE_LOOP ( 'NONE', ( #401, #687, #1620, #3045 ) ) ;
#1786 = AXIS2_PLACEMENT_3D ( 'NONE', #349, #2434, #2418 ) ;
#1787 = ORIENTED_EDGE ( 'NONE', *, *, #2810, .T. ) ;
#1788 = FACE_BOUND ( 'NONE', #2301, .T. ) ;
#1789 = SURFACE_STYLE_USAGE ( .BOTH. , #628 ) ;
#1790 = ORIENTED_EDGE ( 'NONE', *, *, #1684, .T. ) ;
#1791 = ORIENTED_EDGE ( 'NONE', *, *, #449, .F. ) ;
#1792 = VECTOR ( 'NONE', #303, 1000.000000000000000 ) ;
#1793 = DIRECTION ( 'NONE',  ( -1.387778780781445676E-16, 0.000000000000000000, -1.000000000000000000 ) ) ;
#1794 = ORIENTED_EDGE ( 'NONE', *, *, #2404, .T. ) ;
#1795 = ADVANCED_FACE ( 'NONE', ( #1926 ), #2861, .F. ) ;
#1796 = CARTESIAN_POINT ( 'NONE',  ( -42.39999999999999147, 9.000000000000000000, -20.50000000000005329 ) ) ;
#1797 = AXIS2_PLACEMENT_3D ( 'NONE', #3031, #242, #2125 ) ;
#1798 = FACE_OUTER_BOUND ( 'NONE', #654, .T. ) ;
#1799 = LINE ( 'NONE', #3011, #952 ) ;
#1800 = ORIENTED_EDGE ( 'NONE', *, *, #1385, .F. ) ;
#1801 = FACE_OUTER_BOUND ( 'NONE', #2696, .T. ) ;
#1802 = PLANE ( 'NONE',  #1040 ) ;
#1803 = ORIENTED_EDGE ( 'NONE', *, *, #2592, .F. ) ;
#1804 = AXIS2_PLACEMENT_3D ( 'NONE', #1258, #550, #2188 ) ;
#1805 = VECTOR ( 'NONE', #1307, 1000.000000000000000 ) ;
#1806 = CARTESIAN_POINT ( 'NONE',  ( -42.39999999999999147, 19.99999999999999645, -12.50000000000005862 ) ) ;
#1807 = ORIENTED_EDGE ( 'NONE', *, *, #1442, .F. ) ;
#1808 = CARTESIAN_POINT ( 'NONE',  ( -38.39999999999999858, 19.99999999999999645, -20.50000000000005329 ) ) ;
#1809 = CARTESIAN_POINT ( 'NONE',  ( 64.99999999999978684, 0.000000000000000000, 80.00000000000002842 ) ) ;
#1810 = LINE ( 'NONE', #193, #393 ) ;
#1811 = CARTESIAN_POINT ( 'NONE',  ( 79.99999999999975842, 0.000000000000000000, -64.99999999999988631 ) ) ;
#1812 = ORIENTED_EDGE ( 'NONE', *, *, #42, .F. ) ;
#1813 = DIRECTION ( 'NONE',  ( 0.000000000000000000, 0.000000000000000000, 1.000000000000000000 ) ) ;
#1814 = ORIENTED_EDGE ( 'NONE', *, *, #2244, .T. ) ;
#1815 = PLANE ( 'NONE',  #245 ) ;
#1816 = VERTEX_POINT ( 'NONE', #1989 ) ;
#1817 = EDGE_CURVE ( 'NONE', #560, #1098, #2893, .T. ) ;
#1818 = VECTOR ( 'NONE', #1596, 1000.000000000000000 ) ;
#1819 = VECTOR ( 'NONE', #129, 1000.000000000000000 ) ;
#1820 = DIRECTION ( 'NONE',  ( -0.000000000000000000, -1.000000000000000000, -0.000000000000000000 ) ) ;
#1821 = CIRCLE ( 'NONE', #1720, 1.600000000000004086 ) ;
#1822 = ORIENTED_EDGE ( 'NONE', *, *, #1130, .T. ) ;
#1823 = ADVANCED_FACE ( 'NONE', ( #584 ), #1714, .F. ) ;
#1824 = CYLINDRICAL_SURFACE ( 'NONE', #225, 1.600000000000004086 ) ;
#1825 = FACE_BOUND ( 'NONE', #1085, .T. ) ;
#1826 = VECTOR ( 'NONE', #1585, 1000.000000000000000 ) ;
#1827 = ADVANCED_FACE ( 'NONE', ( #2471 ), #108, .F. ) ;
#1828 = DIRECTION ( 'NONE',  ( -0.000000000000000000, -1.000000000000000000, -0.000000000000000000 ) ) ;
#1829 = CYLINDRICAL_SURFACE ( 'NONE', #2575, 1.600000000000004086 ) ;
#1830 = ORIENTED_EDGE ( 'NONE', *, *, #1855, .F. ) ;
#1831 = EDGE_CURVE ( 'NONE', #1637, #2624, #2189, .T. ) ;
#1832 = CARTESIAN_POINT ( 'NONE',  ( 33.14999999999999858, 16.00000000000000000, -80.65000000000004832 ) ) ;
#1833 = ORIENTED_EDGE ( 'NONE', *, *, #316, .T. ) ;
#1834 = FACE_OUTER_BOUND ( 'NONE', #1743, .T. ) ;
#1835 = ORIENTED_EDGE ( 'NONE', *, *, #595, .F. ) ;
#1836 = CARTESIAN_POINT ( 'NONE',  ( -19.25000000000000000, 0.000000000000000000, 8.000000000000062172 ) ) ;
#1837 = AXIS2_PLACEMENT_3D ( 'NONE', #1662, #970, #703 ) ;
#1838 = EDGE_LOOP ( 'NONE', ( #23, #2288, #1727, #1521 ) ) ;
#1839 = LINE ( 'NONE', #156, #231 ) ;
#1840 = LINE ( 'NONE', #2755, #524 ) ;
#1841 = AXIS2_PLACEMENT_3D ( 'NONE', #2412, #1429, #2107 ) ;
#1842 = DIRECTION ( 'NONE',  ( -0.000000000000000000, -1.000000000000000000, -0.000000000000000000 ) ) ;
#1843 = ORIENTED_EDGE ( 'NONE', *, *, #1735, .T. ) ;
#1844 = ORIENTED_EDGE ( 'NONE', *, *, #586, .T. ) ;
#1845 = PRODUCT_RELATED_PRODUCT_CATEGORY ( 'part', '', ( #465 ) ) ;
#1846 = CARTESIAN_POINT ( 'NONE',  ( 49.99999999999997158, -1.000000000000000888, 30.00000000000004974 ) ) ;
#1847 = ORIENTED_EDGE ( 'NONE', *, *, #2354, .F. ) ;
#1848 = ORIENTED_EDGE ( 'NONE', *, *, #1356, .F. ) ;
#1849 = FACE_OUTER_BOUND ( 'NONE', #1920, .T. ) ;
#1850 = ORIENTED_EDGE ( 'NONE', *, *, #1105, .F. ) ;
#1851 = CIRCLE ( 'NONE', #2934, 1.600000000000004086 ) ;
#1852 = VECTOR ( 'NONE', #481, 1000.000000000000000 ) ;
#1853 = DIRECTION ( 'NONE',  ( -3.469446951953614189E-16, 0.000000000000000000, 1.000000000000000000 ) ) ;
#1854 = FACE_BOUND ( 'NONE', #1883, .T. ) ;
#1855 = EDGE_CURVE ( 'NONE', #1018, #774, #1273, .T. ) ;
#1856 = PLANE ( 'NONE',  #1575 ) ;
#1857 = CARTESIAN_POINT ( 'NONE',  ( 24.50000000000000711, 9.000000000000000000, 68.40000000000004832 ) ) ;
#1858 = VECTOR ( 'NONE', #1119, 1000.000000000000000 ) ;
#1859 = VERTEX_POINT ( 'NONE', #92 ) ;
#1860 = AXIS2_PLACEMENT_3D ( 'NONE', #1104, #2503, #2091 ) ;
#1861 = ADVANCED_FACE ( 'NONE', ( #1534 ), #1500, .F. ) ;
#1862 = DIRECTION ( 'NONE',  ( -0.000000000000000000, 1.000000000000000000, -0.000000000000000000 ) ) ;
#1863 = EDGE_LOOP ( 'NONE', ( #2751, #1093, #2263, #1433, #2332 ) ) ;
#1864 = DIRECTION ( 'NONE',  ( -0.000000000000000000, 1.000000000000000000, -0.000000000000000000 ) ) ;
#1865 = ORIENTED_EDGE ( 'NONE', *, *, #2585, .T. ) ;
#1866 = VECTOR ( 'NONE', #609, 1000.000000000000000 ) ;
#1867 = DIRECTION ( 'NONE',  ( 0.000000000000000000, 0.000000000000000000, 1.000000000000000000 ) ) ;
#1868 = CARTESIAN_POINT ( 'NONE',  ( 34.39999999999999858, 19.99999999999999645, -83.00000000000005684 ) ) ;
#1869 = DIRECTION ( 'NONE',  ( -1.000000000000000000, 0.000000000000000000, 0.000000000000000000 ) ) ;
#1870 = ADVANCED_FACE ( 'NONE', ( #2910 ), #309, .F. ) ;
#1871 = CARTESIAN_POINT ( 'NONE',  ( -34.40000000000000568, 19.99999999999999645, -16.50000000000005684 ) ) ;
#1872 = VERTEX_POINT ( 'NONE', #1055 ) ;
#1873 = CARTESIAN_POINT ( 'NONE',  ( -64.99999999999972999, 9.000000000000000000, 80.00000000000002842 ) ) ;
#1874 = EDGE_LOOP ( 'NONE', ( #115, #1109, #426, #155 ) ) ;
#1875 = CARTESIAN_POINT ( 'NONE',  ( 90.00000000000000000, 0.000000000000000000, 49.99999999999990763 ) ) ;
#1876 = EDGE_LOOP ( 'NONE', ( #655, #972, #1961, #1448 ) ) ;
#1877 = CARTESIAN_POINT ( 'NONE',  ( -24.49999999999999289, 0.000000000000000000, 70.00000000000005684 ) ) ;
#1878 = CARTESIAN_POINT ( 'NONE',  ( 64.99999999999978684, 0.000000000000000000, 80.00000000000002842 ) ) ;
#1879 = PLANE ( 'NONE',  #1514 ) ;
#1880 = DIRECTION ( 'NONE',  ( 1.000000000000000000, -0.000000000000000000, -0.000000000000000000 ) ) ;
#1881 = ORIENTED_EDGE ( 'NONE', *, *, #138, .T. ) ;
#1882 = DIRECTION ( 'NONE',  ( 0.000000000000000000, 0.000000000000000000, 1.000000000000000000 ) ) ;
#1883 = EDGE_LOOP ( 'NONE', ( #2980, #1410 ) ) ;
#1884 = CIRCLE ( 'NONE', #2292, 10.00000000000000000 ) ;
#1885 = EDGE_CURVE ( 'NONE', #825, #2795, #504, .T. ) ;
#1886 = PRODUCT_DEFINITION_SHAPE ( 'NONE', 'NONE',  #273 ) ;
#1887 = LINE ( 'NONE', #2139, #2022 ) ;
#1888 = PLANE ( 'NONE',  #2819 ) ;
#1889 = EDGE_CURVE ( 'NONE', #564, #70, #1761, .T. ) ;
#1890 = ORIENTED_EDGE ( 'NONE', *, *, #531, .T. ) ;
#1891 = DIRECTION ( 'NONE',  ( 0.000000000000000000, -1.000000000000000000, 0.000000000000000000 ) ) ;
#1892 = CARTESIAN_POINT ( 'NONE',  ( -79.99999999999974420, 0.000000000000000000, 66.60000000000002274 ) ) ;
#1893 = CIRCLE ( 'NONE', #1804, 1.600000000000004086 ) ;
#1894 = LINE ( 'NONE', #1179, #375 ) ;
#1895 = PLANE ( 'NONE',  #1987 ) ;
#1896 = CARTESIAN_POINT ( 'NONE',  ( -79.99999999999975842, 0.000000000000000000, -64.99999999999988631 ) ) ;
#1897 = ORIENTED_EDGE ( 'NONE', *, *, #253, .F. ) ;
#1898 = CARTESIAN_POINT ( 'NONE',  ( -64.99999999999975842, 0.000000000000000000, -79.99999999999988631 ) ) ;
#1899 = VERTEX_POINT ( 'NONE', #1022 ) ;
#1900 = AXIS2_PLACEMENT_3D ( 'NONE', #1992, #1782, #1766 ) ;
#1901 = EDGE_CURVE ( 'NONE', #507, #2528, #256, .T. ) ;
#1902 = EDGE_CURVE ( 'NONE', #315, #1452, #566, .T. ) ;
#1903 = DIRECTION ( 'NONE',  ( 0.000000000000000000, 0.000000000000000000, -1.000000000000000000 ) ) ;
#1904 = EDGE_CURVE ( 'NONE', #1018, #1312, #2438, .T. ) ;
#1905 = CARTESIAN_POINT ( 'NONE',  ( -40.00000000000000000, 0.000000000000000000, 20.00000000000005329 ) ) ;
#1906 = EDGE_CURVE ( 'NONE', #647, #399, #1981, .T. ) ;
#1907 = EDGE_CURVE ( 'NONE', #2613, #2226, #1006, .T. ) ;
#1908 = ORIENTED_EDGE ( 'NONE', *, *, #310, .T. ) ;
#1909 = DIRECTION ( 'NONE',  ( 0.000000000000000000, 1.000000000000000000, 0.000000000000000000 ) ) ;
#1910 = CARTESIAN_POINT ( 'NONE',  ( -42.39999999999999147, 19.99999999999999645, -20.50000000000005329 ) ) ;
#1911 = EDGE_CURVE ( 'NONE', #2486, #1919, #1936, .T. ) ;
#1912 = AXIS2_PLACEMENT_3D ( 'NONE', #502, #996, #1462 ) ;
#1913 = CARTESIAN_POINT ( 'NONE',  ( 30.65000000000000213, 11.00000000000000000, -90.00000000000011369 ) ) ;
#1914 = CARTESIAN_POINT ( 'NONE',  ( 33.14999999999999858, 16.00000000000000000, -80.65000000000004832 ) ) ;
#1915 = LINE ( 'NONE', #1687, #2997 ) ;
#1916 = VECTOR ( 'NONE', #2670, 1000.000000000000000 ) ;
#1917 = EDGE_CURVE ( 'NONE', #2539, #1342, #1422, .T. ) ;
#1918 = CARTESIAN_POINT ( 'NONE',  ( 34.40000000000000568, 16.00000000000000000, -16.50000000000005684 ) ) ;
#1919 = VERTEX_POINT ( 'NONE', #2155 ) ;
#1920 = EDGE_LOOP ( 'NONE', ( #889, #2150, #2979, #2553, #2499, #2066, #1848, #2328, #793, #212 ) ) ;
#1921 = ADVANCED_FACE ( 'NONE', ( #1253 ), #58, .F. ) ;
#1922 = DIRECTION ( 'NONE',  ( -0.000000000000000000, 1.000000000000000000, -0.000000000000000000 ) ) ;
#1923 = DIRECTION ( 'NONE',  ( 0.000000000000000000, -1.000000000000000000, -0.000000000000000000 ) ) ;
#1924 = VERTEX_POINT ( 'NONE', #257 ) ;
#1925 = DIRECTION ( 'NONE',  ( 0.000000000000000000, 0.000000000000000000, -1.000000000000000000 ) ) ;
#1926 = FACE_OUTER_BOUND ( 'NONE', #1394, .T. ) ;
#1927 = EDGE_CURVE ( 'NONE', #844, #545, #1001, .T. ) ;
#1928 = CARTESIAN_POINT ( 'NONE',  ( 64.99999999999975842, 9.000000000000000000, -64.99999999999988631 ) ) ;
#1929 = DIRECTION ( 'NONE',  ( -0.000000000000000000, 1.000000000000000000, -0.000000000000000000 ) ) ;
#1930 = FACE_OUTER_BOUND ( 'NONE', #783, .T. ) ;
#1931 = AXIS2_PLACEMENT_3D ( 'NONE', #797, #2925, #64 ) ;
#1932 = CARTESIAN_POINT ( 'NONE',  ( -34.40000000000000568, 16.00000000000000000, -79.00000000000007105 ) ) ;
#1933 = ORIENTED_EDGE ( 'NONE', *, *, #2210, .F. ) ;
#1934 = CLOSED_SHELL ( 'NONE', ( #999, #159, #2651, #1043, #1238, #1795, #2005, #643, #2182, #1607, #2336, #2766, #1950, #664, #837, #2102, #1823, #1641, #1984, #2500, #119, #2660, #2843, #1046, #343, #158, #1591, #590, #2942, #1944, #1604, #1633, #1480, #1062, #1861, #409, #1, #592, #2120, #2134, #908, #219, #1189, #279, #1597, #2383, #951, #2221, #2458, #2278, #2042, #347, #2230, #1689, #1352, #1498, #1921, #570, #1315, #442, #95, #795, #988, #2808, #1137, #2549, #1097, #192, #670, #3042, #1870, #1827, #2749, #188, #48, #369, #2764, #84, #285, #2228, #2908, #1649, #2313, #57, #1193, #956, #1511, #230, #1225, #932, #2020 ) ) ;
#1935 = ORIENTED_EDGE ( 'NONE', *, *, #361, .F. ) ;
#1936 = LINE ( 'NONE', #716, #3014 ) ;
#1937 = VECTOR ( 'NONE', #1970, 1000.000000000000000 ) ;
#1938 = DIRECTION ( 'NONE',  ( -0.000000000000000000, 1.000000000000000000, -0.000000000000000000 ) ) ;
#1939 = ORIENTED_EDGE ( 'NONE', *, *, #2149, .F. ) ;
#1940 = CARTESIAN_POINT ( 'NONE',  ( 38.39999999999999858, 16.00000000000000000, -16.50000000000005684 ) ) ;
#1941 = DIRECTION ( 'NONE',  ( 1.067522139062651164E-16, -0.000000000000000000, 1.000000000000000000 ) ) ;
#1942 = LINE ( 'NONE', #1039, #2053 ) ;
#1943 = DIRECTION ( 'NONE',  ( 0.000000000000000000, 0.000000000000000000, 1.000000000000000000 ) ) ;
#1944 = ADVANCED_FACE ( 'NONE', ( #517 ), #71, .F. ) ;
#1945 = CARTESIAN_POINT ( 'NONE',  ( 64.99999999999978684, 0.000000000000000000, 81.60000000000003695 ) ) ;
#1946 = AXIS2_PLACEMENT_3D ( 'NONE', #1836, #2514, #2989 ) ;
#1947 = AXIS2_PLACEMENT_3D ( 'NONE', #1928, #683, #2927 ) ;
#1948 = CARTESIAN_POINT ( 'NONE',  ( 34.40000000000000568, 16.00000000000000000, -16.50000000000005684 ) ) ;
#1949 = ORIENTED_EDGE ( 'NONE', *, *, #639, .T. ) ;
#1950 = ADVANCED_FACE ( 'NONE', ( #1650 ), #1188, .F. ) ;
#1951 = VERTEX_POINT ( 'NONE', #2124 ) ;
#1952 = EDGE_CURVE ( 'NONE', #1344, #2777, #735, .T. ) ;
#1953 = CYLINDRICAL_SURFACE ( 'NONE', #1235, 1.600000000000004086 ) ;
#1954 = CARTESIAN_POINT ( 'NONE',  ( 89.99999999999998579, 0.000000000000000000, -49.99999999999990763 ) ) ;
#1955 = EDGE_LOOP ( 'NONE', ( #2526, #337, #2907, #2535 ) ) ;
#1956 = VERTEX_POINT ( 'NONE', #1479 ) ;
#1957 = VECTOR ( 'NONE', #2368, 1000.000000000000000 ) ;
#1958 = EDGE_CURVE ( 'NONE', #2952, #1624, #884, .T. ) ;
#1959 = DIRECTION ( 'NONE',  ( 0.000000000000000000, 0.000000000000000000, 1.000000000000000000 ) ) ;
#1960 = CARTESIAN_POINT ( 'NONE',  ( 64.99999999999978684, 0.000000000000000000, 80.00000000000002842 ) ) ;
#1961 = ORIENTED_EDGE ( 'NONE', *, *, #2998, .F. ) ;
#1962 = FACE_OUTER_BOUND ( 'NONE', #2079, .T. ) ;
#1963 = FACE_OUTER_BOUND ( 'NONE', #151, .T. ) ;
#1964 = DIRECTION ( 'NONE',  ( 0.000000000000000000, 0.000000000000000000, 1.000000000000000000 ) ) ;
#1965 = VECTOR ( 'NONE', #1736, 1000.000000000000000 ) ;
#1966 = CARTESIAN_POINT ( 'NONE',  ( -42.39999999999999147, 19.99999999999999645, -87.00000000000004263 ) ) ;
#1967 = VERTEX_POINT ( 'NONE', #490 ) ;
#1968 = AXIS2_PLACEMENT_3D ( 'NONE', #2243, #2195, #593 ) ;
#1969 = LINE ( 'NONE', #2266, #1916 ) ;
#1970 = DIRECTION ( 'NONE',  ( -0.000000000000000000, -1.000000000000000000, -0.000000000000000000 ) ) ;
#1971 = EDGE_LOOP ( 'NONE', ( #1347, #610 ) ) ;
#1972 = CIRCLE ( 'NONE', #2374, 1.600000000000004086 ) ;
#1973 = DIRECTION ( 'NONE',  ( -0.000000000000000000, 1.000000000000000000, -0.000000000000000000 ) ) ;
#1974 = CARTESIAN_POINT ( 'NONE',  ( -40.00000000000000000, 9.000000000000000000, 20.00000000000005329 ) ) ;
#1975 = ORIENTED_EDGE ( 'NONE', *, *, #2790, .F. ) ;
#1976 = CARTESIAN_POINT ( 'NONE',  ( -38.39999999999999858, 16.00000000000000000, -79.00000000000007105 ) ) ;
#1977 = CARTESIAN_POINT ( 'NONE',  ( 42.39999999999999147, 11.00000000000000355, -87.00000000000004263 ) ) ;
#1978 = CARTESIAN_POINT ( 'NONE',  ( -79.99999999999974420, 0.000000000000000000, 65.00000000000001421 ) ) ;
#1979 = DIRECTION ( 'NONE',  ( -1.000000000000000000, 0.000000000000000000, 0.000000000000000000 ) ) ;
#1980 = ORIENTED_EDGE ( 'NONE', *, *, #629, .F. ) ;
#1981 = CIRCLE ( 'NONE', #604, 10.00000000000000000 ) ;
#1982 = PLANE ( 'NONE',  #2213 ) ;
#1983 = LINE ( 'NONE', #2406, #2184 ) ;
#1984 = ADVANCED_FACE ( 'NONE', ( #2811 ), #1677, .F. ) ;
#1985 = ORIENTED_EDGE ( 'NONE', *, *, #1371, .F. ) ;
#1986 = ORIENTED_EDGE ( 'NONE', *, *, #2085, .T. ) ;
#1987 = AXIS2_PLACEMENT_3D ( 'NONE', #499, #1441, #2914 ) ;
#1988 = CARTESIAN_POINT ( 'NONE',  ( 34.39999999999999858, 11.00000000000000178, -87.00000000000004263 ) ) ;
#1989 = CARTESIAN_POINT ( 'NONE',  ( 42.39999999999999147, 9.000000000000000000, -20.50000000000005329 ) ) ;
#1990 = EDGE_LOOP ( 'NONE', ( #10, #2167, #618, #2252, #2454, #1346 ) ) ;
#1991 = CARTESIAN_POINT ( 'NONE',  ( -49.99999999999999289, 9.000000000000000000, 49.99999999999997868 ) ) ;
#1992 = CARTESIAN_POINT ( 'NONE',  ( -64.99999999999972999, 0.000000000000000000, 80.00000000000002842 ) ) ;
#1993 = CARTESIAN_POINT ( 'NONE',  ( -90.00000000000001421, 0.000000000000000000, -49.99999999999999289 ) ) ;
#1994 = CARTESIAN_POINT ( 'NONE',  ( 34.39999999999999858, 16.00000000000000000, -83.00000000000005684 ) ) ;
#1995 = ORIENTED_EDGE ( 'NONE', *, *, #812, .T. ) ;
#1996 = VERTEX_POINT ( 'NONE', #505 ) ;
#1997 = VECTOR ( 'NONE', #298, 1000.000000000000000 ) ;
#1998 = CARTESIAN_POINT ( 'NONE',  ( -24.30000000000001847, -1.000000000000000888, 50.00000000000004974 ) ) ;
#1999 = CIRCLE ( 'NONE', #3030, 1.600000000000004086 ) ;
#2000 = EDGE_CURVE ( 'NONE', #1344, #2539, #47, .T. ) ;
#2001 = CARTESIAN_POINT ( 'NONE',  ( 24.29999999999998650, 0.000000000000000000, 50.00000000000004974 ) ) ;
#2002 = ORIENTED_EDGE ( 'NONE', *, *, #214, .F. ) ;
#2003 = EDGE_CURVE ( 'NONE', #1202, #45, #1887, .T. ) ;
#2004 = EDGE_CURVE ( 'NONE', #853, #2464, #2168, .T. ) ;
#2005 = ADVANCED_FACE ( 'NONE', ( #2856 ), #1466, .F. ) ;
#2006 = CARTESIAN_POINT ( 'NONE',  ( 33.14999999999999858, 0.000000000000000000, -80.65000000000004832 ) ) ;
#2007 = AXIS2_PLACEMENT_3D ( 'NONE', #2630, #767, #107 ) ;
#2008 = ORIENTED_EDGE ( 'NONE', *, *, #1156, .F. ) ;
#2009 = VECTOR ( 'NONE', #1552, 1000.000000000000000 ) ;
#2010 = EDGE_CURVE ( 'NONE', #2573, #1816, #2405, .T. ) ;
#2011 = CARTESIAN_POINT ( 'NONE',  ( -89.99999999999997158, 0.000000000000000000, -64.99999999999988631 ) ) ;
#2012 = CARTESIAN_POINT ( 'NONE',  ( -64.99999999999975842, 0.000000000000000000, -78.39999999999989200 ) ) ;
#2013 = LINE ( 'NONE', #2716, #1430 ) ;
#2014 = EDGE_LOOP ( 'NONE', ( #1255, #329, #255, #1517 ) ) ;
#2015 = EDGE_LOOP ( 'NONE', ( #2854, #1437, #2781, #1652 ) ) ;
#2016 = VECTOR ( 'NONE', #1705, 1000.000000000000000 ) ;
#2017 = FACE_BOUND ( 'NONE', #1067, .T. ) ;
#2018 = DIRECTION ( 'NONE',  ( 0.000000000000000000, 0.000000000000000000, 1.000000000000000000 ) ) ;
#2019 = ORIENTED_EDGE ( 'NONE', *, *, #2354, .T. ) ;
#2020 = ADVANCED_FACE ( 'NONE', ( #2872, #761 ), #1708, .F. ) ;
#2021 = ORIENTED_EDGE ( 'NONE', *, *, #991, .F. ) ;
#2022 = VECTOR ( 'NONE', #272, 1000.000000000000000 ) ;
#2023 = LINE ( 'NONE', #2527, #2540 ) ;
#2024 = VERTEX_POINT ( 'NONE', #561 ) ;
#2025 = APPLICATION_PROTOCOL_DEFINITION ( 'draft international standard', 'automotive_design', 1998, #2261 ) ;
#2026 = DIRECTION ( 'NONE',  ( 1.000000000000000000, 0.000000000000000000, -3.469446951953614189E-16 ) ) ;
#2027 = FACE_OUTER_BOUND ( 'NONE', #3, .T. ) ;
#2028 = EDGE_CURVE ( 'NONE', #360, #1404, #2432, .T. ) ;
#2029 = CARTESIAN_POINT ( 'NONE',  ( 34.39999999999999858, 9.000000000000000000, -20.50000000000004619 ) ) ;
#2030 = ORIENTED_EDGE ( 'NONE', *, *, #183, .T. ) ;
#2031 = ORIENTED_EDGE ( 'NONE', *, *, #310, .F. ) ;
#2032 = CARTESIAN_POINT ( 'NONE',  ( -64.99999999999975842, 9.000000000000000000, -90.00000000000007105 ) ) ;
#2033 = CARTESIAN_POINT ( 'NONE',  ( 90.00000000000000000, 9.000000000000000000, 49.99999999999990763 ) ) ;
#2034 = ORIENTED_EDGE ( 'NONE', *, *, #1385, .T. ) ;
#2035 = ORIENTED_EDGE ( 'NONE', *, *, #2732, .T. ) ;
#2036 = DIRECTION ( 'NONE',  ( 0.000000000000000000, 0.000000000000000000, 1.000000000000000000 ) ) ;
#2037 = ORIENTED_EDGE ( 'NONE', *, *, #493, .T. ) ;
#2038 = AXIS2_PLACEMENT_3D ( 'NONE', #933, #1686, #1671 ) ;
#2039 =( NAMED_UNIT ( * ) PLANE_ANGLE_UNIT ( ) SI_UNIT ( $, .RADIAN. ) );
#2040 = DIRECTION ( 'NONE',  ( 0.000000000000000000, 0.000000000000000000, 1.000000000000000000 ) ) ;
#2041 = DIRECTION ( 'NONE',  ( -1.387778780781445676E-16, 0.000000000000000000, 1.000000000000000000 ) ) ;
#2042 = ADVANCED_FACE ( 'NONE', ( #546 ), #1982, .F. ) ;
#2043 = CARTESIAN_POINT ( 'NONE',  ( -38.39999999999999858, 16.00000000000000000, -16.50000000000005684 ) ) ;
#2044 = DIRECTION ( 'NONE',  ( -0.000000000000000000, 1.000000000000000000, -0.000000000000000000 ) ) ;
#2045 = EDGE_CURVE ( 'NONE', #8, #360, #2231, .T. ) ;
#2046 = ORIENTED_EDGE ( 'NONE', *, *, #3038, .F. ) ;
#2047 = CARTESIAN_POINT ( 'NONE',  ( 34.40000000000000568, 9.000000000000000000, -16.50000000000005684 ) ) ;
#2048 = EDGE_CURVE ( 'NONE', #642, #1271, #2844, .T. ) ;
#2049 = ORIENTED_EDGE ( 'NONE', *, *, #2419, .F. ) ;
#2050 = DIRECTION ( 'NONE',  ( 0.000000000000000000, 0.000000000000000000, 1.000000000000000000 ) ) ;
#2051 = ORIENTED_EDGE ( 'NONE', *, *, #2271, .F. ) ;
#2052 = VECTOR ( 'NONE', #1290, 1000.000000000000000 ) ;
#2053 = VECTOR ( 'NONE', #2634, 1000.000000000000000 ) ;
#2054 = CARTESIAN_POINT ( 'NONE',  ( -24.49999999999999289, 0.000000000000000000, 68.40000000000006253 ) ) ;
#2055 = VERTEX_POINT ( 'NONE', #2935 ) ;
#2056 = EDGE_CURVE ( 'NONE', #2111, #1996, #1773, .T. ) ;
#2057 = LINE ( 'NONE', #190, #823 ) ;
#2058 = DIRECTION ( 'NONE',  ( 1.000000000000000000, 0.000000000000000000, 0.000000000000000000 ) ) ;
#2059 = EDGE_CURVE ( 'NONE', #1661, #2767, #1330, .T. ) ;
#2060 = LINE ( 'NONE', #2043, #2633 ) ;
#2061 = DIRECTION ( 'NONE',  ( 0.000000000000000000, -0.000000000000000000, 1.000000000000000000 ) ) ;
#2062 = EDGE_LOOP ( 'NONE', ( #928, #1800, #2567, #69 ) ) ;
#2063 = DIRECTION ( 'NONE',  ( 0.000000000000000000, 1.000000000000000000, 0.000000000000000000 ) ) ;
#2064 = ORIENTED_EDGE ( 'NONE', *, *, #865, .T. ) ;
#2065 = CARTESIAN_POINT ( 'NONE',  ( 42.39999999999999147, 9.000000000000000000, -79.00000000000007105 ) ) ;
#2066 = ORIENTED_EDGE ( 'NONE', *, *, #2003, .F. ) ;
#2067 = ORIENTED_EDGE ( 'NONE', *, *, #595, .T. ) ;
#2068 = CIRCLE ( 'NONE', #46, 1.600000000000004086 ) ;
#2069 = VECTOR ( 'NONE', #802, 1000.000000000000000 ) ;
#2070 = FACE_OUTER_BOUND ( 'NONE', #860, .T. ) ;
#2071 = VECTOR ( 'NONE', #2493, 1000.000000000000000 ) ;
#2072 = ORIENTED_EDGE ( 'NONE', *, *, #961, .T. ) ;
#2073 = DIRECTION ( 'NONE',  ( -1.000000000000000000, 0.000000000000000000, 0.000000000000000000 ) ) ;
#2074 = CARTESIAN_POINT ( 'NONE',  ( -34.40000000000000568, 16.00000000000000000, -79.00000000000007105 ) ) ;
#2075 = CYLINDRICAL_SURFACE ( 'NONE', #1860, 25.00000000000001421 ) ;
#2076 = VECTOR ( 'NONE', #166, 1000.000000000000000 ) ;
#2077 = CARTESIAN_POINT ( 'NONE',  ( 90.00000000000000000, 9.000000000000000000, 65.00000000000002842 ) ) ;
#2078 = DIRECTION ( 'NONE',  ( 0.000000000000000000, -0.000000000000000000, 1.000000000000000000 ) ) ;
#2079 = EDGE_LOOP ( 'NONE', ( #323, #2084, #2373, #1318 ) ) ;
#2080 = CARTESIAN_POINT ( 'NONE',  ( 79.99999999999975842, 0.000000000000000000, -66.59999999999989484 ) ) ;
#2081 = ORIENTED_EDGE ( 'NONE', *, *, #2375, .T. ) ;
#2082 = DIRECTION ( 'NONE',  ( -0.000000000000000000, -1.000000000000000000, -0.000000000000000000 ) ) ;
#2083 = EDGE_LOOP ( 'NONE', ( #732, #2973 ) ) ;
#2084 = ORIENTED_EDGE ( 'NONE', *, *, #830, .F. ) ;
#2085 = EDGE_CURVE ( 'NONE', #1924, #195, #614, .T. ) ;
#2086 = EDGE_CURVE ( 'NONE', #137, #3001, #2414, .T. ) ;
#2087 = CARTESIAN_POINT ( 'NONE',  ( 33.14999999999999858, 0.000000000000000000, -80.65000000000004832 ) ) ;
#2088 = VECTOR ( 'NONE', #31, 1000.000000000000000 ) ;
#2089 = ORIENTED_EDGE ( 'NONE', *, *, #2045, .F. ) ;
#2090 = DIRECTION ( 'NONE',  ( 0.000000000000000000, 0.000000000000000000, -1.000000000000000000 ) ) ;
#2091 = DIRECTION ( 'NONE',  ( 0.000000000000000000, 0.000000000000000000, -1.000000000000000000 ) ) ;
#2092 = CARTESIAN_POINT ( 'NONE',  ( -19.25000000000000000, 9.000000000000000000, 6.400000000000059863 ) ) ;
#2093 = VECTOR ( 'NONE', #909, 1000.000000000000000 ) ;
#2094 = ORIENTED_EDGE ( 'NONE', *, *, #1665, .T. ) ;
#2095 = EDGE_LOOP ( 'NONE', ( #73, #1850, #520, #549 ) ) ;
#2096 = DIRECTION ( 'NONE',  ( -1.000000000000000000, 0.000000000000000000, 0.000000000000000000 ) ) ;
#2097 = ORIENTED_EDGE ( 'NONE', *, *, #813, .F. ) ;
#2098 = CARTESIAN_POINT ( 'NONE',  ( -90.00000000000001421, 0.000000000000000000, -49.99999999999999289 ) ) ;
#2099 = VERTEX_POINT ( 'NONE', #2480 ) ;
#2100 = AXIS2_PLACEMENT_3D ( 'NONE', #2617, #1438, #2116 ) ;
#2101 = AXIS2_PLACEMENT_3D ( 'NONE', #1153, #2533, #1139 ) ;
#2102 = ADVANCED_FACE ( 'NONE', ( #2919, #1266, #2214, #578, #1788, #2198, #597, #807, #1313, #1544, #2449, #1080, #2017, #1049, #2953, #2888, #331, #87, #1741 ), #841, .F. ) ;
#2103 = CARTESIAN_POINT ( 'NONE',  ( 64.99999999999978684, 9.000000000000000000, 80.00000000000002842 ) ) ;
#2104 = APPLICATION_CONTEXT ( 'automotive_design' ) ;
#2105 = PLANE ( 'NONE',  #2859 ) ;
#2106 = CARTESIAN_POINT ( 'NONE',  ( 34.39999999999999858, 19.99999999999999645, -83.00000000000005684 ) ) ;
#2107 = DIRECTION ( 'NONE',  ( 0.000000000000000000, 0.000000000000000000, 1.000000000000000000 ) ) ;
#2108 = CIRCLE ( 'NONE', #769, 1.600000000000004086 ) ;
#2109 = ORIENTED_EDGE ( 'NONE', *, *, #792, .T. ) ;
#2110 = DIRECTION ( 'NONE',  ( 1.734723475976811630E-15, -0.000000000000000000, 1.000000000000000000 ) ) ;
#2111 = VERTEX_POINT ( 'NONE', #2720 ) ;
#2112 = EDGE_CURVE ( 'NONE', #659, #825, #1969, .T. ) ;
#2113 = CARTESIAN_POINT ( 'NONE',  ( 38.39999999999999858, 19.99999999999999645, -79.00000000000007105 ) ) ;
#2114 = ORIENTED_EDGE ( 'NONE', *, *, #2684, .F. ) ;
#2115 = CIRCLE ( 'NONE', #489, 1.600000000000004086 ) ;
#2116 = DIRECTION ( 'NONE',  ( 0.000000000000000000, 0.000000000000000000, 1.000000000000000000 ) ) ;
#2117 = DIRECTION ( 'NONE',  ( -1.000000000000000000, -3.469446951953616654E-16, 0.000000000000000000 ) ) ;
#2118 = DIRECTION ( 'NONE',  ( 0.000000000000000000, 0.000000000000000000, -1.000000000000000000 ) ) ;
#2119 = CARTESIAN_POINT ( 'NONE',  ( 24.29999999999999005, -1.000000000000000888, 30.00000000000004974 ) ) ;
#2120 = ADVANCED_FACE ( 'NONE', ( #149 ), #1953, .F. ) ;
#2121 = ORIENTED_EDGE ( 'NONE', *, *, #1087, .F. ) ;
#2122 = DIRECTION ( 'NONE',  ( 1.067522139062651164E-16, 0.000000000000000000, -1.000000000000000000 ) ) ;
#2123 = ORIENTED_EDGE ( 'NONE', *, *, #2883, .T. ) ;
#2124 = CARTESIAN_POINT ( 'NONE',  ( 19.25000000000000000, 0.000000000000000000, 6.400000000000059863 ) ) ;
#2125 = DIRECTION ( 'NONE',  ( 0.000000000000000000, 0.000000000000000000, 1.000000000000000000 ) ) ;
#2126 = ORIENTED_EDGE ( 'NONE', *, *, #271, .F. ) ;
#2127 = VECTOR ( 'NONE', #246, 1000.000000000000000 ) ;
#2128 = CARTESIAN_POINT ( 'NONE',  ( 39.99999999999996447, 9.000000000000000000, 30.00000000000004974 ) ) ;
#2129 = DIRECTION ( 'NONE',  ( 0.000000000000000000, 0.000000000000000000, -1.000000000000000000 ) ) ;
#2130 = DIRECTION ( 'NONE',  ( -0.000000000000000000, 1.000000000000000000, -0.000000000000000000 ) ) ;
#2131 = DIRECTION ( 'NONE',  ( -0.000000000000000000, 1.000000000000000000, -0.000000000000000000 ) ) ;
#2132 = LINE ( 'NONE', #2333, #2209 ) ;
#2133 = ORIENTED_EDGE ( 'NONE', *, *, #1681, .F. ) ;
#2134 = ADVANCED_FACE ( 'NONE', ( #2465 ), #348, .F. ) ;
#2135 = EDGE_CURVE ( 'NONE', #457, #350, #1376, .T. ) ;
#2136 = LINE ( 'NONE', #22, #1478 ) ;
#2137 = VERTEX_POINT ( 'NONE', #2760 ) ;
#2138 = ORIENTED_EDGE ( 'NONE', *, *, #1368, .T. ) ;
#2139 = CARTESIAN_POINT ( 'NONE',  ( 42.39999999999999147, 19.99999999999999645, -79.00000000000007105 ) ) ;
#2140 = DIRECTION ( 'NONE',  ( 0.000000000000000000, -1.000000000000000000, 0.000000000000000000 ) ) ;
#2141 = ORIENTED_EDGE ( 'NONE', *, *, #2625, .F. ) ;
#2142 = LINE ( 'NONE', #2590, #1373 ) ;
#2143 = CARTESIAN_POINT ( 'NONE',  ( 38.39999999999999858, 11.00000000000000355, -83.00000000000005684 ) ) ;
#2144 = AXIS2_PLACEMENT_3D ( 'NONE', #308, #2218, #814 ) ;
#2145 = CARTESIAN_POINT ( 'NONE',  ( -64.99999999999975842, 9.000000000000000000, 90.00000000000007105 ) ) ;
#2146 = AXIS2_PLACEMENT_3D ( 'NONE', #206, #3024, #234 ) ;
#2147 = DIRECTION ( 'NONE',  ( -0.000000000000000000, 1.000000000000000000, -0.000000000000000000 ) ) ;
#2148 = CARTESIAN_POINT ( 'NONE',  ( -42.39999999999999147, 19.99999999999999645, -12.50000000000005862 ) ) ;
#2149 = EDGE_CURVE ( 'NONE', #2795, #855, #397, .T. ) ;
#2150 = ORIENTED_EDGE ( 'NONE', *, *, #580, .F. ) ;
#2151 = LINE ( 'NONE', #2836, #638 ) ;
#2152 = ORIENTED_EDGE ( 'NONE', *, *, #1460, .T. ) ;
#2153 = VECTOR ( 'NONE', #2158, 1000.000000000000000 ) ;
#2154 = VECTOR ( 'NONE', #1309, 1000.000000000000000 ) ;
#2155 = CARTESIAN_POINT ( 'NONE',  ( -90.00000000000000000, 9.000000000000000000, 49.99999999999999289 ) ) ;
#2156 = CARTESIAN_POINT ( 'NONE',  ( -34.39999999999999858, 19.99999999999999645, -87.00000000000004263 ) ) ;
#2157 = ORIENTED_EDGE ( 'NONE', *, *, #893, .T. ) ;
#2158 = DIRECTION ( 'NONE',  ( -1.000000000000000000, 0.000000000000000000, -1.734723475976808475E-15 ) ) ;
#2159 = LINE ( 'NONE', #262, #1588 ) ;
#2160 = AXIS2_PLACEMENT_3D ( 'NONE', #1077, #838, #2415 ) ;
#2161 = LINE ( 'NONE', #2399, #868 ) ;
#2162 = CARTESIAN_POINT ( 'NONE',  ( 38.39999999999999858, 16.00000000000000000, -79.00000000000005684 ) ) ;
#2163 = DIRECTION ( 'NONE',  ( 0.000000000000000000, 1.000000000000000000, 0.000000000000000000 ) ) ;
#2164 = AXIS2_PLACEMENT_3D ( 'NONE', #104, #2904, #1030 ) ;
#2165 = DIRECTION ( 'NONE',  ( 0.000000000000000000, 1.000000000000000000, -0.000000000000000000 ) ) ;
#2166 = ORIENTED_EDGE ( 'NONE', *, *, #419, .T. ) ;
#2167 = ORIENTED_EDGE ( 'NONE', *, *, #1665, .F. ) ;
#2168 = LINE ( 'NONE', #25, #295 ) ;
#2169 = CARTESIAN_POINT ( 'NONE',  ( 35.64999999999999147, 9.000000000000001776, -90.00000000000011369 ) ) ;
#2170 = ORIENTED_EDGE ( 'NONE', *, *, #1927, .F. ) ;
#2171 = EDGE_CURVE ( 'NONE', #2669, #371, #983, .T. ) ;
#2172 = DIRECTION ( 'NONE',  ( 0.000000000000000000, 0.000000000000000000, 1.000000000000000000 ) ) ;
#2173 = DIRECTION ( 'NONE',  ( 0.000000000000000000, 1.000000000000000000, 0.000000000000000000 ) ) ;
#2174 = DIRECTION ( 'NONE',  ( 0.000000000000000000, 0.000000000000000000, 1.000000000000000000 ) ) ;
#2175 = DIRECTION ( 'NONE',  ( 0.000000000000000000, 0.000000000000000000, 1.000000000000000000 ) ) ;
#2176 = DIRECTION ( 'NONE',  ( -1.000000000000000000, 0.000000000000000000, 0.000000000000000000 ) ) ;
#2177 = VECTOR ( 'NONE', #16, 1000.000000000000000 ) ;
#2178 = FACE_OUTER_BOUND ( 'NONE', #1336, .T. ) ;
#2179 = ORIENTED_EDGE ( 'NONE', *, *, #2376, .F. ) ;
#2180 = VECTOR ( 'NONE', #1929, 1000.000000000000000 ) ;
#2181 = ORIENTED_EDGE ( 'NONE', *, *, #2112, .F. ) ;
#2182 = ADVANCED_FACE ( 'NONE', ( #2315 ), #197, .F. ) ;
#2183 = CARTESIAN_POINT ( 'NONE',  ( 79.99999999999977263, 0.000000000000000000, 63.40000000000002700 ) ) ;
#2184 = VECTOR ( 'NONE', #332, 1000.000000000000000 ) ;
#2185 = DIRECTION ( 'NONE',  ( 1.000000000000000000, 0.000000000000000000, -0.000000000000000000 ) ) ;
#2186 = ORIENTED_EDGE ( 'NONE', *, *, #586, .F. ) ;
#2187 = ORIENTED_EDGE ( 'NONE', *, *, #2431, .F. ) ;
#2188 = DIRECTION ( 'NONE',  ( 0.000000000000000000, 0.000000000000000000, 1.000000000000000000 ) ) ;
#2189 = LINE ( 'NONE', #2646, #1152 ) ;
#2190 = CARTESIAN_POINT ( 'NONE',  ( -49.99999999999999289, 9.000000000000000000, 30.00000000000004974 ) ) ;
#2191 = DIRECTION ( 'NONE',  ( 1.000000000000000000, 0.000000000000000000, 0.000000000000000000 ) ) ;
#2192 = DIRECTION ( 'NONE',  ( -1.000000000000000000, -0.000000000000000000, -0.000000000000000000 ) ) ;
#2193 = VECTOR ( 'NONE', #1759, 1000.000000000000000 ) ;
#2194 = VECTOR ( 'NONE', #605, 1000.000000000000000 ) ;
#2195 = DIRECTION ( 'NONE',  ( -0.000000000000000000, -1.000000000000000000, 0.000000000000000000 ) ) ;
#2196 = VERTEX_POINT ( 'NONE', #888 ) ;
#2197 = ORIENTED_EDGE ( 'NONE', *, *, #2715, .T. ) ;
#2198 = FACE_BOUND ( 'NONE', #1141, .T. ) ;
#2199 = FACE_OUTER_BOUND ( 'NONE', #1955, .T. ) ;
#2200 = EDGE_LOOP ( 'NONE', ( #1986, #2822, #1532, #544 ) ) ;
#2201 = VERTEX_POINT ( 'NONE', #2080 ) ;
#2202 = DIRECTION ( 'NONE',  ( 0.000000000000000000, 1.000000000000000000, 0.000000000000000000 ) ) ;
#2203 = DIRECTION ( 'NONE',  ( 1.000000000000000000, 0.000000000000000000, 2.168404344971012566E-16 ) ) ;
#2204 = ORIENTED_EDGE ( 'NONE', *, *, #2678, .T. ) ;
#2205 = DIRECTION ( 'NONE',  ( 1.000000000000000000, 0.000000000000000000, 0.000000000000000000 ) ) ;
#2206 = DIRECTION ( 'NONE',  ( 0.000000000000000000, -0.000000000000000000, 1.000000000000000000 ) ) ;
#2207 = LINE ( 'NONE', #2898, #1618 ) ;
#2208 = VECTOR ( 'NONE', #623, 1000.000000000000000 ) ;
#2209 = VECTOR ( 'NONE', #20, 1000.000000000000000 ) ;
#2210 = EDGE_CURVE ( 'NONE', #1635, #45, #2966, .T. ) ;
#2211 = DIRECTION ( 'NONE',  ( 0.000000000000000000, 1.000000000000000000, 0.000000000000000000 ) ) ;
#2212 = VERTEX_POINT ( 'NONE', #3000 ) ;
#2213 = AXIS2_PLACEMENT_3D ( 'NONE', #1998, #1299, #775 ) ;
#2214 = FACE_BOUND ( 'NONE', #1298, .T. ) ;
#2215 = CARTESIAN_POINT ( 'NONE',  ( 29.39999999999999503, 9.000000000000000000, -83.00000000000005684 ) ) ;
#2216 = ORIENTED_EDGE ( 'NONE', *, *, #900, .F. ) ;
#2217 = AXIS2_PLACEMENT_3D ( 'NONE', #1113, #366, #2512 ) ;
#2218 = DIRECTION ( 'NONE',  ( 0.000000000000000000, 0.000000000000000000, -1.000000000000000000 ) ) ;
#2219 = CARTESIAN_POINT ( 'NONE',  ( -90.00000000000000000, 0.000000000000000000, 65.00000000000002842 ) ) ;
#2220 = EDGE_LOOP ( 'NONE', ( #2477, #765 ) ) ;
#2221 = ADVANCED_FACE ( 'NONE', ( #2522 ), #922, .F. ) ;
#2222 = CARTESIAN_POINT ( 'NONE',  ( 90.00000000000000000, 9.000000000000000000, 49.99999999999990763 ) ) ;
#2223 = CARTESIAN_POINT ( 'NONE',  ( 49.99999999999996447, 9.000000000000000000, 50.00000000000002132 ) ) ;
#2224 = DIRECTION ( 'NONE',  ( -1.000000000000000000, 0.000000000000000000, 0.000000000000000000 ) ) ;
#2225 = DIRECTION ( 'NONE',  ( 0.000000000000000000, 1.000000000000000000, 0.000000000000000000 ) ) ;
#2226 = VERTEX_POINT ( 'NONE', #3015 ) ;
#2227 = CIRCLE ( 'NONE', #2101, 1.600000000000002531 ) ;
#2228 = ADVANCED_FACE ( 'NONE', ( #1801 ), #1111, .F. ) ;
#2229 = ORIENTED_EDGE ( 'NONE', *, *, #1901, .T. ) ;
#2230 = ADVANCED_FACE ( 'NONE', ( #1390 ), #2733, .F. ) ;
#2231 = LINE ( 'NONE', #1492, #2071 ) ;
#2232 = CARTESIAN_POINT ( 'NONE',  ( 42.39999999999999147, 19.99999999999999645, -79.00000000000007105 ) ) ;
#2233 = ORIENTED_EDGE ( 'NONE', *, *, #351, .F. ) ;
#2234 = ORIENTED_EDGE ( 'NONE', *, *, #2998, .T. ) ;
#2235 = EDGE_CURVE ( 'NONE', #2435, #238, #656, .T. ) ;
#2236 = AXIS2_PLACEMENT_3D ( 'NONE', #299, #1644, #696 ) ;
#2237 = DIRECTION ( 'NONE',  ( -0.000000000000000000, -1.000000000000000000, -0.000000000000000000 ) ) ;
#2238 = DIRECTION ( 'NONE',  ( -1.000000000000000000, -0.000000000000000000, -0.000000000000000000 ) ) ;
#2239 = ORIENTED_EDGE ( 'NONE', *, *, #1817, .F. ) ;
#2240 = CARTESIAN_POINT ( 'NONE',  ( 33.14999999999999858, 9.000000000000000000, -81.80000000000005400 ) ) ;
#2241 = FACE_OUTER_BOUND ( 'NONE', #1333, .T. ) ;
#2242 = DIRECTION ( 'NONE',  ( -0.000000000000000000, -1.000000000000000000, -0.000000000000000000 ) ) ;
#2243 = CARTESIAN_POINT ( 'NONE',  ( 59.99999999999997868, 9.000000000000000000, -39.99999999999995737 ) ) ;
#2244 = EDGE_CURVE ( 'NONE', #1265, #2901, #2776, .T. ) ;
#2245 = EDGE_LOOP ( 'NONE', ( #2121, #515 ) ) ;
#2246 = EDGE_LOOP ( 'NONE', ( #1114, #2447, #982, #1710 ) ) ;
#2247 = VECTOR ( 'NONE', #2502, 1000.000000000000000 ) ;
#2248 = VECTOR ( 'NONE', #525, 1000.000000000000000 ) ;
#2249 = DIRECTION ( 'NONE',  ( -3.469446951953614189E-16, 0.000000000000000000, 1.000000000000000000 ) ) ;
#2250 = CARTESIAN_POINT ( 'NONE',  ( 29.39999999999999503, 16.00000000000000000, -79.00000000000005684 ) ) ;
#2251 = ORIENTED_EDGE ( 'NONE', *, *, #403, .T. ) ;
#2252 = ORIENTED_EDGE ( 'NONE', *, *, #2983, .T. ) ;
#2253 = EDGE_CURVE ( 'NONE', #2379, #2900, #671, .T. ) ;
#2254 = CARTESIAN_POINT ( 'NONE',  ( -34.40000000000000568, 19.99999999999999645, -16.50000000000005684 ) ) ;
#2255 = CIRCLE ( 'NONE', #518, 10.00000000000000000 ) ;
#2256 = ORIENTED_EDGE ( 'NONE', *, *, #1251, .T. ) ;
#2257 = VECTOR ( 'NONE', #2242, 1000.000000000000000 ) ;
#2258 = FACE_OUTER_BOUND ( 'NONE', #2365, .T. ) ;
#2259 = CARTESIAN_POINT ( 'NONE',  ( -90.00000000000000000, 9.000000000000000000, 65.00000000000002842 ) ) ;
#2260 = CARTESIAN_POINT ( 'NONE',  ( 34.40000000000000568, 19.99999999999999645, -16.50000000000005684 ) ) ;
#2261 = APPLICATION_CONTEXT ( 'automotive_design' ) ;
#2262 = CARTESIAN_POINT ( 'NONE',  ( 38.39999999999999858, 16.00000000000000000, -83.00000000000005684 ) ) ;
#2263 = ORIENTED_EDGE ( 'NONE', *, *, #1573, .F. ) ;
#2264 = EDGE_LOOP ( 'NONE', ( #396, #1421, #728, #2824 ) ) ;
#2265 = CIRCLE ( 'NONE', #2603, 1.600000000000004086 ) ;
#2266 = CARTESIAN_POINT ( 'NONE',  ( 89.99999999999998579, 0.000000000000000000, -49.99999999999990763 ) ) ;
#2267 = CARTESIAN_POINT ( 'NONE',  ( 34.39999999999999858, 19.99999999999999645, -87.00000000000004263 ) ) ;
#2268 = ORIENTED_EDGE ( 'NONE', *, *, #1409, .T. ) ;
#2269 = CARTESIAN_POINT ( 'NONE',  ( -38.39999999999999858, 19.99999999999999645, -79.00000000000007105 ) ) ;
#2270 = ORIENTED_EDGE ( 'NONE', *, *, #1764, .F. ) ;
#2271 = EDGE_CURVE ( 'NONE', #3003, #1589, #444, .T. ) ;
#2272 = EDGE_CURVE ( 'NONE', #362, #1924, #459, .T. ) ;
#2273 =( LENGTH_UNIT ( ) NAMED_UNIT ( * ) SI_UNIT ( .MILLI., .METRE. ) );
#2274 = CARTESIAN_POINT ( 'NONE',  ( -64.99999999999972999, 0.000000000000000000, 81.60000000000003695 ) ) ;
#2275 = FACE_BOUND ( 'NONE', #1464, .T. ) ;
#2276 = DIRECTION ( 'NONE',  ( 0.000000000000000000, 0.000000000000000000, 1.000000000000000000 ) ) ;
#2277 = EDGE_LOOP ( 'NONE', ( #672, #1239, #148, #2985, #1790, #1606 ) ) ;
#2278 = ADVANCED_FACE ( 'NONE', ( #1403 ), #1343, .F. ) ;
#2279 = EDGE_LOOP ( 'NONE', ( #1803, #2049, #74, #1754 ) ) ;
#2280 = LINE ( 'NONE', #2047, #779 ) ;
#2281 = ORIENTED_EDGE ( 'NONE', *, *, #911, .F. ) ;
#2282 =( LENGTH_UNIT ( ) NAMED_UNIT ( * ) SI_UNIT ( .MILLI., .METRE. ) );
#2283 = EDGE_CURVE ( 'NONE', #2628, #1312, #2280, .T. ) ;
#2284 = EDGE_LOOP ( 'NONE', ( #2046, #3007, #410, #2382 ) ) ;
#2285 = ORIENTED_EDGE ( 'NONE', *, *, #2769, .T. ) ;
#2286 = EDGE_CURVE ( 'NONE', #176, #21, #1528, .T. ) ;
#2287 = DIRECTION ( 'NONE',  ( 0.000000000000000000, 0.000000000000000000, 1.000000000000000000 ) ) ;
#2288 = ORIENTED_EDGE ( 'NONE', *, *, #2842, .F. ) ;
#2289 = AXIS2_PLACEMENT_3D ( 'NONE', #589, #821, #1943 ) ;
#2290 = CARTESIAN_POINT ( 'NONE',  ( -24.30000000000001847, 9.000000000000000000, 50.00000000000004974 ) ) ;
#2291 = LINE ( 'NONE', #2274, #2247 ) ;
#2292 = AXIS2_PLACEMENT_3D ( 'NONE', #1905, #2615, #2337 ) ;
#2293 = DIRECTION ( 'NONE',  ( -0.000000000000000000, 1.000000000000000000, -0.000000000000000000 ) ) ;
#2294 = LINE ( 'NONE', #424, #1559 ) ;
#2295 = ORIENTED_EDGE ( 'NONE', *, *, #2272, .T. ) ;
#2296 = ORIENTED_EDGE ( 'NONE', *, *, #3005, .T. ) ;
#2297 = CARTESIAN_POINT ( 'NONE',  ( 64.99999999999975842, 0.000000000000000000, -79.99999999999988631 ) ) ;
#2298 = ORIENTED_EDGE ( 'NONE', *, *, #1124, .T. ) ;
#2299 = CARTESIAN_POINT ( 'NONE',  ( 24.50000000000000711, 0.000000000000000000, 70.00000000000004263 ) ) ;
#2300 = ORIENTED_EDGE ( 'NONE', *, *, #2495, .F. ) ;
#2301 = EDGE_LOOP ( 'NONE', ( #1420, #878 ) ) ;
#2302 = AXIS2_PLACEMENT_3D ( 'NONE', #648, #1131, #1321 ) ;
#2303 = VECTOR ( 'NONE', #709, 1000.000000000000000 ) ;
#2304 = LINE ( 'NONE', #1547, #1267 ) ;
#2305 = EDGE_LOOP ( 'NONE', ( #2827, #1980 ) ) ;
#2306 = CIRCLE ( 'NONE', #2638, 1.600000000000004086 ) ;
#2307 = CARTESIAN_POINT ( 'NONE',  ( 0.000000000000000000, 0.000000000000000000, 0.000000000000000000 ) ) ;
#2308 = DIRECTION ( 'NONE',  ( -0.000000000000000000, -1.000000000000000000, -0.000000000000000000 ) ) ;
#2309 = FACE_BOUND ( 'NONE', #861, .T. ) ;
#2310 = CARTESIAN_POINT ( 'NONE',  ( -79.99999999999975842, 9.000000000000000000, -63.39999999999988489 ) ) ;
#2311 = DIRECTION ( 'NONE',  ( -0.000000000000000000, -1.000000000000000000, -0.000000000000000000 ) ) ;
#2312 = EDGE_LOOP ( 'NONE', ( #2430, #1045, #1647, #1445 ) ) ;
#2313 = ADVANCED_FACE ( 'NONE', ( #2581 ), #1432, .T. ) ;
#2314 = EDGE_CURVE ( 'NONE', #2099, #27, #2391, .T. ) ;
#2315 = FACE_OUTER_BOUND ( 'NONE', #226, .T. ) ;
#2316 = EDGE_LOOP ( 'NONE', ( #2643, #1132, #1170, #470 ) ) ;
#2317 = CARTESIAN_POINT ( 'NONE',  ( 64.99999999999975842, 9.000000000000000000, -81.59999999999989484 ) ) ;
#2318 = EDGE_LOOP ( 'NONE', ( #1302, #2742, #1822, #3044, #2725, #2735, #1381, #1546, #1494, #1249, #2251, #2229, #1311, #2996, #1329, #661, #1835, #2938, #847, #2031, #935, #615, #2334, #354 ) ) ;
#2319 = VECTOR ( 'NONE', #179, 1000.000000000000000 ) ;
#2320 = CARTESIAN_POINT ( 'NONE',  ( -34.39999999999999858, 19.99999999999999645, -83.00000000000005684 ) ) ;
#2321 = VECTOR ( 'NONE', #2984, 1000.000000000000000 ) ;
#2322 = EDGE_CURVE ( 'NONE', #350, #545, #286, .T. ) ;
#2323 = VERTEX_POINT ( 'NONE', #223 ) ;
#2324 = PLANE ( 'NONE',  #280 ) ;
#2325 = CARTESIAN_POINT ( 'NONE',  ( -64.99999999999975842, 0.000000000000000000, -79.99999999999988631 ) ) ;
#2326 = EDGE_CURVE ( 'NONE', #1206, #2561, #484, .T. ) ;
#2327 = CARTESIAN_POINT ( 'NONE',  ( -42.39999999999999147, 19.99999999999999645, -20.50000000000005329 ) ) ;
#2328 = ORIENTED_EDGE ( 'NONE', *, *, #2596, .T. ) ;
#2329 = ORIENTED_EDGE ( 'NONE', *, *, #1723, .T. ) ;
#2330 = DIRECTION ( 'NONE',  ( 0.000000000000000000, -1.000000000000000000, 0.000000000000000000 ) ) ;
#2331 = EDGE_CURVE ( 'NONE', #2212, #2988, #252, .T. ) ;
#2332 = ORIENTED_EDGE ( 'NONE', *, *, #541, .F. ) ;
#2333 = CARTESIAN_POINT ( 'NONE',  ( -42.39999999999999147, 19.99999999999999645, -79.00000000000007105 ) ) ;
#2334 = ORIENTED_EDGE ( 'NONE', *, *, #416, .T. ) ;
#2335 = EDGE_CURVE ( 'NONE', #1645, #2794, #269, .T. ) ;
#2336 = ADVANCED_FACE ( 'NONE', ( #1214 ), #936, .F. ) ;
#2337 = DIRECTION ( 'NONE',  ( 0.000000000000000000, 0.000000000000000000, -1.000000000000000000 ) ) ;
#2338 = AXIS2_PLACEMENT_3D ( 'NONE', #1195, #2173, #960 ) ;
#2339 = ORIENTED_EDGE ( 'NONE', *, *, #1885, .T. ) ;
#2340 = DIRECTION ( 'NONE',  ( 0.000000000000000000, 0.000000000000000000, 1.000000000000000000 ) ) ;
#2341 = VECTOR ( 'NONE', #469, 1000.000000000000000 ) ;
#2342 = FACE_BOUND ( 'NONE', #1274, .T. ) ;
#2343 = CYLINDRICAL_SURFACE ( 'NONE', #667, 1.600000000000004086 ) ;
#2344 = VECTOR ( 'NONE', #1587, 1000.000000000000000 ) ;
#2345 = ORIENTED_EDGE ( 'NONE', *, *, #471, .F. ) ;
#2346 = VERTEX_POINT ( 'NONE', #1932 ) ;
#2347 = EDGE_CURVE ( 'NONE', #1740, #137, #2151, .T. ) ;
#2348 = CARTESIAN_POINT ( 'NONE',  ( 30.65000000000000213, 16.00000000000000000, -83.00000000000005684 ) ) ;
#2349 = ORIENTED_EDGE ( 'NONE', *, *, #1831, .T. ) ;
#2350 = CARTESIAN_POINT ( 'NONE',  ( 0.000000000000000000, 16.00000000000000000, 0.000000000000000000 ) ) ;
#2351 = ORIENTED_EDGE ( 'NONE', *, *, #1048, .T. ) ;
#2352 = AXIS2_PLACEMENT_3D ( 'NONE', #1005, #565, #91 ) ;
#2353 = AXIS2_PLACEMENT_3D ( 'NONE', #1244, #820, #2174 ) ;
#2354 = EDGE_CURVE ( 'NONE', #1271, #642, #2068, .T. ) ;
#2355 = CARTESIAN_POINT ( 'NONE',  ( 42.39999999999999147, 19.99999999999999645, -87.00000000000004263 ) ) ;
#2356 = DIRECTION ( 'NONE',  ( 0.000000000000000000, 0.000000000000000000, 1.000000000000000000 ) ) ;
#2357 = DIRECTION ( 'NONE',  ( 1.000000000000000000, 0.000000000000000000, 0.000000000000000000 ) ) ;
#2358 = PLANE ( 'NONE',  #2038 ) ;
#2359 = VECTOR ( 'NONE', #1891, 1000.000000000000000 ) ;
#2360 = ORIENTED_EDGE ( 'NONE', *, *, #2596, .F. ) ;
#2361 = DIRECTION ( 'NONE',  ( 0.000000000000000000, 1.000000000000000000, -0.000000000000000000 ) ) ;
#2362 = ORIENTED_EDGE ( 'NONE', *, *, #2790, .T. ) ;
#2363 = DIRECTION ( 'NONE',  ( 0.000000000000000000, -1.000000000000000000, 0.000000000000000000 ) ) ;
#2364 = DIRECTION ( 'NONE',  ( 0.000000000000000000, 0.000000000000000000, 1.000000000000000000 ) ) ;
#2365 = EDGE_LOOP ( 'NONE', ( #3026, #2906, #2239, #2109, #2496, #1495 ) ) ;
#2366 = VECTOR ( 'NONE', #1507, 1000.000000000000000 ) ;
#2367 = VECTOR ( 'NONE', #1768, 1000.000000000000000 ) ;
#2368 = DIRECTION ( 'NONE',  ( 0.000000000000000000, 0.000000000000000000, 1.000000000000000000 ) ) ;
#2369 = LINE ( 'NONE', #942, #355 ) ;
#2370 = EDGE_CURVE ( 'NONE', #2613, #2212, #1282, .T. ) ;
#2371 = CARTESIAN_POINT ( 'NONE',  ( -79.99999999999974420, 0.000000000000000000, 65.00000000000001421 ) ) ;
#2372 = CARTESIAN_POINT ( 'NONE',  ( -24.49999999999999289, 0.000000000000000000, 70.00000000000005684 ) ) ;
#2373 = ORIENTED_EDGE ( 'NONE', *, *, #2370, .F. ) ;
#2374 = AXIS2_PLACEMENT_3D ( 'NONE', #1774, #859, #1360 ) ;
#2375 = EDGE_CURVE ( 'NONE', #208, #647, #1646, .T. ) ;
#2376 = EDGE_CURVE ( 'NONE', #169, #1447, #2265, .T. ) ;
#2377 = CARTESIAN_POINT ( 'NONE',  ( 38.39999999999999858, 9.000000000000000000, -83.00000000000005684 ) ) ;
#2378 = ORIENTED_EDGE ( 'NONE', *, *, #1729, .F. ) ;
#2379 = VERTEX_POINT ( 'NONE', #2807 ) ;
#2380 = DIRECTION ( 'NONE',  ( -0.000000000000000000, -1.000000000000000000, -0.000000000000000000 ) ) ;
#2381 = CARTESIAN_POINT ( 'NONE',  ( 19.25000000000000000, 9.000000000000000000, 8.000000000000062172 ) ) ;
#2382 = ORIENTED_EDGE ( 'NONE', *, *, #1409, .F. ) ;
#2383 = ADVANCED_FACE ( 'NONE', ( #2636 ), #528, .F. ) ;
#2384 = CIRCLE ( 'NONE', #1052, 1.600000000000004086 ) ;
#2385 = CARTESIAN_POINT ( 'NONE',  ( -24.49999999999999289, 0.000000000000000000, 70.00000000000005684 ) ) ;
#2386 = CARTESIAN_POINT ( 'NONE',  ( -34.39999999999999858, 16.00000000000000000, -20.50000000000003908 ) ) ;
#2387 = DIRECTION ( 'NONE',  ( 1.000000000000000000, 0.000000000000000000, 0.000000000000000000 ) ) ;
#2388 = CYLINDRICAL_SURFACE ( 'NONE', #510, 1.600000000000004086 ) ;
#2389 = ORIENTED_EDGE ( 'NONE', *, *, #2770, .F. ) ;
#2390 = AXIS2_PLACEMENT_3D ( 'NONE', #540, #2425, #2474 ) ;
#2391 = LINE ( 'NONE', #1446, #1084 ) ;
#2392 = ORIENTED_EDGE ( 'NONE', *, *, #1566, .T. ) ;
#2393 = DIRECTION ( 'NONE',  ( 0.000000000000000000, 1.000000000000000000, 0.000000000000000000 ) ) ;
#2394 = DIRECTION ( 'NONE',  ( -1.000000000000000000, 0.000000000000000000, 0.000000000000000000 ) ) ;
#2395 = ORIENTED_EDGE ( 'NONE', *, *, #858, .T. ) ;
#2396 = CARTESIAN_POINT ( 'NONE',  ( -42.39999999999999147, 19.99999999999999645, -20.50000000000005329 ) ) ;
#2397 = CARTESIAN_POINT ( 'NONE',  ( 34.39999999999999858, 19.99999999999999645, -87.00000000000004263 ) ) ;
#2398 = AXIS2_PLACEMENT_3D ( 'NONE', #1549, #372, #1117 ) ;
#2399 = CARTESIAN_POINT ( 'NONE',  ( -42.39999999999999147, 9.000000000000000000, -79.00000000000007105 ) ) ;
#2400 = CARTESIAN_POINT ( 'NONE',  ( -90.00000000000000000, 9.000000000000000000, 65.00000000000002842 ) ) ;
#2401 = DIRECTION ( 'NONE',  ( 1.908195823574487409E-15, 0.000000000000000000, -1.000000000000000000 ) ) ;
#2402 = ORIENTED_EDGE ( 'NONE', *, *, #2903, .T. ) ;
#2403 = ORIENTED_EDGE ( 'NONE', *, *, #90, .T. ) ;
#2404 = EDGE_CURVE ( 'NONE', #1753, #3003, #2136, .T. ) ;
#2405 = LINE ( 'NONE', #289, #2950 ) ;
#2406 = CARTESIAN_POINT ( 'NONE',  ( -38.39999999999999858, 19.99999999999999645, -20.50000000000005329 ) ) ;
#2407 = EDGE_CURVE ( 'NONE', #288, #315, #1668, .T. ) ;
#2408 = VERTEX_POINT ( 'NONE', #54 ) ;
#2409 = CARTESIAN_POINT ( 'NONE',  ( 79.99999999999977263, 0.000000000000000000, 65.00000000000002842 ) ) ;
#2410 = CARTESIAN_POINT ( 'NONE',  ( 39.99999999999996447, 0.000000000000000000, 20.00000000000005329 ) ) ;
#2411 = VECTOR ( 'NONE', #1784, 1000.000000000000000 ) ;
#2412 = CARTESIAN_POINT ( 'NONE',  ( 64.99999999999978684, 0.000000000000000000, 80.00000000000002842 ) ) ;
#2413 = DIRECTION ( 'NONE',  ( 0.000000000000000000, 0.000000000000000000, 1.000000000000000000 ) ) ;
#2414 = CIRCLE ( 'NONE', #443, 1.600000000000004086 ) ;
#2415 = DIRECTION ( 'NONE',  ( 0.000000000000000000, 0.000000000000000000, -1.000000000000000000 ) ) ;
#2416 = EDGE_LOOP ( 'NONE', ( #1732, #1161, #2580, #2296, #1082, #2923 ) ) ;
#2417 = CARTESIAN_POINT ( 'NONE',  ( -60.00000000000001421, 0.000000000000000000, -40.00000000000001421 ) ) ;
#2418 = DIRECTION ( 'NONE',  ( 0.000000000000000000, -0.000000000000000000, 1.000000000000000000 ) ) ;
#2419 = EDGE_CURVE ( 'NONE', #195, #2775, #758, .T. ) ;
#2420 = VERTEX_POINT ( 'NONE', #947 ) ;
#2421 = ORIENTED_EDGE ( 'NONE', *, *, #911, .T. ) ;
#2422 = CARTESIAN_POINT ( 'NONE',  ( -50.00000000000000000, 9.000000000000000000, 20.00000000000005329 ) ) ;
#2423 = CARTESIAN_POINT ( 'NONE',  ( 64.99999999999975842, 9.000000000000000000, 90.00000000000007105 ) ) ;
#2424 = LINE ( 'NONE', #1024, #1997 ) ;
#2425 = DIRECTION ( 'NONE',  ( 0.000000000000000000, 1.000000000000000000, 0.000000000000000000 ) ) ;
#2426 = CYLINDRICAL_SURFACE ( 'NONE', #1326, 10.00000000000000178 ) ;
#2427 = DIRECTION ( 'NONE',  ( 0.000000000000000000, 0.000000000000000000, 1.000000000000000000 ) ) ;
#2428 = EDGE_LOOP ( 'NONE', ( #1949, #945, #1739, #1814 ) ) ;
#2429 = AXIS2_PLACEMENT_3D ( 'NONE', #2683, #81, #1041 ) ;
#2430 = ORIENTED_EDGE ( 'NONE', *, *, #2974, .F. ) ;
#2431 = EDGE_CURVE ( 'NONE', #1447, #169, #439, .T. ) ;
#2432 = LINE ( 'NONE', #2655, #196 ) ;
#2433 = CIRCLE ( 'NONE', #3021, 1.600000000000004086 ) ;
#2434 = DIRECTION ( 'NONE',  ( 0.000000000000000000, 1.000000000000000000, 0.000000000000000000 ) ) ;
#2435 = VERTEX_POINT ( 'NONE', #2916 ) ;
#2436 = ORIENTED_EDGE ( 'NONE', *, *, #2863, .F. ) ;
#2437 = DIRECTION ( 'NONE',  ( -1.734723475976811630E-15, 0.000000000000000000, 1.000000000000000000 ) ) ;
#2438 = LINE ( 'NONE', #322, #848 ) ;
#2439 = VERTEX_POINT ( 'NONE', #2446 ) ;
#2440 = EDGE_CURVE ( 'NONE', #843, #896, #1382, .T. ) ;
#2441 = LINE ( 'NONE', #325, #1461 ) ;
#2442 = CARTESIAN_POINT ( 'NONE',  ( 42.39999999999999147, 19.99999999999999645, -20.50000000000005329 ) ) ;
#2443 = DIRECTION ( 'NONE',  ( 0.000000000000000000, 1.000000000000000000, 0.000000000000000000 ) ) ;
#2444 = AXIS2_PLACEMENT_3D ( 'NONE', #2470, #352, #2287 ) ;
#2445 = VECTOR ( 'NONE', #1057, 1000.000000000000000 ) ;
#2446 = CARTESIAN_POINT ( 'NONE',  ( 24.29999999999998650, 9.000000000000000000, 50.00000000000004974 ) ) ;
#2447 = ORIENTED_EDGE ( 'NONE', *, *, #2000, .F. ) ;
#2448 = ORIENTED_EDGE ( 'NONE', *, *, #2551, .F. ) ;
#2449 = FACE_BOUND ( 'NONE', #146, .T. ) ;
#2450 = LINE ( 'NONE', #2169, #1748 ) ;
#2451 = ORIENTED_EDGE ( 'NONE', *, *, #2695, .T. ) ;
#2452 = CARTESIAN_POINT ( 'NONE',  ( 79.99999999999975842, 0.000000000000000000, -63.39999999999988489 ) ) ;
#2453 = DIRECTION ( 'NONE',  ( 0.000000000000000000, 1.000000000000000000, -0.000000000000000000 ) ) ;
#2454 = ORIENTED_EDGE ( 'NONE', *, *, #1724, .F. ) ;
#2455 = PLANE ( 'NONE',  #2353 ) ;
#2456 = DIRECTION ( 'NONE',  ( 0.000000000000000000, 1.000000000000000000, -0.000000000000000000 ) ) ;
#2457 = CARTESIAN_POINT ( 'NONE',  ( -38.39999999999999858, 16.00000000000000000, -16.50000000000005684 ) ) ;
#2458 = ADVANCED_FACE ( 'NONE', ( #2178 ), #314, .F. ) ;
#2459 = VECTOR ( 'NONE', #2667, 1000.000000000000000 ) ;
#2460 = AXIS2_PLACEMENT_3D ( 'NONE', #2325, #2517, #1151 ) ;
#2461 = LINE ( 'NONE', #2884, #2459 ) ;
#2462 = ORIENTED_EDGE ( 'NONE', *, *, #364, .F. ) ;
#2463 = AXIS2_PLACEMENT_3D ( 'NONE', #2583, #2393, #1220 ) ;
#2464 = VERTEX_POINT ( 'NONE', #773 ) ;
#2465 = FACE_OUTER_BOUND ( 'NONE', #923, .T. ) ;
#2466 = FACE_OUTER_BOUND ( 'NONE', #2658, .T. ) ;
#2467 = ORIENTED_EDGE ( 'NONE', *, *, #862, .T. ) ;
#2468 = ORIENTED_EDGE ( 'NONE', *, *, #1566, .F. ) ;
#2469 = VECTOR ( 'NONE', #1556, 1000.000000000000000 ) ;
#2470 = CARTESIAN_POINT ( 'NONE',  ( 19.25000000000000000, 0.000000000000000000, 8.000000000000062172 ) ) ;
#2471 = FACE_OUTER_BOUND ( 'NONE', #2062, .T. ) ;
#2472 = EDGE_LOOP ( 'NONE', ( #965, #2081, #568, #2467 ) ) ;
#2473 = CARTESIAN_POINT ( 'NONE',  ( -79.99999999999974420, 9.000000000000000000, 63.40000000000001279 ) ) ;
#2474 = DIRECTION ( 'NONE',  ( 0.000000000000000000, 0.000000000000000000, 1.000000000000000000 ) ) ;
#2475 = DIRECTION ( 'NONE',  ( 0.000000000000000000, 0.000000000000000000, 1.000000000000000000 ) ) ;
#2476 = FACE_OUTER_BOUND ( 'NONE', #766, .T. ) ;
#2477 = ORIENTED_EDGE ( 'NONE', *, *, #2286, .T. ) ;
#2478 = AXIS2_PLACEMENT_3D ( 'NONE', #1305, #551, #353 ) ;
#2479 = ORIENTED_EDGE ( 'NONE', *, *, #721, .T. ) ;
#2480 = CARTESIAN_POINT ( 'NONE',  ( 24.50000000000000711, 0.000000000000000000, 68.40000000000004832 ) ) ;
#2481 = CYLINDRICAL_SURFACE ( 'NONE', #2752, 1.600000000000004086 ) ;
#2482 = ORIENTED_EDGE ( 'NONE', *, *, #508, .T. ) ;
#2483 = VERTEX_POINT ( 'NONE', #1541 ) ;
#2484 = VECTOR ( 'NONE', #2812, 1000.000000000000000 ) ;
#2485 = LINE ( 'NONE', #2254, #2828 ) ;
#2486 = VERTEX_POINT ( 'NONE', #1264 ) ;
#2487 = DIRECTION ( 'NONE',  ( 0.000000000000000000, 0.000000000000000000, 1.000000000000000000 ) ) ;
#2488 = PLANE ( 'NONE',  #1257 ) ;
#2489 = LINE ( 'NONE', #376, #1819 ) ;
#2490 = DIRECTION ( 'NONE',  ( 0.000000000000000000, 1.000000000000000000, 0.000000000000000000 ) ) ;
#2491 = ORIENTED_EDGE ( 'NONE', *, *, #2585, .F. ) ;
#2492 = ORIENTED_EDGE ( 'NONE', *, *, #2286, .F. ) ;
#2493 = DIRECTION ( 'NONE',  ( 1.000000000000000000, 0.000000000000000000, 0.000000000000000000 ) ) ;
#2494 = CARTESIAN_POINT ( 'NONE',  ( -90.00000000000000000, 9.000000000000000000, 65.00000000000002842 ) ) ;
#2495 = EDGE_CURVE ( 'NONE', #855, #871, #2743, .T. ) ;
#2496 = ORIENTED_EDGE ( 'NONE', *, *, #2564, .F. ) ;
#2497 = CARTESIAN_POINT ( 'NONE',  ( 60.00000000000000000, 9.000000000000000000, -49.99999999999996447 ) ) ;
#2498 = AXIS2_PLACEMENT_3D ( 'NONE', #989, #1194, #1682 ) ;
#2499 = ORIENTED_EDGE ( 'NONE', *, *, #2210, .T. ) ;
#2500 = ADVANCED_FACE ( 'NONE', ( #2476 ), #114, .F. ) ;
#2501 = LINE ( 'NONE', #880, #2194 ) ;
#2502 = DIRECTION ( 'NONE',  ( -0.000000000000000000, 1.000000000000000000, -0.000000000000000000 ) ) ;
#2503 = DIRECTION ( 'NONE',  ( -0.000000000000000000, -1.000000000000000000, -0.000000000000000000 ) ) ;
#2504 = EDGE_CURVE ( 'NONE', #1576, #3004, #2461, .T. ) ;
#2505 = DIRECTION ( 'NONE',  ( -0.000000000000000000, 1.000000000000000000, -0.000000000000000000 ) ) ;
#2506 = VERTEX_POINT ( 'NONE', #100 ) ;
#2507 = ORIENTED_EDGE ( 'NONE', *, *, #290, .F. ) ;
#2508 = CIRCLE ( 'NONE', #882, 1.600000000000004086 ) ;
#2509 = AXIS2_PLACEMENT_3D ( 'NONE', #1898, #729, #1675 ) ;
#2510 = DIRECTION ( 'NONE',  ( -0.000000000000000000, -0.000000000000000000, 1.000000000000000000 ) ) ;
#2511 = EDGE_LOOP ( 'NONE', ( #680, #826, #1200, #1377 ) ) ;
#2512 = DIRECTION ( 'NONE',  ( 1.000000000000000000, 0.000000000000000000, 1.734723475976808672E-15 ) ) ;
#2513 = ORIENTED_EDGE ( 'NONE', *, *, #3038, .T. ) ;
#2514 = DIRECTION ( 'NONE',  ( 0.000000000000000000, 1.000000000000000000, 0.000000000000000000 ) ) ;
#2515 = VERTEX_POINT ( 'NONE', #1296 ) ;
#2516 = DIRECTION ( 'NONE',  ( 0.000000000000000000, 0.000000000000000000, 1.000000000000000000 ) ) ;
#2517 = DIRECTION ( 'NONE',  ( -0.000000000000000000, 1.000000000000000000, -0.000000000000000000 ) ) ;
#2518 = LINE ( 'NONE', #870, #2982 ) ;
#2519 = CARTESIAN_POINT ( 'NONE',  ( 42.39999999999999147, 9.000000000000000000, -79.00000000000007105 ) ) ;
#2520 = EDGE_LOOP ( 'NONE', ( #1833, #967 ) ) ;
#2521 = VECTOR ( 'NONE', #2356, 1000.000000000000000 ) ;
#2522 = FACE_OUTER_BOUND ( 'NONE', #2472, .T. ) ;
#2523 = ORIENTED_EDGE ( 'NONE', *, *, #40, .F. ) ;
#2524 = CARTESIAN_POINT ( 'NONE',  ( -19.25000000000000000, 9.000000000000000000, 8.000000000000062172 ) ) ;
#2525 = ORIENTED_EDGE ( 'NONE', *, *, #249, .F. ) ;
#2526 = ORIENTED_EDGE ( 'NONE', *, *, #1457, .F. ) ;
#2527 = CARTESIAN_POINT ( 'NONE',  ( -49.99999999999999289, 0.000000000000000000, 49.99999999999997868 ) ) ;
#2528 = VERTEX_POINT ( 'NONE', #2948 ) ;
#2529 = VECTOR ( 'NONE', #1487, 1000.000000000000000 ) ;
#2530 = PLANE ( 'NONE',  #1164 ) ;
#2531 = VECTOR ( 'NONE', #2873, 1000.000000000000000 ) ;
#2532 = FACE_OUTER_BOUND ( 'NONE', #864, .T. ) ;
#2533 = DIRECTION ( 'NONE',  ( 0.000000000000000000, 1.000000000000000000, 0.000000000000000000 ) ) ;
#2534 = EDGE_LOOP ( 'NONE', ( #1561, #1168 ) ) ;
#2535 = ORIENTED_EDGE ( 'NONE', *, *, #1632, .F. ) ;
#2536 = CARTESIAN_POINT ( 'NONE',  ( 38.39999999999999858, 9.000000000000000000, -79.00000000000007105 ) ) ;
#2537 = VERTEX_POINT ( 'NONE', #824 ) ;
#2538 = LINE ( 'NONE', #2065, #2076 ) ;
#2539 = VERTEX_POINT ( 'NONE', #359 ) ;
#2540 = VECTOR ( 'NONE', #1793, 1000.000000000000000 ) ;
#2541 = AXIS2_PLACEMENT_3D ( 'NONE', #1733, #1009, #784 ) ;
#2542 = CARTESIAN_POINT ( 'NONE',  ( -50.00000000000000711, 0.000000000000000000, -40.00000000000001421 ) ) ;
#2543 = EDGE_LOOP ( 'NONE', ( #2761, #2933, #267, #921 ) ) ;
#2544 = VECTOR ( 'NONE', #1698, 1000.000000000000000 ) ;
#2545 = CARTESIAN_POINT ( 'NONE',  ( -60.00000000000001421, 9.000000000000000000, -40.00000000000001421 ) ) ;
#2546 = CARTESIAN_POINT ( 'NONE',  ( -50.00000000000000711, 9.000000000000000000, -40.00000000000001421 ) ) ;
#2547 = EDGE_CURVE ( 'NONE', #350, #2970, #575, .T. ) ;
#2548 = EDGE_CURVE ( 'NONE', #2777, #1342, #1133, .T. ) ;
#2549 = ADVANCED_FACE ( 'NONE', ( #344 ), #68, .F. ) ;
#2550 = CARTESIAN_POINT ( 'NONE',  ( -79.99999999999974420, 9.000000000000000000, 65.00000000000001421 ) ) ;
#2551 = EDGE_CURVE ( 'NONE', #2681, #2712, #2652, .T. ) ;
#2552 = CARTESIAN_POINT ( 'NONE',  ( 38.39999999999999858, 16.00000000000000000, -83.00000000000005684 ) ) ;
#2553 = ORIENTED_EDGE ( 'NONE', *, *, #2867, .F. ) ;
#2554 = DIRECTION ( 'NONE',  ( 0.000000000000000000, 0.000000000000000000, 1.000000000000000000 ) ) ;
#2555 = ORIENTED_EDGE ( 'NONE', *, *, #264, .F. ) ;
#2556 = CYLINDRICAL_SURFACE ( 'NONE', #94, 10.00000000000000178 ) ;
#2557 = VERTEX_POINT ( 'NONE', #2899 ) ;
#2558 = VECTOR ( 'NONE', #1358, 1000.000000000000000 ) ;
#2559 = DIRECTION ( 'NONE',  ( 1.000000000000000000, 0.000000000000000000, 0.000000000000000000 ) ) ;
#2560 = VECTOR ( 'NONE', #857, 1000.000000000000000 ) ;
#2561 = VERTEX_POINT ( 'NONE', #1948 ) ;
#2562 = DIRECTION ( 'NONE',  ( 1.000000000000000000, 0.000000000000000000, -0.000000000000000000 ) ) ;
#2563 = CARTESIAN_POINT ( 'NONE',  ( 49.99999999999996447, 0.000000000000000000, 50.00000000000002132 ) ) ;
#2564 = EDGE_CURVE ( 'NONE', #2346, #1265, #1509, .T. ) ;
#2565 = DIRECTION ( 'NONE',  ( 0.000000000000000000, 1.000000000000000000, -0.000000000000000000 ) ) ;
#2566 = PLANE ( 'NONE',  #799 ) ;
#2567 = ORIENTED_EDGE ( 'NONE', *, *, #1684, .F. ) ;
#2568 = CARTESIAN_POINT ( 'NONE',  ( 24.50000000000000711, 0.000000000000000000, 71.60000000000005116 ) ) ;
#2569 = VERTEX_POINT ( 'NONE', #1994 ) ;
#2570 = EDGE_CURVE ( 'NONE', #1728, #2420, #536, .T. ) ;
#2571 = FACE_BOUND ( 'NONE', #630, .T. ) ;
#2572 = AXIS2_PLACEMENT_3D ( 'NONE', #2417, #2363, #1903 ) ;
#2573 = VERTEX_POINT ( 'NONE', #2931 ) ;
#2574 = LINE ( 'NONE', #707, #2878 ) ;
#2575 = AXIS2_PLACEMENT_3D ( 'NONE', #1811, #2044, #2774 ) ;
#2576 = CARTESIAN_POINT ( 'NONE',  ( -64.99999999999972999, 0.000000000000000000, 78.40000000000001990 ) ) ;
#2577 = PLANE ( 'NONE',  #969 ) ;
#2578 = AXIS2_PLACEMENT_3D ( 'NONE', #291, #1002, #1285 ) ;
#2579 = CARTESIAN_POINT ( 'NONE',  ( -79.99999999999974420, 9.000000000000000000, 66.60000000000002274 ) ) ;
#2580 = ORIENTED_EDGE ( 'NONE', *, *, #1855, .T. ) ;
#2581 = FACE_OUTER_BOUND ( 'NONE', #2428, .T. ) ;
#2582 = ORIENTED_EDGE ( 'NONE', *, *, #2621, .F. ) ;
#2583 = CARTESIAN_POINT ( 'NONE',  ( 79.99999999999977263, 0.000000000000000000, 65.00000000000002842 ) ) ;
#2584 = EDGE_CURVE ( 'NONE', #2900, #1859, #1335, .T. ) ;
#2585 = EDGE_CURVE ( 'NONE', #2196, #1996, #1044, .T. ) ;
#2586 = FACE_OUTER_BOUND ( 'NONE', #874, .T. ) ;
#2587 = EDGE_CURVE ( 'NONE', #2624, #2569, #2013, .T. ) ;
#2588 = ORIENTED_EDGE ( 'NONE', *, *, #407, .T. ) ;
#2589 = CIRCLE ( 'NONE', #919, 1.600000000000004086 ) ;
#2590 = CARTESIAN_POINT ( 'NONE',  ( 33.14999999999999858, 0.000000000000000000, -81.80000000000005400 ) ) ;
#2591 = DIRECTION ( 'NONE',  ( 0.000000000000000000, -1.000000000000000000, 0.000000000000000000 ) ) ;
#2592 = EDGE_CURVE ( 'NONE', #2775, #362, #1248, .T. ) ;
#2593 = CARTESIAN_POINT ( 'NONE',  ( -19.25000000000000000, 9.000000000000000000, 9.600000000000065370 ) ) ;
#2594 = CARTESIAN_POINT ( 'NONE',  ( 64.99999999999975842, 0.000000000000000000, -78.39999999999989200 ) ) ;
#2595 = EDGE_LOOP ( 'NONE', ( #460, #2281, #2002, #1490 ) ) ;
#2596 = EDGE_CURVE ( 'NONE', #1589, #1637, #160, .T. ) ;
#2597 = DIRECTION ( 'NONE',  ( -1.000000000000000000, 0.000000000000000000, 0.000000000000000000 ) ) ;
#2598 = VERTEX_POINT ( 'NONE', #172 ) ;
#2599 = EDGE_CURVE ( 'NONE', #56, #2668, #1821, .T. ) ;
#2600 = CARTESIAN_POINT ( 'NONE',  ( -64.99999999999975842, 0.000000000000000000, -79.99999999999988631 ) ) ;
#2601 = PLANE ( 'NONE',  #1551 ) ;
#2602 = EDGE_LOOP ( 'NONE', ( #102, #1034, #161, #1112 ) ) ;
#2603 = AXIS2_PLACEMENT_3D ( 'NONE', #1185, #1660, #1882 ) ;
#2604 = AXIS2_PLACEMENT_3D ( 'NONE', #113, #2443, #2475 ) ;
#2605 = AXIS2_PLACEMENT_3D ( 'NONE', #1065, #117, #382 ) ;
#2606 = DIRECTION ( 'NONE',  ( -0.000000000000000000, -1.000000000000000000, 0.000000000000000000 ) ) ;
#2607 = LINE ( 'NONE', #2143, #652 ) ;
#2608 = DIRECTION ( 'NONE',  ( -0.000000000000000000, 1.000000000000000000, -0.000000000000000000 ) ) ;
#2609 = PLANE ( 'NONE',  #2236 ) ;
#2610 = CARTESIAN_POINT ( 'NONE',  ( -24.49999999999999289, 9.000000000000000000, 71.60000000000006537 ) ) ;
#2611 = VERTEX_POINT ( 'NONE', #3010 ) ;
#2612 = DIRECTION ( 'NONE',  ( 0.000000000000000000, 0.000000000000000000, 1.000000000000000000 ) ) ;
#2613 = VERTEX_POINT ( 'NONE', #918 ) ;
#2614 = CARTESIAN_POINT ( 'NONE',  ( 38.39999999999999858, 19.99999999999999645, -83.00000000000005684 ) ) ;
#2615 = DIRECTION ( 'NONE',  ( -0.000000000000000000, -1.000000000000000000, 0.000000000000000000 ) ) ;
#2616 = EDGE_LOOP ( 'NONE', ( #2813, #2654, #2067, #2926 ) ) ;
#2617 = CARTESIAN_POINT ( 'NONE',  ( -79.99999999999974420, 0.000000000000000000, 65.00000000000001421 ) ) ;
#2618 = LINE ( 'NONE', #2386, #2759 ) ;
#2619 = LINE ( 'NONE', #1228, #1069 ) ;
#2620 = DIRECTION ( 'NONE',  ( -1.000000000000000000, 0.000000000000000000, 0.000000000000000000 ) ) ;
#2621 = EDGE_CURVE ( 'NONE', #2795, #2794, #1810, .T. ) ;
#2622 = DIRECTION ( 'NONE',  ( 3.469446951953616654E-16, -1.000000000000000000, -0.000000000000000000 ) ) ;
#2623 = CARTESIAN_POINT ( 'NONE',  ( -64.99999999999975842, 0.000000000000000000, -64.99999999999988631 ) ) ;
#2624 = VERTEX_POINT ( 'NONE', #2262 ) ;
#2625 = EDGE_CURVE ( 'NONE', #1240, #1361, #2115, .T. ) ;
#2626 = DIRECTION ( 'NONE',  ( -0.000000000000000000, 1.000000000000000000, -0.000000000000000000 ) ) ;
#2627 = FACE_OUTER_BOUND ( 'NONE', #2871, .T. ) ;
#2628 = VERTEX_POINT ( 'NONE', #2029 ) ;
#2629 = EDGE_CURVE ( 'NONE', #421, #2226, #1565, .T. ) ;
#2630 = CARTESIAN_POINT ( 'NONE',  ( 33.14999999999999858, 9.000000000000000000, -80.65000000000004832 ) ) ;
#2631 = LINE ( 'NONE', #278, #2127 ) ;
#2632 = CIRCLE ( 'NONE', #1564, 1.600000000000004086 ) ;
#2633 = VECTOR ( 'NONE', #1580, 1000.000000000000000 ) ;
#2634 = DIRECTION ( 'NONE',  ( 3.469446951953614189E-15, 1.000000000000000000, -0.000000000000000000 ) ) ;
#2635 = PLANE ( 'NONE',  #1106 ) ;
#2636 = FACE_OUTER_BOUND ( 'NONE', #2747, .T. ) ;
#2637 = ORIENTED_EDGE ( 'NONE', *, *, #152, .T. ) ;
#2638 = AXIS2_PLACEMENT_3D ( 'NONE', #1877, #494, #30 ) ;
#2639 = EDGE_LOOP ( 'NONE', ( #1510, #2694 ) ) ;
#2640 = VECTOR ( 'NONE', #143, 1000.000000000000000 ) ;
#2641 = DIRECTION ( 'NONE',  ( -3.469446951953616654E-16, 1.000000000000000000, 0.000000000000000000 ) ) ;
#2642 = CARTESIAN_POINT ( 'NONE',  ( -90.00000000000000000, 0.000000000000000000, 65.00000000000002842 ) ) ;
#2643 = ORIENTED_EDGE ( 'NONE', *, *, #2677, .F. ) ;
#2644 = VERTEX_POINT ( 'NONE', #408 ) ;
#2645 = CARTESIAN_POINT ( 'NONE',  ( 64.99999999999978684, 0.000000000000000000, 81.60000000000003695 ) ) ;
#2646 = CARTESIAN_POINT ( 'NONE',  ( 38.39999999999999858, 16.00000000000000000, -83.00000000000005684 ) ) ;
#2647 = AXIS2_PLACEMENT_3D ( 'NONE', #1279, #1028, #2427 ) ;
#2648 = LINE ( 'NONE', #1472, #79 ) ;
#2649 = CARTESIAN_POINT ( 'NONE',  ( 33.14999999999999858, 0.000000000000000000, -80.65000000000004832 ) ) ;
#2650 = LINE ( 'NONE', #1325, #1284 ) ;
#2651 = ADVANCED_FACE ( 'NONE', ( #852 ), #1370, .F. ) ;
#2652 = LINE ( 'NONE', #1966, #2367 ) ;
#2653 = EDGE_LOOP ( 'NONE', ( #93, #207, #2197, #1542 ) ) ;
#2654 = ORIENTED_EDGE ( 'NONE', *, *, #82, .T. ) ;
#2655 = CARTESIAN_POINT ( 'NONE',  ( -24.29999999999997584, 0.000000000000000000, -64.99999999999991473 ) ) ;
#2656 = LINE ( 'NONE', #985, #1937 ) ;
#2657 = ORIENTED_EDGE ( 'NONE', *, *, #2806, .F. ) ;
#2658 = EDGE_LOOP ( 'NONE', ( #840, #1213, #440, #2482, #109, #1794 ) ) ;
#2659 = UNCERTAINTY_MEASURE_WITH_UNIT (LENGTH_MEASURE( 1.000000000000000082E-05 ), #2273, 'distance_accuracy_value', 'NONE');
#2660 = ADVANCED_FACE ( 'NONE', ( #2756 ), #1856, .F. ) ;
#2661 = DIRECTION ( 'NONE',  ( 1.000000000000000000, -0.000000000000000000, -0.000000000000000000 ) ) ;
#2662 = DIRECTION ( 'NONE',  ( 0.000000000000000000, 1.000000000000000000, -0.000000000000000000 ) ) ;
#2663 = ORIENTED_EDGE ( 'NONE', *, *, #1540, .F. ) ;
#2664 = CARTESIAN_POINT ( 'NONE',  ( -79.99999999999974420, 0.000000000000000000, 63.40000000000001279 ) ) ;
#2665 = CARTESIAN_POINT ( 'NONE',  ( 79.99999999999975842, 9.000000000000000000, -63.39999999999988489 ) ) ;
#2666 = DIRECTION ( 'NONE',  ( 1.000000000000000000, 0.000000000000000000, 0.000000000000000000 ) ) ;
#2667 = DIRECTION ( 'NONE',  ( -0.000000000000000000, 1.000000000000000000, -0.000000000000000000 ) ) ;
#2668 = VERTEX_POINT ( 'NONE', #2310 ) ;
#2669 = VERTEX_POINT ( 'NONE', #1340 ) ;
#2670 = DIRECTION ( 'NONE',  ( -1.000000000000000000, 0.000000000000000000, -1.908195823574487409E-15 ) ) ;
#2671 = VECTOR ( 'NONE', #1032, 1000.000000000000000 ) ;
#2672 = EDGE_CURVE ( 'NONE', #2949, #1951, #2227, .T. ) ;
#2673 = LINE ( 'NONE', #2857, #1405 ) ;
#2674 = ORIENTED_EDGE ( 'NONE', *, *, #2326, .F. ) ;
#2675 = ORIENTED_EDGE ( 'NONE', *, *, #3037, .F. ) ;
#2676 = EDGE_CURVE ( 'NONE', #2111, #1899, #2518, .T. ) ;
#2677 = EDGE_CURVE ( 'NONE', #1101, #1482, #2060, .T. ) ;
#2678 = EDGE_CURVE ( 'NONE', #2668, #56, #715, .T. ) ;
#2679 = CARTESIAN_POINT ( 'NONE',  ( 29.39999999999999503, 9.000000000000000000, -79.00000000000005684 ) ) ;
#2680 = DIRECTION ( 'NONE',  ( 6.938893903907228378E-16, 0.000000000000000000, -1.000000000000000000 ) ) ;
#2681 = VERTEX_POINT ( 'NONE', #885 ) ;
#2682 = DIRECTION ( 'NONE',  ( -0.000000000000000000, -1.000000000000000000, -0.000000000000000000 ) ) ;
#2683 = CARTESIAN_POINT ( 'NONE',  ( -79.99999999999974420, 0.000000000000000000, 65.00000000000001421 ) ) ;
#2684 = EDGE_CURVE ( 'NONE', #774, #2573, #2294, .T. ) ;
#2685 = CARTESIAN_POINT ( 'NONE',  ( 89.99999999999998579, 9.000000000000000000, -49.99999999999990763 ) ) ;
#2686 = AXIS2_PLACEMENT_3D ( 'NONE', #2087, #1083, #863 ) ;
#2687 = VECTOR ( 'NONE', #1656, 1000.000000000000000 ) ;
#2688 = CARTESIAN_POINT ( 'NONE',  ( -90.00000000000000000, 0.000000000000000000, 49.99999999999999289 ) ) ;
#2689 = ORIENTED_EDGE ( 'NONE', *, *, #130, .F. ) ;
#2690 = ORIENTED_EDGE ( 'NONE', *, *, #1723, .F. ) ;
#2691 = CIRCLE ( 'NONE', #1900, 1.600000000000004086 ) ;
#2692 = DIRECTION ( 'NONE',  ( -0.000000000000000000, 1.000000000000000000, -0.000000000000000000 ) ) ;
#2693 = DIRECTION ( 'NONE',  ( 0.000000000000000000, 0.000000000000000000, 1.000000000000000000 ) ) ;
#2694 = ORIENTED_EDGE ( 'NONE', *, *, #1958, .F. ) ;
#2695 = EDGE_CURVE ( 'NONE', #1342, #2777, #2589, .T. ) ;
#2696 = EDGE_LOOP ( 'NONE', ( #1393, #2491, #120, #602 ) ) ;
#2697 = DIRECTION ( 'NONE',  ( -0.000000000000000000, 1.000000000000000000, -0.000000000000000000 ) ) ;
#2698 = DIRECTION ( 'NONE',  ( 0.000000000000000000, 0.000000000000000000, -1.000000000000000000 ) ) ;
#2699 = ORIENTED_EDGE ( 'NONE', *, *, #894, .T. ) ;
#2700 = CARTESIAN_POINT ( 'NONE',  ( 35.64999999999999858, 11.00000000000000178, -90.00000000000011369 ) ) ;
#2701 = CARTESIAN_POINT ( 'NONE',  ( 39.99999999999996447, 0.000000000000000000, 20.00000000000005329 ) ) ;
#2702 = DIRECTION ( 'NONE',  ( -0.000000000000000000, 1.000000000000000000, -0.000000000000000000 ) ) ;
#2703 = VECTOR ( 'NONE', #2122, 1000.000000000000000 ) ;
#2704 = DIRECTION ( 'NONE',  ( 1.000000000000000000, 0.000000000000000000, -3.469446951953614189E-16 ) ) ;
#2705 = EDGE_LOOP ( 'NONE', ( #1553, #2448, #1143, #1787 ) ) ;
#2706 = AXIS2_PLACEMENT_3D ( 'NONE', #1142, #210, #1634 ) ;
#2707 = ORIENTED_EDGE ( 'NONE', *, *, #961, .F. ) ;
#2708 = DIRECTION ( 'NONE',  ( -1.000000000000000000, -0.000000000000000000, 6.938893903907228378E-16 ) ) ;
#2709 = DIRECTION ( 'NONE',  ( 1.000000000000000000, -3.469446951953614583E-15, 0.000000000000000000 ) ) ;
#2710 = VERTEX_POINT ( 'NONE', #2092 ) ;
#2711 = DIRECTION ( 'NONE',  ( 0.000000000000000000, 1.000000000000000000, 0.000000000000000000 ) ) ;
#2712 = VERTEX_POINT ( 'NONE', #1614 ) ;
#2713 = LINE ( 'NONE', #341, #2529 ) ;
#2714 = CARTESIAN_POINT ( 'NONE',  ( 0.000000000000000000, 16.00000000000000000, 0.000000000000000000 ) ) ;
#2715 = EDGE_CURVE ( 'NONE', #3001, #137, #1999, .T. ) ;
#2716 = CARTESIAN_POINT ( 'NONE',  ( 38.39999999999999858, 16.00000000000000000, -83.00000000000005684 ) ) ;
#2717 = ORIENTED_EDGE ( 'NONE', *, *, #1178, .T. ) ;
#2718 = AXIS2_PLACEMENT_3D ( 'NONE', #1291, #2662, #2698 ) ;
#2719 = VERTEX_POINT ( 'NONE', #2327 ) ;
#2720 = CARTESIAN_POINT ( 'NONE',  ( 38.39999999999999858, 19.99999999999999645, -20.50000000000005329 ) ) ;
#2721 = CIRCLE ( 'NONE', #553, 1.149999999999998135 ) ;
#2722 = ORIENTED_EDGE ( 'NONE', *, *, #1738, .F. ) ;
#2723 = VECTOR ( 'NONE', #1395, 1000.000000000000000 ) ;
#2724 = LINE ( 'NONE', #2542, #2344 ) ;
#2725 = ORIENTED_EDGE ( 'NONE', *, *, #441, .T. ) ;
#2726 = DIRECTION ( 'NONE',  ( -0.000000000000000000, -1.000000000000000000, -0.000000000000000000 ) ) ;
#2727 = CARTESIAN_POINT ( 'NONE',  ( -38.39999999999999858, 19.99999999999999645, -16.50000000000005684 ) ) ;
#2728 = CARTESIAN_POINT ( 'NONE',  ( -64.99999999999975842, 0.000000000000000000, 90.00000000000007105 ) ) ;
#2729 = ORIENTED_EDGE ( 'NONE', *, *, #2817, .F. ) ;
#2730 = EDGE_LOOP ( 'NONE', ( #1483, #2037, #937, #1771 ) ) ;
#2731 = VECTOR ( 'NONE', #1275, 1000.000000000000000 ) ;
#2732 = EDGE_CURVE ( 'NONE', #1322, #1250, #1704, .T. ) ;
#2733 = PLANE ( 'NONE',  #2796 ) ;
#2734 = LINE ( 'NONE', #430, #1537 ) ;
#2735 = ORIENTED_EDGE ( 'NONE', *, *, #2862, .F. ) ;
#2736 = LINE ( 'NONE', #1363, #1513 ) ;
#2737 = EDGE_LOOP ( 'NONE', ( #1468, #124, #222, #2170, #302, #689 ) ) ;
#2738 = CARTESIAN_POINT ( 'NONE',  ( -90.00000000000001421, 0.000000000000000000, -49.99999999999999289 ) ) ;
#2739 = FACE_BOUND ( 'NONE', #2520, .T. ) ;
#2740 = CARTESIAN_POINT ( 'NONE',  ( 19.25000000000000000, 0.000000000000000000, 8.000000000000062172 ) ) ;
#2741 = ORIENTED_EDGE ( 'NONE', *, *, #2782, .F. ) ;
#2742 = ORIENTED_EDGE ( 'NONE', *, *, #2584, .T. ) ;
#2743 = CIRCLE ( 'NONE', #1968, 10.00000000000000178 ) ;
#2744 = DIRECTION ( 'NONE',  ( -0.000000000000000000, 0.000000000000000000, -1.000000000000000000 ) ) ;
#2745 = ORIENTED_EDGE ( 'NONE', *, *, #497, .F. ) ;
#2746 = CARTESIAN_POINT ( 'NONE',  ( 34.40000000000000568, 19.99999999999999645, -16.50000000000005684 ) ) ;
#2747 = EDGE_LOOP ( 'NONE', ( #2152, #2990, #2181, #834 ) ) ;
#2748 = ORIENTED_EDGE ( 'NONE', *, *, #580, .T. ) ;
#2749 = ADVANCED_FACE ( 'NONE', ( #17 ), #725, .F. ) ;
#2750 = CARTESIAN_POINT ( 'NONE',  ( 64.99999999999975842, 0.000000000000000000, -78.39999999999989200 ) ) ;
#2751 = ORIENTED_EDGE ( 'NONE', *, *, #1184, .T. ) ;
#2752 = AXIS2_PLACEMENT_3D ( 'NONE', #2299, #875, #2018 ) ;
#2753 = EDGE_CURVE ( 'NONE', #2528, #2613, #1427, .T. ) ;
#2754 = CARTESIAN_POINT ( 'NONE',  ( -65.00000000000000000, 0.000000000000000000, 65.00000000000002842 ) ) ;
#2755 = CARTESIAN_POINT ( 'NONE',  ( -38.39999999999999858, 19.99999999999999645, -83.00000000000005684 ) ) ;
#2756 = FACE_OUTER_BOUND ( 'NONE', #2543, .T. ) ;
#2757 = DIRECTION ( 'NONE',  ( 0.000000000000000000, 0.000000000000000000, -1.000000000000000000 ) ) ;
#2758 = ORIENTED_EDGE ( 'NONE', *, *, #2769, .F. ) ;
#2759 = VECTOR ( 'NONE', #511, 1000.000000000000000 ) ;
#2760 = CARTESIAN_POINT ( 'NONE',  ( 90.00000000000000000, 0.000000000000000000, 49.99999999999990763 ) ) ;
#2761 = ORIENTED_EDGE ( 'NONE', *, *, #1277, .T. ) ;
#2762 = CARTESIAN_POINT ( 'NONE',  ( -24.49999999999999289, 0.000000000000000000, 70.00000000000005684 ) ) ;
#2763 = ORIENTED_EDGE ( 'NONE', *, *, #175, .F. ) ;
#2764 = ADVANCED_FACE ( 'NONE', ( #1643 ), #2577, .F. ) ;
#2765 = FACE_OUTER_BOUND ( 'NONE', #1079, .T. ) ;
#2766 = ADVANCED_FACE ( 'NONE', ( #34 ), #2343, .F. ) ;
#2767 = VERTEX_POINT ( 'NONE', #1210 ) ;
#2768 = AXIS2_PLACEMENT_3D ( 'NONE', #2701, #66, #312 ) ;
#2769 = EDGE_CURVE ( 'NONE', #1374, #2024, #227, .T. ) ;
#2770 = EDGE_CURVE ( 'NONE', #3032, #417, #1414, .T. ) ;
#2771 = LINE ( 'NONE', #1593, #1858 ) ;
#2772 = DIRECTION ( 'NONE',  ( 0.000000000000000000, -1.000000000000000000, 0.000000000000000000 ) ) ;
#2773 = DIRECTION ( 'NONE',  ( 0.000000000000000000, 0.000000000000000000, 1.000000000000000000 ) ) ;
#2774 = DIRECTION ( 'NONE',  ( 0.000000000000000000, 0.000000000000000000, 1.000000000000000000 ) ) ;
#2775 = VERTEX_POINT ( 'NONE', #220 ) ;
#2776 = LINE ( 'NONE', #1569, #1035 ) ;
#2777 = VERTEX_POINT ( 'NONE', #1456 ) ;
#2778 = FACE_OUTER_BOUND ( 'NONE', #106, .T. ) ;
#2779 = ORIENTED_EDGE ( 'NONE', *, *, #44, .F. ) ;
#2780 = PRODUCT_DEFINITION_FORMATION_WITH_SPECIFIED_SOURCE ( 'ANY', '', #465, .NOT_KNOWN. ) ;
#2781 = ORIENTED_EDGE ( 'NONE', *, *, #1008, .F. ) ;
#2782 = EDGE_CURVE ( 'NONE', #320, #140, #2161, .T. ) ;
#2783 = DIRECTION ( 'NONE',  ( 0.000000000000000000, 1.000000000000000000, 0.000000000000000000 ) ) ;
#2784 = ORIENTED_EDGE ( 'NONE', *, *, #2375, .F. ) ;
#2785 = VECTOR ( 'NONE', #1103, 1000.000000000000000 ) ;
#2786 = DIRECTION ( 'NONE',  ( 1.000000000000000000, -0.000000000000000000, -2.949029909160569694E-15 ) ) ;
#2787 = VECTOR ( 'NONE', #3036, 1000.000000000000000 ) ;
#2788 = CARTESIAN_POINT ( 'NONE',  ( 38.39999999999999858, 19.99999999999999645, -79.00000000000007105 ) ) ;
#2789 = DIRECTION ( 'NONE',  ( 0.000000000000000000, 1.000000000000000000, 0.000000000000000000 ) ) ;
#2790 = EDGE_CURVE ( 'NONE', #457, #3016, #247, .T. ) ;
#2791 = LINE ( 'NONE', #1581, #2918 ) ;
#2792 = ORIENTED_EDGE ( 'NONE', *, *, #1770, .F. ) ;
#2793 = DIRECTION ( 'NONE',  ( 0.000000000000000000, 0.000000000000000000, 1.000000000000000000 ) ) ;
#2794 = VERTEX_POINT ( 'NONE', #3039 ) ;
#2795 = VERTEX_POINT ( 'NONE', #962 ) ;
#2796 = AXIS2_PLACEMENT_3D ( 'NONE', #1846, #2744, #2096 ) ;
#2797 = CARTESIAN_POINT ( 'NONE',  ( 33.14999999999999858, 9.000000000000000000, -80.65000000000004832 ) ) ;
#2798 = AXIS2_PLACEMENT_3D ( 'NONE', #532, #2641, #1725 ) ;
#2799 = VERTEX_POINT ( 'NONE', #2593 ) ;
#2800 = DIRECTION ( 'NONE',  ( -0.000000000000000000, 1.000000000000000000, -0.000000000000000000 ) ) ;
#2801 = DIRECTION ( 'NONE',  ( -0.000000000000000000, -1.000000000000000000, -0.000000000000000000 ) ) ;
#2802 = CARTESIAN_POINT ( 'NONE',  ( 34.40000000000000568, 19.99999999999999645, -12.50000000000006040 ) ) ;
#2803 = LINE ( 'NONE', #19, #15 ) ;
#2804 = ORIENTED_EDGE ( 'NONE', *, *, #1184, .F. ) ;
#2805 = EDGE_CURVE ( 'NONE', #1753, #2569, #1165, .T. ) ;
#2806 = EDGE_CURVE ( 'NONE', #2483, #1452, #1894, .T. ) ;
#2807 = CARTESIAN_POINT ( 'NONE',  ( 64.99999999999975842, 9.000000000000000000, -90.00000000000007105 ) ) ;
#2808 = ADVANCED_FACE ( 'NONE', ( #931 ), #1879, .F. ) ;
#2809 = ORIENTED_EDGE ( 'NONE', *, *, #3037, .T. ) ;
#2810 = EDGE_CURVE ( 'NONE', #1098, #2611, #2619, .T. ) ;
#2811 = FACE_OUTER_BOUND ( 'NONE', #1463, .T. ) ;
#2812 = DIRECTION ( 'NONE',  ( -0.000000000000000000, 1.000000000000000000, -0.000000000000000000 ) ) ;
#2813 = ORIENTED_EDGE ( 'NONE', *, *, #1465, .T. ) ;
#2814 = DIRECTION ( 'NONE',  ( -1.000000000000000000, 0.000000000000000000, -0.000000000000000000 ) ) ;
#2815 = AXIS2_PLACEMENT_3D ( 'NONE', #2649, #1245, #1538 ) ;
#2816 = DIRECTION ( 'NONE',  ( 0.000000000000000000, -0.000000000000000000, 1.000000000000000000 ) ) ;
#2817 = EDGE_CURVE ( 'NONE', #181, #2668, #1685, .T. ) ;
#2818 = CARTESIAN_POINT ( 'NONE',  ( 42.39999999999999147, 19.99999999999999645, -79.00000000000007105 ) ) ;
#2819 = AXIS2_PLACEMENT_3D ( 'NONE', #1623, #1205, #1221 ) ;
#2820 = CARTESIAN_POINT ( 'NONE',  ( -79.99999999999975842, 0.000000000000000000, -66.59999999999989484 ) ) ;
#2821 = EDGE_CURVE ( 'NONE', #1872, #1924, #51, .T. ) ;
#2822 = ORIENTED_EDGE ( 'NONE', *, *, #1595, .F. ) ;
#2823 = DIRECTION ( 'NONE',  ( 0.000000000000000000, 1.000000000000000000, 0.000000000000000000 ) ) ;
#2824 = ORIENTED_EDGE ( 'NONE', *, *, #1059, .F. ) ;
#2825 = DIRECTION ( 'NONE',  ( 0.000000000000000000, 0.000000000000000000, 1.000000000000000000 ) ) ;
#2826 = PLANE ( 'NONE',  #1502 ) ;
#2827 = ORIENTED_EDGE ( 'NONE', *, *, #946, .F. ) ;
#2828 = VECTOR ( 'NONE', #1820, 1000.000000000000000 ) ;
#2829 = AXIS2_PLACEMENT_3D ( 'NONE', #468, #2565, #2118 ) ;
#2830 = CARTESIAN_POINT ( 'NONE',  ( -24.49999999999999289, 0.000000000000000000, 71.60000000000006537 ) ) ;
#2831 = CARTESIAN_POINT ( 'NONE',  ( -42.39999999999999147, 19.99999999999999645, -87.00000000000004263 ) ) ;
#2832 = DIRECTION ( 'NONE',  ( -0.000000000000000000, -1.000000000000000000, -0.000000000000000000 ) ) ;
#2833 = CARTESIAN_POINT ( 'NONE',  ( -64.99999999999975842, 0.000000000000000000, -81.59999999999989484 ) ) ;
#2834 = DIRECTION ( 'NONE',  ( 0.000000000000000000, 0.000000000000000000, 1.000000000000000000 ) ) ;
#2835 = ORIENTED_EDGE ( 'NONE', *, *, #678, .F. ) ;
#2836 = CARTESIAN_POINT ( 'NONE',  ( -79.99999999999974420, 0.000000000000000000, 66.60000000000002274 ) ) ;
#2837 = EDGE_LOOP ( 'NONE', ( #2555, #1424 ) ) ;
#2838 = DIRECTION ( 'NONE',  ( 3.469446951953616654E-16, -1.000000000000000000, -0.000000000000000000 ) ) ;
#2839 = DIRECTION ( 'NONE',  ( -1.000000000000000000, 0.000000000000000000, 6.938893903907228378E-16 ) ) ;
#2840 = EDGE_LOOP ( 'NONE', ( #887, #2588, #938, #2064 ) ) ;
#2841 = AXIS2_PLACEMENT_3D ( 'NONE', #328, #2211, #1310 ) ;
#2842 = EDGE_CURVE ( 'NONE', #293, #1576, #1612, .T. ) ;
#2843 = ADVANCED_FACE ( 'NONE', ( #512 ), #992, .T. ) ;
#2844 = CIRCLE ( 'NONE', #2605, 1.600000000000004086 ) ;
#2845 = CARTESIAN_POINT ( 'NONE',  ( -24.30000000000001137, 9.000000000000000000, 30.00000000000004974 ) ) ;
#2846 = DIRECTION ( 'NONE',  ( 0.000000000000000000, 1.000000000000000000, -0.000000000000000000 ) ) ;
#2847 = CARTESIAN_POINT ( 'NONE',  ( 33.14999999999999858, 0.000000000000000000, -80.65000000000004832 ) ) ;
#2848 = DIRECTION ( 'NONE',  ( 3.469446951953614583E-15, 1.000000000000000000, 6.018531076210118347E-30 ) ) ;
#2849 = DIRECTION ( 'NONE',  ( -1.000000000000000000, -0.000000000000000000, -0.000000000000000000 ) ) ;
#2850 = EDGE_CURVE ( 'NONE', #1186, #2346, #770, .T. ) ;
#2851 = COLOUR_RGB ( '',0.7921568627450980005, 0.8196078431372548767, 0.9333333333333333481 ) ;
#2852 = DIRECTION ( 'NONE',  ( 0.000000000000000000, 0.000000000000000000, 1.000000000000000000 ) ) ;
#2853 = ORIENTED_EDGE ( 'NONE', *, *, #40, .T. ) ;
#2854 = ORIENTED_EDGE ( 'NONE', *, *, #1027, .T. ) ;
#2855 = EDGE_CURVE ( 'NONE', #534, #399, #1293, .T. ) ;
#2856 = FACE_OUTER_BOUND ( 'NONE', #903, .T. ) ;
#2857 = CARTESIAN_POINT ( 'NONE',  ( -38.39999999999999858, 19.99999999999999645, -79.00000000000007105 ) ) ;
#2858 = ORIENTED_EDGE ( 'NONE', *, *, #1219, .F. ) ;
#2859 = AXIS2_PLACEMENT_3D ( 'NONE', #233, #1471, #2816 ) ;
#2860 = LINE ( 'NONE', #2355, #2153 ) ;
#2861 = CYLINDRICAL_SURFACE ( 'NONE', #747, 1.600000000000004086 ) ;
#2862 = EDGE_CURVE ( 'NONE', #647, #1615, #1715, .T. ) ;
#2863 = EDGE_CURVE ( 'NONE', #659, #1374, #97, .T. ) ;
#2864 = CARTESIAN_POINT ( 'NONE',  ( 90.00000000000000000, 0.000000000000000000, 65.00000000000002842 ) ) ;
#2865 = CARTESIAN_POINT ( 'NONE',  ( 79.99999999999975842, 0.000000000000000000, -64.99999999999988631 ) ) ;
#2866 = DIRECTION ( 'NONE',  ( 1.000000000000000000, 0.000000000000000000, 0.000000000000000000 ) ) ;
#2867 = EDGE_CURVE ( 'NONE', #1635, #1780, #1942, .T. ) ;
#2868 = VECTOR ( 'NONE', #1560, 1000.000000000000000 ) ;
#2869 = DIRECTION ( 'NONE',  ( 0.000000000000000000, 1.000000000000000000, 0.000000000000000000 ) ) ;
#2870 = VERTEX_POINT ( 'NONE', #2664 ) ;
#2871 = EDGE_LOOP ( 'NONE', ( #2256, #1985, #101, #445 ) ) ;
#2872 = FACE_BOUND ( 'NONE', #2639, .T. ) ;
#2873 = DIRECTION ( 'NONE',  ( -0.000000000000000000, -1.000000000000000000, -0.000000000000000000 ) ) ;
#2874 = ORIENTED_EDGE ( 'NONE', *, *, #756, .F. ) ;
#2875 = EDGE_CURVE ( 'NONE', #2611, #2712, #588, .T. ) ;
#2876 = FACE_OUTER_BOUND ( 'NONE', #1389, .T. ) ;
#2877 = DIRECTION ( 'NONE',  ( 0.000000000000000000, 0.000000000000000000, -1.000000000000000000 ) ) ;
#2878 = VECTOR ( 'NONE', #1162, 1000.000000000000000 ) ;
#2879 = AXIS2_PLACEMENT_3D ( 'NONE', #2307, #141, #1337 ) ;
#2880 = CARTESIAN_POINT ( 'NONE',  ( 19.25000000000000000, 0.000000000000000000, 9.600000000000065370 ) ) ;
#2881 = DIRECTION ( 'NONE',  ( -1.000000000000000000, 0.000000000000000000, 0.000000000000000000 ) ) ;
#2882 = LINE ( 'NONE', #1198, #1572 ) ;
#2883 = EDGE_CURVE ( 'NONE', #1624, #371, #2648, .T. ) ;
#2884 = CARTESIAN_POINT ( 'NONE',  ( 33.14999999999999858, 0.000000000000000000, -81.80000000000005400 ) ) ;
#2885 = ORIENTED_EDGE ( 'NONE', *, *, #720, .T. ) ;
#2886 = CIRCLE ( 'NONE', #1712, 25.00000000000001421 ) ;
#2887 = EDGE_LOOP ( 'NONE', ( #2349, #1217, #385, #1711, #737 ) ) ;
#2888 = FACE_BOUND ( 'NONE', #997, .T. ) ;
#2889 = DIRECTION ( 'NONE',  ( -0.000000000000000000, 1.000000000000000000, -0.000000000000000000 ) ) ;
#2890 = EDGE_LOOP ( 'NONE', ( #2911, #1396, #1674, #611 ) ) ;
#2891 = ORIENTED_EDGE ( 'NONE', *, *, #603, .F. ) ;
#2892 = LINE ( 'NONE', #1940, #1413 ) ;
#2893 = LINE ( 'NONE', #1520, #209 ) ;
#2894 = ORIENTED_EDGE ( 'NONE', *, *, #1902, .F. ) ;
#2895 = CIRCLE ( 'NONE', #1428, 1.149999999999998135 ) ;
#2896 = CARTESIAN_POINT ( 'NONE',  ( -38.39999999999999858, 16.00000000000000000, -83.00000000000005684 ) ) ;
#2897 = CARTESIAN_POINT ( 'NONE',  ( -34.40000000000001279, 9.000000000000000000, -12.50000000000006040 ) ) ;
#2898 = CARTESIAN_POINT ( 'NONE',  ( 38.39999999999999858, 16.00000000000000000, -83.00000000000005684 ) ) ;
#2899 = CARTESIAN_POINT ( 'NONE',  ( -64.99999999999975842, 9.000000000000000000, -81.59999999999989484 ) ) ;
#2900 = VERTEX_POINT ( 'NONE', #111 ) ;
#2901 = VERTEX_POINT ( 'NONE', #2896 ) ;
#2902 = CIRCLE ( 'NONE', #1579, 1.600000000000002531 ) ;
#2903 = EDGE_CURVE ( 'NONE', #399, #8, #2424, .T. ) ;
#2904 = DIRECTION ( 'NONE',  ( 0.000000000000000000, -1.000000000000000000, 0.000000000000000000 ) ) ;
#2905 = DIRECTION ( 'NONE',  ( -0.000000000000000000, -1.000000000000000000, -0.000000000000000000 ) ) ;
#2906 = ORIENTED_EDGE ( 'NONE', *, *, #2810, .F. ) ;
#2907 = ORIENTED_EDGE ( 'NONE', *, *, #629, .T. ) ;
#2908 = ADVANCED_FACE ( 'NONE', ( #1700 ), #2455, .T. ) ;
#2909 = DIRECTION ( 'NONE',  ( -0.000000000000000000, 1.000000000000000000, -0.000000000000000000 ) ) ;
#2910 = FACE_OUTER_BOUND ( 'NONE', #2705, .T. ) ;
#2911 = ORIENTED_EDGE ( 'NONE', *, *, #720, .F. ) ;
#2912 = VECTOR ( 'NONE', #2380, 1000.000000000000000 ) ;
#2913 = DIRECTION ( 'NONE',  ( 0.000000000000000000, 1.000000000000000000, 0.000000000000000000 ) ) ;
#2914 = DIRECTION ( 'NONE',  ( 0.000000000000000000, -0.000000000000000000, -1.000000000000000000 ) ) ;
#2915 = LINE ( 'NONE', #1091, #2009 ) ;
#2916 = CARTESIAN_POINT ( 'NONE',  ( 24.50000000000000711, 0.000000000000000000, 71.60000000000005116 ) ) ;
#2917 = VERTEX_POINT ( 'NONE', #1536 ) ;
#2918 = VECTOR ( 'NONE', #685, 1000.000000000000000 ) ;
#2919 = FACE_OUTER_BOUND ( 'NONE', #2318, .T. ) ;
#2920 = AXIS2_PLACEMENT_3D ( 'NONE', #1757, #1709, #533 ) ;
#2921 = LINE ( 'NONE', #809, #2531 ) ;
#2922 = ORIENTED_EDGE ( 'NONE', *, *, #175, .T. ) ;
#2923 = ORIENTED_EDGE ( 'NONE', *, *, #2676, .T. ) ;
#2924 = LINE ( 'NONE', #1988, #2193 ) ;
#2925 = DIRECTION ( 'NONE',  ( 1.734723475976808672E-15, -0.000000000000000000, 1.000000000000000000 ) ) ;
#2926 = ORIENTED_EDGE ( 'NONE', *, *, #912, .F. ) ;
#2927 = DIRECTION ( 'NONE',  ( 0.000000000000000000, 0.000000000000000000, -1.000000000000000000 ) ) ;
#2928 = CARTESIAN_POINT ( 'NONE',  ( 90.00000000000000000, 0.000000000000000000, 49.99999999999990763 ) ) ;
#2929 = LINE ( 'NONE', #542, #2069 ) ;
#2930 = AXIS2_PLACEMENT_3D ( 'NONE', #2006, #1973, #1959 ) ;
#2931 = CARTESIAN_POINT ( 'NONE',  ( 42.39999999999999147, 9.000000000000000000, -12.50000000000006040 ) ) ;
#2932 = ORIENTED_EDGE ( 'NONE', *, *, #2056, .F. ) ;
#2933 = ORIENTED_EDGE ( 'NONE', *, *, #900, .T. ) ;
#2934 = AXIS2_PLACEMENT_3D ( 'NONE', #2103, #1909, #2340 ) ;
#2935 = CARTESIAN_POINT ( 'NONE',  ( 64.99999999999978684, 0.000000000000000000, 78.40000000000001990 ) ) ;
#2936 = VECTOR ( 'NONE', #1136, 1000.000000000000000 ) ;
#2937 = PLANE ( 'NONE',  #2217 ) ;
#2938 = ORIENTED_EDGE ( 'NONE', *, *, #1289, .F. ) ;
#2939 = ORIENTED_EDGE ( 'NONE', *, *, #954, .F. ) ;
#2940 = CARTESIAN_POINT ( 'NONE',  ( -38.39999999999999147, 16.00000000000000000, -83.00000000000005684 ) ) ;
#2941 = ORIENTED_EDGE ( 'NONE', *, *, #389, .F. ) ;
#2942 = ADVANCED_FACE ( 'NONE', ( #1962 ), #554, .T. ) ;
#2943 = PRODUCT_CONTEXT ( 'NONE', #2104, 'mechanical' ) ;
#2944 = DIRECTION ( 'NONE',  ( 1.000000000000000000, 0.000000000000000000, -0.000000000000000000 ) ) ;
#2945 = LINE ( 'NONE', #2685, #2366 ) ;
#2946 = EDGE_CURVE ( 'NONE', #1477, #1816, #2441, .T. ) ;
#2947 = AXIS2_PLACEMENT_3D ( 'NONE', #1737, #1061, #1718 ) ;
#2948 = CARTESIAN_POINT ( 'NONE',  ( -64.99999999999975842, 9.000000000000000000, 90.00000000000005684 ) ) ;
#2949 = VERTEX_POINT ( 'NONE', #2880 ) ;
#2950 = VECTOR ( 'NONE', #1236, 1000.000000000000000 ) ;
#2951 = EDGE_CURVE ( 'NONE', #2917, #181, #569, .T. ) ;
#2952 = VERTEX_POINT ( 'NONE', #1749 ) ;
#2953 = FACE_BOUND ( 'NONE', #759, .T. ) ;
#2954 = FILL_AREA_STYLE ('',( #182 ) ) ;
#2955 = ORIENTED_EDGE ( 'NONE', *, *, #419, .F. ) ;
#2956 = ORIENTED_EDGE ( 'NONE', *, *, #2440, .T. ) ;
#2957 = DIRECTION ( 'NONE',  ( -0.000000000000000000, 1.000000000000000000, -0.000000000000000000 ) ) ;
#2958 = ORIENTED_EDGE ( 'NONE', *, *, #2903, .F. ) ;
#2959 = SHAPE_DEFINITION_REPRESENTATION ( #1886, #1406 ) ;
#2960 = DIRECTION ( 'NONE',  ( 1.000000000000000000, 0.000000000000000000, 2.168404344971012566E-16 ) ) ;
#2961 = LINE ( 'NONE', #607, #2640 ) ;
#2962 = DIRECTION ( 'NONE',  ( 0.000000000000000000, 0.000000000000000000, 1.000000000000000000 ) ) ;
#2963 = FACE_OUTER_BOUND ( 'NONE', #2737, .T. ) ;
#2964 = CIRCLE ( 'NONE', #406, 1.600000000000004086 ) ;
#2965 = EDGE_LOOP ( 'NONE', ( #1762, #806, #892, #633 ) ) ;
#2966 = LINE ( 'NONE', #2536, #2560 ) ;
#2967 = AXIS2_PLACEMENT_3D ( 'NONE', #2865, #482, #248 ) ;
#2968 = DIRECTION ( 'NONE',  ( 0.000000000000000000, 1.000000000000000000, 0.000000000000000000 ) ) ;
#2969 = ORIENTED_EDGE ( 'NONE', *, *, #854, .F. ) ;
#2970 = VERTEX_POINT ( 'NONE', #754 ) ;
#2971 = VECTOR ( 'NONE', #228, 1000.000000000000000 ) ;
#2972 = DIRECTION ( 'NONE',  ( -0.000000000000000000, 1.000000000000000000, -0.000000000000000000 ) ) ;
#2973 = ORIENTED_EDGE ( 'NONE', *, *, #1508, .T. ) ;
#2974 = EDGE_CURVE ( 'NONE', #2201, #2515, #311, .T. ) ;
#2975 = DIRECTION ( 'NONE',  ( 3.469446951953614189E-16, 0.000000000000000000, -1.000000000000000000 ) ) ;
#2976 = CARTESIAN_POINT ( 'NONE',  ( 42.39999999999999147, 19.99999999999999645, -87.00000000000004263 ) ) ;
#2977 = CARTESIAN_POINT ( 'NONE',  ( 64.99999999999975842, 0.000000000000000000, -64.99999999999988631 ) ) ;
#2978 = DIRECTION ( 'NONE',  ( 0.000000000000000000, 1.000000000000000000, 0.000000000000000000 ) ) ;
#2979 = ORIENTED_EDGE ( 'NONE', *, *, #451, .F. ) ;
#2980 = ORIENTED_EDGE ( 'NONE', *, *, #386, .T. ) ;
#2981 = VECTOR ( 'NONE', #370, 1000.000000000000000 ) ;
#2982 = VECTOR ( 'NONE', #2276, 1000.000000000000000 ) ;
#2983 = EDGE_CURVE ( 'NONE', #330, #163, #1072, .T. ) ;
#2984 = DIRECTION ( 'NONE',  ( 0.000000000000000000, 1.000000000000000000, 0.000000000000000000 ) ) ;
#2985 = ORIENTED_EDGE ( 'NONE', *, *, #995, .T. ) ;
#2986 = FACE_OUTER_BOUND ( 'NONE', #201, .T. ) ;
#2987 = VERTEX_POINT ( 'NONE', #340 ) ;
#2988 = VERTEX_POINT ( 'NONE', #2222 ) ;
#2989 = DIRECTION ( 'NONE',  ( 0.000000000000000000, 0.000000000000000000, 1.000000000000000000 ) ) ;
#2990 = ORIENTED_EDGE ( 'NONE', *, *, #991, .T. ) ;
#2991 = FACE_OUTER_BOUND ( 'NONE', #817, .T. ) ;
#2992 = CARTESIAN_POINT ( 'NONE',  ( -24.30000000000001137, -1.000000000000000888, 30.00000000000004974 ) ) ;
#2993 = CARTESIAN_POINT ( 'NONE',  ( -79.99999999999975842, 9.000000000000000000, -64.99999999999988631 ) ) ;
#2994 = CARTESIAN_POINT ( 'NONE',  ( 33.14999999999999858, 9.000000000000000000, -79.50000000000005684 ) ) ;
#2996 = ORIENTED_EDGE ( 'NONE', *, *, #2370, .T. ) ;
#2995 = VECTOR ( 'NONE', #2110, 1000.000000000000000 ) ;
#2997 = VECTOR ( 'NONE', #2192, 1000.000000000000000 ) ;
#2998 = EDGE_CURVE ( 'NONE', #2408, #1780, #1765, .T. ) ;
#2999 = VECTOR ( 'NONE', #1283, 1000.000000000000000 ) ;
#3000 = CARTESIAN_POINT ( 'NONE',  ( 90.00000000000002842, 9.000000000000000000, 65.00000000000002842 ) ) ;
#3001 = VERTEX_POINT ( 'NONE', #2473 ) ;
#3002 = CARTESIAN_POINT ( 'NONE',  ( -42.39999999999999147, 9.000000000000000000, -87.00000000000004263 ) ) ;
#3003 = VERTEX_POINT ( 'NONE', #356 ) ;
#3004 = VERTEX_POINT ( 'NONE', #2240 ) ;
#3005 = EDGE_CURVE ( 'NONE', #774, #1477, #125, .T. ) ;
#3006 = CYLINDRICAL_SURFACE ( 'NONE', #2686, 1.149999999999998135 ) ;
#3007 = ORIENTED_EDGE ( 'NONE', *, *, #862, .F. ) ;
#3008 = CARTESIAN_POINT ( 'NONE',  ( 90.00000000000000000, 0.000000000000000000, 49.99999999999990763 ) ) ;
#3009 = PLANE ( 'NONE',  #1763 ) ;
#3010 = CARTESIAN_POINT ( 'NONE',  ( -34.39999999999999858, 9.000000000000000000, -87.00000000000004263 ) ) ;
#3011 = CARTESIAN_POINT ( 'NONE',  ( 38.39999999999999858, 19.99999999999999645, -83.00000000000005684 ) ) ;
#3012 = ORIENTED_EDGE ( 'NONE', *, *, #2946, .T. ) ;
#3013 = EDGE_CURVE ( 'NONE', #39, #534, #1134, .T. ) ;
#3014 = VECTOR ( 'NONE', #1450, 1000.000000000000000 ) ;
#3015 = CARTESIAN_POINT ( 'NONE',  ( 64.99999999999975842, 0.000000000000000000, 90.00000000000007105 ) ) ;
#3016 = VERTEX_POINT ( 'NONE', #1102 ) ;
#3017 = ORIENTED_EDGE ( 'NONE', *, *, #1592, .F. ) ;
#3018 = ORIENTED_EDGE ( 'NONE', *, *, #1917, .T. ) ;
#3019 = CARTESIAN_POINT ( 'NONE',  ( -64.99999999999975842, 0.000000000000000000, -78.39999999999989200 ) ) ;
#3020 = ORIENTED_EDGE ( 'NONE', *, *, #2951, .F. ) ;
#3021 = AXIS2_PLACEMENT_3D ( 'NONE', #154, #1100, #2036 ) ;
#3022 = DIRECTION ( 'NONE',  ( 0.000000000000000000, 1.000000000000000000, 0.000000000000000000 ) ) ;
#3023 = CARTESIAN_POINT ( 'NONE',  ( -34.40000000000000568, 19.99999999999999645, -12.50000000000006040 ) ) ;
#3024 = DIRECTION ( 'NONE',  ( 0.000000000000000000, 1.000000000000000000, 0.000000000000000000 ) ) ;
#3025 = EDGE_LOOP ( 'NONE', ( #2675, #2874, #2922, #2298 ) ) ;
#3026 = ORIENTED_EDGE ( 'NONE', *, *, #24, .T. ) ;
#3027 = CARTESIAN_POINT ( 'NONE',  ( 38.39999999999999858, 19.99999999999999645, -83.00000000000005684 ) ) ;
#3028 = EDGE_LOOP ( 'NONE', ( #950, #473, #1582, #2072 ) ) ;
#3029 = AXIS2_PLACEMENT_3D ( 'NONE', #2409, #2697, #2172 ) ;
#3030 = AXIS2_PLACEMENT_3D ( 'NONE', #2550, #437, #1387 ) ;
#3031 = CARTESIAN_POINT ( 'NONE',  ( -19.25000000000000000, 0.000000000000000000, 8.000000000000062172 ) ) ;
#3032 = VERTEX_POINT ( 'NONE', #189 ) ;
#3033 = VECTOR ( 'NONE', #2026, 1000.000000000000000 ) ;
#3034 = DIRECTION ( 'NONE',  ( 0.000000000000000000, 0.000000000000000000, 1.000000000000000000 ) ) ;
#3035 = AXIS2_PLACEMENT_3D ( 'NONE', #2977, #2772, #1613 ) ;
#3036 = DIRECTION ( 'NONE',  ( -0.000000000000000000, 1.000000000000000000, -0.000000000000000000 ) ) ;
#3037 = EDGE_CURVE ( 'NONE', #843, #2710, #2501, .T. ) ;
#3038 = EDGE_CURVE ( 'NONE', #2987, #2483, #274, .T. ) ;
#3039 = CARTESIAN_POINT ( 'NONE',  ( 49.99999999999997158, 0.000000000000000000, 20.00000000000005329 ) ) ;
#3040 = FACE_OUTER_BOUND ( 'NONE', #1571, .T. ) ;
#3041 = EDGE_LOOP ( 'NONE', ( #1297, #940, #121, #132 ) ) ;
#3042 = ADVANCED_FACE ( 'NONE', ( #2258 ), #390, .F. ) ;
#3043 = DIRECTION ( 'NONE',  ( -0.000000000000000000, 1.000000000000000000, -0.000000000000000000 ) ) ;
#3044 = ORIENTED_EDGE ( 'NONE', *, *, #2059, .F. ) ;
#3045 = ORIENTED_EDGE ( 'NONE', *, *, #2086, .T. ) ;
#3046 = VECTOR ( 'NONE', #1828, 1000.000000000000000 ) ;
ENDSEC;
END-ISO-10303-21;
