ISO-10303-21;
HEADER;
FILE_DESCRIPTION (( 'STEP AP214' ),
    '1' );
FILE_NAME ('plate1_stepper.STEP',
    '2025-12-07T22:34:33',
    ( '' ),
    ( '' ),
    'SwSTEP 2.0',
    'SolidWorks 2025',
    '' );
FILE_SCHEMA (( 'AUTOMOTIVE_DESIGN' ));
ENDSEC;

DATA;
#1 = ORIENTED_EDGE ( 'NONE', *, *, #758, .T. ) ;
#2 = ORIENTED_EDGE ( 'NONE', *, *, #617, .T. ) ;
#3 = DIRECTION ( 'NONE',  ( 0.000000000000000000, 0.000000000000000000, 1.000000000000000000 ) ) ;
#4 = AXIS2_PLACEMENT_3D ( 'NONE', #2711, #1227, #178 ) ;
#5 = DIRECTION ( 'NONE',  ( -0.000000000000000000, 1.000000000000000000, -0.000000000000000000 ) ) ;
#6 = CARTESIAN_POINT ( 'NONE',  ( 7.747000000000002551, 20.99999999999999645, -70.00000000000005684 ) ) ;
#7 = ORIENTED_EDGE ( 'NONE', *, *, #722, .T. ) ;
#8 = LINE ( 'NONE', #2113, #793 ) ;
#9 = AXIS2_PLACEMENT_3D ( 'NONE', #2364, #1284, #1750 ) ;
#10 = CIRCLE ( 'NONE', #1591, 1.524999999999998579 ) ;
#11 = ORIENTED_EDGE ( 'NONE', *, *, #2561, .T. ) ;
#12 =( GEOMETRIC_REPRESENTATION_CONTEXT ( 3 ) GLOBAL_UNCERTAINTY_ASSIGNED_CONTEXT ( ( #1929 ) ) GLOBAL_UNIT_ASSIGNED_CONTEXT ( ( #1626, #766, #2073 ) ) REPRESENTATION_CONTEXT ( 'NONE', 'WORKASPACE' ) );
#13 = EDGE_CURVE ( 'NONE', #663, #219, #1446, .T. ) ;
#14 = LINE ( 'NONE', #1933, #1089 ) ;
#15 = ORIENTED_EDGE ( 'NONE', *, *, #1237, .F. ) ;
#16 = ORIENTED_EDGE ( 'NONE', *, *, #2153, .F. ) ;
#17 = ORIENTED_EDGE ( 'NONE', *, *, #1357, .F. ) ;
#18 = ADVANCED_FACE ( 'NONE', ( #2701 ), #2271, .F. ) ;
#19 = CARTESIAN_POINT ( 'NONE',  ( 85.00000000000000000, 14.49999999999999822, 11.95000000000002238 ) ) ;
#20 = CIRCLE ( 'NONE', #1239, 1.550000000000002709 ) ;
#21 = CARTESIAN_POINT ( 'NONE',  ( -64.99999999999975842, 9.000000000000000000, -90.00000000000007105 ) ) ;
#22 = AXIS2_PLACEMENT_3D ( 'NONE', #1321, #2667, #2251 ) ;
#23 = DIRECTION ( 'NONE',  ( 0.000000000000000000, 1.000000000000000000, 0.000000000000000000 ) ) ;
#24 = ORIENTED_EDGE ( 'NONE', *, *, #238, .F. ) ;
#25 = CARTESIAN_POINT ( 'NONE',  ( 90.00000000000000000, 9.000000000000000000, 65.00000000000002842 ) ) ;
#26 = AXIS2_PLACEMENT_3D ( 'NONE', #2549, #2748, #1249 ) ;
#27 = EDGE_LOOP ( 'NONE', ( #2246, #330, #2287, #1616 ) ) ;
#28 = DIRECTION ( 'NONE',  ( -0.000000000000000000, 1.000000000000000000, -0.000000000000000000 ) ) ;
#29 = VECTOR ( 'NONE', #834, 1000.000000000000000 ) ;
#30 = EDGE_LOOP ( 'NONE', ( #2145, #2649 ) ) ;
#31 = ORIENTED_EDGE ( 'NONE', *, *, #1324, .T. ) ;
#32 = ORIENTED_EDGE ( 'NONE', *, *, #1382, .T. ) ;
#33 = CARTESIAN_POINT ( 'NONE',  ( -90.00000000000001421, 45.50000000000000711, 13.50000000000002487 ) ) ;
#34 = ADVANCED_FACE ( 'NONE', ( #1228 ), #378, .F. ) ;
#35 = ADVANCED_FACE ( 'NONE', ( #990 ), #2096, .F. ) ;
#36 = DIRECTION ( 'NONE',  ( 0.000000000000000000, 0.000000000000000000, -1.000000000000000000 ) ) ;
#37 = AXIS2_PLACEMENT_3D ( 'NONE', #807, #821, #1246 ) ;
#38 = DIRECTION ( 'NONE',  ( 0.000000000000000000, 0.000000000000000000, 1.000000000000000000 ) ) ;
#39 = ORIENTED_EDGE ( 'NONE', *, *, #430, .F. ) ;
#40 = CARTESIAN_POINT ( 'NONE',  ( 22.00000000000000711, 28.99999999999999645, 85.00000000000004263 ) ) ;
#41 = VERTEX_POINT ( 'NONE', #2712 ) ;
#42 = ORIENTED_EDGE ( 'NONE', *, *, #586, .T. ) ;
#43 = AXIS2_PLACEMENT_3D ( 'NONE', #25, #874, #1743 ) ;
#44 = DIRECTION ( 'NONE',  ( -0.000000000000000000, 1.000000000000000000, -0.000000000000000000 ) ) ;
#45 = CARTESIAN_POINT ( 'NONE',  ( 27.00000000000000355, 28.99999999999999645, 80.00000000000004263 ) ) ;
#46 = ORIENTED_EDGE ( 'NONE', *, *, #2529, .F. ) ;
#47 = ORIENTED_EDGE ( 'NONE', *, *, #2768, .F. ) ;
#48 = ORIENTED_EDGE ( 'NONE', *, *, #1893, .F. ) ;
#49 = PLANE ( 'NONE',  #2011 ) ;
#50 = DIRECTION ( 'NONE',  ( 0.000000000000000000, 0.000000000000000000, -1.000000000000000000 ) ) ;
#51 = ADVANCED_FACE ( 'NONE', ( #325 ), #2047, .T. ) ;
#52 = DIRECTION ( 'NONE',  ( 0.000000000000000000, 0.000000000000000000, 1.000000000000000000 ) ) ;
#53 = DIRECTION ( 'NONE',  ( -0.000000000000000000, 1.000000000000000000, -0.000000000000000000 ) ) ;
#54 = ORIENTED_EDGE ( 'NONE', *, *, #2296, .F. ) ;
#55 = CARTESIAN_POINT ( 'NONE',  ( 79.99999999999975842, 0.000000000000000000, -63.47499999999989484 ) ) ;
#56 = VERTEX_POINT ( 'NONE', #1244 ) ;
#57 = CARTESIAN_POINT ( 'NONE',  ( -64.99999999999975842, 9.000000000000000000, -90.00000000000007105 ) ) ;
#58 = VERTEX_POINT ( 'NONE', #2110 ) ;
#59 = CARTESIAN_POINT ( 'NONE',  ( -85.00000000000000000, 14.49999999999999822, 13.50000000000002309 ) ) ;
#60 = DIRECTION ( 'NONE',  ( 0.000000000000000000, 0.000000000000000000, 1.000000000000000000 ) ) ;
#61 = VECTOR ( 'NONE', #1613, 1000.000000000000000 ) ;
#62 = ORIENTED_EDGE ( 'NONE', *, *, #2170, .F. ) ;
#63 = AXIS2_PLACEMENT_3D ( 'NONE', #1623, #2076, #2254 ) ;
#64 = DIRECTION ( 'NONE',  ( 0.000000000000000000, -1.652117596168388002E-16, 1.000000000000000000 ) ) ;
#65 = LINE ( 'NONE', #1176, #1456 ) ;
#66 = DIRECTION ( 'NONE',  ( -0.000000000000000000, -1.000000000000000000, -0.000000000000000000 ) ) ;
#67 = ORIENTED_EDGE ( 'NONE', *, *, #2265, .T. ) ;
#68 = CARTESIAN_POINT ( 'NONE',  ( 79.99999999999975842, 0.000000000000000000, -66.52499999999989200 ) ) ;
#69 = ADVANCED_FACE ( 'NONE', ( #391 ), #179, .F. ) ;
#70 = VECTOR ( 'NONE', #288, 1000.000000000000000 ) ;
#71 = ORIENTED_EDGE ( 'NONE', *, *, #790, .F. ) ;
#72 = AXIS2_PLACEMENT_3D ( 'NONE', #1980, #1498, #2596 ) ;
#73 = DIRECTION ( 'NONE',  ( -0.000000000000000000, 1.000000000000000000, -0.000000000000000000 ) ) ;
#74 = EDGE_LOOP ( 'NONE', ( #1353, #718, #316, #926 ) ) ;
#75 = EDGE_CURVE ( 'NONE', #1732, #775, #1895, .T. ) ;
#76 = DIRECTION ( 'NONE',  ( -6.938893903907223447E-16, 0.000000000000000000, -1.000000000000000000 ) ) ;
#77 = EDGE_CURVE ( 'NONE', #1279, #2155, #1869, .T. ) ;
#78 = VECTOR ( 'NONE', #1503, 1000.000000000000000 ) ;
#79 = DIRECTION ( 'NONE',  ( 0.000000000000000000, 0.000000000000000000, -1.000000000000000000 ) ) ;
#80 = ORIENTED_EDGE ( 'NONE', *, *, #1132, .F. ) ;
#81 = FACE_OUTER_BOUND ( 'NONE', #162, .T. ) ;
#82 = DIRECTION ( 'NONE',  ( 0.000000000000000000, 0.000000000000000000, 1.000000000000000000 ) ) ;
#83 = AXIS2_PLACEMENT_3D ( 'NONE', #357, #1845, #2513 ) ;
#84 = CIRCLE ( 'NONE', #877, 1.524999999999998579 ) ;
#85 = CARTESIAN_POINT ( 'NONE',  ( 10.00000000000000000, 28.99999999999999645, -58.49999999999996447 ) ) ;
#86 = ORIENTED_EDGE ( 'NONE', *, *, #2532, .F. ) ;
#87 = CYLINDRICAL_SURFACE ( 'NONE', #975, 1.090000000000007629 ) ;
#88 = ORIENTED_EDGE ( 'NONE', *, *, #740, .F. ) ;
#89 = CARTESIAN_POINT ( 'NONE',  ( -7.746999999999997222, 10.59999999999999964, -68.91000000000005343 ) ) ;
#90 = EDGE_LOOP ( 'NONE', ( #1367, #39, #252, #2779 ) ) ;
#91 = FACE_OUTER_BOUND ( 'NONE', #149, .T. ) ;
#92 = CARTESIAN_POINT ( 'NONE',  ( 85.00000000000000000, 14.49999999999999822, 44.50000000000003553 ) ) ;
#93 = ADVANCED_FACE ( 'NONE', ( #1158 ), #1110, .F. ) ;
#94 = CIRCLE ( 'NONE', #1072, 1.524999999999998579 ) ;
#95 = VERTEX_POINT ( 'NONE', #2680 ) ;
#96 = CARTESIAN_POINT ( 'NONE',  ( -26.99999999999999645, 28.99999999999999645, 90.00000000000007105 ) ) ;
#97 = SURFACE_STYLE_FILL_AREA ( #1601 ) ;
#98 = APPLICATION_PROTOCOL_DEFINITION ( 'draft international standard', 'automotive_design', 1998, #2243 ) ;
#99 = CARTESIAN_POINT ( 'NONE',  ( -85.00000000000000000, 45.50000000000000711, 42.95000000000002416 ) ) ;
#100 = ORIENTED_EDGE ( 'NONE', *, *, #2157, .F. ) ;
#101 = ORIENTED_EDGE ( 'NONE', *, *, #2102, .T. ) ;
#102 = CARTESIAN_POINT ( 'NONE',  ( 64.99999999999978684, 0.000000000000000000, 81.52500000000003411 ) ) ;
#103 = ORIENTED_EDGE ( 'NONE', *, *, #1323, .T. ) ;
#104 = CARTESIAN_POINT ( 'NONE',  ( 64.99999999999975842, 0.000000000000000000, -79.99999999999988631 ) ) ;
#105 = CARTESIAN_POINT ( 'NONE',  ( 85.00000000000000000, 29.99999999999999645, 29.00000000000002842 ) ) ;
#106 = VERTEX_POINT ( 'NONE', #750 ) ;
#107 = EDGE_CURVE ( 'NONE', #439, #1960, #317, .T. ) ;
#108 = CARTESIAN_POINT ( 'NONE',  ( 79.99999999999975842, 0.000000000000000000, -66.52499999999989200 ) ) ;
#109 = AXIS2_PLACEMENT_3D ( 'NONE', #945, #1338, #1779 ) ;
#110 = DIRECTION ( 'NONE',  ( 0.000000000000000000, 1.000000000000000000, -0.000000000000000000 ) ) ;
#111 = ADVANCED_FACE ( 'NONE', ( #301 ), #956, .T. ) ;
#112 = AXIS2_PLACEMENT_3D ( 'NONE', #1102, #2347, #36 ) ;
#113 = FACE_OUTER_BOUND ( 'NONE', #931, .T. ) ;
#114 = PRODUCT_DEFINITION_SHAPE ( 'NONE', 'NONE',  #1236 ) ;
#115 = DIRECTION ( 'NONE',  ( -0.000000000000000000, -1.000000000000000000, -0.000000000000000000 ) ) ;
#116 = DIRECTION ( 'NONE',  ( -0.000000000000000000, -1.000000000000000000, -0.000000000000000000 ) ) ;
#117 = DIRECTION ( 'NONE',  ( 0.000000000000000000, 0.000000000000000000, 1.000000000000000000 ) ) ;
#118 = ORIENTED_EDGE ( 'NONE', *, *, #125, .T. ) ;
#119 = DIRECTION ( 'NONE',  ( 0.000000000000000000, 0.000000000000000000, -1.000000000000000000 ) ) ;
#120 = CYLINDRICAL_SURFACE ( 'NONE', #2713, 1.550000000000000933 ) ;
#121 = EDGE_LOOP ( 'NONE', ( #1864, #2474, #1697, #46 ) ) ;
#122 = AXIS2_PLACEMENT_3D ( 'NONE', #1792, #2005, #76 ) ;
#123 = FACE_OUTER_BOUND ( 'NONE', #2406, .T. ) ;
#124 = DIRECTION ( 'NONE',  ( -1.000000000000000000, -0.000000000000000000, -0.000000000000000000 ) ) ;
#125 = EDGE_CURVE ( 'NONE', #1639, #936, #1578, .T. ) ;
#126 = EDGE_CURVE ( 'NONE', #2566, #2313, #1731, .T. ) ;
#127 = DIRECTION ( 'NONE',  ( 0.000000000000000000, 0.000000000000000000, -1.000000000000000000 ) ) ;
#128 = CIRCLE ( 'NONE', #1060, 1.524999999999998579 ) ;
#129 = EDGE_LOOP ( 'NONE', ( #806, #681, #172, #2716 ) ) ;
#130 = CARTESIAN_POINT ( 'NONE',  ( -85.00000000000000000, 14.49999999999999822, 13.50000000000002309 ) ) ;
#131 = ORIENTED_EDGE ( 'NONE', *, *, #1795, .F. ) ;
#132 = DIRECTION ( 'NONE',  ( 1.000000000000000000, 0.000000000000000000, 1.067522139062651041E-16 ) ) ;
#133 = CARTESIAN_POINT ( 'NONE',  ( 8.415016339853279348, 20.99999999999999645, -58.49999999999996447 ) ) ;
#134 = ORIENTED_EDGE ( 'NONE', *, *, #314, .T. ) ;
#135 = LINE ( 'NONE', #986, #284 ) ;
#136 = CARTESIAN_POINT ( 'NONE',  ( 64.99999999999978684, 9.000000000000000000, 78.47500000000003695 ) ) ;
#137 = DIRECTION ( 'NONE',  ( 1.000000000000000000, 0.000000000000000000, 1.067522139062651164E-16 ) ) ;
#138 = DIRECTION ( 'NONE',  ( 0.000000000000000000, 0.000000000000000000, 1.000000000000000000 ) ) ;
#139 = EDGE_CURVE ( 'NONE', #1824, #1720, #1385, .T. ) ;
#140 = EDGE_LOOP ( 'NONE', ( #1522, #198 ) ) ;
#141 = DIRECTION ( 'NONE',  ( -1.000000000000000000, 0.000000000000000000, 1.067522139062651041E-16 ) ) ;
#142 = EDGE_CURVE ( 'NONE', #1557, #492, #1328, .T. ) ;
#143 = CARTESIAN_POINT ( 'NONE',  ( 85.00000000000000000, 14.49999999999999822, 13.50000000000002487 ) ) ;
#144 = ORIENTED_EDGE ( 'NONE', *, *, #2362, .F. ) ;
#145 = CYLINDRICAL_SURFACE ( 'NONE', #2222, 1.550000000000002709 ) ;
#146 = CARTESIAN_POINT ( 'NONE',  ( 64.99999999999978684, 0.000000000000000000, 80.00000000000002842 ) ) ;
#147 = AXIS2_PLACEMENT_3D ( 'NONE', #2491, #2479, #1653 ) ;
#148 = CARTESIAN_POINT ( 'NONE',  ( 7.747000000000002551, 10.59999999999999964, -68.91000000000006764 ) ) ;
#149 = EDGE_LOOP ( 'NONE', ( #1332, #1736, #1504, #1671 ) ) ;
#150 = AXIS2_PLACEMENT_3D ( 'NONE', #250, #264, #221 ) ;
#151 = VECTOR ( 'NONE', #2514, 1000.000000000000000 ) ;
#152 = ADVANCED_FACE ( 'NONE', ( #494 ), #2409, .F. ) ;
#153 = FACE_BOUND ( 'NONE', #214, .T. ) ;
#154 = EDGE_LOOP ( 'NONE', ( #478, #1762, #2792, #1412, #1659, #1797, #2168 ) ) ;
#155 = DIRECTION ( 'NONE',  ( 0.000000000000000000, 0.000000000000000000, -1.000000000000000000 ) ) ;
#156 = DIRECTION ( 'NONE',  ( 0.000000000000000000, 0.000000000000000000, 1.000000000000000000 ) ) ;
#157 = CIRCLE ( 'NONE', #207, 1.550000000000000933 ) ;
#158 = ADVANCED_FACE ( 'NONE', ( #465 ), #2442, .F. ) ;
#159 = ADVANCED_FACE ( 'NONE', ( #2462 ), #686, .F. ) ;
#160 = ORIENTED_EDGE ( 'NONE', *, *, #1796, .T. ) ;
#161 = CYLINDRICAL_SURFACE ( 'NONE', #2756, 14.24999999999999822 ) ;
#162 = EDGE_LOOP ( 'NONE', ( #1309, #2464, #2213, #1109 ) ) ;
#163 = DIRECTION ( 'NONE',  ( -0.000000000000000000, 1.000000000000000000, -0.000000000000000000 ) ) ;
#164 = VECTOR ( 'NONE', #1267, 1000.000000000000000 ) ;
#165 = LINE ( 'NONE', #611, #1418 ) ;
#166 = ORIENTED_EDGE ( 'NONE', *, *, #1065, .F. ) ;
#167 = CARTESIAN_POINT ( 'NONE',  ( -85.00000000000000000, 0.000000000000000000, -5.337610695313255329E-16 ) ) ;
#168 = ORIENTED_EDGE ( 'NONE', *, *, #1796, .F. ) ;
#169 = FACE_OUTER_BOUND ( 'NONE', #2622, .T. ) ;
#170 = CARTESIAN_POINT ( 'NONE',  ( 64.99999999999975842, 9.000000000000000000, -64.99999999999988631 ) ) ;
#171 = VECTOR ( 'NONE', #2440, 1000.000000000000000 ) ;
#172 = ORIENTED_EDGE ( 'NONE', *, *, #1685, .F. ) ;
#173 = ADVANCED_FACE ( 'NONE', ( #91 ), #1822, .F. ) ;
#174 = CARTESIAN_POINT ( 'NONE',  ( -79.99999999999974420, 0.000000000000000000, 65.00000000000001421 ) ) ;
#175 = DIRECTION ( 'NONE',  ( -1.000000000000000000, 0.000000000000000000, -0.000000000000000000 ) ) ;
#176 = CYLINDRICAL_SURFACE ( 'NONE', #2603, 11.99999999999999645 ) ;
#177 = AXIS2_PLACEMENT_3D ( 'NONE', #2481, #545, #2284 ) ;
#178 = DIRECTION ( 'NONE',  ( 0.000000000000000000, 0.000000000000000000, -1.000000000000000000 ) ) ;
#179 = CYLINDRICAL_SURFACE ( 'NONE', #298, 1.550000000000002709 ) ;
#180 = DIRECTION ( 'NONE',  ( -1.000000000000000000, 0.000000000000000000, -0.000000000000000000 ) ) ;
#181 = ORIENTED_EDGE ( 'NONE', *, *, #1251, .T. ) ;
#182 = CARTESIAN_POINT ( 'NONE',  ( -90.00000000000000000, 9.000000000000000000, 65.00000000000002842 ) ) ;
#183 = DIRECTION ( 'NONE',  ( -1.000000000000000000, 0.000000000000000000, 1.067522139062651164E-16 ) ) ;
#184 = VERTEX_POINT ( 'NONE', #1337 ) ;
#185 = CARTESIAN_POINT ( 'NONE',  ( -85.00000000000000000, 45.50000000000000711, 15.05000000000002558 ) ) ;
#186 = ADVANCED_FACE ( 'NONE', ( #2203 ), #734, .F. ) ;
#187 = LINE ( 'NONE', #2119, #885 ) ;
#188 = LINE ( 'NONE', #2555, #1502 ) ;
#189 = EDGE_CURVE ( 'NONE', #1487, #2155, #257, .T. ) ;
#190 = FACE_OUTER_BOUND ( 'NONE', #692, .T. ) ;
#191 = CIRCLE ( 'NONE', #905, 1.524999999999998579 ) ;
#192 = CARTESIAN_POINT ( 'NONE',  ( -85.00000000000000000, 9.000000000000000000, 50.00000000000002132 ) ) ;
#193 = ORIENTED_EDGE ( 'NONE', *, *, #1530, .T. ) ;
#194 = AXIS2_PLACEMENT_3D ( 'NONE', #1196, #2089, #156 ) ;
#195 = DIRECTION ( 'NONE',  ( 1.000000000000000000, 0.000000000000000000, 1.067522139062651164E-16 ) ) ;
#196 = LINE ( 'NONE', #643, #2467 ) ;
#197 = AXIS2_PLACEMENT_3D ( 'NONE', #1827, #110, #755 ) ;
#198 = ORIENTED_EDGE ( 'NONE', *, *, #2412, .T. ) ;
#199 = CARTESIAN_POINT ( 'NONE',  ( 85.00000000000000000, 45.50000000000000000, 46.05000000000002558 ) ) ;
#200 = VERTEX_POINT ( 'NONE', #1777 ) ;
#201 = EDGE_LOOP ( 'NONE', ( #698, #71, #671, #2460 ) ) ;
#202 = VECTOR ( 'NONE', #2308, 1000.000000000000000 ) ;
#203 = ORIENTED_EDGE ( 'NONE', *, *, #1081, .F. ) ;
#204 = AXIS2_PLACEMENT_3D ( 'NONE', #591, #2277, #2263 ) ;
#205 = DIRECTION ( 'NONE',  ( 0.000000000000000000, 0.000000000000000000, 1.000000000000000000 ) ) ;
#206 = CARTESIAN_POINT ( 'NONE',  ( 8.415016339853279348, 20.99999999999999645, -58.49999999999996447 ) ) ;
#207 = AXIS2_PLACEMENT_3D ( 'NONE', #248, #869, #1937 ) ;
#208 = ADVANCED_FACE ( 'NONE', ( #1351 ), #2218, .F. ) ;
#209 = EDGE_CURVE ( 'NONE', #1290, #2181, #1686, .T. ) ;
#210 = DIRECTION ( 'NONE',  ( 0.000000000000000000, 1.000000000000000000, 0.000000000000000000 ) ) ;
#211 = ORIENTED_EDGE ( 'NONE', *, *, #1685, .T. ) ;
#212 = DIRECTION ( 'NONE',  ( -0.000000000000000000, -1.000000000000000000, -0.000000000000000000 ) ) ;
#213 = DIRECTION ( 'NONE',  ( 1.000000000000000000, 0.000000000000000000, 1.067522139062651041E-16 ) ) ;
#214 = EDGE_LOOP ( 'NONE', ( #411, #2236 ) ) ;
#215 = VECTOR ( 'NONE', #2062, 1000.000000000000000 ) ;
#216 = DIRECTION ( 'NONE',  ( -1.000000000000000000, -0.000000000000000000, -0.000000000000000000 ) ) ;
#217 = AXIS2_PLACEMENT_3D ( 'NONE', #2677, #117, #1855 ) ;
#218 = EDGE_LOOP ( 'NONE', ( #134, #2027 ) ) ;
#219 = VERTEX_POINT ( 'NONE', #1886 ) ;
#220 = CARTESIAN_POINT ( 'NONE',  ( -26.99999999999999645, 28.99999999999999645, 80.00000000000004263 ) ) ;
#221 = DIRECTION ( 'NONE',  ( 0.000000000000000000, 0.000000000000000000, 1.000000000000000000 ) ) ;
#222 = CARTESIAN_POINT ( 'NONE',  ( 85.00000000000000000, 29.99999999999999645, 29.00000000000002842 ) ) ;
#223 = VERTEX_POINT ( 'NONE', #1220 ) ;
#224 = CARTESIAN_POINT ( 'NONE',  ( -21.99999999999999645, 9.000000000000000000, 85.00000000000004263 ) ) ;
#225 = EDGE_CURVE ( 'NONE', #936, #223, #1420, .T. ) ;
#226 = DIRECTION ( 'NONE',  ( 0.000000000000000000, 0.000000000000000000, -1.000000000000000000 ) ) ;
#227 = ORIENTED_EDGE ( 'NONE', *, *, #1221, .F. ) ;
#228 = EDGE_CURVE ( 'NONE', #1022, #394, #2138, .T. ) ;
#229 = ORIENTED_EDGE ( 'NONE', *, *, #276, .T. ) ;
#230 = ORIENTED_EDGE ( 'NONE', *, *, #1415, .T. ) ;
#231 = EDGE_LOOP ( 'NONE', ( #2184, #2512 ) ) ;
#232 = DIRECTION ( 'NONE',  ( -1.000000000000000000, 0.000000000000000000, 0.000000000000000000 ) ) ;
#233 = DIRECTION ( 'NONE',  ( 0.000000000000000000, 0.000000000000000000, 1.000000000000000000 ) ) ;
#234 = CARTESIAN_POINT ( 'NONE',  ( 90.00000000000001421, 14.49999999999999822, 46.05000000000003268 ) ) ;
#235 = ORIENTED_EDGE ( 'NONE', *, *, #2532, .T. ) ;
#236 = LINE ( 'NONE', #182, #2149 ) ;
#237 = CARTESIAN_POINT ( 'NONE',  ( 90.00000000000001421, 51.00000000000000711, 8.000000000000031974 ) ) ;
#238 = EDGE_CURVE ( 'NONE', #903, #1174, #2506, .T. ) ;
#239 = AXIS2_PLACEMENT_3D ( 'NONE', #1160, #1808, #2219 ) ;
#240 = ORIENTED_EDGE ( 'NONE', *, *, #1568, .F. ) ;
#241 = AXIS2_PLACEMENT_3D ( 'NONE', #655, #2782, #857 ) ;
#242 = DIRECTION ( 'NONE',  ( 0.000000000000000000, 0.000000000000000000, 1.000000000000000000 ) ) ;
#243 = EDGE_CURVE ( 'NONE', #2425, #1056, #2289, .T. ) ;
#244 = EDGE_CURVE ( 'NONE', #58, #761, #2731, .T. ) ;
#245 = ORIENTED_EDGE ( 'NONE', *, *, #2265, .F. ) ;
#246 = ORIENTED_EDGE ( 'NONE', *, *, #882, .T. ) ;
#247 = ORIENTED_EDGE ( 'NONE', *, *, #1603, .F. ) ;
#248 = CARTESIAN_POINT ( 'NONE',  ( -85.00000000000000000, 45.50000000000000711, 13.50000000000002487 ) ) ;
#249 = AXIS2_PLACEMENT_3D ( 'NONE', #1255, #843, #205 ) ;
#250 = CARTESIAN_POINT ( 'NONE',  ( 79.99999999999975842, 0.000000000000000000, -64.99999999999988631 ) ) ;
#251 = LINE ( 'NONE', #2784, #1265 ) ;
#252 = ORIENTED_EDGE ( 'NONE', *, *, #2135, .F. ) ;
#253 = CARTESIAN_POINT ( 'NONE',  ( 64.99999999999975842, 0.000000000000000000, -81.52499999999989200 ) ) ;
#254 = EDGE_LOOP ( 'NONE', ( #1974, #1070 ) ) ;
#255 = FACE_BOUND ( 'NONE', #796, .T. ) ;
#256 = ORIENTED_EDGE ( 'NONE', *, *, #126, .F. ) ;
#257 = LINE ( 'NONE', #1972, #968 ) ;
#258 = DIRECTION ( 'NONE',  ( -0.000000000000000000, -1.000000000000000000, -0.000000000000000000 ) ) ;
#259 = ORIENTED_EDGE ( 'NONE', *, *, #1738, .F. ) ;
#260 = VERTEX_POINT ( 'NONE', #1181 ) ;
#261 = EDGE_CURVE ( 'NONE', #2313, #2566, #128, .T. ) ;
#262 = VERTEX_POINT ( 'NONE', #1834 ) ;
#263 = CARTESIAN_POINT ( 'NONE',  ( 85.00000000000000000, 8.999999999999998224, 8.000000000000031974 ) ) ;
#264 = DIRECTION ( 'NONE',  ( 0.000000000000000000, 1.000000000000000000, 0.000000000000000000 ) ) ;
#265 = LINE ( 'NONE', #1556, #2492 ) ;
#266 = ORIENTED_EDGE ( 'NONE', *, *, #1217, .F. ) ;
#267 = CARTESIAN_POINT ( 'NONE',  ( -85.00000000000000000, 29.99999999999998934, 41.00000000000002132 ) ) ;
#268 = ORIENTED_EDGE ( 'NONE', *, *, #2250, .T. ) ;
#269 = ORIENTED_EDGE ( 'NONE', *, *, #1979, .T. ) ;
#270 = CARTESIAN_POINT ( 'NONE',  ( 85.00000000000000000, 8.999999999999994671, 50.00000000000002132 ) ) ;
#271 = CYLINDRICAL_SURFACE ( 'NONE', #1365, 1.550000000000002709 ) ;
#272 = EDGE_LOOP ( 'NONE', ( #614, #894, #728, #1506 ) ) ;
#273 = DIRECTION ( 'NONE',  ( 0.000000000000000000, 0.000000000000000000, -1.000000000000000000 ) ) ;
#274 = EDGE_CURVE ( 'NONE', #2628, #685, #307, .T. ) ;
#275 = LINE ( 'NONE', #934, #2224 ) ;
#276 = EDGE_CURVE ( 'NONE', #1802, #184, #2775, .T. ) ;
#277 = CARTESIAN_POINT ( 'NONE',  ( -64.99999999999972999, 0.000000000000000000, 78.47500000000003695 ) ) ;
#278 = EDGE_LOOP ( 'NONE', ( #721, #2762 ) ) ;
#279 = DIRECTION ( 'NONE',  ( 0.000000000000000000, 0.000000000000000000, -1.000000000000000000 ) ) ;
#280 = ORIENTED_EDGE ( 'NONE', *, *, #1932, .F. ) ;
#281 = CARTESIAN_POINT ( 'NONE',  ( 64.99999999999975842, 0.000000000000000000, -79.99999999999988631 ) ) ;
#282 = CARTESIAN_POINT ( 'NONE',  ( 79.99999999999975842, 0.000000000000000000, -64.99999999999988631 ) ) ;
#283 = DIRECTION ( 'NONE',  ( -1.000000000000000000, -0.000000000000000000, -0.000000000000000000 ) ) ;
#284 = VECTOR ( 'NONE', #2055, 1000.000000000000000 ) ;
#285 = VERTEX_POINT ( 'NONE', #2524 ) ;
#286 = VECTOR ( 'NONE', #2416, 1000.000000000000000 ) ;
#287 = VECTOR ( 'NONE', #2718, 1000.000000000000000 ) ;
#288 = DIRECTION ( 'NONE',  ( -0.000000000000000000, -0.000000000000000000, 1.000000000000000000 ) ) ;
#289 = LINE ( 'NONE', #1342, #1771 ) ;
#290 = VECTOR ( 'NONE', #2670, 1000.000000000000000 ) ;
#291 = PLANE ( 'NONE',  #2726 ) ;
#292 = ORIENTED_EDGE ( 'NONE', *, *, #2362, .T. ) ;
#293 = FACE_BOUND ( 'NONE', #865, .T. ) ;
#294 = EDGE_LOOP ( 'NONE', ( #1706, #259, #1532, #1541, #2395, #1299, #1316, #2202, #1112, #2421, #2540, #31 ) ) ;
#295 = EDGE_CURVE ( 'NONE', #2526, #575, #708, .T. ) ;
#296 = ADVANCED_FACE ( 'NONE', ( #2100, #1649, #328, #2487, #2087, #983, #539, #2315, #579, #169 ), #1621, .F. ) ;
#297 = LINE ( 'NONE', #2458, #914 ) ;
#298 = AXIS2_PLACEMENT_3D ( 'NONE', #1459, #1033, #598 ) ;
#299 = DIRECTION ( 'NONE',  ( 1.000000000000000000, 0.000000000000000000, 0.000000000000000000 ) ) ;
#300 = ORIENTED_EDGE ( 'NONE', *, *, #350, .F. ) ;
#301 = FACE_OUTER_BOUND ( 'NONE', #468, .T. ) ;
#302 = VECTOR ( 'NONE', #408, 1000.000000000000000 ) ;
#303 = DIRECTION ( 'NONE',  ( 0.000000000000000000, 1.000000000000000000, 0.000000000000000000 ) ) ;
#304 = EDGE_LOOP ( 'NONE', ( #2616, #2455, #48, #32 ) ) ;
#305 = LINE ( 'NONE', #1582, #1189 ) ;
#306 = DIRECTION ( 'NONE',  ( 1.000000000000000000, 0.000000000000000000, 1.067522139062651164E-16 ) ) ;
#307 = CIRCLE ( 'NONE', #1288, 25.00000000000001421 ) ;
#308 = VECTOR ( 'NONE', #639, 1000.000000000000000 ) ;
#309 = CARTESIAN_POINT ( 'NONE',  ( -90.00000000000001421, 51.00000000000000000, 8.000000000000024869 ) ) ;
#310 = ORIENTED_EDGE ( 'NONE', *, *, #209, .F. ) ;
#311 = DIRECTION ( 'NONE',  ( 0.000000000000000000, 0.000000000000000000, -1.000000000000000000 ) ) ;
#312 = VERTEX_POINT ( 'NONE', #1436 ) ;
#313 = DIRECTION ( 'NONE',  ( 0.000000000000000000, 0.000000000000000000, -1.000000000000000000 ) ) ;
#314 = EDGE_CURVE ( 'NONE', #496, #359, #440, .T. ) ;
#315 = DIRECTION ( 'NONE',  ( 1.000000000000000000, 0.000000000000000000, 1.067522139062651164E-16 ) ) ;
#316 = ORIENTED_EDGE ( 'NONE', *, *, #540, .F. ) ;
#317 = LINE ( 'NONE', #2650, #2009 ) ;
#318 = DIRECTION ( 'NONE',  ( 0.000000000000000000, 0.000000000000000000, -1.000000000000000000 ) ) ;
#319 = CIRCLE ( 'NONE', #1887, 1.550000000000002709 ) ;
#320 = EDGE_CURVE ( 'NONE', #878, #1191, #2747, .T. ) ;
#321 = ORIENTED_EDGE ( 'NONE', *, *, #2430, .T. ) ;
#322 = LINE ( 'NONE', #1536, #70 ) ;
#323 = CARTESIAN_POINT ( 'NONE',  ( -90.00000000000001421, 14.49999999999999822, 42.95000000000002416 ) ) ;
#324 = CARTESIAN_POINT ( 'NONE',  ( 27.00000000000000355, 28.99999999999999645, 80.00000000000004263 ) ) ;
#325 = FACE_OUTER_BOUND ( 'NONE', #272, .T. ) ;
#326 = CARTESIAN_POINT ( 'NONE',  ( -64.99999999999975842, 9.000000000000000000, 90.00000000000007105 ) ) ;
#327 = ORIENTED_EDGE ( 'NONE', *, *, #947, .F. ) ;
#328 = FACE_BOUND ( 'NONE', #2589, .T. ) ;
#329 = CARTESIAN_POINT ( 'NONE',  ( -85.00000000000000000, 14.49999999999999822, 44.50000000000002842 ) ) ;
#330 = ORIENTED_EDGE ( 'NONE', *, *, #722, .F. ) ;
#331 = EDGE_CURVE ( 'NONE', #1319, #456, #994, .T. ) ;
#332 = AXIS2_PLACEMENT_3D ( 'NONE', #6, #23, #38 ) ;
#333 = EDGE_CURVE ( 'NONE', #1056, #2425, #831, .T. ) ;
#334 = LINE ( 'NONE', #2282, #2269 ) ;
#335 = AXIS2_PLACEMENT_3D ( 'NONE', #1111, #2025, #242 ) ;
#336 = DIRECTION ( 'NONE',  ( -0.000000000000000000, 1.000000000000000000, -0.000000000000000000 ) ) ;
#337 = VECTOR ( 'NONE', #1765, 1000.000000000000000 ) ;
#338 = FACE_BOUND ( 'NONE', #443, .T. ) ;
#339 = ORIENTED_EDGE ( 'NONE', *, *, #552, .F. ) ;
#340 = FACE_BOUND ( 'NONE', #2721, .T. ) ;
#341 = CARTESIAN_POINT ( 'NONE',  ( -21.99999999999999645, 28.99999999999999645, 85.00000000000004263 ) ) ;
#342 = EDGE_LOOP ( 'NONE', ( #15, #240 ) ) ;
#343 = AXIS2_PLACEMENT_3D ( 'NONE', #2238, #2028, #175 ) ;
#344 = CARTESIAN_POINT ( 'NONE',  ( 79.99999999999975842, 9.000000000000000000, -64.99999999999988631 ) ) ;
#345 = DIRECTION ( 'NONE',  ( -1.000000000000000000, 0.000000000000000000, 1.067522139062651041E-16 ) ) ;
#346 = ORIENTED_EDGE ( 'NONE', *, *, #1751, .T. ) ;
#347 = CIRCLE ( 'NONE', #1648, 1.550000000000002709 ) ;
#348 = DIRECTION ( 'NONE',  ( 0.000000000000000000, 0.000000000000000000, -1.000000000000000000 ) ) ;
#349 = EDGE_CURVE ( 'NONE', #1747, #601, #762, .T. ) ;
#350 = EDGE_CURVE ( 'NONE', #1516, #312, #2587, .T. ) ;
#351 = CARTESIAN_POINT ( 'NONE',  ( 85.00000000000000000, 29.99999999999999645, 29.00000000000002842 ) ) ;
#352 = CIRCLE ( 'NONE', #2642, 1.089999999999993641 ) ;
#353 = DIRECTION ( 'NONE',  ( -0.000000000000000000, 1.000000000000000000, -0.000000000000000000 ) ) ;
#354 = CIRCLE ( 'NONE', #398, 1.524999999999998579 ) ;
#355 = FACE_OUTER_BOUND ( 'NONE', #1207, .T. ) ;
#356 = VERTEX_POINT ( 'NONE', #421 ) ;
#357 = CARTESIAN_POINT ( 'NONE',  ( 64.99999999999975842, 9.000000000000000000, -64.99999999999988631 ) ) ;
#358 = LINE ( 'NONE', #1210, #287 ) ;
#359 = VERTEX_POINT ( 'NONE', #1684 ) ;
#360 = AXIS2_PLACEMENT_3D ( 'NONE', #1480, #163, #1241 ) ;
#361 = DIRECTION ( 'NONE',  ( 0.000000000000000000, 0.000000000000000000, 1.000000000000000000 ) ) ;
#362 = CARTESIAN_POINT ( 'NONE',  ( 7.747000000000002551, 20.99999999999999645, -71.09000000000006025 ) ) ;
#363 = EDGE_CURVE ( 'NONE', #262, #878, #236, .T. ) ;
#364 = CARTESIAN_POINT ( 'NONE',  ( 85.00000000000000000, 14.49999999999999822, 46.05000000000003268 ) ) ;
#365 = DIRECTION ( 'NONE',  ( 0.000000000000000000, 1.000000000000000000, 0.000000000000000000 ) ) ;
#366 = EDGE_CURVE ( 'NONE', #1086, #502, #615, .T. ) ;
#367 = ADVANCED_FACE ( 'NONE', ( #437 ), #1728, .F. ) ;
#368 = FACE_OUTER_BOUND ( 'NONE', #1935, .T. ) ;
#369 = ORIENTED_EDGE ( 'NONE', *, *, #2638, .T. ) ;
#370 = CARTESIAN_POINT ( 'NONE',  ( 65.00000000000000000, 9.000000000000000000, 65.00000000000002842 ) ) ;
#371 = CARTESIAN_POINT ( 'NONE',  ( -26.99999999999999645, 28.99999999999999645, 90.00000000000007105 ) ) ;
#372 = VECTOR ( 'NONE', #1045, 1000.000000000000000 ) ;
#373 = EDGE_LOOP ( 'NONE', ( #895, #17, #2676, #2553 ) ) ;
#374 = CARTESIAN_POINT ( 'NONE',  ( 22.00000000000000355, 28.99999999999999645, 80.00000000000004263 ) ) ;
#375 = CARTESIAN_POINT ( 'NONE',  ( 7.747000000000002551, 0.000000000000000000, -70.00000000000005684 ) ) ;
#376 = VECTOR ( 'NONE', #607, 1000.000000000000000 ) ;
#377 = CARTESIAN_POINT ( 'NONE',  ( -64.99999999999972999, 0.000000000000000000, 81.52500000000003411 ) ) ;
#378 = CYLINDRICAL_SURFACE ( 'NONE', #1375, 1.524999999999998579 ) ;
#379 = CIRCLE ( 'NONE', #1612, 1.524999999999998579 ) ;
#380 = CARTESIAN_POINT ( 'NONE',  ( -79.99999999999975842, 9.000000000000000000, -63.47499999999989484 ) ) ;
#381 = ORIENTED_EDGE ( 'NONE', *, *, #2394, .T. ) ;
#382 = DIRECTION ( 'NONE',  ( -1.000000000000000000, 0.000000000000000000, 1.067522139062651041E-16 ) ) ;
#383 = EDGE_CURVE ( 'NONE', #701, #1806, #8, .T. ) ;
#384 = CARTESIAN_POINT ( 'NONE',  ( 17.00000000000000355, 28.99999999999999645, 85.00000000000004263 ) ) ;
#385 = VECTOR ( 'NONE', #2346, 1000.000000000000000 ) ;
#386 = ORIENTED_EDGE ( 'NONE', *, *, #2001, .F. ) ;
#387 = AXIS2_PLACEMENT_3D ( 'NONE', #989, #792, #2767 ) ;
#388 = CARTESIAN_POINT ( 'NONE',  ( 64.99999999999975842, 0.000000000000000000, -90.00000000000007105 ) ) ;
#389 = CARTESIAN_POINT ( 'NONE',  ( -64.99999999999975842, 0.000000000000000000, -81.52499999999989200 ) ) ;
#390 = CYLINDRICAL_SURFACE ( 'NONE', #2714, 1.550000000000002709 ) ;
#391 = FACE_OUTER_BOUND ( 'NONE', #1114, .T. ) ;
#392 = AXIS2_PLACEMENT_3D ( 'NONE', #1517, #1036, #1304 ) ;
#393 = CARTESIAN_POINT ( 'NONE',  ( 7.747000000000002551, 10.59999999999999964, -71.09000000000006025 ) ) ;
#394 = VERTEX_POINT ( 'NONE', #2339 ) ;
#395 = CARTESIAN_POINT ( 'NONE',  ( -79.99999999999975842, 0.000000000000000000, -64.99999999999988631 ) ) ;
#396 = PLANE ( 'NONE',  #26 ) ;
#397 = EDGE_CURVE ( 'NONE', #1320, #1742, #1914, .T. ) ;
#398 = AXIS2_PLACEMENT_3D ( 'NONE', #1843, #1423, #2473 ) ;
#399 = ORIENTED_EDGE ( 'NONE', *, *, #349, .T. ) ;
#400 = LINE ( 'NONE', #1253, #1950 ) ;
#401 = ADVANCED_FACE ( 'NONE', ( #2572 ), #862, .F. ) ;
#402 = DIRECTION ( 'NONE',  ( -1.000000000000000000, -0.000000000000000000, -0.000000000000000000 ) ) ;
#403 = LINE ( 'NONE', #2640, #871 ) ;
#404 = DIRECTION ( 'NONE',  ( 0.000000000000000000, -1.000000000000000000, 0.000000000000000000 ) ) ;
#405 = DIRECTION ( 'NONE',  ( -0.000000000000000000, -1.000000000000000000, -0.000000000000000000 ) ) ;
#406 = ORIENTED_EDGE ( 'NONE', *, *, #2330, .F. ) ;
#407 = CARTESIAN_POINT ( 'NONE',  ( -90.00000000000000000, 9.000000000000000000, 65.00000000000002842 ) ) ;
#408 = DIRECTION ( 'NONE',  ( -0.000000000000000000, -0.000000000000000000, -1.000000000000000000 ) ) ;
#409 = ORIENTED_EDGE ( 'NONE', *, *, #1531, .T. ) ;
#410 = LINE ( 'NONE', #199, #2086 ) ;
#411 = ORIENTED_EDGE ( 'NONE', *, *, #1357, .T. ) ;
#412 = CARTESIAN_POINT ( 'NONE',  ( -90.00000000000001421, 29.99999999999998934, 29.00000000000002487 ) ) ;
#413 = EDGE_CURVE ( 'NONE', #1174, #2576, #658, .T. ) ;
#414 = ADVANCED_FACE ( 'NONE', ( #2537 ), #2156, .F. ) ;
#415 = VERTEX_POINT ( 'NONE', #224 ) ;
#416 = LINE ( 'NONE', #220, #2233 ) ;
#417 = DIRECTION ( 'NONE',  ( -0.000000000000000000, 1.239088197126291063E-16, 1.000000000000000000 ) ) ;
#418 = PLANE ( 'NONE',  #836 ) ;
#419 = ORIENTED_EDGE ( 'NONE', *, *, #2655, .T. ) ;
#420 = AXIS2_PLACEMENT_3D ( 'NONE', #2189, #2398, #528 ) ;
#421 = CARTESIAN_POINT ( 'NONE',  ( 85.00000000000000000, 45.50000000000000000, 15.05000000000002736 ) ) ;
#422 = AXIS2_PLACEMENT_3D ( 'NONE', #1852, #2298, #597 ) ;
#423 = DIRECTION ( 'NONE',  ( 0.000000000000000000, 1.000000000000000000, -0.000000000000000000 ) ) ;
#424 = ORIENTED_EDGE ( 'NONE', *, *, #2686, .T. ) ;
#425 = ORIENTED_EDGE ( 'NONE', *, *, #2517, .T. ) ;
#426 = ORIENTED_EDGE ( 'NONE', *, *, #2447, .T. ) ;
#427 = ORIENTED_EDGE ( 'NONE', *, *, #75, .F. ) ;
#428 = AXIS2_PLACEMENT_3D ( 'NONE', #2396, #1171, #1547 ) ;
#429 = DIRECTION ( 'NONE',  ( -0.000000000000000000, 1.000000000000000000, -0.000000000000000000 ) ) ;
#430 = EDGE_CURVE ( 'NONE', #833, #1690, #2327, .T. ) ;
#431 = DIRECTION ( 'NONE',  ( 0.000000000000000000, 0.000000000000000000, -1.000000000000000000 ) ) ;
#432 = AXIS2_PLACEMENT_3D ( 'NONE', #1978, #960, #273 ) ;
#433 = VECTOR ( 'NONE', #2226, 1000.000000000000000 ) ;
#434 = EDGE_CURVE ( 'NONE', #2510, #662, #352, .T. ) ;
#435 = DIRECTION ( 'NONE',  ( 0.000000000000000000, 0.000000000000000000, -1.000000000000000000 ) ) ;
#436 = ORIENTED_EDGE ( 'NONE', *, *, #1285, .F. ) ;
#437 = FACE_OUTER_BOUND ( 'NONE', #2707, .T. ) ;
#438 = CARTESIAN_POINT ( 'NONE',  ( -85.00000000000000000, 14.49999999999999822, 42.95000000000002416 ) ) ;
#439 = VERTEX_POINT ( 'NONE', #1942 ) ;
#440 = CIRCLE ( 'NONE', #2732, 1.550000000000002709 ) ;
#441 = VECTOR ( 'NONE', #53, 1000.000000000000000 ) ;
#442 = ORIENTED_EDGE ( 'NONE', *, *, #2504, .T. ) ;
#443 = EDGE_LOOP ( 'NONE', ( #2342, #2215 ) ) ;
#444 = PLANE ( 'NONE',  #2097 ) ;
#445 = DIRECTION ( 'NONE',  ( 0.000000000000000000, -1.000000000000000000, 0.000000000000000000 ) ) ;
#446 = EDGE_CURVE ( 'NONE', #56, #1619, #2771, .T. ) ;
#447 = CIRCLE ( 'NONE', #1437, 25.00000000000001421 ) ;
#448 = DIRECTION ( 'NONE',  ( 0.000000000000000000, -1.000000000000000000, 0.000000000000000000 ) ) ;
#449 = ORIENTED_EDGE ( 'NONE', *, *, #1185, .T. ) ;
#450 = CARTESIAN_POINT ( 'NONE',  ( 0.000000000000000000, 28.99999999999999645, 0.000000000000000000 ) ) ;
#451 = ADVANCED_FACE ( 'NONE', ( #1291 ), #809, .F. ) ;
#452 = ADVANCED_FACE ( 'NONE', ( #602 ), #2350, .F. ) ;
#453 = EDGE_LOOP ( 'NONE', ( #1162, #2301 ) ) ;
#454 = DIRECTION ( 'NONE',  ( 1.000000000000000000, -0.000000000000000000, 0.000000000000000000 ) ) ;
#455 = ORIENTED_EDGE ( 'NONE', *, *, #2357, .F. ) ;
#456 = VERTEX_POINT ( 'NONE', #1063 ) ;
#457 = CARTESIAN_POINT ( 'NONE',  ( 7.747000000000002551, 20.99999999999999645, -68.91000000000006764 ) ) ;
#458 = LINE ( 'NONE', #695, #1092 ) ;
#459 = DIRECTION ( 'NONE',  ( 0.000000000000000000, 0.000000000000000000, -1.000000000000000000 ) ) ;
#460 = ORIENTED_EDGE ( 'NONE', *, *, #774, .F. ) ;
#461 = FACE_OUTER_BOUND ( 'NONE', #2338, .T. ) ;
#462 = AXIS2_PLACEMENT_3D ( 'NONE', #1295, #1917, #2385 ) ;
#463 = EDGE_CURVE ( 'NONE', #1476, #2470, #1248, .T. ) ;
#464 = ORIENTED_EDGE ( 'NONE', *, *, #13, .F. ) ;
#465 = FACE_OUTER_BOUND ( 'NONE', #90, .T. ) ;
#466 = CIRCLE ( 'NONE', #1905, 1.550000000000002709 ) ;
#467 = DIRECTION ( 'NONE',  ( 0.000000000000000000, 0.000000000000000000, 1.000000000000000000 ) ) ;
#468 = EDGE_LOOP ( 'NONE', ( #2229, #584, #891, #1336 ) ) ;
#469 = ORIENTED_EDGE ( 'NONE', *, *, #1947, .T. ) ;
#470 = DIRECTION ( 'NONE',  ( -0.000000000000000000, 1.000000000000000000, -0.000000000000000000 ) ) ;
#471 = VECTOR ( 'NONE', #2043, 1000.000000000000000 ) ;
#472 = CARTESIAN_POINT ( 'NONE',  ( 90.00000000000001421, 8.999999999999998224, 8.000000000000031974 ) ) ;
#473 = DIRECTION ( 'NONE',  ( 1.000000000000000000, 0.000000000000000000, 0.000000000000000000 ) ) ;
#474 = CARTESIAN_POINT ( 'NONE',  ( -64.99999999999975842, 9.000000000000000000, -90.00000000000007105 ) ) ;
#475 = VERTEX_POINT ( 'NONE', #1927 ) ;
#476 = LINE ( 'NONE', #267, #2340 ) ;
#477 = ORIENTED_EDGE ( 'NONE', *, *, #567, .F. ) ;
#478 = ORIENTED_EDGE ( 'NONE', *, *, #2379, .F. ) ;
#479 = DIRECTION ( 'NONE',  ( -1.000000000000000000, 0.000000000000000000, 1.067522139062651164E-16 ) ) ;
#480 = EDGE_CURVE ( 'NONE', #1715, #2576, #930, .T. ) ;
#481 = LINE ( 'NONE', #2618, #815 ) ;
#482 = AXIS2_PLACEMENT_3D ( 'NONE', #670, #889, #1803 ) ;
#483 = EDGE_LOOP ( 'NONE', ( #901, #1327 ) ) ;
#484 = ADVANCED_FACE ( 'NONE', ( #1318 ), #2436, .F. ) ;
#485 = AXIS2_PLACEMENT_3D ( 'NONE', #1696, #2557, #1646 ) ;
#486 = FACE_OUTER_BOUND ( 'NONE', #519, .T. ) ;
#487 = FACE_OUTER_BOUND ( 'NONE', #1489, .T. ) ;
#488 = DIRECTION ( 'NONE',  ( 1.000000000000000000, 0.000000000000000000, 1.067522139062651041E-16 ) ) ;
#489 = CARTESIAN_POINT ( 'NONE',  ( -79.99999999999975842, 0.000000000000000000, -63.47499999999989484 ) ) ;
#490 = ORIENTED_EDGE ( 'NONE', *, *, #1448, .T. ) ;
#491 = DIRECTION ( 'NONE',  ( -0.000000000000000000, 1.000000000000000000, -0.000000000000000000 ) ) ;
#492 = VERTEX_POINT ( 'NONE', #253 ) ;
#493 = ORIENTED_EDGE ( 'NONE', *, *, #1828, .T. ) ;
#494 = FACE_OUTER_BOUND ( 'NONE', #764, .T. ) ;
#495 = CARTESIAN_POINT ( 'NONE',  ( -26.99999999999999645, 28.99999999999999645, 90.00000000000007105 ) ) ;
#496 = VERTEX_POINT ( 'NONE', #2629 ) ;
#497 = CARTESIAN_POINT ( 'NONE',  ( 90.00000000000002842, 0.000000000000000000, 65.00000000000002842 ) ) ;
#498 = ADVANCED_FACE ( 'NONE', ( #2016 ), #1135, .F. ) ;
#499 = ADVANCED_FACE ( 'NONE', ( #1589 ), #87, .F. ) ;
#500 = DIRECTION ( 'NONE',  ( -1.000000000000000000, 0.000000000000000000, 1.067522139062651041E-16 ) ) ;
#501 = CARTESIAN_POINT ( 'NONE',  ( -7.703719777548943412E-31, 20.99999999999999645, -70.00000000000005684 ) ) ;
#502 = VERTEX_POINT ( 'NONE', #679 ) ;
#503 = CARTESIAN_POINT ( 'NONE',  ( -10.00000000000000000, 28.99999999999999645, -53.49999999999996447 ) ) ;
#504 = CYLINDRICAL_SURFACE ( 'NONE', #2502, 1.524999999999998579 ) ;
#505 = DIRECTION ( 'NONE',  ( -1.000000000000000000, 0.000000000000000000, 1.067522139062651041E-16 ) ) ;
#506 = ORIENTED_EDGE ( 'NONE', *, *, #849, .T. ) ;
#507 = DIRECTION ( 'NONE',  ( 0.000000000000000000, 1.000000000000000000, 0.000000000000000000 ) ) ;
#508 = CARTESIAN_POINT ( 'NONE',  ( -21.99999999999999645, 28.99999999999999645, 85.00000000000004263 ) ) ;
#509 = CIRCLE ( 'NONE', #554, 1.524999999999998579 ) ;
#510 = ORIENTED_EDGE ( 'NONE', *, *, #1493, .T. ) ;
#511 = CIRCLE ( 'NONE', #112, 11.74999999999999645 ) ;
#512 = CIRCLE ( 'NONE', #194, 1.524999999999998579 ) ;
#513 = FACE_OUTER_BOUND ( 'NONE', #1381, .T. ) ;
#514 = CARTESIAN_POINT ( 'NONE',  ( 85.00000000000000000, 14.49999999999999822, 44.50000000000003553 ) ) ;
#515 = DIRECTION ( 'NONE',  ( 1.000000000000000000, 0.000000000000000000, -1.067522139062651041E-16 ) ) ;
#516 = EDGE_CURVE ( 'NONE', #1012, #2373, #2661, .T. ) ;
#517 = VECTOR ( 'NONE', #899, 1000.000000000000000 ) ;
#518 = FACE_BOUND ( 'NONE', #997, .T. ) ;
#519 = EDGE_LOOP ( 'NONE', ( #2610, #1465, #1215, #1219 ) ) ;
#520 = DIRECTION ( 'NONE',  ( 0.000000000000000000, 1.000000000000000000, 0.000000000000000000 ) ) ;
#521 = ORIENTED_EDGE ( 'NONE', *, *, #1431, .T. ) ;
#522 = ADVANCED_FACE ( 'NONE', ( #461 ), #2611, .T. ) ;
#523 = AXIS2_PLACEMENT_3D ( 'NONE', #104, #704, #2426 ) ;
#524 = CARTESIAN_POINT ( 'NONE',  ( -21.99999999999999645, 9.000000000000000000, 80.00000000000004263 ) ) ;
#525 = VERTEX_POINT ( 'NONE', #55 ) ;
#526 = DIRECTION ( 'NONE',  ( -1.000000000000000000, 0.000000000000000000, 0.000000000000000000 ) ) ;
#527 = AXIS2_PLACEMENT_3D ( 'NONE', #2560, #824, #1700 ) ;
#528 = DIRECTION ( 'NONE',  ( 0.000000000000000000, 0.000000000000000000, -1.000000000000000000 ) ) ;
#529 = VERTEX_POINT ( 'NONE', #902 ) ;
#530 = CARTESIAN_POINT ( 'NONE',  ( 0.000000000000000000, 0.000000000000000000, -81.75000000000005684 ) ) ;
#531 = CARTESIAN_POINT ( 'NONE',  ( -64.99999999999975842, 0.000000000000000000, -64.99999999999988631 ) ) ;
#532 = VECTOR ( 'NONE', #315, 1000.000000000000000 ) ;
#533 = FACE_OUTER_BOUND ( 'NONE', #2490, .T. ) ;
#534 = CARTESIAN_POINT ( 'NONE',  ( 0.000000000000000000, 10.59999999999999964, -70.00000000000005684 ) ) ;
#535 = DIRECTION ( 'NONE',  ( -0.000000000000000000, 0.000000000000000000, -1.000000000000000000 ) ) ;
#536 = CARTESIAN_POINT ( 'NONE',  ( 10.00000000000000000, 28.99999999999999645, -53.49999999999996447 ) ) ;
#537 = ORIENTED_EDGE ( 'NONE', *, *, #603, .F. ) ;
#538 = EDGE_CURVE ( 'NONE', #1476, #2600, #2228, .T. ) ;
#539 = FACE_BOUND ( 'NONE', #561, .T. ) ;
#540 = EDGE_CURVE ( 'NONE', #730, #1320, #1298, .T. ) ;
#541 = LINE ( 'NONE', #1875, #1634 ) ;
#542 = ORIENTED_EDGE ( 'NONE', *, *, #1567, .T. ) ;
#543 = FACE_OUTER_BOUND ( 'NONE', #879, .T. ) ;
#544 = LINE ( 'NONE', #2658, #818 ) ;
#545 = DIRECTION ( 'NONE',  ( 0.000000000000000000, 1.000000000000000000, 0.000000000000000000 ) ) ;
#546 = ORIENTED_EDGE ( 'NONE', *, *, #1415, .F. ) ;
#547 = PLANE ( 'NONE',  #2542 ) ;
#548 = CARTESIAN_POINT ( 'NONE',  ( -89.99999999999997158, 9.000000000000000000, -64.99999999999988631 ) ) ;
#549 = ORIENTED_EDGE ( 'NONE', *, *, #1513, .F. ) ;
#550 = CARTESIAN_POINT ( 'NONE',  ( -10.00000000000000000, 9.000000000000000000, -53.49999999999996447 ) ) ;
#551 = CARTESIAN_POINT ( 'NONE',  ( 85.00000000000000000, 14.49999999999999822, 44.50000000000003553 ) ) ;
#552 = EDGE_CURVE ( 'NONE', #2478, #1630, #94, .T. ) ;
#553 = ORIENTED_EDGE ( 'NONE', *, *, #2595, .T. ) ;
#554 = AXIS2_PLACEMENT_3D ( 'NONE', #1198, #2078, #2320 ) ;
#555 = CARTESIAN_POINT ( 'NONE',  ( -90.00000000000001421, 9.000000000000000000, 50.00000000000002132 ) ) ;
#556 = VECTOR ( 'NONE', #137, 1000.000000000000000 ) ;
#557 = CIRCLE ( 'NONE', #1496, 1.524999999999998579 ) ;
#558 = FACE_BOUND ( 'NONE', #1566, .T. ) ;
#559 = VERTEX_POINT ( 'NONE', #1998 ) ;
#560 = CARTESIAN_POINT ( 'NONE',  ( -85.00000000000000000, 29.99999999999998934, 17.00000000000002842 ) ) ;
#561 = EDGE_LOOP ( 'NONE', ( #256, #896 ) ) ;
#562 = CIRCLE ( 'NONE', #2630, 1.524999999999998579 ) ;
#563 = DIRECTION ( 'NONE',  ( 0.000000000000000000, 1.000000000000000000, 0.000000000000000000 ) ) ;
#564 = DIRECTION ( 'NONE',  ( 1.000000000000000000, 0.000000000000000000, 0.000000000000000000 ) ) ;
#565 = ORIENTED_EDGE ( 'NONE', *, *, #882, .F. ) ;
#566 = CIRCLE ( 'NONE', #1783, 1.524999999999998579 ) ;
#567 = EDGE_CURVE ( 'NONE', #2575, #2313, #2407, .T. ) ;
#568 = AXIS2_PLACEMENT_3D ( 'NONE', #1786, #2645, #2014 ) ;
#569 = CYLINDRICAL_SURFACE ( 'NONE', #1857, 1.524999999999998579 ) ;
#570 = ORIENTED_EDGE ( 'NONE', *, *, #1202, .F. ) ;
#571 = DIRECTION ( 'NONE',  ( 0.000000000000000000, 0.000000000000000000, -1.000000000000000000 ) ) ;
#572 = EDGE_CURVE ( 'NONE', #2558, #2192, #476, .T. ) ;
#573 = EDGE_CURVE ( 'NONE', #1984, #2592, #447, .T. ) ;
#574 = LINE ( 'NONE', #377, #1581 ) ;
#575 = VERTEX_POINT ( 'NONE', #1361 ) ;
#576 = AXIS2_PLACEMENT_3D ( 'NONE', #954, #505, #1366 ) ;
#577 = CARTESIAN_POINT ( 'NONE',  ( -64.99999999999975842, 0.000000000000000000, -79.99999999999988631 ) ) ;
#578 = ORIENTED_EDGE ( 'NONE', *, *, #139, .F. ) ;
#579 = FACE_BOUND ( 'NONE', #2186, .T. ) ;
#580 = DIRECTION ( 'NONE',  ( 0.000000000000000000, 0.000000000000000000, -1.000000000000000000 ) ) ;
#581 = ORIENTED_EDGE ( 'NONE', *, *, #1511, .F. ) ;
#582 = VECTOR ( 'NONE', #1772, 1000.000000000000000 ) ;
#583 = DIRECTION ( 'NONE',  ( 0.000000000000000000, 0.000000000000000000, 1.000000000000000000 ) ) ;
#584 = ORIENTED_EDGE ( 'NONE', *, *, #2072, .F. ) ;
#585 = CARTESIAN_POINT ( 'NONE',  ( -85.00000000000000000, 29.99999999999998934, 29.00000000000002487 ) ) ;
#586 = EDGE_CURVE ( 'NONE', #2576, #1715, #1976, .T. ) ;
#587 = CARTESIAN_POINT ( 'NONE',  ( -64.99999999999972999, 9.000000000000000000, 78.47500000000003695 ) ) ;
#588 = ORIENTED_EDGE ( 'NONE', *, *, #2548, .T. ) ;
#589 = DIRECTION ( 'NONE',  ( 0.000000000000000000, 0.000000000000000000, 1.000000000000000000 ) ) ;
#590 = EDGE_LOOP ( 'NONE', ( #1551, #2669, #455, #1816 ) ) ;
#591 = CARTESIAN_POINT ( 'NONE',  ( -64.99999999999972999, 9.000000000000000000, 80.00000000000002842 ) ) ;
#592 = CARTESIAN_POINT ( 'NONE',  ( 85.00000000000000000, 8.999999999999994671, 50.00000000000002132 ) ) ;
#593 = ORIENTED_EDGE ( 'NONE', *, *, #1891, .T. ) ;
#594 = CARTESIAN_POINT ( 'NONE',  ( 65.00000000000000000, 9.000000000000000000, 65.00000000000002842 ) ) ;
#595 = DIRECTION ( 'NONE',  ( -0.000000000000000000, -1.000000000000000000, -0.000000000000000000 ) ) ;
#596 = CIRCLE ( 'NONE', #147, 14.24999999999999822 ) ;
#597 = DIRECTION ( 'NONE',  ( 0.000000000000000000, 0.000000000000000000, 1.000000000000000000 ) ) ;
#598 = DIRECTION ( 'NONE',  ( 0.000000000000000000, 0.000000000000000000, 1.000000000000000000 ) ) ;
#599 = ADVANCED_FACE ( 'NONE', ( #1380, #293, #921, #1573, #2647, #2244 ), #1168, .F. ) ;
#600 = CARTESIAN_POINT ( 'NONE',  ( 10.00000000000000000, 28.99999999999999645, -58.49999999999996447 ) ) ;
#601 = VERTEX_POINT ( 'NONE', #2601 ) ;
#602 = FACE_OUTER_BOUND ( 'NONE', #970, .T. ) ;
#603 = EDGE_CURVE ( 'NONE', #1174, #903, #1617, .T. ) ;
#604 = CARTESIAN_POINT ( 'NONE',  ( 79.99999999999977263, 0.000000000000000000, 66.52500000000003411 ) ) ;
#605 = ORIENTED_EDGE ( 'NONE', *, *, #480, .F. ) ;
#606 = VECTOR ( 'NONE', #624, 1000.000000000000000 ) ;
#607 = DIRECTION ( 'NONE',  ( 1.000000000000000000, 0.000000000000000000, 1.067522139062651164E-16 ) ) ;
#608 = AXIS2_PLACEMENT_3D ( 'NONE', #1807, #2187, #892 ) ;
#609 = LINE ( 'NONE', #2724, #1477 ) ;
#610 = CARTESIAN_POINT ( 'NONE',  ( 7.747000000000002551, 0.000000000000000000, -71.09000000000006025 ) ) ;
#611 = CARTESIAN_POINT ( 'NONE',  ( 27.00000000000000355, 28.99999999999999645, 90.00000000000005684 ) ) ;
#612 = VECTOR ( 'NONE', #2704, 1000.000000000000000 ) ;
#613 = CARTESIAN_POINT ( 'NONE',  ( -79.99999999999975842, 0.000000000000000000, -64.99999999999988631 ) ) ;
#614 = ORIENTED_EDGE ( 'NONE', *, *, #2686, .F. ) ;
#615 = LINE ( 'NONE', #1093, #1879 ) ;
#616 = DIRECTION ( 'NONE',  ( 0.000000000000000000, 0.000000000000000000, -1.000000000000000000 ) ) ;
#617 = EDGE_CURVE ( 'NONE', #1125, #2602, #1442, .T. ) ;
#618 = ADVANCED_FACE ( 'NONE', ( #2507 ), #176, .F. ) ;
#619 = ORIENTED_EDGE ( 'NONE', *, *, #2484, .F. ) ;
#620 = CARTESIAN_POINT ( 'NONE',  ( -64.99999999999972999, 0.000000000000000000, 80.00000000000002842 ) ) ;
#621 = ORIENTED_EDGE ( 'NONE', *, *, #1513, .T. ) ;
#622 = CARTESIAN_POINT ( 'NONE',  ( -79.99999999999974420, 0.000000000000000000, 63.47500000000001563 ) ) ;
#623 = LINE ( 'NONE', #1951, #385 ) ;
#624 = DIRECTION ( 'NONE',  ( 1.000000000000000000, 0.000000000000000000, 0.000000000000000000 ) ) ;
#625 = CARTESIAN_POINT ( 'NONE',  ( 85.00000000000000000, 45.50000000000000000, 42.95000000000002416 ) ) ;
#626 = EDGE_LOOP ( 'NONE', ( #714, #103 ) ) ;
#627 = DIRECTION ( 'NONE',  ( -0.000000000000000000, 1.000000000000000000, -0.000000000000000000 ) ) ;
#628 = CARTESIAN_POINT ( 'NONE',  ( -16.99999999999999289, 9.000000000000000000, 85.00000000000004263 ) ) ;
#629 = EDGE_LOOP ( 'NONE', ( #2309, #2353, #1400, #1528 ) ) ;
#630 = VECTOR ( 'NONE', #2336, 1000.000000000000000 ) ;
#631 = ADVANCED_FACE ( 'NONE', ( #2307 ), #1429, .F. ) ;
#632 = CARTESIAN_POINT ( 'NONE',  ( -26.99999999999999645, 28.99999999999999645, 90.00000000000007105 ) ) ;
#633 = VERTEX_POINT ( 'NONE', #622 ) ;
#634 = ORIENTED_EDGE ( 'NONE', *, *, #687, .F. ) ;
#635 = ORIENTED_EDGE ( 'NONE', *, *, #769, .F. ) ;
#636 = DIRECTION ( 'NONE',  ( 0.000000000000000000, 0.000000000000000000, -1.000000000000000000 ) ) ;
#637 = LINE ( 'NONE', #1740, #2178 ) ;
#638 = CIRCLE ( 'NONE', #2175, 1.550000000000000933 ) ;
#639 = DIRECTION ( 'NONE',  ( 1.000000000000000000, -0.000000000000000000, -0.000000000000000000 ) ) ;
#640 = ORIENTED_EDGE ( 'NONE', *, *, #107, .T. ) ;
#641 = CIRCLE ( 'NONE', #1819, 25.00000000000021672 ) ;
#642 = DIRECTION ( 'NONE',  ( 0.000000000000000000, 1.000000000000000000, 0.000000000000000000 ) ) ;
#643 = CARTESIAN_POINT ( 'NONE',  ( -85.00000000000000000, 51.00000000000000711, 50.00000000000002132 ) ) ;
#644 = ORIENTED_EDGE ( 'NONE', *, *, #2433, .F. ) ;
#645 = AXIS2_PLACEMENT_3D ( 'NONE', #2256, #1354, #723 ) ;
#646 = DIRECTION ( 'NONE',  ( -1.000000000000000000, -0.000000000000000000, -0.000000000000000000 ) ) ;
#647 = ORIENTED_EDGE ( 'NONE', *, *, #2283, .T. ) ;
#648 = EDGE_CURVE ( 'NONE', #1348, #415, #609, .T. ) ;
#649 = VERTEX_POINT ( 'NONE', #1226 ) ;
#650 = VERTEX_POINT ( 'NONE', #136 ) ;
#651 = AXIS2_PLACEMENT_3D ( 'NONE', #817, #2531, #2234 ) ;
#652 = CARTESIAN_POINT ( 'NONE',  ( 64.99999999999975842, 0.000000000000000000, -81.52499999999989200 ) ) ;
#653 = EDGE_CURVE ( 'NONE', #1848, #1885, #187, .T. ) ;
#654 = EDGE_CURVE ( 'NONE', #2192, #1916, #2428, .T. ) ;
#655 = CARTESIAN_POINT ( 'NONE',  ( 79.99999999999977263, 9.000000000000000000, 65.00000000000002842 ) ) ;
#656 = CARTESIAN_POINT ( 'NONE',  ( 79.99999999999977263, 0.000000000000000000, 65.00000000000002842 ) ) ;
#657 = VERTEX_POINT ( 'NONE', #2294 ) ;
#658 = LINE ( 'NONE', #1698, #2063 ) ;
#659 = EDGE_LOOP ( 'NONE', ( #2262, #942, #946, #1179 ) ) ;
#660 = CARTESIAN_POINT ( 'NONE',  ( -85.00000000000000000, 51.00000000000000711, 50.00000000000002132 ) ) ;
#661 = VECTOR ( 'NONE', #1726, 1000.000000000000000 ) ;
#662 = VERTEX_POINT ( 'NONE', #362 ) ;
#663 = VERTEX_POINT ( 'NONE', #1906 ) ;
#664 = ORIENTED_EDGE ( 'NONE', *, *, #2394, .F. ) ;
#665 = DIRECTION ( 'NONE',  ( 1.000000000000000000, 0.000000000000000000, 1.067522139062651041E-16 ) ) ;
#666 = DIRECTION ( 'NONE',  ( 1.000000000000000000, 0.000000000000000000, 1.067522139062651164E-16 ) ) ;
#667 = EDGE_CURVE ( 'NONE', #973, #1806, #1800, .T. ) ;
#668 = CARTESIAN_POINT ( 'NONE',  ( 85.00000000000000000, 45.50000000000000000, 11.95000000000001705 ) ) ;
#669 = EDGE_LOOP ( 'NONE', ( #635, #166, #2292, #2738 ) ) ;
#670 = CARTESIAN_POINT ( 'NONE',  ( -85.00000000000000000, 51.00000000000000711, 50.00000000000002132 ) ) ;
#671 = ORIENTED_EDGE ( 'NONE', *, *, #1343, .T. ) ;
#672 = DIRECTION ( 'NONE',  ( 1.000000000000000000, 0.000000000000000000, 1.067522139062651164E-16 ) ) ;
#673 = ORIENTED_EDGE ( 'NONE', *, *, #980, .T. ) ;
#674 = ORIENTED_EDGE ( 'NONE', *, *, #993, .F. ) ;
#675 = DIRECTION ( 'NONE',  ( -0.000000000000000000, 1.000000000000000000, -0.000000000000000000 ) ) ;
#676 = CYLINDRICAL_SURFACE ( 'NONE', #2624, 1.550000000000000933 ) ;
#677 = DIRECTION ( 'NONE',  ( 1.000000000000000000, 0.000000000000000000, 1.067522139062651164E-16 ) ) ;
#678 = ORIENTED_EDGE ( 'NONE', *, *, #1324, .F. ) ;
#679 = CARTESIAN_POINT ( 'NONE',  ( 90.00000000000001421, 9.000000000000000000, -64.99999999999988631 ) ) ;
#680 = EDGE_CURVE ( 'NONE', #649, #1191, #828, .T. ) ;
#681 = ORIENTED_EDGE ( 'NONE', *, *, #1151, .F. ) ;
#682 = VECTOR ( 'NONE', #2067, 1000.000000000000000 ) ;
#683 = FACE_OUTER_BOUND ( 'NONE', #1897, .T. ) ;
#684 = AXIS2_PLACEMENT_3D ( 'NONE', #329, #345, #2290 ) ;
#685 = VERTEX_POINT ( 'NONE', #1028 ) ;
#686 = CYLINDRICAL_SURFACE ( 'NONE', #22, 1.524999999999998579 ) ;
#687 = EDGE_CURVE ( 'NONE', #2401, #1487, #2160, .T. ) ;
#688 = VECTOR ( 'NONE', #870, 1000.000000000000000 ) ;
#689 = CARTESIAN_POINT ( 'NONE',  ( 85.00000000000000000, 45.50000000000000000, 11.95000000000001705 ) ) ;
#690 = EDGE_LOOP ( 'NONE', ( #2435, #588, #1837, #1926 ) ) ;
#691 = ORIENTED_EDGE ( 'NONE', *, *, #2397, .T. ) ;
#692 = EDGE_LOOP ( 'NONE', ( #510, #269 ) ) ;
#693 = DIRECTION ( 'NONE',  ( -1.000000000000000000, -0.000000000000000000, -0.000000000000000000 ) ) ;
#694 = AXIS2_PLACEMENT_3D ( 'NONE', #1618, #2691, #1335 ) ;
#695 = CARTESIAN_POINT ( 'NONE',  ( 64.99999999999978684, 0.000000000000000000, 81.52500000000003411 ) ) ;
#696 = FACE_OUTER_BOUND ( 'NONE', #659, .T. ) ;
#697 = FACE_OUTER_BOUND ( 'NONE', #1988, .T. ) ;
#698 = ORIENTED_EDGE ( 'NONE', *, *, #1828, .F. ) ;
#699 = DIRECTION ( 'NONE',  ( -1.000000000000000000, 0.000000000000000000, 1.067522139062651164E-16 ) ) ;
#700 = CIRCLE ( 'NONE', #4, 1.090000000000007629 ) ;
#701 = VERTEX_POINT ( 'NONE', #2094 ) ;
#702 = CYLINDRICAL_SURFACE ( 'NONE', #2281, 25.00000000000021672 ) ;
#703 = EDGE_LOOP ( 'NONE', ( #634, #1008, #888, #2402 ) ) ;
#704 = DIRECTION ( 'NONE',  ( 0.000000000000000000, 1.000000000000000000, 0.000000000000000000 ) ) ;
#705 = DIRECTION ( 'NONE',  ( 0.000000000000000000, 0.000000000000000000, -1.000000000000000000 ) ) ;
#706 = ADVANCED_FACE ( 'NONE', ( #1851 ), #2518, .F. ) ;
#707 = ADVANCED_FACE ( 'NONE', ( #1641 ), #2080, .F. ) ;
#708 = CIRCLE ( 'NONE', #2018, 1.524999999999998579 ) ;
#709 = ORIENTED_EDGE ( 'NONE', *, *, #1448, .F. ) ;
#710 = AXIS2_PLACEMENT_3D ( 'NONE', #2715, #1483, #1660 ) ;
#711 = DIRECTION ( 'NONE',  ( -1.763672110244722875E-32, 1.000000000000000000, 1.652117596168388002E-16 ) ) ;
#712 = PLANE ( 'NONE',  #1184 ) ;
#713 = CARTESIAN_POINT ( 'NONE',  ( 26.99999999999999645, 9.000000000000000000, 90.00000000000007105 ) ) ;
#714 = ORIENTED_EDGE ( 'NONE', *, *, #142, .T. ) ;
#715 = CARTESIAN_POINT ( 'NONE',  ( -79.99999999999975842, 0.000000000000000000, -64.99999999999988631 ) ) ;
#716 = DIRECTION ( 'NONE',  ( 1.000000000000000000, 0.000000000000000000, -0.000000000000000000 ) ) ;
#717 = CARTESIAN_POINT ( 'NONE',  ( -64.99999999999975842, 0.000000000000000000, -90.00000000000007105 ) ) ;
#718 = ORIENTED_EDGE ( 'NONE', *, *, #1751, .F. ) ;
#719 = DIRECTION ( 'NONE',  ( -0.000000000000000000, 1.000000000000000000, -0.000000000000000000 ) ) ;
#720 = LINE ( 'NONE', #689, #2045 ) ;
#721 = ORIENTED_EDGE ( 'NONE', *, *, #2489, .F. ) ;
#722 = EDGE_CURVE ( 'NONE', #2373, #1086, #803, .T. ) ;
#723 = DIRECTION ( 'NONE',  ( 1.000000000000000000, 0.000000000000000000, -0.000000000000000000 ) ) ;
#724 = FACE_OUTER_BOUND ( 'NONE', #2066, .T. ) ;
#725 = EDGE_CURVE ( 'NONE', #502, #285, #1654, .T. ) ;
#726 = AXIS2_PLACEMENT_3D ( 'NONE', #1445, #1643, #1243 ) ;
#727 = DIRECTION ( 'NONE',  ( 0.000000000000000000, -0.000000000000000000, -1.000000000000000000 ) ) ;
#728 = ORIENTED_EDGE ( 'NONE', *, *, #2000, .T. ) ;
#729 = DIRECTION ( 'NONE',  ( 0.000000000000000000, 0.000000000000000000, -1.000000000000000000 ) ) ;
#730 = VERTEX_POINT ( 'NONE', #1457 ) ;
#731 = LINE ( 'NONE', #967, #1825 ) ;
#732 = CARTESIAN_POINT ( 'NONE',  ( -64.99999999999975842, 9.000000000000000000, 90.00000000000005684 ) ) ;
#733 = EDGE_LOOP ( 'NONE', ( #1055, #664, #2176, #875 ) ) ;
#734 = CYLINDRICAL_SURFACE ( 'NONE', #2545, 1.524999999999998579 ) ;
#735 = CARTESIAN_POINT ( 'NONE',  ( 85.00000000000000000, 29.99999999999999645, 17.00000000000002487 ) ) ;
#736 = CIRCLE ( 'NONE', #1675, 1.524999999999998579 ) ;
#737 = ORIENTED_EDGE ( 'NONE', *, *, #2316, .F. ) ;
#738 = VECTOR ( 'NONE', #417, 1000.000000000000000 ) ;
#739 = DIRECTION ( 'NONE',  ( -1.000000000000000000, 0.000000000000000000, 0.000000000000000000 ) ) ;
#740 = EDGE_CURVE ( 'NONE', #2401, #1279, #1467, .T. ) ;
#741 = CARTESIAN_POINT ( 'NONE',  ( -64.99999999999975842, 9.000000000000000000, -81.52499999999989200 ) ) ;
#742 = CIRCLE ( 'NONE', #2725, 1.550000000000000933 ) ;
#743 = EDGE_CURVE ( 'NONE', #846, #1476, #2106, .T. ) ;
#744 = CYLINDRICAL_SURFACE ( 'NONE', #1784, 1.524999999999998579 ) ;
#745 = EDGE_LOOP ( 'NONE', ( #1776, #1703, #300, #160 ) ) ;
#746 = FACE_OUTER_BOUND ( 'NONE', #2631, .T. ) ;
#747 = CLOSED_SHELL ( 'NONE', ( #2026, #631, #1399, #835, #2041, #1680, #1263, #35, #977, #152, #451, #995, #414, #2411, #2772, #2020, #1475, #159, #93, #1029, #34, #401, #484, #296, #2753, #2740, #2453, #2788, #1584, #2343, #1721, #599, #789, #2038, #1810, #2656, #707, #452, #186, #819, #173, #2056, #2690, #2598, #367, #208, #804, #2614, #498, #1545, #839, #2533, #1355, #1862, #158, #1463, #2723, #1773, #51, #522, #1444, #618, #1044, #69, #1813, #2295, #1203, #111, #2579, #2703, #1638, #2188, #1943, #2225, #1286, #1716, #820, #18, #886, #706, #499 ) ) ;
#748 = DIRECTION ( 'NONE',  ( -1.000000000000000000, -0.000000000000000000, -0.000000000000000000 ) ) ;
#749 = EDGE_LOOP ( 'NONE', ( #2586, #310 ) ) ;
#750 = CARTESIAN_POINT ( 'NONE',  ( -26.99999999999999645, 9.000000000000000000, 90.00000000000007105 ) ) ;
#751 = CARTESIAN_POINT ( 'NONE',  ( 90.00000000000001421, 29.99999999999999645, 17.00000000000002487 ) ) ;
#752 = VERTEX_POINT ( 'NONE', #767 ) ;
#753 = LINE ( 'NONE', #1878, #61 ) ;
#754 = VECTOR ( 'NONE', #2760, 1000.000000000000000 ) ;
#755 = DIRECTION ( 'NONE',  ( 0.000000000000000000, 0.000000000000000000, -1.000000000000000000 ) ) ;
#756 = DIRECTION ( 'NONE',  ( -1.000000000000000000, 0.000000000000000000, 1.067522139062651041E-16 ) ) ;
#757 = VERTEX_POINT ( 'NONE', #2493 ) ;
#758 = EDGE_CURVE ( 'NONE', #1484, #1339, #319, .T. ) ;
#759 = LINE ( 'NONE', #924, #2764 ) ;
#760 = DIRECTION ( 'NONE',  ( -0.000000000000000000, 1.000000000000000000, -0.000000000000000000 ) ) ;
#761 = VERTEX_POINT ( 'NONE', #309 ) ;
#762 = LINE ( 'NONE', #550, #215 ) ;
#763 = CYLINDRICAL_SURFACE ( 'NONE', #63, 1.550000000000002709 ) ;
#764 = EDGE_LOOP ( 'NONE', ( #47, #640, #982, #1113 ) ) ;
#765 = DIRECTION ( 'NONE',  ( 1.067522139062651164E-16, -0.000000000000000000, 1.000000000000000000 ) ) ;
#766 =( NAMED_UNIT ( * ) PLANE_ANGLE_UNIT ( ) SI_UNIT ( $, .RADIAN. ) );
#767 = CARTESIAN_POINT ( 'NONE',  ( -90.00000000000001421, 45.50000000000000711, 15.05000000000002558 ) ) ;
#768 = ORIENTED_EDGE ( 'NONE', *, *, #2088, .F. ) ;
#769 = EDGE_CURVE ( 'NONE', #2593, #1850, #2241, .T. ) ;
#770 = LINE ( 'NONE', #941, #2378 ) ;
#771 = ORIENTED_EDGE ( 'NONE', *, *, #1137, .T. ) ;
#772 = CARTESIAN_POINT ( 'NONE',  ( -90.00000000000000000, 9.000000000000000000, 65.00000000000002842 ) ) ;
#773 = DIRECTION ( 'NONE',  ( 0.000000000000000000, 0.000000000000000000, -1.000000000000000000 ) ) ;
#774 = EDGE_CURVE ( 'NONE', #575, #2526, #1026, .T. ) ;
#775 = VERTEX_POINT ( 'NONE', #2032 ) ;
#776 = CARTESIAN_POINT ( 'NONE',  ( -7.703719777548943412E-31, 20.99999999999999645, -70.00000000000005684 ) ) ;
#777 = CIRCLE ( 'NONE', #2354, 1.550000000000002709 ) ;
#778 = CARTESIAN_POINT ( 'NONE',  ( -64.99999999999975842, 0.000000000000000000, -79.99999999999988631 ) ) ;
#779 = CARTESIAN_POINT ( 'NONE',  ( 85.00000000000000000, 14.49999999999999822, 11.95000000000002238 ) ) ;
#780 = EDGE_LOOP ( 'NONE', ( #605, #2790 ) ) ;
#781 = AXIS2_PLACEMENT_3D ( 'NONE', #1553, #711, #64 ) ;
#782 = FACE_OUTER_BOUND ( 'NONE', #669, .T. ) ;
#783 = ORIENTED_EDGE ( 'NONE', *, *, #1622, .F. ) ;
#784 = AXIS2_PLACEMENT_3D ( 'NONE', #2010, #1164, #933 ) ;
#785 = CARTESIAN_POINT ( 'NONE',  ( 85.00000000000000000, 14.49999999999999822, 13.50000000000002487 ) ) ;
#786 = CARTESIAN_POINT ( 'NONE',  ( -85.00000000000000000, 51.00000000000000000, 8.000000000000024869 ) ) ;
#787 = ORIENTED_EDGE ( 'NONE', *, *, #1911, .T. ) ;
#788 = CIRCLE ( 'NONE', #432, 1.550000000000002709 ) ;
#789 = ADVANCED_FACE ( 'NONE', ( #338, #965, #2659, #2259, #1359, #2454, #2270, #935, #518, #533 ), #2046, .T. ) ;
#790 = EDGE_CURVE ( 'NONE', #1534, #757, #347, .T. ) ;
#791 = DIRECTION ( 'NONE',  ( 1.000000000000000000, 0.000000000000000000, 1.067522139062651164E-16 ) ) ;
#792 = DIRECTION ( 'NONE',  ( 0.000000000000000000, -1.000000000000000000, 0.000000000000000000 ) ) ;
#793 = VECTOR ( 'NONE', #2559, 1000.000000000000000 ) ;
#794 = ORIENTED_EDGE ( 'NONE', *, *, #446, .F. ) ;
#795 = DIRECTION ( 'NONE',  ( -0.000000000000000000, 0.000000000000000000, 1.000000000000000000 ) ) ;
#796 = EDGE_LOOP ( 'NONE', ( #1574, #1139 ) ) ;
#797 = DIRECTION ( 'NONE',  ( 0.000000000000000000, 0.000000000000000000, 1.000000000000000000 ) ) ;
#798 = LINE ( 'NONE', #1410, #1138 ) ;
#799 = ORIENTED_EDGE ( 'NONE', *, *, #1962, .T. ) ;
#800 = AXIS2_PLACEMENT_3D ( 'NONE', #2393, #2751, #571 ) ;
#801 = CARTESIAN_POINT ( 'NONE',  ( 79.99999999999975842, 0.000000000000000000, -64.99999999999988631 ) ) ;
#802 = EDGE_CURVE ( 'NONE', #1056, #1339, #1627, .T. ) ;
#803 = LINE ( 'NONE', #2528, #939 ) ;
#804 = ADVANCED_FACE ( 'NONE', ( #113 ), #1571, .F. ) ;
#805 = DIRECTION ( 'NONE',  ( 0.000000000000000000, 0.000000000000000000, -1.000000000000000000 ) ) ;
#806 = ORIENTED_EDGE ( 'NONE', *, *, #1358, .T. ) ;
#807 = CARTESIAN_POINT ( 'NONE',  ( 79.99999999999975842, 0.000000000000000000, -64.99999999999988631 ) ) ;
#808 = EDGE_LOOP ( 'NONE', ( #1134, #1841, #2344, #1883 ) ) ;
#809 = CYLINDRICAL_SURFACE ( 'NONE', #1921, 1.550000000000002709 ) ;
#810 = CYLINDRICAL_SURFACE ( 'NONE', #527, 1.549999999999999378 ) ;
#811 = EDGE_LOOP ( 'NONE', ( #1392, #2084, #1991, #1479 ) ) ;
#812 = CARTESIAN_POINT ( 'NONE',  ( -64.99999999999975842, 9.000000000000000000, -79.99999999999988631 ) ) ;
#813 = CARTESIAN_POINT ( 'NONE',  ( -10.00000000000000000, 28.99999999999999645, -58.49999999999996447 ) ) ;
#814 = CIRCLE ( 'NONE', #1631, 1.524999999999998579 ) ;
#815 = VECTOR ( 'NONE', #258, 1000.000000000000000 ) ;
#816 = FACE_BOUND ( 'NONE', #1360, .T. ) ;
#817 = CARTESIAN_POINT ( 'NONE',  ( -64.99999999999975842, 9.000000000000000000, -79.99999999999988631 ) ) ;
#818 = VECTOR ( 'NONE', #2268, 1000.000000000000000 ) ;
#819 = ADVANCED_FACE ( 'NONE', ( #1377 ), #744, .F. ) ;
#820 = ADVANCED_FACE ( 'NONE', ( #1815, #558, #2675 ), #291, .T. ) ;
#821 = DIRECTION ( 'NONE',  ( -0.000000000000000000, 1.000000000000000000, -0.000000000000000000 ) ) ;
#822 = ORIENTED_EDGE ( 'NONE', *, *, #2102, .F. ) ;
#823 = CARTESIAN_POINT ( 'NONE',  ( 22.00000000000000711, 28.99999999999999645, 85.00000000000004263 ) ) ;
#824 = DIRECTION ( 'NONE',  ( -1.000000000000000000, 0.000000000000000000, 1.067522139062651164E-16 ) ) ;
#825 = AXIS2_PLACEMENT_3D ( 'NONE', #1329, #470, #1144 ) ;
#826 = ORIENTED_EDGE ( 'NONE', *, *, #75, .T. ) ;
#827 = DIRECTION ( 'NONE',  ( 1.000000000000000000, 0.000000000000000000, 1.067522139062651164E-16 ) ) ;
#828 = LINE ( 'NONE', #1213, #1209 ) ;
#829 = CARTESIAN_POINT ( 'NONE',  ( 64.99999999999975842, 9.000000000000000000, -78.47499999999989484 ) ) ;
#830 = LINE ( 'NONE', #1668, #372 ) ;
#831 = CIRCLE ( 'NONE', #2551, 1.550000000000002709 ) ;
#832 = LINE ( 'NONE', #600, #2515 ) ;
#833 = VERTEX_POINT ( 'NONE', #2700 ) ;
#834 = DIRECTION ( 'NONE',  ( 1.067522139062651164E-16, -0.000000000000000000, 1.000000000000000000 ) ) ;
#835 = ADVANCED_FACE ( 'NONE', ( #2687 ), #1996, .T. ) ;
#836 = AXIS2_PLACEMENT_3D ( 'NONE', #2729, #2757, #2745 ) ;
#837 = CARTESIAN_POINT ( 'NONE',  ( 79.99999999999975842, 9.000000000000000000, -66.52499999999989200 ) ) ;
#838 = ORIENTED_EDGE ( 'NONE', *, *, #2280, .T. ) ;
#839 = ADVANCED_FACE ( 'NONE', ( #918 ), #2469, .F. ) ;
#840 = EDGE_LOOP ( 'NONE', ( #406, #2205, #1624, #1774 ) ) ;
#841 = VERTEX_POINT ( 'NONE', #713 ) ;
#842 = ORIENTED_EDGE ( 'NONE', *, *, #2517, .F. ) ;
#843 = DIRECTION ( 'NONE',  ( -1.000000000000000000, 0.000000000000000000, 1.067522139062651041E-16 ) ) ;
#844 = CARTESIAN_POINT ( 'NONE',  ( -21.99999999999999645, 9.000000000000000000, 80.00000000000004263 ) ) ;
#845 = DIRECTION ( 'NONE',  ( 0.000000000000000000, -3.304235192336776005E-16, -1.000000000000000000 ) ) ;
#846 = VERTEX_POINT ( 'NONE', #85 ) ;
#847 = DIRECTION ( 'NONE',  ( -1.000000000000000000, 0.000000000000000000, 1.067522139062651164E-16 ) ) ;
#848 = DIRECTION ( 'NONE',  ( -0.000000000000000000, -1.000000000000000000, -0.000000000000000000 ) ) ;
#849 = EDGE_CURVE ( 'NONE', #701, #1303, #700, .T. ) ;
#850 = ORIENTED_EDGE ( 'NONE', *, *, #2705, .F. ) ;
#851 = CARTESIAN_POINT ( 'NONE',  ( -90.00000000000001421, 29.99999999999998934, 17.00000000000002842 ) ) ;
#852 = EDGE_CURVE ( 'NONE', #685, #1282, #1004, .T. ) ;
#853 = ORIENTED_EDGE ( 'NONE', *, *, #1652, .T. ) ;
#854 = ORIENTED_EDGE ( 'NONE', *, *, #2330, .T. ) ;
#855 = LINE ( 'NONE', #19, #1729 ) ;
#856 = CIRCLE ( 'NONE', #2311, 1.089999999999993641 ) ;
#857 = DIRECTION ( 'NONE',  ( 0.000000000000000000, 0.000000000000000000, 1.000000000000000000 ) ) ;
#858 = VECTOR ( 'NONE', #845, 1000.000000000000000 ) ;
#859 = DIRECTION ( 'NONE',  ( 0.000000000000000000, 0.000000000000000000, -1.000000000000000000 ) ) ;
#860 = ORIENTED_EDGE ( 'NONE', *, *, #480, .T. ) ;
#861 = COLOUR_RGB ( '',0.7921568627450980005, 0.8196078431372548767, 0.9333333333333333481 ) ;
#862 = CYLINDRICAL_SURFACE ( 'NONE', #1468, 1.524999999999998579 ) ;
#863 = ORIENTED_EDGE ( 'NONE', *, *, #1893, .T. ) ;
#864 = VECTOR ( 'NONE', #2341, 1000.000000000000000 ) ;
#865 = EDGE_LOOP ( 'NONE', ( #1200, #1094 ) ) ;
#866 = EDGE_LOOP ( 'NONE', ( #768, #854, #2666, #280 ) ) ;
#867 = EDGE_CURVE ( 'NONE', #1949, #2015, #1941, .T. ) ;
#868 = AXIS2_PLACEMENT_3D ( 'NONE', #2023, #526, #1126 ) ;
#869 = DIRECTION ( 'NONE',  ( -1.000000000000000000, 0.000000000000000000, 1.067522139062651041E-16 ) ) ;
#870 = DIRECTION ( 'NONE',  ( -0.000000000000000000, -1.000000000000000000, -0.000000000000000000 ) ) ;
#871 = VECTOR ( 'NONE', #693, 1000.000000000000000 ) ;
#872 = FACE_OUTER_BOUND ( 'NONE', #2319, .T. ) ;
#873 = ORIENTED_EDGE ( 'NONE', *, *, #2120, .F. ) ;
#874 = DIRECTION ( 'NONE',  ( -1.000000000000000000, 0.000000000000000000, -1.067522139062651041E-16 ) ) ;
#875 = ORIENTED_EDGE ( 'NONE', *, *, #2471, .T. ) ;
#876 = CYLINDRICAL_SURFACE ( 'NONE', #335, 1.524999999999998579 ) ;
#877 = AXIS2_PLACEMENT_3D ( 'NONE', #577, #2348, #1872 ) ;
#878 = VERTEX_POINT ( 'NONE', #1214 ) ;
#879 = EDGE_LOOP ( 'NONE', ( #1258, #2112, #1443, #1804 ) ) ;
#880 = ORIENTED_EDGE ( 'NONE', *, *, #667, .F. ) ;
#881 = DIRECTION ( 'NONE',  ( 0.000000000000000000, 0.000000000000000000, -1.000000000000000000 ) ) ;
#882 = EDGE_CURVE ( 'NONE', #650, #1038, #1712, .T. ) ;
#883 = DIRECTION ( 'NONE',  ( -0.000000000000000000, -1.000000000000000000, -0.000000000000000000 ) ) ;
#884 =( NAMED_UNIT ( * ) PLANE_ANGLE_UNIT ( ) SI_UNIT ( $, .RADIAN. ) );
#885 = VECTOR ( 'NONE', #1040, 1000.000000000000000 ) ;
#886 = ADVANCED_FACE ( 'NONE', ( #816, #1694, #190 ), #2109, .T. ) ;
#887 = LINE ( 'NONE', #1769, #1563 ) ;
#888 = ORIENTED_EDGE ( 'NONE', *, *, #77, .T. ) ;
#889 = DIRECTION ( 'NONE',  ( -3.527344220489445749E-32, 1.000000000000000000, -3.304235192336776005E-16 ) ) ;
#890 = ORIENTED_EDGE ( 'NONE', *, *, #648, .F. ) ;
#891 = ORIENTED_EDGE ( 'NONE', *, *, #2137, .T. ) ;
#892 = DIRECTION ( 'NONE',  ( 0.000000000000000000, 0.000000000000000000, 1.000000000000000000 ) ) ;
#893 = DIRECTION ( 'NONE',  ( -0.000000000000000000, 1.000000000000000000, -0.000000000000000000 ) ) ;
#894 = ORIENTED_EDGE ( 'NONE', *, *, #1652, .F. ) ;
#895 = ORIENTED_EDGE ( 'NONE', *, *, #107, .F. ) ;
#896 = ORIENTED_EDGE ( 'NONE', *, *, #261, .F. ) ;
#897 = LINE ( 'NONE', #96, #1006 ) ;
#898 = DIRECTION ( 'NONE',  ( 0.000000000000000000, 0.000000000000000000, -1.000000000000000000 ) ) ;
#899 = DIRECTION ( 'NONE',  ( -1.000000000000000000, 0.000000000000000000, 1.067522139062651164E-16 ) ) ;
#900 = DIRECTION ( 'NONE',  ( 0.000000000000000000, 0.000000000000000000, 1.000000000000000000 ) ) ;
#901 = ORIENTED_EDGE ( 'NONE', *, *, #243, .T. ) ;
#902 = CARTESIAN_POINT ( 'NONE',  ( 90.00000000000001421, 45.50000000000000000, 42.95000000000002416 ) ) ;
#903 = VERTEX_POINT ( 'NONE', #779 ) ;
#904 = EDGE_CURVE ( 'NONE', #1319, #1934, #1216, .T. ) ;
#905 = AXIS2_PLACEMENT_3D ( 'NONE', #801, #2104, #583 ) ;
#906 = EDGE_CURVE ( 'NONE', #2523, #223, #574, .T. ) ;
#907 = DIRECTION ( 'NONE',  ( 0.000000000000000000, 0.000000000000000000, 1.000000000000000000 ) ) ;
#908 = VECTOR ( 'NONE', #1352, 1000.000000000000000 ) ;
#909 = ORIENTED_EDGE ( 'NONE', *, *, #1099, .F. ) ;
#910 = DIRECTION ( 'NONE',  ( 0.000000000000000000, 0.000000000000000000, 1.000000000000000000 ) ) ;
#911 = DIRECTION ( 'NONE',  ( 1.000000000000000000, 0.000000000000000000, 1.067522139062651041E-16 ) ) ;
#912 = ORIENTED_EDGE ( 'NONE', *, *, #1065, .T. ) ;
#913 = CARTESIAN_POINT ( 'NONE',  ( -79.99999999999974420, 0.000000000000000000, 63.47500000000001563 ) ) ;
#914 = VECTOR ( 'NONE', #1124, 1000.000000000000000 ) ;
#915 = DIRECTION ( 'NONE',  ( 0.000000000000000000, 1.000000000000000000, 0.000000000000000000 ) ) ;
#916 = AXIS2_PLACEMENT_3D ( 'NONE', #971, #132, #1409 ) ;
#917 = APPLICATION_PROTOCOL_DEFINITION ( 'draft international standard', 'automotive_design', 1998, #988 ) ;
#918 = FACE_OUTER_BOUND ( 'NONE', #1073, .T. ) ;
#919 = ORIENTED_EDGE ( 'NONE', *, *, #852, .F. ) ;
#920 = AXIS2_PLACEMENT_3D ( 'NONE', #1714, #488, #2211 ) ;
#921 = FACE_BOUND ( 'NONE', #780, .T. ) ;
#922 = AXIS2_PLACEMENT_3D ( 'NONE', #324, #951, #978 ) ;
#923 = ORIENTED_EDGE ( 'NONE', *, *, #463, .T. ) ;
#924 = CARTESIAN_POINT ( 'NONE',  ( 17.00000000000000711, 28.99999999999999645, 90.00000000000005684 ) ) ;
#925 = EDGE_CURVE ( 'NONE', #260, #2735, #830, .T. ) ;
#926 = ORIENTED_EDGE ( 'NONE', *, *, #1151, .T. ) ;
#927 = CARTESIAN_POINT ( 'NONE',  ( 90.00000000000001421, 29.99999999999999645, 29.00000000000002842 ) ) ;
#928 = CYLINDRICAL_SURFACE ( 'NONE', #2759, 1.090000000000007629 ) ;
#929 = EDGE_CURVE ( 'NONE', #2173, #2702, #1432, .T. ) ;
#930 = CIRCLE ( 'NONE', #2688, 1.550000000000000933 ) ;
#931 = EDGE_LOOP ( 'NONE', ( #1580, #2008, #427, #1082 ) ) ;
#932 = AXIS2_PLACEMENT_3D ( 'NONE', #2312, #210, #1061 ) ;
#933 = DIRECTION ( 'NONE',  ( 0.000000000000000000, 0.000000000000000000, 1.000000000000000000 ) ) ;
#934 = CARTESIAN_POINT ( 'NONE',  ( 90.00000000000000000, 0.000000000000000000, 65.00000000000002842 ) ) ;
#935 = FACE_BOUND ( 'NONE', #2619, .T. ) ;
#936 = VERTEX_POINT ( 'NONE', #587 ) ;
#937 = DIRECTION ( 'NONE',  ( 0.000000000000000000, 0.000000000000000000, 1.000000000000000000 ) ) ;
#938 = ORIENTED_EDGE ( 'NONE', *, *, #540, .T. ) ;
#939 = VECTOR ( 'NONE', #791, 1000.000000000000000 ) ;
#940 = FACE_OUTER_BOUND ( 'NONE', #1294, .T. ) ;
#941 = CARTESIAN_POINT ( 'NONE',  ( 22.00000000000000355, 9.000000000000000000, 80.00000000000004263 ) ) ;
#942 = ORIENTED_EDGE ( 'NONE', *, *, #1635, .T. ) ;
#943 = CARTESIAN_POINT ( 'NONE',  ( -64.99999999999972999, 0.000000000000000000, 78.47500000000003695 ) ) ;
#944 = EDGE_CURVE ( 'NONE', #1303, #701, #1234, .T. ) ;
#945 = CARTESIAN_POINT ( 'NONE',  ( 0.000000000000000000, 10.59999999999999964, -70.00000000000005684 ) ) ;
#946 = ORIENTED_EDGE ( 'NONE', *, *, #1842, .T. ) ;
#947 = EDGE_CURVE ( 'NONE', #1595, #1984, #2081, .T. ) ;
#948 = EDGE_CURVE ( 'NONE', #1732, #841, #165, .T. ) ;
#949 = PLANE ( 'NONE',  #781 ) ;
#950 = CARTESIAN_POINT ( 'NONE',  ( -21.99999999999999645, 28.99999999999999645, 80.00000000000004263 ) ) ;
#951 = DIRECTION ( 'NONE',  ( -1.000000000000000000, 0.000000000000000000, 0.000000000000000000 ) ) ;
#952 = ORIENTED_EDGE ( 'NONE', *, *, #849, .F. ) ;
#953 = FACE_OUTER_BOUND ( 'NONE', #2708, .T. ) ;
#954 = CARTESIAN_POINT ( 'NONE',  ( -90.00000000000001421, 14.49999999999999822, 44.50000000000002842 ) ) ;
#955 = VERTEX_POINT ( 'NONE', #148 ) ;
#956 = PLANE ( 'NONE',  #2365 ) ;
#957 = CARTESIAN_POINT ( 'NONE',  ( -79.99999999999974420, 0.000000000000000000, 66.52500000000001990 ) ) ;
#958 = VERTEX_POINT ( 'NONE', #364 ) ;
#959 = AXIS2_PLACEMENT_3D ( 'NONE', #2223, #2209, #1145 ) ;
#960 = DIRECTION ( 'NONE',  ( 1.000000000000000000, 0.000000000000000000, 1.067522139062651041E-16 ) ) ;
#961 = ADVANCED_BREP_SHAPE_REPRESENTATION ( 'plate1_stepper', ( #1287, #2006 ), #1275 ) ;
#962 = EDGE_CURVE ( 'NONE', #2118, #1732, #1658, .T. ) ;
#963 = FACE_OUTER_BOUND ( 'NONE', #27, .T. ) ;
#964 = AXIS2_PLACEMENT_3D ( 'NONE', #2019, #1560, #2002 ) ;
#965 = FACE_BOUND ( 'NONE', #626, .T. ) ;
#966 = CARTESIAN_POINT ( 'NONE',  ( -85.00000000000000000, 8.999999999999994671, 8.000000000000024869 ) ) ;
#967 = CARTESIAN_POINT ( 'NONE',  ( 85.00000000000000000, 29.99999999999999645, 17.00000000000002487 ) ) ;
#968 = VECTOR ( 'NONE', #44, 1000.000000000000000 ) ;
#969 = DIRECTION ( 'NONE',  ( 0.000000000000000000, 0.000000000000000000, 1.000000000000000000 ) ) ;
#970 = EDGE_LOOP ( 'NONE', ( #1005, #339, #542, #1647 ) ) ;
#971 = CARTESIAN_POINT ( 'NONE',  ( 90.00000000000001421, 45.50000000000000000, 13.50000000000002309 ) ) ;
#972 = DIRECTION ( 'NONE',  ( 1.000000000000000000, 0.000000000000000000, 1.067522139062651041E-16 ) ) ;
#973 = VERTEX_POINT ( 'NONE', #2095 ) ;
#974 = CARTESIAN_POINT ( 'NONE',  ( -9.999999999999994671, 9.000000000000000000, -53.49999999999996447 ) ) ;
#975 = AXIS2_PLACEMENT_3D ( 'NONE', #1543, #491, #937 ) ;
#976 = CARTESIAN_POINT ( 'NONE',  ( -79.99999999999975842, 9.000000000000000000, -64.99999999999988631 ) ) ;
#977 = ADVANCED_FACE ( 'NONE', ( #1882 ), #1018, .F. ) ;
#978 = DIRECTION ( 'NONE',  ( 0.000000000000000000, 0.000000000000000000, 1.000000000000000000 ) ) ;
#979 = ORIENTED_EDGE ( 'NONE', *, *, #2135, .T. ) ;
#980 = EDGE_CURVE ( 'NONE', #356, #1022, #2530, .T. ) ;
#981 = CARTESIAN_POINT ( 'NONE',  ( -85.00000000000000000, 45.50000000000000711, 11.95000000000002061 ) ) ;
#982 = ORIENTED_EDGE ( 'NONE', *, *, #2245, .T. ) ;
#983 = FACE_BOUND ( 'NONE', #342, .T. ) ;
#984 = CARTESIAN_POINT ( 'NONE',  ( 85.00000000000000000, 51.00000000000000711, 8.000000000000031974 ) ) ;
#985 = ORIENTED_EDGE ( 'NONE', *, *, #2452, .F. ) ;
#986 = CARTESIAN_POINT ( 'NONE',  ( -89.99999999999997158, 9.000000000000000000, -64.99999999999988631 ) ) ;
#987 = DIRECTION ( 'NONE',  ( 0.000000000000000000, 1.000000000000000000, 0.000000000000000000 ) ) ;
#988 = APPLICATION_CONTEXT ( 'automotive_design' ) ;
#989 = CARTESIAN_POINT ( 'NONE',  ( -7.746999999999997222, 10.59999999999999964, -70.00000000000005684 ) ) ;
#990 = FACE_OUTER_BOUND ( 'NONE', #1711, .T. ) ;
#991 = DIRECTION ( 'NONE',  ( 0.000000000000000000, 0.000000000000000000, 1.000000000000000000 ) ) ;
#992 = ORIENTED_EDGE ( 'NONE', *, *, #1414, .T. ) ;
#993 = EDGE_CURVE ( 'NONE', #1500, #1232, #2496, .T. ) ;
#994 = LINE ( 'NONE', #2475, #1559 ) ;
#995 = ADVANCED_FACE ( 'NONE', ( #2323 ), #390, .F. ) ;
#996 = DIRECTION ( 'NONE',  ( 0.000000000000000000, 1.000000000000000000, 0.000000000000000000 ) ) ;
#997 = EDGE_LOOP ( 'NONE', ( #490, #1748 ) ) ;
#998 = AXIS2_PLACEMENT_3D ( 'NONE', #632, #454, #1488 ) ;
#999 = CARTESIAN_POINT ( 'NONE',  ( -85.00000000000000000, 14.49999999999999822, 44.50000000000002842 ) ) ;
#1000 = CIRCLE ( 'NONE', #1542, 1.090000000000007629 ) ;
#1001 = VECTOR ( 'NONE', #564, 1000.000000000000000 ) ;
#1002 = DIRECTION ( 'NONE',  ( 0.000000000000000000, 0.000000000000000000, 1.000000000000000000 ) ) ;
#1003 = AXIS2_PLACEMENT_3D ( 'NONE', #351, #1204, #805 ) ;
#1004 = LINE ( 'NONE', #1256, #630 ) ;
#1005 = ORIENTED_EDGE ( 'NONE', *, *, #1173, .F. ) ;
#1006 = VECTOR ( 'NONE', #1341, 1000.000000000000000 ) ;
#1007 = DIRECTION ( 'NONE',  ( -1.000000000000000000, 0.000000000000000000, 1.067522139062651164E-16 ) ) ;
#1008 = ORIENTED_EDGE ( 'NONE', *, *, #740, .T. ) ;
#1009 = DIRECTION ( 'NONE',  ( 0.000000000000000000, 1.000000000000000000, 0.000000000000000000 ) ) ;
#1010 = FACE_OUTER_BOUND ( 'NONE', #201, .T. ) ;
#1011 = EDGE_CURVE ( 'NONE', #955, #1435, #1369, .T. ) ;
#1012 = VERTEX_POINT ( 'NONE', #2151 ) ;
#1013 = VECTOR ( 'NONE', #429, 1000.000000000000000 ) ;
#1014 = PLANE ( 'NONE',  #1900 ) ;
#1015 = EDGE_CURVE ( 'NONE', #1435, #955, #856, .T. ) ;
#1016 = ORIENTED_EDGE ( 'NONE', *, *, #261, .T. ) ;
#1017 = DIRECTION ( 'NONE',  ( 0.000000000000000000, 0.000000000000000000, 1.000000000000000000 ) ) ;
#1018 = CYLINDRICAL_SURFACE ( 'NONE', #1003, 12.00000000000000355 ) ;
#1019 = ORIENTED_EDGE ( 'NONE', *, *, #980, .F. ) ;
#1020 = AXIS2_PLACEMENT_3D ( 'NONE', #130, #1629, #991 ) ;
#1021 = CYLINDRICAL_SURFACE ( 'NONE', #37, 1.524999999999998579 ) ;
#1022 = VERTEX_POINT ( 'NONE', #2608 ) ;
#1023 = DIRECTION ( 'NONE',  ( 0.000000000000000000, 0.000000000000000000, 1.000000000000000000 ) ) ;
#1024 = DIRECTION ( 'NONE',  ( 0.000000000000000000, 1.000000000000000000, 0.000000000000000000 ) ) ;
#1025 = ORIENTED_EDGE ( 'NONE', *, *, #2452, .T. ) ;
#1026 = CIRCLE ( 'NONE', #177, 1.524999999999998579 ) ;
#1027 = CARTESIAN_POINT ( 'NONE',  ( 17.00000000000000355, 28.99999999999999645, 85.00000000000004263 ) ) ;
#1028 = CARTESIAN_POINT ( 'NONE',  ( 90.00000000000002842, 9.000000000000000000, 65.00000000000002842 ) ) ;
#1029 = ADVANCED_FACE ( 'NONE', ( #2583 ), #1330, .F. ) ;
#1030 = EDGE_CURVE ( 'NONE', #529, #2392, #1586, .T. ) ;
#1031 = ORIENTED_EDGE ( 'NONE', *, *, #1030, .F. ) ;
#1032 = CARTESIAN_POINT ( 'NONE',  ( -85.00000000000000000, 45.50000000000000711, 44.50000000000002842 ) ) ;
#1033 = DIRECTION ( 'NONE',  ( -1.000000000000000000, 0.000000000000000000, 1.067522139062651164E-16 ) ) ;
#1034 = PLANE ( 'NONE',  #1924 ) ;
#1035 = ORIENTED_EDGE ( 'NONE', *, *, #209, .T. ) ;
#1036 = DIRECTION ( 'NONE',  ( -1.000000000000000000, 0.000000000000000000, 1.067522139062651164E-16 ) ) ;
#1037 = CARTESIAN_POINT ( 'NONE',  ( -26.99999999999999645, 9.000000000000000000, 90.00000000000007105 ) ) ;
#1038 = VERTEX_POINT ( 'NONE', #2390 ) ;
#1039 = LINE ( 'NONE', #2541, #376 ) ;
#1040 = DIRECTION ( 'NONE',  ( 6.938893903907222461E-16, -0.000000000000000000, 1.000000000000000000 ) ) ;
#1041 = VECTOR ( 'NONE', #1053, 1000.000000000000000 ) ;
#1042 = DIRECTION ( 'NONE',  ( -0.000000000000000000, -1.000000000000000000, -0.000000000000000000 ) ) ;
#1043 = CIRCLE ( 'NONE', #1539, 1.550000000000004485 ) ;
#1044 = ADVANCED_FACE ( 'NONE', ( #1964 ), #676, .F. ) ;
#1045 = DIRECTION ( 'NONE',  ( -0.000000000000000000, -1.000000000000000000, -0.000000000000000000 ) ) ;
#1046 = VECTOR ( 'NONE', #124, 1000.000000000000000 ) ;
#1047 = CARTESIAN_POINT ( 'NONE',  ( 22.00000000000000355, 28.99999999999999645, 80.00000000000004263 ) ) ;
#1048 = ORIENTED_EDGE ( 'NONE', *, *, #2121, .T. ) ;
#1049 = CARTESIAN_POINT ( 'NONE',  ( 7.747000000000002551, 20.99999999999999645, -70.00000000000005684 ) ) ;
#1050 = CARTESIAN_POINT ( 'NONE',  ( -10.00000000000000000, 28.99999999999999645, -53.49999999999996447 ) ) ;
#1051 = AXIS2_PLACEMENT_3D ( 'NONE', #57, #907, #716 ) ;
#1052 = ORIENTED_EDGE ( 'NONE', *, *, #383, .F. ) ;
#1053 = DIRECTION ( 'NONE',  ( 6.938893903907222461E-16, -0.000000000000000000, 1.000000000000000000 ) ) ;
#1054 = ORIENTED_EDGE ( 'NONE', *, *, #333, .F. ) ;
#1055 = ORIENTED_EDGE ( 'NONE', *, *, #2120, .T. ) ;
#1056 = VERTEX_POINT ( 'NONE', #1526 ) ;
#1057 = DIRECTION ( 'NONE',  ( -0.000000000000000000, -1.000000000000000000, -0.000000000000000000 ) ) ;
#1058 = CARTESIAN_POINT ( 'NONE',  ( 0.000000000000000000, 10.59999999999999964, -81.75000000000005684 ) ) ;
#1059 = EDGE_CURVE ( 'NONE', #1949, #1290, #1313, .T. ) ;
#1060 = AXIS2_PLACEMENT_3D ( 'NONE', #344, #563, #797 ) ;
#1061 = DIRECTION ( 'NONE',  ( 0.000000000000000000, 0.000000000000000000, 1.000000000000000000 ) ) ;
#1062 = EDGE_LOOP ( 'NONE', ( #1167, #2371 ) ) ;
#1063 = CARTESIAN_POINT ( 'NONE',  ( -90.00000000000001421, 45.50000000000000711, 11.95000000000002061 ) ) ;
#1064 = EDGE_CURVE ( 'NONE', #2575, #525, #1952, .T. ) ;
#1065 = EDGE_CURVE ( 'NONE', #475, #2593, #1118, .T. ) ;
#1066 = AXIS2_PLACEMENT_3D ( 'NONE', #613, #2083, #589 ) ;
#1067 = CARTESIAN_POINT ( 'NONE',  ( -65.00000000000000000, 9.000000000000000000, 65.00000000000002842 ) ) ;
#1068 = ORIENTED_EDGE ( 'NONE', *, *, #1947, .F. ) ;
#1069 = CARTESIAN_POINT ( 'NONE',  ( 17.00000000000001421, 9.000000000000000000, 90.00000000000007105 ) ) ;
#1070 = ORIENTED_EDGE ( 'NONE', *, *, #1491, .T. ) ;
#1071 = ORIENTED_EDGE ( 'NONE', *, *, #126, .T. ) ;
#1072 = AXIS2_PLACEMENT_3D ( 'NONE', #715, #520, #1754 ) ;
#1073 = EDGE_LOOP ( 'NONE', ( #2728, #1791, #826, #593, #2571, #2017 ) ) ;
#1074 = LINE ( 'NONE', #1693, #164 ) ;
#1075 = CARTESIAN_POINT ( 'NONE',  ( 90.00000000000001421, 29.99999999999999645, 29.00000000000002842 ) ) ;
#1076 = DIRECTION ( 'NONE',  ( 0.000000000000000000, 1.000000000000000000, 0.000000000000000000 ) ) ;
#1077 = EDGE_LOOP ( 'NONE', ( #1306, #1780, #2, #2498 ) ) ;
#1078 = CARTESIAN_POINT ( 'NONE',  ( -64.99999999999975842, 0.000000000000000000, -79.99999999999988631 ) ) ;
#1079 = PRODUCT_DEFINITION_CONTEXT ( 'detailed design', #2243, 'design' ) ;
#1080 = DIRECTION ( 'NONE',  ( 1.000000000000000000, 0.000000000000000000, 0.000000000000000000 ) ) ;
#1081 = EDGE_CURVE ( 'NONE', #475, #1742, #2625, .T. ) ;
#1082 = ORIENTED_EDGE ( 'NONE', *, *, #948, .T. ) ;
#1083 = CARTESIAN_POINT ( 'NONE',  ( 17.00000000000000711, 28.99999999999999645, 90.00000000000005684 ) ) ;
#1084 = ORIENTED_EDGE ( 'NONE', *, *, #516, .F. ) ;
#1085 = ORIENTED_EDGE ( 'NONE', *, *, #1064, .T. ) ;
#1086 = VERTEX_POINT ( 'NONE', #472 ) ;
#1087 = LINE ( 'NONE', #610, #2508 ) ;
#1088 = DIRECTION ( 'NONE',  ( -0.000000000000000000, 1.000000000000000000, -0.000000000000000000 ) ) ;
#1089 = VECTOR ( 'NONE', #646, 1000.000000000000000 ) ;
#1090 = CARTESIAN_POINT ( 'NONE',  ( 27.00000000000000355, 9.000000000000000000, 80.00000000000004263 ) ) ;
#1091 = EDGE_LOOP ( 'NONE', ( #88, #709, #1378, #787 ) ) ;
#1092 = VECTOR ( 'NONE', #1088, 1000.000000000000000 ) ;
#1093 = CARTESIAN_POINT ( 'NONE',  ( 90.00000000000000000, 9.000000000000000000, 65.00000000000002842 ) ) ;
#1094 = ORIENTED_EDGE ( 'NONE', *, *, #2250, .F. ) ;
#1095 = EDGE_CURVE ( 'NONE', #2181, #1290, #2318, .T. ) ;
#1096 = CIRCLE ( 'NONE', #2679, 25.00000000000001421 ) ;
#1097 = CYLINDRICAL_SURFACE ( 'NONE', #2272, 1.524999999999998579 ) ;
#1098 = ORIENTED_EDGE ( 'NONE', *, *, #2121, .F. ) ;
#1099 = EDGE_CURVE ( 'NONE', #1387, #1038, #458, .T. ) ;
#1100 = AXIS2_PLACEMENT_3D ( 'NONE', #2260, #1853, #1177 ) ;
#1101 = LINE ( 'NONE', #652, #1013 ) ;
#1102 = CARTESIAN_POINT ( 'NONE',  ( 0.000000000000000000, 0.000000000000000000, -70.00000000000005684 ) ) ;
#1103 = DIRECTION ( 'NONE',  ( 0.000000000000000000, 1.000000000000000000, 0.000000000000000000 ) ) ;
#1104 = DIRECTION ( 'NONE',  ( 0.000000000000000000, 1.000000000000000000, 0.000000000000000000 ) ) ;
#1105 = EDGE_LOOP ( 'NONE', ( #2040, #2660, #2535, #1211 ) ) ;
#1106 = DIRECTION ( 'NONE',  ( 0.000000000000000000, 0.000000000000000000, -1.000000000000000000 ) ) ;
#1107 = ORIENTED_EDGE ( 'NONE', *, *, #244, .F. ) ;
#1108 = VECTOR ( 'NONE', #1956, 1000.000000000000000 ) ;
#1109 = ORIENTED_EDGE ( 'NONE', *, *, #1307, .T. ) ;
#1110 = CYLINDRICAL_SURFACE ( 'NONE', #428, 1.524999999999998579 ) ;
#1111 = CARTESIAN_POINT ( 'NONE',  ( 79.99999999999977263, 0.000000000000000000, 65.00000000000002842 ) ) ;
#1112 = ORIENTED_EDGE ( 'NONE', *, *, #1606, .F. ) ;
#1113 = ORIENTED_EDGE ( 'NONE', *, *, #2651, .F. ) ;
#1114 = EDGE_LOOP ( 'NONE', ( #2746, #2774, #101, #1 ) ) ;
#1115 = DIRECTION ( 'NONE',  ( 0.000000000000000000, 0.000000000000000000, 1.000000000000000000 ) ) ;
#1116 = EDGE_CURVE ( 'NONE', #2735, #2602, #511, .T. ) ;
#1117 = EDGE_CURVE ( 'NONE', #1806, #973, #1000, .T. ) ;
#1118 = LINE ( 'NONE', #2404, #738 ) ;
#1119 = DIRECTION ( 'NONE',  ( -1.067522139062651041E-16, 0.000000000000000000, -1.000000000000000000 ) ) ;
#1120 = CYLINDRICAL_SURFACE ( 'NONE', #1518, 25.00000000000001421 ) ;
#1121 = VERTEX_POINT ( 'NONE', #206 ) ;
#1122 = DIRECTION ( 'NONE',  ( 1.000000000000000000, 0.000000000000000000, -0.000000000000000000 ) ) ;
#1123 = EDGE_LOOP ( 'NONE', ( #880, #2125 ) ) ;
#1124 = DIRECTION ( 'NONE',  ( 1.000000000000000000, 0.000000000000000000, 1.067522139062651164E-16 ) ) ;
#1125 = VERTEX_POINT ( 'NONE', #1058 ) ;
#1126 = DIRECTION ( 'NONE',  ( 0.000000000000000000, 0.000000000000000000, 1.000000000000000000 ) ) ;
#1127 = CARTESIAN_POINT ( 'NONE',  ( -10.00000000000000000, 28.99999999999999645, -53.49999999999996447 ) ) ;
#1128 = EDGE_LOOP ( 'NONE', ( #2444, #1997 ) ) ;
#1129 = FACE_OUTER_BOUND ( 'NONE', #304, .T. ) ;
#1130 = CARTESIAN_POINT ( 'NONE',  ( 85.00000000000000000, 8.999999999999998224, 8.000000000000031974 ) ) ;
#1131 = CARTESIAN_POINT ( 'NONE',  ( -90.00000000000000000, 9.000000000000000000, 65.00000000000002842 ) ) ;
#1132 = EDGE_CURVE ( 'NONE', #525, #2566, #1923, .T. ) ;
#1133 = CARTESIAN_POINT ( 'NONE',  ( -7.703719777548943412E-31, 20.99999999999999645, -70.00000000000005684 ) ) ;
#1134 = ORIENTED_EDGE ( 'NONE', *, *, #1854, .F. ) ;
#1135 = PLANE ( 'NONE',  #1965 ) ;
#1136 = ORIENTED_EDGE ( 'NONE', *, *, #1842, .F. ) ;
#1137 = EDGE_CURVE ( 'NONE', #2162, #1296, #2090, .T. ) ;
#1138 = VECTOR ( 'NONE', #2706, 1000.000000000000000 ) ;
#1139 = ORIENTED_EDGE ( 'NONE', *, *, #603, .T. ) ;
#1140 = DIRECTION ( 'NONE',  ( -1.000000000000000000, 0.000000000000000000, 1.067522139062651164E-16 ) ) ;
#1141 = CARTESIAN_POINT ( 'NONE',  ( -64.99999999999972999, 0.000000000000000000, 80.00000000000002842 ) ) ;
#1142 = VERTEX_POINT ( 'NONE', #844 ) ;
#1143 = VECTOR ( 'NONE', #1687, 1000.000000000000000 ) ;
#1144 = DIRECTION ( 'NONE',  ( 0.000000000000000000, 0.000000000000000000, 1.000000000000000000 ) ) ;
#1145 = DIRECTION ( 'NONE',  ( 0.000000000000000000, 0.000000000000000000, 1.000000000000000000 ) ) ;
#1146 = AXIS2_PLACEMENT_3D ( 'NONE', #2636, #507, #910 ) ;
#1147 = DIRECTION ( 'NONE',  ( 0.000000000000000000, 0.000000000000000000, -1.000000000000000000 ) ) ;
#1148 = ORIENTED_EDGE ( 'NONE', *, *, #228, .T. ) ;
#1149 = CIRCLE ( 'NONE', #2004, 1.550000000000004485 ) ;
#1150 = DIRECTION ( 'NONE',  ( 1.000000000000000000, 0.000000000000000000, -6.938893903907223447E-16 ) ) ;
#1151 = EDGE_CURVE ( 'NONE', #730, #2770, #2569, .T. ) ;
#1152 = AXIS2_PLACEMENT_3D ( 'NONE', #1133, #66, #1147 ) ;
#1153 = ORIENTED_EDGE ( 'NONE', *, *, #2137, .F. ) ;
#1154 = FACE_OUTER_BOUND ( 'NONE', #2386, .T. ) ;
#1155 = FACE_OUTER_BOUND ( 'NONE', #811, .T. ) ;
#1156 = ORIENTED_EDGE ( 'NONE', *, *, #1428, .T. ) ;
#1157 = EDGE_CURVE ( 'NONE', #2550, #95, #637, .T. ) ;
#1158 = FACE_OUTER_BOUND ( 'NONE', #2482, .T. ) ;
#1159 = EDGE_CURVE ( 'NONE', #1339, #1484, #466, .T. ) ;
#1160 = CARTESIAN_POINT ( 'NONE',  ( 85.00000000000000000, 45.50000000000000000, 13.50000000000002309 ) ) ;
#1161 = AXIS2_PLACEMENT_3D ( 'NONE', #1874, #1009, #1662 ) ;
#1162 = ORIENTED_EDGE ( 'NONE', *, *, #1656, .T. ) ;
#1163 = CIRCLE ( 'NONE', #2253, 1.524999999999998579 ) ;
#1164 = DIRECTION ( 'NONE',  ( -1.000000000000000000, 0.000000000000000000, 1.067522139062651041E-16 ) ) ;
#1165 = LINE ( 'NONE', #524, #1593 ) ;
#1166 = DIRECTION ( 'NONE',  ( 0.000000000000000000, 1.000000000000000000, 0.000000000000000000 ) ) ;
#1167 = ORIENTED_EDGE ( 'NONE', *, *, #1137, .F. ) ;
#1168 = PLANE ( 'NONE',  #43 ) ;
#1169 = ORIENTED_EDGE ( 'NONE', *, *, #413, .F. ) ;
#1170 = CARTESIAN_POINT ( 'NONE',  ( 64.99999999999975842, 9.000000000000000000, -90.00000000000007105 ) ) ;
#1171 = DIRECTION ( 'NONE',  ( -0.000000000000000000, 1.000000000000000000, -0.000000000000000000 ) ) ;
#1172 = LINE ( 'NONE', #2695, #2621 ) ;
#1173 = EDGE_CURVE ( 'NONE', #1630, #2299, #1614, .T. ) ;
#1174 = VERTEX_POINT ( 'NONE', #1994 ) ;
#1175 = FACE_OUTER_BOUND ( 'NONE', #1913, .T. ) ;
#1176 = CARTESIAN_POINT ( 'NONE',  ( 7.747000000000002551, 0.000000000000000000, -68.91000000000006764 ) ) ;
#1177 = DIRECTION ( 'NONE',  ( 0.000000000000000000, 0.000000000000000000, -1.000000000000000000 ) ) ;
#1178 = DIRECTION ( 'NONE',  ( 0.000000000000000000, 0.000000000000000000, -1.000000000000000000 ) ) ;
#1179 = ORIENTED_EDGE ( 'NONE', *, *, #572, .F. ) ;
#1180 = CIRCLE ( 'NONE', #420, 1.550000000000002709 ) ;
#1181 = CARTESIAN_POINT ( 'NONE',  ( 1.438959988998140555E-15, 10.59999999999999964, -58.25000000000006395 ) ) ;
#1182 = DIRECTION ( 'NONE',  ( -1.000000000000000000, 0.000000000000000000, 1.067522139062651164E-16 ) ) ;
#1183 = ORIENTED_EDGE ( 'NONE', *, *, #1635, .F. ) ;
#1184 = AXIS2_PLACEMENT_3D ( 'NONE', #1130, #1570, #2057 ) ;
#1185 = EDGE_CURVE ( 'NONE', #285, #1789, #2674, .T. ) ;
#1186 = FACE_OUTER_BOUND ( 'NONE', #808, .T. ) ;
#1187 = DIRECTION ( 'NONE',  ( -0.000000000000000000, 1.000000000000000000, -0.000000000000000000 ) ) ;
#1188 = EDGE_CURVE ( 'NONE', #955, #2510, #65, .T. ) ;
#1189 = VECTOR ( 'NONE', #2446, 1000.000000000000000 ) ;
#1190 = DIRECTION ( 'NONE',  ( -0.000000000000000000, 1.000000000000000000, -0.000000000000000000 ) ) ;
#1191 = VERTEX_POINT ( 'NONE', #1812 ) ;
#1192 = FACE_BOUND ( 'NONE', #2662, .T. ) ;
#1193 = PLANE ( 'NONE',  #217 ) ;
#1194 = ORIENTED_EDGE ( 'NONE', *, *, #906, .F. ) ;
#1195 = DIRECTION ( 'NONE',  ( -1.000000000000000000, 0.000000000000000000, 1.067522139062651041E-16 ) ) ;
#1196 = CARTESIAN_POINT ( 'NONE',  ( 79.99999999999977263, 0.000000000000000000, 65.00000000000002842 ) ) ;
#1197 = ORIENTED_EDGE ( 'NONE', *, *, #463, .F. ) ;
#1198 = CARTESIAN_POINT ( 'NONE',  ( -79.99999999999974420, 9.000000000000000000, 65.00000000000001421 ) ) ;
#1199 = AXIS2_PLACEMENT_3D ( 'NONE', #785, #2302, #119 ) ;
#1200 = ORIENTED_EDGE ( 'NONE', *, *, #2595, .F. ) ;
#1201 = AXIS2_PLACEMENT_3D ( 'NONE', #1231, #1460, #1434 ) ;
#1202 = EDGE_CURVE ( 'NONE', #2099, #184, #289, .T. ) ;
#1203 = ADVANCED_FACE ( 'NONE', ( #963 ), #712, .T. ) ;
#1204 = DIRECTION ( 'NONE',  ( 1.000000000000000000, 0.000000000000000000, 1.067522139062651164E-16 ) ) ;
#1205 = ORIENTED_EDGE ( 'NONE', *, *, #1230, .T. ) ;
#1206 = LINE ( 'NONE', #717, #1793 ) ;
#1207 = EDGE_LOOP ( 'NONE', ( #321, #578, #842, #181 ) ) ;
#1208 = DIRECTION ( 'NONE',  ( 0.000000000000000000, 0.000000000000000000, -1.000000000000000000 ) ) ;
#1209 = VECTOR ( 'NONE', #1880, 1000.000000000000000 ) ;
#1210 = CARTESIAN_POINT ( 'NONE',  ( 17.00000000000000355, 9.000000000000000000, 85.00000000000004263 ) ) ;
#1211 = ORIENTED_EDGE ( 'NONE', *, *, #434, .T. ) ;
#1212 = FACE_OUTER_BOUND ( 'NONE', #840, .T. ) ;
#1213 = CARTESIAN_POINT ( 'NONE',  ( -90.00000000000000000, 0.000000000000000000, 65.00000000000002842 ) ) ;
#1214 = CARTESIAN_POINT ( 'NONE',  ( -90.00000000000000000, 9.000000000000000000, 65.00000000000002842 ) ) ;
#1215 = ORIENTED_EDGE ( 'NONE', *, *, #1221, .T. ) ;
#1216 = CIRCLE ( 'NONE', #2439, 1.550000000000000933 ) ;
#1217 = EDGE_CURVE ( 'NONE', #2770, #649, #641, .T. ) ;
#1218 = DIRECTION ( 'NONE',  ( 1.000000000000000000, 0.000000000000000000, 1.067522139062651164E-16 ) ) ;
#1219 = ORIENTED_EDGE ( 'NONE', *, *, #2072, .T. ) ;
#1220 = CARTESIAN_POINT ( 'NONE',  ( -64.99999999999972999, 9.000000000000000000, 81.52500000000003411 ) ) ;
#1221 = EDGE_CURVE ( 'NONE', #2173, #1524, #544, .T. ) ;
#1222 = LINE ( 'NONE', #133, #151 ) ;
#1223 = ORIENTED_EDGE ( 'NONE', *, *, #1655, .T. ) ;
#1224 = VECTOR ( 'NONE', #2750, 1000.000000000000000 ) ;
#1225 = FACE_OUTER_BOUND ( 'NONE', #2071, .T. ) ;
#1226 = CARTESIAN_POINT ( 'NONE',  ( -89.99999999999997158, 0.000000000000000000, -64.99999999999988631 ) ) ;
#1227 = DIRECTION ( 'NONE',  ( 0.000000000000000000, -1.000000000000000000, 0.000000000000000000 ) ) ;
#1228 = FACE_OUTER_BOUND ( 'NONE', #1931, .T. ) ;
#1229 = VECTOR ( 'NONE', #1080, 1000.000000000000000 ) ;
#1230 = EDGE_CURVE ( 'NONE', #1690, #415, #1374, .T. ) ;
#1231 = CARTESIAN_POINT ( 'NONE',  ( 17.00000000000000355, 28.99999999999999645, 85.00000000000004263 ) ) ;
#1232 = VERTEX_POINT ( 'NONE', #323 ) ;
#1233 = DIRECTION ( 'NONE',  ( 1.000000000000000000, 0.000000000000000000, 1.067522139062651041E-16 ) ) ;
#1234 = CIRCLE ( 'NONE', #387, 1.090000000000007629 ) ;
#1235 = CARTESIAN_POINT ( 'NONE',  ( 85.00000000000000000, 9.000000000000000000, 8.000000000000035527 ) ) ;
#1236 = PRODUCT_DEFINITION ( 'UNKNOWN', '', #1642, #1079 ) ;
#1237 = EDGE_CURVE ( 'NONE', #1508, #2299, #557, .T. ) ;
#1238 = VERTEX_POINT ( 'NONE', #2698 ) ;
#1239 = AXIS2_PLACEMENT_3D ( 'NONE', #2626, #213, #1260 ) ;
#1240 = DIRECTION ( 'NONE',  ( 0.000000000000000000, 0.000000000000000000, 1.000000000000000000 ) ) ;
#1241 = DIRECTION ( 'NONE',  ( 0.000000000000000000, 0.000000000000000000, 1.000000000000000000 ) ) ;
#1242 = ORIENTED_EDGE ( 'NONE', *, *, #2634, .T. ) ;
#1243 = DIRECTION ( 'NONE',  ( 0.000000000000000000, 0.000000000000000000, -1.000000000000000000 ) ) ;
#1244 = CARTESIAN_POINT ( 'NONE',  ( 22.00000000000000355, 9.000000000000000000, 80.00000000000004263 ) ) ;
#1245 = AXIS2_PLACEMENT_3D ( 'NONE', #2050, #2021, #969 ) ;
#1246 = DIRECTION ( 'NONE',  ( 0.000000000000000000, 0.000000000000000000, 1.000000000000000000 ) ) ;
#1247 = ORIENTED_EDGE ( 'NONE', *, *, #725, .T. ) ;
#1248 = LINE ( 'NONE', #2141, #2332 ) ;
#1249 = DIRECTION ( 'NONE',  ( -1.000000000000000000, 0.000000000000000000, -0.000000000000000000 ) ) ;
#1250 = ORIENTED_EDGE ( 'NONE', *, *, #802, .T. ) ;
#1251 = EDGE_CURVE ( 'NONE', #2133, #1142, #1554, .T. ) ;
#1252 = AXIS2_PLACEMENT_3D ( 'NONE', #1347, #2214, #279 ) ;
#1253 = CARTESIAN_POINT ( 'NONE',  ( -85.00000000000000000, 14.49999999999999822, 46.05000000000002558 ) ) ;
#1254 = DIRECTION ( 'NONE',  ( -0.000000000000000000, -1.000000000000000000, -0.000000000000000000 ) ) ;
#1255 = CARTESIAN_POINT ( 'NONE',  ( -90.00000000000001421, 14.49999999999999822, 13.50000000000002309 ) ) ;
#1256 = CARTESIAN_POINT ( 'NONE',  ( 90.00000000000000000, 9.000000000000000000, 65.00000000000002842 ) ) ;
#1257 = FACE_OUTER_BOUND ( 'NONE', #1521, .T. ) ;
#1258 = ORIENTED_EDGE ( 'NONE', *, *, #573, .T. ) ;
#1259 = DIRECTION ( 'NONE',  ( 0.000000000000000000, 0.000000000000000000, 1.000000000000000000 ) ) ;
#1260 = DIRECTION ( 'NONE',  ( 0.000000000000000000, 0.000000000000000000, -1.000000000000000000 ) ) ;
#1261 = ORIENTED_EDGE ( 'NONE', *, *, #331, .T. ) ;
#1262 = ORIENTED_EDGE ( 'NONE', *, *, #2208, .T. ) ;
#1263 = ADVANCED_FACE ( 'NONE', ( #487 ), #1785, .F. ) ;
#1264 = ORIENTED_EDGE ( 'NONE', *, *, #1962, .F. ) ;
#1265 = VECTOR ( 'NONE', #1939, 1000.000000000000000 ) ;
#1266 = ORIENTED_EDGE ( 'NONE', *, *, #1854, .T. ) ;
#1267 = DIRECTION ( 'NONE',  ( -0.000000000000000000, 1.000000000000000000, -0.000000000000000000 ) ) ;
#1268 = CIRCLE ( 'NONE', #1497, 12.00000000000000355 ) ;
#1269 = EDGE_CURVE ( 'NONE', #1121, #2414, #1860, .T. ) ;
#1270 = CARTESIAN_POINT ( 'NONE',  ( -7.746999999999997222, 20.99999999999999645, -70.00000000000005684 ) ) ;
#1271 = FACE_OUTER_BOUND ( 'NONE', #733, .T. ) ;
#1272 = EDGE_LOOP ( 'NONE', ( #1371, #2082, #1035, #2217 ) ) ;
#1273 = DIRECTION ( 'NONE',  ( -0.000000000000000000, 1.000000000000000000, -0.000000000000000000 ) ) ;
#1274 = CARTESIAN_POINT ( 'NONE',  ( 90.00000000000001421, 45.50000000000000000, 46.05000000000002558 ) ) ;
#1275 =( GEOMETRIC_REPRESENTATION_CONTEXT ( 3 ) GLOBAL_UNCERTAINTY_ASSIGNED_CONTEXT ( ( #1699 ) ) GLOBAL_UNIT_ASSIGNED_CONTEXT ( ( #2210, #884, #2013 ) ) REPRESENTATION_CONTEXT ( 'NONE', 'WORKASPACE' ) );
#1276 = ORIENTED_EDGE ( 'NONE', *, *, #1132, .T. ) ;
#1277 = AXIS2_PLACEMENT_3D ( 'NONE', #966, #1831, #2689 ) ;
#1278 = LINE ( 'NONE', #2172, #1993 ) ;
#1279 = VERTEX_POINT ( 'NONE', #741 ) ;
#1280 = CIRCLE ( 'NONE', #1379, 1.550000000000004485 ) ;
#1281 = ORIENTED_EDGE ( 'NONE', *, *, #867, .T. ) ;
#1282 = VERTEX_POINT ( 'NONE', #2012 ) ;
#1283 = DIRECTION ( 'NONE',  ( 0.000000000000000000, -1.652117596168388002E-16, 1.000000000000000000 ) ) ;
#1284 = DIRECTION ( 'NONE',  ( -0.000000000000000000, 1.000000000000000000, -0.000000000000000000 ) ) ;
#1285 = EDGE_CURVE ( 'NONE', #2592, #285, #275, .T. ) ;
#1286 = ADVANCED_FACE ( 'NONE', ( #724 ), #1585, .F. ) ;
#1287 = MANIFOLD_SOLID_BREP ( 'Caster Holes', #747 ) ;
#1288 = AXIS2_PLACEMENT_3D ( 'NONE', #370, #1425, #1208 ) ;
#1289 = CARTESIAN_POINT ( 'NONE',  ( 64.99999999999978684, 9.000000000000000000, 80.00000000000002842 ) ) ;
#1290 = VERTEX_POINT ( 'NONE', #2665 ) ;
#1291 = FACE_OUTER_BOUND ( 'NONE', #866, .T. ) ;
#1292 = CIRCLE ( 'NONE', #485, 14.24999999999999822 ) ;
#1293 = LINE ( 'NONE', #2127, #1143 ) ;
#1294 = EDGE_LOOP ( 'NONE', ( #2227, #2567, #2131, #2423 ) ) ;
#1295 = CARTESIAN_POINT ( 'NONE',  ( -90.00000000000001421, 29.99999999999998934, 29.00000000000002487 ) ) ;
#1296 = VERTEX_POINT ( 'NONE', #2497 ) ;
#1297 = VERTEX_POINT ( 'NONE', #560 ) ;
#1298 = CIRCLE ( 'NONE', #2699, 25.00000000000021672 ) ;
#1299 = ORIENTED_EDGE ( 'NONE', *, *, #2705, .T. ) ;
#1300 = CARTESIAN_POINT ( 'NONE',  ( -21.99999999999999645, 28.99999999999999645, 80.00000000000004263 ) ) ;
#1301 = CARTESIAN_POINT ( 'NONE',  ( 7.747000000000002551, 10.59999999999999964, -70.00000000000005684 ) ) ;
#1302 = DIRECTION ( 'NONE',  ( -1.000000000000000000, 0.000000000000000000, 1.067522139062651041E-16 ) ) ;
#1303 = VERTEX_POINT ( 'NONE', #89 ) ;
#1304 = DIRECTION ( 'NONE',  ( 0.000000000000000000, 0.000000000000000000, 1.000000000000000000 ) ) ;
#1305 = EDGE_CURVE ( 'NONE', #415, #1142, #1165, .T. ) ;
#1306 = ORIENTED_EDGE ( 'NONE', *, *, #925, .F. ) ;
#1307 = EDGE_CURVE ( 'NONE', #223, #936, #379, .T. ) ;
#1308 = DIRECTION ( 'NONE',  ( 0.000000000000000000, 0.000000000000000000, 1.000000000000000000 ) ) ;
#1309 = ORIENTED_EDGE ( 'NONE', *, *, #125, .F. ) ;
#1310 = EDGE_LOOP ( 'NONE', ( #2635, #1048 ) ) ;
#1311 = ORIENTED_EDGE ( 'NONE', *, *, #1702, .T. ) ;
#1312 = DIRECTION ( 'NONE',  ( 1.000000000000000000, 0.000000000000000000, 1.067522139062651041E-16 ) ) ;
#1313 = LINE ( 'NONE', #2195, #2274 ) ;
#1314 = CIRCLE ( 'NONE', #109, 11.74999999999999645 ) ;
#1315 = LINE ( 'NONE', #489, #441 ) ;
#1316 = ORIENTED_EDGE ( 'NONE', *, *, #1414, .F. ) ;
#1317 = STYLED_ITEM ( 'NONE', ( #2044 ), #1287 ) ;
#1318 = FACE_OUTER_BOUND ( 'NONE', #2091, .T. ) ;
#1319 = VERTEX_POINT ( 'NONE', #981 ) ;
#1320 = VERTEX_POINT ( 'NONE', #548 ) ;
#1321 = CARTESIAN_POINT ( 'NONE',  ( -79.99999999999975842, 0.000000000000000000, -64.99999999999988631 ) ) ;
#1322 = CARTESIAN_POINT ( 'NONE',  ( -7.746999999999997222, 0.000000000000000000, -70.00000000000005684 ) ) ;
#1323 = EDGE_CURVE ( 'NONE', #492, #1557, #354, .T. ) ;
#1324 = EDGE_CURVE ( 'NONE', #200, #1595, #2286, .T. ) ;
#1325 = ORIENTED_EDGE ( 'NONE', *, *, #1583, .F. ) ;
#1326 = ORIENTED_EDGE ( 'NONE', *, *, #2280, .F. ) ;
#1327 = ORIENTED_EDGE ( 'NONE', *, *, #333, .T. ) ;
#1328 = CIRCLE ( 'NONE', #523, 1.524999999999998579 ) ;
#1329 = CARTESIAN_POINT ( 'NONE',  ( -64.99999999999972999, 0.000000000000000000, 80.00000000000002842 ) ) ;
#1330 = CYLINDRICAL_SURFACE ( 'NONE', #9, 1.524999999999998579 ) ;
#1331 = CARTESIAN_POINT ( 'NONE',  ( -16.99999999999999289, 9.000000000000000000, 85.00000000000004263 ) ) ;
#1332 = ORIENTED_EDGE ( 'NONE', *, *, #2503, .F. ) ;
#1333 = CARTESIAN_POINT ( 'NONE',  ( 85.00000000000000000, 8.999999999999998224, 8.000000000000031974 ) ) ;
#1334 = ORIENTED_EDGE ( 'NONE', *, *, #2638, .F. ) ;
#1335 = DIRECTION ( 'NONE',  ( 0.000000000000000000, -0.000000000000000000, 1.000000000000000000 ) ) ;
#1336 = ORIENTED_EDGE ( 'NONE', *, *, #2736, .T. ) ;
#1337 = CARTESIAN_POINT ( 'NONE',  ( -79.99999999999974420, 9.000000000000000000, 66.52500000000001990 ) ) ;
#1338 = DIRECTION ( 'NONE',  ( 0.000000000000000000, -1.000000000000000000, 0.000000000000000000 ) ) ;
#1339 = VERTEX_POINT ( 'NONE', #2275 ) ;
#1340 = EDGE_CURVE ( 'NONE', #1238, #56, #770, .T. ) ;
#1341 = DIRECTION ( 'NONE',  ( -0.000000000000000000, -0.000000000000000000, 1.000000000000000000 ) ) ;
#1342 = CARTESIAN_POINT ( 'NONE',  ( -79.99999999999974420, 0.000000000000000000, 66.52500000000001990 ) ) ;
#1343 = EDGE_CURVE ( 'NONE', #1534, #529, #2248, .T. ) ;
#1344 = CARTESIAN_POINT ( 'NONE',  ( -64.99999999999975842, 0.000000000000000000, -81.52499999999989200 ) ) ;
#1345 = CARTESIAN_POINT ( 'NONE',  ( 22.00000000000000711, 9.000000000000000000, 85.00000000000004263 ) ) ;
#1346 = ORIENTED_EDGE ( 'NONE', *, *, #1863, .T. ) ;
#1347 = CARTESIAN_POINT ( 'NONE',  ( 90.00000000000001421, 14.49999999999999822, 13.50000000000002487 ) ) ;
#1348 = VERTEX_POINT ( 'NONE', #341 ) ;
#1349 = PLANE ( 'NONE',  #1051 ) ;
#1350 = ORIENTED_EDGE ( 'NONE', *, *, #2412, .F. ) ;
#1351 = FACE_OUTER_BOUND ( 'NONE', #2591, .T. ) ;
#1352 = DIRECTION ( 'NONE',  ( -0.000000000000000000, -1.000000000000000000, -0.000000000000000000 ) ) ;
#1353 = ORIENTED_EDGE ( 'NONE', *, *, #1217, .T. ) ;
#1354 = DIRECTION ( 'NONE',  ( 0.000000000000000000, 0.000000000000000000, 1.000000000000000000 ) ) ;
#1355 = ADVANCED_FACE ( 'NONE', ( #355 ), #1193, .F. ) ;
#1356 = DIRECTION ( 'NONE',  ( 0.000000000000000000, 0.000000000000000000, -1.000000000000000000 ) ) ;
#1357 = EDGE_CURVE ( 'NONE', #2279, #439, #1430, .T. ) ;
#1358 = EDGE_CURVE ( 'NONE', #1789, #2770, #1206, .T. ) ;
#1359 = FACE_BOUND ( 'NONE', #254, .T. ) ;
#1360 = EDGE_LOOP ( 'NONE', ( #2242, #952 ) ) ;
#1361 = CARTESIAN_POINT ( 'NONE',  ( 64.99999999999975842, 9.000000000000000000, -81.52499999999989200 ) ) ;
#1362 = ORIENTED_EDGE ( 'NONE', *, *, #1891, .F. ) ;
#1363 = DIRECTION ( 'NONE',  ( 0.000000000000000000, 0.000000000000000000, 1.000000000000000000 ) ) ;
#1364 = AXIS2_PLACEMENT_3D ( 'NONE', #514, #306, #1390 ) ;
#1365 = AXIS2_PLACEMENT_3D ( 'NONE', #92, #672, #1746 ) ;
#1366 = DIRECTION ( 'NONE',  ( 0.000000000000000000, 0.000000000000000000, 1.000000000000000000 ) ) ;
#1367 = ORIENTED_EDGE ( 'NONE', *, *, #2252, .T. ) ;
#1368 = DIRECTION ( 'NONE',  ( 0.000000000000000000, 0.000000000000000000, 1.000000000000000000 ) ) ;
#1369 = CIRCLE ( 'NONE', #2445, 1.089999999999993641 ) ;
#1370 = LINE ( 'NONE', #45, #908 ) ;
#1371 = ORIENTED_EDGE ( 'NONE', *, *, #867, .F. ) ;
#1372 = VECTOR ( 'NONE', #675, 1000.000000000000000 ) ;
#1373 = PLANE ( 'NONE',  #343 ) ;
#1374 = LINE ( 'NONE', #2685, #1046 ) ;
#1375 = AXIS2_PLACEMENT_3D ( 'NONE', #2494, #353, #138 ) ;
#1376 = CARTESIAN_POINT ( 'NONE',  ( -79.99999999999974420, 0.000000000000000000, 65.00000000000001421 ) ) ;
#1377 = FACE_OUTER_BOUND ( 'NONE', #1821, .T. ) ;
#1378 = ORIENTED_EDGE ( 'NONE', *, *, #189, .T. ) ;
#1379 = AXIS2_PLACEMENT_3D ( 'NONE', #2581, #1312, #636 ) ;
#1380 = FACE_OUTER_BOUND ( 'NONE', #1977, .T. ) ;
#1381 = EDGE_LOOP ( 'NONE', ( #399, #2429, #2163, #469 ) ) ;
#1382 = EDGE_CURVE ( 'NONE', #1856, #601, #1576, .T. ) ;
#1383 = DIRECTION ( 'NONE',  ( -0.000000000000000000, -1.000000000000000000, -0.000000000000000000 ) ) ;
#1384 = VERTEX_POINT ( 'NONE', #1170 ) ;
#1385 = LINE ( 'NONE', #2617, #1781 ) ;
#1386 = FACE_OUTER_BOUND ( 'NONE', #1745, .T. ) ;
#1387 = VERTEX_POINT ( 'NONE', #102 ) ;
#1388 = VECTOR ( 'NONE', #299, 1000.000000000000000 ) ;
#1389 = CARTESIAN_POINT ( 'NONE',  ( 90.00000000000001421, 14.49999999999999822, 15.05000000000002558 ) ) ;
#1390 = DIRECTION ( 'NONE',  ( 0.000000000000000000, 0.000000000000000000, -1.000000000000000000 ) ) ;
#1391 = CARTESIAN_POINT ( 'NONE',  ( 85.00000000000000000, 45.50000000000000000, 44.50000000000002842 ) ) ;
#1392 = ORIENTED_EDGE ( 'NONE', *, *, #1979, .F. ) ;
#1393 = VECTOR ( 'NONE', #1892, 1000.000000000000000 ) ;
#1394 = EDGE_CURVE ( 'NONE', #1232, #1500, #2644, .T. ) ;
#1395 = LINE ( 'NONE', #326, #1388 ) ;
#1396 = ORIENTED_EDGE ( 'NONE', *, *, #1928, .T. ) ;
#1397 = DIRECTION ( 'NONE',  ( -1.000000000000000000, 0.000000000000000000, 1.067522139062651164E-16 ) ) ;
#1398 = DIRECTION ( 'NONE',  ( -0.000000000000000000, -0.000000000000000000, -1.000000000000000000 ) ) ;
#1399 = ADVANCED_FACE ( 'NONE', ( #1155 ), #1820, .F. ) ;
#1400 = ORIENTED_EDGE ( 'NONE', *, *, #1568, .T. ) ;
#1401 = DIRECTION ( 'NONE',  ( -0.000000000000000000, -1.000000000000000000, -0.000000000000000000 ) ) ;
#1402 = CARTESIAN_POINT ( 'NONE',  ( -90.00000000000001421, 45.50000000000000711, 44.50000000000002842 ) ) ;
#1403 = CARTESIAN_POINT ( 'NONE',  ( 64.99999999999975842, 0.000000000000000000, -64.99999999999988631 ) ) ;
#1404 = ORIENTED_EDGE ( 'NONE', *, *, #1394, .F. ) ;
#1405 = FACE_BOUND ( 'NONE', #278, .T. ) ;
#1406 = CARTESIAN_POINT ( 'NONE',  ( -64.99999999999972999, 9.000000000000000000, 80.00000000000002842 ) ) ;
#1407 = ORIENTED_EDGE ( 'NONE', *, *, #2789, .T. ) ;
#1408 = AXIS2_PLACEMENT_3D ( 'NONE', #2380, #448, #2167 ) ;
#1409 = DIRECTION ( 'NONE',  ( 0.000000000000000000, 0.000000000000000000, -1.000000000000000000 ) ) ;
#1410 = CARTESIAN_POINT ( 'NONE',  ( 64.99999999999975842, 0.000000000000000000, -78.47499999999989484 ) ) ;
#1411 = VECTOR ( 'NONE', #2525, 1000.000000000000000 ) ;
#1412 = ORIENTED_EDGE ( 'NONE', *, *, #349, .F. ) ;
#1413 = VECTOR ( 'NONE', #5, 1000.000000000000000 ) ;
#1414 = EDGE_CURVE ( 'NONE', #95, #1885, #1395, .T. ) ;
#1415 = EDGE_CURVE ( 'NONE', #2099, #633, #2107, .T. ) ;
#1416 = LINE ( 'NONE', #374, #682 ) ;
#1417 = ORIENTED_EDGE ( 'NONE', *, *, #1185, .F. ) ;
#1418 = VECTOR ( 'NONE', #2544, 1000.000000000000000 ) ;
#1419 = DIRECTION ( 'NONE',  ( 0.000000000000000000, 0.000000000000000000, 1.000000000000000000 ) ) ;
#1420 = CIRCLE ( 'NONE', #204, 1.524999999999998579 ) ;
#1421 = CARTESIAN_POINT ( 'NONE',  ( -8.415016339853279348, 20.99999999999999645, -58.49999999999996447 ) ) ;
#1422 = VECTOR ( 'NONE', #1283, 1000.000000000000000 ) ;
#1423 = DIRECTION ( 'NONE',  ( 0.000000000000000000, 1.000000000000000000, 0.000000000000000000 ) ) ;
#1424 = ORIENTED_EDGE ( 'NONE', *, *, #413, .T. ) ;
#1425 = DIRECTION ( 'NONE',  ( 0.000000000000000000, 1.000000000000000000, -0.000000000000000000 ) ) ;
#1426 = CARTESIAN_POINT ( 'NONE',  ( 79.99999999999977263, 9.000000000000000000, 66.52500000000003411 ) ) ;
#1427 = ORIENTED_EDGE ( 'NONE', *, *, #1606, .T. ) ;
#1428 = EDGE_CURVE ( 'NONE', #41, #650, #1805, .T. ) ;
#1429 = CYLINDRICAL_SURFACE ( 'NONE', #2653, 1.089999999999993641 ) ;
#1430 = CIRCLE ( 'NONE', #1020, 1.549999999999999378 ) ;
#1431 = EDGE_CURVE ( 'NONE', #1296, #2162, #1657, .T. ) ;
#1432 = LINE ( 'NONE', #1679, #2306 ) ;
#1433 = ORIENTED_EDGE ( 'NONE', *, *, #538, .F. ) ;
#1434 = DIRECTION ( 'NONE',  ( 1.000000000000000000, 0.000000000000000000, -0.000000000000000000 ) ) ;
#1435 = VERTEX_POINT ( 'NONE', #393 ) ;
#1436 = CARTESIAN_POINT ( 'NONE',  ( 22.00000000000000711, 28.99999999999999645, 85.00000000000004263 ) ) ;
#1437 = AXIS2_PLACEMENT_3D ( 'NONE', #1558, #2422, #311 ) ;
#1438 = CARTESIAN_POINT ( 'NONE',  ( -16.99999999999999289, 28.99999999999999645, 85.00000000000004263 ) ) ;
#1439 = ORIENTED_EDGE ( 'NONE', *, *, #1701, .T. ) ;
#1440 = DIRECTION ( 'NONE',  ( 0.000000000000000000, 1.000000000000000000, 0.000000000000000000 ) ) ;
#1441 = ORIENTED_EDGE ( 'NONE', *, *, #1701, .F. ) ;
#1442 = LINE ( 'NONE', #2345, #2384 ) ;
#1443 = ORIENTED_EDGE ( 'NONE', *, *, #274, .F. ) ;
#1444 = ADVANCED_FACE ( 'NONE', ( #153, #2534, #2098, #1884, #2511, #782 ), #1034, .F. ) ;
#1445 = CARTESIAN_POINT ( 'NONE',  ( 85.00000000000000000, 29.99999999999999645, 29.00000000000002842 ) ) ;
#1446 = LINE ( 'NONE', #1421, #1602 ) ;
#1447 = EDGE_CURVE ( 'NONE', #2730, #2749, #1896, .T. ) ;
#1448 = EDGE_CURVE ( 'NONE', #1487, #2401, #84, .T. ) ;
#1449 = CARTESIAN_POINT ( 'NONE',  ( -10.00000000000000000, 28.99999999999999645, -58.49999999999996447 ) ) ;
#1450 = ORIENTED_EDGE ( 'NONE', *, *, #139, .T. ) ;
#1451 = DIRECTION ( 'NONE',  ( 0.000000000000000000, 1.000000000000000000, 0.000000000000000000 ) ) ;
#1452 = LINE ( 'NONE', #2115, #1733 ) ;
#1453 = ORIENTED_EDGE ( 'NONE', *, *, #516, .T. ) ;
#1454 = VECTOR ( 'NONE', #2763, 1000.000000000000000 ) ;
#1455 = CARTESIAN_POINT ( 'NONE',  ( -90.00000000000000000, 9.000000000000000000, 8.000000000000028422 ) ) ;
#1456 = VECTOR ( 'NONE', #336, 1000.000000000000000 ) ;
#1457 = CARTESIAN_POINT ( 'NONE',  ( -64.99999999999975842, 9.000000000000000000, -90.00000000000007105 ) ) ;
#1458 = DIRECTION ( 'NONE',  ( 0.000000000000000000, 0.000000000000000000, 1.000000000000000000 ) ) ;
#1459 = CARTESIAN_POINT ( 'NONE',  ( -85.00000000000000000, 45.50000000000000711, 44.50000000000002842 ) ) ;
#1460 = DIRECTION ( 'NONE',  ( 0.000000000000000000, 0.000000000000000000, 1.000000000000000000 ) ) ;
#1461 = ORIENTED_EDGE ( 'NONE', *, *, #2208, .F. ) ;
#1462 = DIRECTION ( 'NONE',  ( 1.067522139062651164E-16, 0.000000000000000000, -1.000000000000000000 ) ) ;
#1463 = ADVANCED_FACE ( 'NONE', ( #1257 ), #418, .F. ) ;
#1464 = CARTESIAN_POINT ( 'NONE',  ( 90.00000000000001421, 51.00000000000000000, 50.00000000000002132 ) ) ;
#1465 = ORIENTED_EDGE ( 'NONE', *, *, #929, .F. ) ;
#1466 = CARTESIAN_POINT ( 'NONE',  ( -26.99999999999999645, 28.99999999999999645, 80.00000000000004263 ) ) ;
#1467 = LINE ( 'NONE', #389, #1393 ) ;
#1468 = AXIS2_PLACEMENT_3D ( 'NONE', #1078, #627, #1259 ) ;
#1469 = DIRECTION ( 'NONE',  ( -0.000000000000000000, 1.000000000000000000, -0.000000000000000000 ) ) ;
#1470 = DIRECTION ( 'NONE',  ( -1.000000000000000000, 0.000000000000000000, 1.067522139062651041E-16 ) ) ;
#1471 = CARTESIAN_POINT ( 'NONE',  ( -90.00000000000001421, 14.49999999999999822, 46.05000000000002558 ) ) ;
#1472 = ORIENTED_EDGE ( 'NONE', *, *, #1202, .T. ) ;
#1473 = DIRECTION ( 'NONE',  ( 0.000000000000000000, -1.000000000000000000, 0.000000000000000000 ) ) ;
#1474 = DIRECTION ( 'NONE',  ( 1.000000000000000000, 0.000000000000000000, 1.067522139062651041E-16 ) ) ;
#1475 = ADVANCED_FACE ( 'NONE', ( #368 ), #1021, .F. ) ;
#1476 = VERTEX_POINT ( 'NONE', #1449 ) ;
#1477 = VECTOR ( 'NONE', #2334, 1000.000000000000000 ) ;
#1478 = CARTESIAN_POINT ( 'NONE',  ( 90.00000000000001421, 8.999999999999998224, 8.000000000000031974 ) ) ;
#1479 = ORIENTED_EDGE ( 'NONE', *, *, #617, .F. ) ;
#1480 = CARTESIAN_POINT ( 'NONE',  ( 7.747000000000002551, 0.000000000000000000, -70.00000000000005684 ) ) ;
#1481 = FACE_OUTER_BOUND ( 'NONE', #74, .T. ) ;
#1482 = CARTESIAN_POINT ( 'NONE',  ( 27.00000000000000355, 28.99999999999999645, 90.00000000000005684 ) ) ;
#1483 = DIRECTION ( 'NONE',  ( 0.000000000000000000, -1.000000000000000000, 0.000000000000000000 ) ) ;
#1484 = VERTEX_POINT ( 'NONE', #1682 ) ;
#1485 = CARTESIAN_POINT ( 'NONE',  ( 22.00000000000000711, 9.000000000000000000, 85.00000000000004263 ) ) ;
#1486 = LINE ( 'NONE', #604, #78 ) ;
#1487 = VERTEX_POINT ( 'NONE', #1912 ) ;
#1488 = DIRECTION ( 'NONE',  ( 0.000000000000000000, 0.000000000000000000, -1.000000000000000000 ) ) ;
#1489 = EDGE_LOOP ( 'NONE', ( #1350, #673, #1148, #2383 ) ) ;
#1490 = EDGE_LOOP ( 'NONE', ( #1727, #2577, #1735, #2408 ) ) ;
#1491 = EDGE_CURVE ( 'NONE', #1630, #2478, #2734, .T. ) ;
#1492 = AXIS2_PLACEMENT_3D ( 'NONE', #594, #2697, #348 ) ;
#1493 = EDGE_CURVE ( 'NONE', #1125, #260, #2419, .T. ) ;
#1494 = ORIENTED_EDGE ( 'NONE', *, *, #1583, .T. ) ;
#1495 = DIRECTION ( 'NONE',  ( -1.000000000000000000, 0.000000000000000000, 1.067522139062651041E-16 ) ) ;
#1496 = AXIS2_PLACEMENT_3D ( 'NONE', #976, #915, #1839 ) ;
#1497 = AXIS2_PLACEMENT_3D ( 'NONE', #105, #2303, #318 ) ;
#1498 = DIRECTION ( 'NONE',  ( 1.000000000000000000, 0.000000000000000000, 1.067522139062651041E-16 ) ) ;
#1499 = CARTESIAN_POINT ( 'NONE',  ( -85.00000000000000000, 29.99999999999998934, 29.00000000000002487 ) ) ;
#1500 = VERTEX_POINT ( 'NONE', #1471 ) ;
#1501 = CARTESIAN_POINT ( 'NONE',  ( -85.00000000000000000, 14.49999999999999822, 44.50000000000002842 ) ) ;
#1502 = VECTOR ( 'NONE', #2177, 1000.000000000000000 ) ;
#1503 = DIRECTION ( 'NONE',  ( -0.000000000000000000, 1.000000000000000000, -0.000000000000000000 ) ) ;
#1504 = ORIENTED_EDGE ( 'NONE', *, *, #2230, .T. ) ;
#1505 = CARTESIAN_POINT ( 'NONE',  ( 17.00000000000000355, 9.000000000000000000, 85.00000000000004263 ) ) ;
#1506 = ORIENTED_EDGE ( 'NONE', *, *, #1081, .T. ) ;
#1507 = VECTOR ( 'NONE', #1057, 1000.000000000000000 ) ;
#1508 = VERTEX_POINT ( 'NONE', #380 ) ;
#1509 = ORIENTED_EDGE ( 'NONE', *, *, #1734, .T. ) ;
#1510 = CARTESIAN_POINT ( 'NONE',  ( 90.00000000000001421, 51.00000000000000711, 8.000000000000031974 ) ) ;
#1511 = EDGE_CURVE ( 'NONE', #1121, #219, #2111, .T. ) ;
#1512 = CARTESIAN_POINT ( 'NONE',  ( 7.747000000000002551, 10.59999999999999964, -70.00000000000005684 ) ) ;
#1513 = EDGE_CURVE ( 'NONE', #2593, #262, #2124, .T. ) ;
#1514 = VECTOR ( 'NONE', #2547, 1000.000000000000000 ) ;
#1515 = DIRECTION ( 'NONE',  ( 0.000000000000000000, 0.000000000000000000, 1.000000000000000000 ) ) ;
#1516 = VERTEX_POINT ( 'NONE', #1047 ) ;
#1517 = CARTESIAN_POINT ( 'NONE',  ( -85.00000000000000000, 45.50000000000000711, 13.50000000000002487 ) ) ;
#1518 = AXIS2_PLACEMENT_3D ( 'NONE', #2366, #2212, #435 ) ;
#1519 = ORIENTED_EDGE ( 'NONE', *, *, #538, .T. ) ;
#1520 = FACE_OUTER_BOUND ( 'NONE', #1590, .T. ) ;
#1521 = EDGE_LOOP ( 'NONE', ( #1205, #890, #1264, #1944 ) ) ;
#1522 = ORIENTED_EDGE ( 'NONE', *, *, #2484, .T. ) ;
#1523 = AXIS2_PLACEMENT_3D ( 'NONE', #146, #2554, #1002 ) ;
#1524 = VERTEX_POINT ( 'NONE', #1670 ) ;
#1525 = CARTESIAN_POINT ( 'NONE',  ( -10.00000000000000000, 9.000000000000000000, -58.49999999999996447 ) ) ;
#1526 = CARTESIAN_POINT ( 'NONE',  ( -85.00000000000000000, 45.50000000000000711, 42.95000000000002416 ) ) ;
#1527 = CARTESIAN_POINT ( 'NONE',  ( 8.415016339853279348, 9.000000000000000000, -58.49999999999996447 ) ) ;
#1528 = ORIENTED_EDGE ( 'NONE', *, *, #1567, .F. ) ;
#1529 = CARTESIAN_POINT ( 'NONE',  ( -64.99999999999975842, 9.000000000000000000, -64.99999999999988631 ) ) ;
#1530 = EDGE_CURVE ( 'NONE', #846, #559, #832, .T. ) ;
#1531 = EDGE_CURVE ( 'NONE', #657, #663, #1292, .T. ) ;
#1532 = ORIENTED_EDGE ( 'NONE', *, *, #2105, .F. ) ;
#1533 = LINE ( 'NONE', #508, #2314 ) ;
#1534 = VERTEX_POINT ( 'NONE', #625 ) ;
#1535 = EDGE_LOOP ( 'NONE', ( #1054, #1250, #1544, #822 ) ) ;
#1536 = CARTESIAN_POINT ( 'NONE',  ( -10.00000000000000000, 9.000000000000000000, -53.49999999999996447 ) ) ;
#1537 = CIRCLE ( 'NONE', #1408, 11.74999999999999645 ) ;
#1538 = DIRECTION ( 'NONE',  ( -1.000000000000000000, 0.000000000000000000, 1.067522139062651164E-16 ) ) ;
#1539 = AXIS2_PLACEMENT_3D ( 'NONE', #2637, #911, #705 ) ;
#1540 = CARTESIAN_POINT ( 'NONE',  ( -16.99999999999999289, 28.99999999999999645, 90.00000000000007105 ) ) ;
#1541 = ORIENTED_EDGE ( 'NONE', *, *, #948, .F. ) ;
#1542 = AXIS2_PLACEMENT_3D ( 'NONE', #1270, #2136, #1709 ) ;
#1543 = CARTESIAN_POINT ( 'NONE',  ( -7.746999999999997222, 0.000000000000000000, -70.00000000000005684 ) ) ;
#1544 = ORIENTED_EDGE ( 'NONE', *, *, #1159, .T. ) ;
#1545 = ADVANCED_FACE ( 'NONE', ( #1271 ), #2139, .F. ) ;
#1546 = ORIENTED_EDGE ( 'NONE', *, *, #274, .T. ) ;
#1547 = DIRECTION ( 'NONE',  ( 0.000000000000000000, 0.000000000000000000, 1.000000000000000000 ) ) ;
#1548 = CIRCLE ( 'NONE', #964, 1.549999999999999378 ) ;
#1549 = PLANE ( 'NONE',  #2495 ) ;
#1550 = ORIENTED_EDGE ( 'NONE', *, *, #2613, .F. ) ;
#1551 = ORIENTED_EDGE ( 'NONE', *, *, #1305, .T. ) ;
#1552 = ORIENTED_EDGE ( 'NONE', *, *, #244, .T. ) ;
#1553 = CARTESIAN_POINT ( 'NONE',  ( 85.00000000000000000, 51.00000000000000711, 8.000000000000031974 ) ) ;
#1554 = LINE ( 'NONE', #950, #286 ) ;
#1555 = CYLINDRICAL_SURFACE ( 'NONE', #2239, 11.99999999999999645 ) ;
#1556 = CARTESIAN_POINT ( 'NONE',  ( -85.00000000000000000, 29.99999999999998934, 17.00000000000002842 ) ) ;
#1557 = VERTEX_POINT ( 'NONE', #2325 ) ;
#1558 = CARTESIAN_POINT ( 'NONE',  ( 65.00000000000000000, 0.000000000000000000, 65.00000000000002842 ) ) ;
#1559 = VECTOR ( 'NONE', #1397, 1000.000000000000000 ) ;
#1560 = DIRECTION ( 'NONE',  ( -1.000000000000000000, 0.000000000000000000, 1.067522139062651041E-16 ) ) ;
#1561 = EDGE_LOOP ( 'NONE', ( #1169, #24, #426, #860 ) ) ;
#1562 = DIRECTION ( 'NONE',  ( -1.067522139062651164E-16, 0.000000000000000000, 1.000000000000000000 ) ) ;
#1563 = VECTOR ( 'NONE', #2180, 1000.000000000000000 ) ;
#1564 = EDGE_CURVE ( 'NONE', #841, #1238, #2300, .T. ) ;
#1565 = CARTESIAN_POINT ( 'NONE',  ( 85.00000000000000000, 51.00000000000000000, 50.00000000000002132 ) ) ;
#1566 = EDGE_LOOP ( 'NONE', ( #1644, #783 ) ) ;
#1567 = EDGE_CURVE ( 'NONE', #2478, #1508, #1315, .T. ) ;
#1568 = EDGE_CURVE ( 'NONE', #2299, #1508, #2024, .T. ) ;
#1569 = DIRECTION ( 'NONE',  ( 0.000000000000000000, 0.000000000000000000, 1.000000000000000000 ) ) ;
#1570 = DIRECTION ( 'NONE',  ( 1.067522139062651164E-16, 0.000000000000000000, -1.000000000000000000 ) ) ;
#1571 = PLANE ( 'NONE',  #922 ) ;
#1572 = VERTEX_POINT ( 'NONE', #1527 ) ;
#1573 = FACE_BOUND ( 'NONE', #2521, .T. ) ;
#1574 = ORIENTED_EDGE ( 'NONE', *, *, #238, .T. ) ;
#1575 = CARTESIAN_POINT ( 'NONE',  ( 64.99999999999975842, 9.000000000000000000, -64.99999999999988631 ) ) ;
#1576 = LINE ( 'NONE', #536, #171 ) ;
#1577 = ORIENTED_EDGE ( 'NONE', *, *, #667, .T. ) ;
#1578 = LINE ( 'NONE', #943, #2584 ) ;
#1579 = CARTESIAN_POINT ( 'NONE',  ( -85.00000000000000000, 8.999999999999994671, 8.000000000000024869 ) ) ;
#1580 = ORIENTED_EDGE ( 'NONE', *, *, #1564, .T. ) ;
#1581 = VECTOR ( 'NONE', #2520, 1000.000000000000000 ) ;
#1582 = CARTESIAN_POINT ( 'NONE',  ( -90.00000000000001421, 8.999999999999994671, 8.000000000000024869 ) ) ;
#1583 = EDGE_CURVE ( 'NONE', #1934, #752, #887, .T. ) ;
#1584 = ADVANCED_FACE ( 'NONE', ( #697 ), #1120, .T. ) ;
#1585 = CYLINDRICAL_SURFACE ( 'NONE', #1364, 1.550000000000002709 ) ;
#1586 = CIRCLE ( 'NONE', #72, 1.550000000000002709 ) ;
#1587 = DIRECTION ( 'NONE',  ( 1.000000000000000000, 0.000000000000000000, 1.067522139062651041E-16 ) ) ;
#1588 = EDGE_LOOP ( 'NONE', ( #1183, #1958, #1919, #1967 ) ) ;
#1589 = FACE_OUTER_BOUND ( 'NONE', #2359, .T. ) ;
#1590 = EDGE_LOOP ( 'NONE', ( #67, #62, #1787, #1450 ) ) ;
#1591 = AXIS2_PLACEMENT_3D ( 'NONE', #812, #1676, #2333 ) ;
#1592 = PLANE ( 'NONE',  #694 ) ;
#1593 = VECTOR ( 'NONE', #2485, 1000.000000000000000 ) ;
#1594 = DIRECTION ( 'NONE',  ( -1.000000000000000000, -0.000000000000000000, -0.000000000000000000 ) ) ;
#1595 = VERTEX_POINT ( 'NONE', #2627 ) ;
#1596 = DIRECTION ( 'NONE',  ( 1.000000000000000000, 0.000000000000000000, 1.067522139062651164E-16 ) ) ;
#1597 = DIRECTION ( 'NONE',  ( 1.000000000000000000, 0.000000000000000000, 1.067522139062651164E-16 ) ) ;
#1598 = EDGE_LOOP ( 'NONE', ( #581, #2116, #1439 ) ) ;
#1599 = CIRCLE ( 'NONE', #2143, 14.24999999999999822 ) ;
#1600 = CARTESIAN_POINT ( 'NONE',  ( -84.99999999999998579, 9.000000000000000000, 50.00000000000001421 ) ) ;
#1601 = FILL_AREA_STYLE ('',( #2029 ) ) ;
#1602 = VECTOR ( 'NONE', #365, 1000.000000000000000 ) ;
#1603 = EDGE_CURVE ( 'NONE', #1038, #650, #1163, .T. ) ;
#1604 = DIRECTION ( 'NONE',  ( 0.000000000000000000, -0.000000000000000000, 1.000000000000000000 ) ) ;
#1605 = ORIENTED_EDGE ( 'NONE', *, *, #2193, .T. ) ;
#1606 = EDGE_CURVE ( 'NONE', #2077, #2550, #1966, .T. ) ;
#1607 = DIRECTION ( 'NONE',  ( 1.000000000000000000, 0.000000000000000000, -0.000000000000000000 ) ) ;
#1608 = CARTESIAN_POINT ( 'NONE',  ( 0.000000000000000000, 10.59999999999999964, -70.00000000000005684 ) ) ;
#1609 = DIRECTION ( 'NONE',  ( -0.000000000000000000, -1.000000000000000000, -0.000000000000000000 ) ) ;
#1610 = CARTESIAN_POINT ( 'NONE',  ( -21.99999999999999645, 28.99999999999999645, 80.00000000000004263 ) ) ;
#1611 = ORIENTED_EDGE ( 'NONE', *, *, #1015, .F. ) ;
#1612 = AXIS2_PLACEMENT_3D ( 'NONE', #1406, #2459, #2261 ) ;
#1613 = DIRECTION ( 'NONE',  ( -0.000000000000000000, -1.000000000000000000, -0.000000000000000000 ) ) ;
#1614 = LINE ( 'NONE', #1799, #2049 ) ;
#1615 = CARTESIAN_POINT ( 'NONE',  ( -90.00000000000001421, 45.50000000000000711, 44.50000000000002842 ) ) ;
#1616 = ORIENTED_EDGE ( 'NONE', *, *, #929, .T. ) ;
#1617 = CIRCLE ( 'NONE', #800, 1.550000000000000933 ) ;
#1618 = CARTESIAN_POINT ( 'NONE',  ( 0.000000000000000000, 28.99999999999999645, 0.000000000000000000 ) ) ;
#1619 = VERTEX_POINT ( 'NONE', #1345 ) ;
#1620 = EDGE_CURVE ( 'NONE', #2558, #1297, #1881, .T. ) ;
#1621 = PLANE ( 'NONE',  #83 ) ;
#1622 = EDGE_CURVE ( 'NONE', #662, #2510, #2352, .T. ) ;
#1623 = CARTESIAN_POINT ( 'NONE',  ( 85.00000000000000000, 45.50000000000000000, 44.50000000000002842 ) ) ;
#1624 = ORIENTED_EDGE ( 'NONE', *, *, #1932, .T. ) ;
#1625 = LINE ( 'NONE', #555, #2536 ) ;
#1626 =( LENGTH_UNIT ( ) NAMED_UNIT ( * ) SI_UNIT ( .MILLI., .METRE. ) );
#1627 = LINE ( 'NONE', #99, #433 ) ;
#1628 = ORIENTED_EDGE ( 'NONE', *, *, #363, .T. ) ;
#1629 = DIRECTION ( 'NONE',  ( -1.000000000000000000, 0.000000000000000000, 1.067522139062651041E-16 ) ) ;
#1630 = VERTEX_POINT ( 'NONE', #2154 ) ;
#1631 = AXIS2_PLACEMENT_3D ( 'NONE', #620, #1903, #1308 ) ;
#1632 = CARTESIAN_POINT ( 'NONE',  ( -85.00000000000000000, 45.50000000000000711, 44.50000000000002842 ) ) ;
#1633 = CARTESIAN_POINT ( 'NONE',  ( -90.00000000000001421, 14.49999999999999822, 13.50000000000002309 ) ) ;
#1634 = VECTOR ( 'NONE', #2500, 1000.000000000000000 ) ;
#1635 = EDGE_CURVE ( 'NONE', #1297, #1916, #265, .T. ) ;
#1636 = ORIENTED_EDGE ( 'NONE', *, *, #1305, .F. ) ;
#1637 = CARTESIAN_POINT ( 'NONE',  ( -26.99999999999999645, 9.000000000000000000, 80.00000000000004263 ) ) ;
#1638 = ADVANCED_FACE ( 'NONE', ( #872 ), #2420, .F. ) ;
#1639 = VERTEX_POINT ( 'NONE', #277 ) ;
#1640 = VECTOR ( 'NONE', #848, 1000.000000000000000 ) ;
#1641 = FACE_OUTER_BOUND ( 'NONE', #1490, .T. ) ;
#1642 = PRODUCT_DEFINITION_FORMATION_WITH_SPECIFIED_SOURCE ( 'ANY', '', #2070, .NOT_KNOWN. ) ;
#1643 = DIRECTION ( 'NONE',  ( 1.000000000000000000, 0.000000000000000000, 1.067522139062651041E-16 ) ) ;
#1644 = ORIENTED_EDGE ( 'NONE', *, *, #434, .F. ) ;
#1645 = VECTOR ( 'NONE', #2761, 1000.000000000000000 ) ;
#1646 = DIRECTION ( 'NONE',  ( 0.000000000000000000, 0.000000000000000000, 1.000000000000000000 ) ) ;
#1647 = ORIENTED_EDGE ( 'NONE', *, *, #1237, .T. ) ;
#1648 = AXIS2_PLACEMENT_3D ( 'NONE', #1391, #1587, #127 ) ;
#1649 = FACE_BOUND ( 'NONE', #231, .T. ) ;
#1650 = DIRECTION ( 'NONE',  ( 0.000000000000000000, 0.000000000000000000, 1.000000000000000000 ) ) ;
#1651 = ORIENTED_EDGE ( 'NONE', *, *, #1656, .F. ) ;
#1652 = EDGE_CURVE ( 'NONE', #2108, #761, #251, .T. ) ;
#1653 = DIRECTION ( 'NONE',  ( 0.000000000000000000, 0.000000000000000000, 1.000000000000000000 ) ) ;
#1654 = LINE ( 'NONE', #1666, #2297 ) ;
#1655 = EDGE_CURVE ( 'NONE', #1850, #2108, #1925, .T. ) ;
#1656 = EDGE_CURVE ( 'NONE', #1870, #2054, #1817, .T. ) ;
#1657 = CIRCLE ( 'NONE', #932, 1.524999999999998579 ) ;
#1658 = LINE ( 'NONE', #1482, #202 ) ;
#1659 = ORIENTED_EDGE ( 'NONE', *, *, #2655, .F. ) ;
#1660 = DIRECTION ( 'NONE',  ( 0.000000000000000000, 0.000000000000000000, -1.000000000000000000 ) ) ;
#1661 = ORIENTED_EDGE ( 'NONE', *, *, #1095, .T. ) ;
#1662 = DIRECTION ( 'NONE',  ( 0.000000000000000000, 0.000000000000000000, 1.000000000000000000 ) ) ;
#1663 = DIRECTION ( 'NONE',  ( -1.000000000000000000, 0.000000000000000000, 1.067522139062651041E-16 ) ) ;
#1664 = VERTEX_POINT ( 'NONE', #668 ) ;
#1665 = DIRECTION ( 'NONE',  ( -0.000000000000000000, -1.000000000000000000, -0.000000000000000000 ) ) ;
#1666 = CARTESIAN_POINT ( 'NONE',  ( 90.00000000000001421, 9.000000000000000000, -64.99999999999988631 ) ) ;
#1667 = EDGE_CURVE ( 'NONE', #2602, #2735, #1537, .T. ) ;
#1668 = CARTESIAN_POINT ( 'NONE',  ( 1.438959988998140160E-15, 10.59999999999999964, -58.25000000000006395 ) ) ;
#1669 = VERTEX_POINT ( 'NONE', #234 ) ;
#1670 = CARTESIAN_POINT ( 'NONE',  ( 85.00000000000000000, 51.00000000000000000, 50.00000000000002132 ) ) ;
#1671 = ORIENTED_EDGE ( 'NONE', *, *, #295, .T. ) ;
#1672 = DIRECTION ( 'NONE',  ( 0.000000000000000000, 0.000000000000000000, 1.000000000000000000 ) ) ;
#1673 = CARTESIAN_POINT ( 'NONE',  ( -7.703719777548943412E-31, 9.000000000000000000, -70.00000000000005684 ) ) ;
#1674 = ORIENTED_EDGE ( 'NONE', *, *, #2357, .T. ) ;
#1675 = AXIS2_PLACEMENT_3D ( 'NONE', #1141, #303, #467 ) ;
#1676 = DIRECTION ( 'NONE',  ( 0.000000000000000000, 1.000000000000000000, 0.000000000000000000 ) ) ;
#1677 = PRESENTATION_LAYER_ASSIGNMENT (  '', '', ( #1317 ) ) ;
#1678 = DIRECTION ( 'NONE',  ( 0.000000000000000000, 0.000000000000000000, 1.000000000000000000 ) ) ;
#1679 = CARTESIAN_POINT ( 'NONE',  ( 85.00000000000000000, 51.00000000000000711, 8.000000000000031974 ) ) ;
#1680 = ADVANCED_FACE ( 'NONE', ( #1752 ), #2609, .F. ) ;
#1681 = AXIS2_PLACEMENT_3D ( 'NONE', #2663, #1607, #535 ) ;
#1682 = CARTESIAN_POINT ( 'NONE',  ( -90.00000000000001421, 45.50000000000000711, 46.05000000000002558 ) ) ;
#1683 = ORIENTED_EDGE ( 'NONE', *, *, #1982, .T. ) ;
#1684 = CARTESIAN_POINT ( 'NONE',  ( -85.00000000000000000, 14.49999999999999822, 42.95000000000002416 ) ) ;
#1685 = EDGE_CURVE ( 'NONE', #1384, #730, #2405, .T. ) ;
#1686 = CIRCLE ( 'NONE', #2633, 12.00000000000000355 ) ;
#1687 = DIRECTION ( 'NONE',  ( -0.000000000000000000, -1.000000000000000000, -0.000000000000000000 ) ) ;
#1688 = EDGE_LOOP ( 'NONE', ( #674, #1404 ) ) ;
#1689 = FACE_OUTER_BOUND ( 'NONE', #1730, .T. ) ;
#1690 = VERTEX_POINT ( 'NONE', #1331 ) ;
#1691 = DIRECTION ( 'NONE',  ( 0.000000000000000000, 0.000000000000000000, 1.000000000000000000 ) ) ;
#1692 = VECTOR ( 'NONE', #1609, 1000.000000000000000 ) ;
#1693 = CARTESIAN_POINT ( 'NONE',  ( -7.746999999999997222, 0.000000000000000000, -68.91000000000005343 ) ) ;
#1694 = FACE_BOUND ( 'NONE', #1986, .T. ) ;
#1695 = VECTOR ( 'NONE', #1007, 1000.000000000000000 ) ;
#1696 = CARTESIAN_POINT ( 'NONE',  ( -7.703719777548943412E-31, 9.000000000000000000, -70.00000000000005684 ) ) ;
#1697 = ORIENTED_EDGE ( 'NONE', *, *, #1117, .T. ) ;
#1698 = CARTESIAN_POINT ( 'NONE',  ( 85.00000000000000000, 14.49999999999999822, 15.05000000000002558 ) ) ;
#1699 = UNCERTAINTY_MEASURE_WITH_UNIT (LENGTH_MEASURE( 1.000000000000000082E-05 ), #2210, 'distance_accuracy_value', 'NONE');
#1700 = DIRECTION ( 'NONE',  ( 0.000000000000000000, 0.000000000000000000, 1.000000000000000000 ) ) ;
#1701 = EDGE_CURVE ( 'NONE', #2414, #219, #596, .T. ) ;
#1702 = EDGE_CURVE ( 'NONE', #685, #2592, #753, .T. ) ;
#1703 = ORIENTED_EDGE ( 'NONE', *, *, #2471, .F. ) ;
#1704 = CARTESIAN_POINT ( 'NONE',  ( 10.00000000000000000, 28.99999999999999645, -53.49999999999996447 ) ) ;
#1705 = ORIENTED_EDGE ( 'NONE', *, *, #2316, .T. ) ;
#1706 = ORIENTED_EDGE ( 'NONE', *, *, #947, .T. ) ;
#1707 = ORIENTED_EDGE ( 'NONE', *, *, #363, .F. ) ;
#1708 = CARTESIAN_POINT ( 'NONE',  ( -7.703719777548943412E-31, 20.99999999999999645, -84.25000000000005684 ) ) ;
#1709 = DIRECTION ( 'NONE',  ( 0.000000000000000000, 0.000000000000000000, 1.000000000000000000 ) ) ;
#1710 = DIRECTION ( 'NONE',  ( -1.000000000000000000, 0.000000000000000000, 1.067522139062651164E-16 ) ) ;
#1711 = EDGE_LOOP ( 'NONE', ( #2367, #493, #2620, #2022 ) ) ;
#1712 = CIRCLE ( 'NONE', #2664, 1.524999999999998579 ) ;
#1713 = DIRECTION ( 'NONE',  ( 0.000000000000000000, 0.000000000000000000, 1.000000000000000000 ) ) ;
#1714 = CARTESIAN_POINT ( 'NONE',  ( 85.00000000000000000, 45.50000000000000000, 44.50000000000002842 ) ) ;
#1715 = VERTEX_POINT ( 'NONE', #2092 ) ;
#1716 = ADVANCED_FACE ( 'NONE', ( #1186 ), #161, .T. ) ;
#1717 = CARTESIAN_POINT ( 'NONE',  ( 79.99999999999977263, 0.000000000000000000, 66.52500000000003411 ) ) ;
#1718 = ORIENTED_EDGE ( 'NONE', *, *, #2741, .F. ) ;
#1719 = ORIENTED_EDGE ( 'NONE', *, *, #2529, .T. ) ;
#1720 = VERTEX_POINT ( 'NONE', #1637 ) ;
#1721 = ADVANCED_FACE ( 'NONE', ( #543 ), #2737, .T. ) ;
#1722 = DIRECTION ( 'NONE',  ( 0.000000000000000000, 0.000000000000000000, 1.000000000000000000 ) ) ;
#1723 = AXIS2_PLACEMENT_3D ( 'NONE', #2432, #2641, #1356 ) ;
#1724 = AXIS2_PLACEMENT_3D ( 'NONE', #2053, #996, #1650 ) ;
#1725 = CARTESIAN_POINT ( 'NONE',  ( -85.00000000000000000, 45.50000000000000711, 13.50000000000002487 ) ) ;
#1726 = DIRECTION ( 'NONE',  ( -0.000000000000000000, -0.000000000000000000, -1.000000000000000000 ) ) ;
#1727 = ORIENTED_EDGE ( 'NONE', *, *, #1428, .F. ) ;
#1728 = PLANE ( 'NONE',  #2417 ) ;
#1729 = VECTOR ( 'NONE', #2150, 1000.000000000000000 ) ;
#1730 = EDGE_LOOP ( 'NONE', ( #1019, #619, #1683, #2374 ) ) ;
#1731 = CIRCLE ( 'NONE', #1146, 1.524999999999998579 ) ;
#1732 = VERTEX_POINT ( 'NONE', #2267 ) ;
#1733 = VECTOR ( 'NONE', #226, 1000.000000000000000 ) ;
#1734 = EDGE_CURVE ( 'NONE', #525, #2575, #191, .T. ) ;
#1735 = ORIENTED_EDGE ( 'NONE', *, *, #1099, .T. ) ;
#1736 = ORIENTED_EDGE ( 'NONE', *, *, #142, .F. ) ;
#1737 = CARTESIAN_POINT ( 'NONE',  ( 64.99999999999975842, 9.000000000000000000, -90.00000000000007105 ) ) ;
#1738 = EDGE_CURVE ( 'NONE', #2628, #1984, #334, .T. ) ;
#1739 = EDGE_CURVE ( 'NONE', #184, #1802, #509, .T. ) ;
#1740 = CARTESIAN_POINT ( 'NONE',  ( -16.99999999999999289, 28.99999999999999645, 90.00000000000007105 ) ) ;
#1741 = DIRECTION ( 'NONE',  ( 0.000000000000000000, 0.000000000000000000, 1.000000000000000000 ) ) ;
#1742 = VERTEX_POINT ( 'NONE', #1455 ) ;
#1743 = DIRECTION ( 'NONE',  ( -1.067522139062651041E-16, 0.000000000000000000, 1.000000000000000000 ) ) ;
#1744 = AXIS2_PLACEMENT_3D ( 'NONE', #1608, #2231, #1178 ) ;
#1745 = EDGE_LOOP ( 'NONE', ( #100, #2648, #521, #737 ) ) ;
#1746 = DIRECTION ( 'NONE',  ( 0.000000000000000000, 0.000000000000000000, -1.000000000000000000 ) ) ;
#1747 = VERTEX_POINT ( 'NONE', #974 ) ;
#1748 = ORIENTED_EDGE ( 'NONE', *, *, #687, .T. ) ;
#1749 = CARTESIAN_POINT ( 'NONE',  ( 85.00000000000000000, 45.50000000000000000, 13.50000000000002309 ) ) ;
#1750 = DIRECTION ( 'NONE',  ( 0.000000000000000000, 0.000000000000000000, 1.000000000000000000 ) ) ;
#1751 = EDGE_CURVE ( 'NONE', #1320, #649, #135, .T. ) ;
#1752 = FACE_OUTER_BOUND ( 'NONE', #2140, .T. ) ;
#1753 = ORIENTED_EDGE ( 'NONE', *, *, #2068, .F. ) ;
#1754 = DIRECTION ( 'NONE',  ( 0.000000000000000000, 0.000000000000000000, 1.000000000000000000 ) ) ;
#1755 = ORIENTED_EDGE ( 'NONE', *, *, #1846, .T. ) ;
#1756 = FACE_BOUND ( 'NONE', #140, .T. ) ;
#1757 = ORIENTED_EDGE ( 'NONE', *, *, #320, .T. ) ;
#1758 = DIRECTION ( 'NONE',  ( -0.000000000000000000, -1.000000000000000000, -0.000000000000000000 ) ) ;
#1759 = CARTESIAN_POINT ( 'NONE',  ( 79.99999999999977263, 0.000000000000000000, 63.47500000000002984 ) ) ;
#1760 = ORIENTED_EDGE ( 'NONE', *, *, #366, .T. ) ;
#1761 = ORIENTED_EDGE ( 'NONE', *, *, #397, .T. ) ;
#1762 = ORIENTED_EDGE ( 'NONE', *, *, #2561, .F. ) ;
#1763 = CARTESIAN_POINT ( 'NONE',  ( 64.99999999999978684, 0.000000000000000000, 80.00000000000002842 ) ) ;
#1764 = AXIS2_PLACEMENT_3D ( 'NONE', #2391, #677, #459 ) ;
#1765 = DIRECTION ( 'NONE',  ( -1.000000000000000000, 0.000000000000000000, 1.067522139062651164E-16 ) ) ;
#1766 = DIRECTION ( 'NONE',  ( 0.000000000000000000, 0.000000000000000000, 1.000000000000000000 ) ) ;
#1767 = VECTOR ( 'NONE', #2681, 1000.000000000000000 ) ;
#1768 = LINE ( 'NONE', #1050, #1229 ) ;
#1769 = CARTESIAN_POINT ( 'NONE',  ( -85.00000000000000000, 45.50000000000000711, 15.05000000000002558 ) ) ;
#1770 = ORIENTED_EDGE ( 'NONE', *, *, #680, .T. ) ;
#1771 = VECTOR ( 'NONE', #1187, 1000.000000000000000 ) ;
#1772 = DIRECTION ( 'NONE',  ( -0.000000000000000000, 1.000000000000000000, -0.000000000000000000 ) ) ;
#1773 = ADVANCED_FACE ( 'NONE', ( #123 ), #1014, .T. ) ;
#1774 = ORIENTED_EDGE ( 'NONE', *, *, #993, .T. ) ;
#1775 = DIRECTION ( 'NONE',  ( -0.000000000000000000, 1.000000000000000000, -0.000000000000000000 ) ) ;
#1776 = ORIENTED_EDGE ( 'NONE', *, *, #446, .T. ) ;
#1777 = CARTESIAN_POINT ( 'NONE',  ( -64.99999999999975842, 9.000000000000000000, 90.00000000000005684 ) ) ;
#1778 = EDGE_CURVE ( 'NONE', #262, #58, #1625, .T. ) ;
#1779 = DIRECTION ( 'NONE',  ( 0.000000000000000000, 0.000000000000000000, -1.000000000000000000 ) ) ;
#1780 = ORIENTED_EDGE ( 'NONE', *, *, #1493, .F. ) ;
#1781 = VECTOR ( 'NONE', #1758, 1000.000000000000000 ) ;
#1782 = LINE ( 'NONE', #2221, #471 ) ;
#1783 = AXIS2_PLACEMENT_3D ( 'NONE', #1763, #2623, #1115 ) ;
#1784 = AXIS2_PLACEMENT_3D ( 'NONE', #2434, #1190, #1840 ) ;
#1785 = CYLINDRICAL_SURFACE ( 'NONE', #1723, 1.550000000000004485 ) ;
#1786 = CARTESIAN_POINT ( 'NONE',  ( 0.000000000000000000, 28.99999999999999645, 0.000000000000000000 ) ) ;
#1787 = ORIENTED_EDGE ( 'NONE', *, *, #2634, .F. ) ;
#1788 = DIRECTION ( 'NONE',  ( 0.000000000000000000, 0.000000000000000000, 1.000000000000000000 ) ) ;
#1789 = VERTEX_POINT ( 'NONE', #388 ) ;
#1790 = VECTOR ( 'NONE', #1968, 1000.000000000000000 ) ;
#1791 = ORIENTED_EDGE ( 'NONE', *, *, #962, .T. ) ;
#1792 = CARTESIAN_POINT ( 'NONE',  ( 17.00000000000000711, 28.99999999999999645, 90.00000000000005684 ) ) ;
#1793 = VECTOR ( 'NONE', #748, 1000.000000000000000 ) ;
#1794 = CARTESIAN_POINT ( 'NONE',  ( 85.00000000000000000, 29.99999999999999645, 41.00000000000003553 ) ) ;
#1795 = EDGE_CURVE ( 'NONE', #752, #456, #638, .T. ) ;
#1796 = EDGE_CURVE ( 'NONE', #1516, #56, #1416, .T. ) ;
#1797 = ORIENTED_EDGE ( 'NONE', *, *, #1863, .F. ) ;
#1798 = PLANE ( 'NONE',  #645 ) ;
#1799 = CARTESIAN_POINT ( 'NONE',  ( -79.99999999999975842, 0.000000000000000000, -66.52499999999989200 ) ) ;
#1800 = CIRCLE ( 'NONE', #2742, 1.090000000000007629 ) ;
#1801 = CARTESIAN_POINT ( 'NONE',  ( -85.00000000000000000, 9.000000000000000000, 50.00000000000002132 ) ) ;
#1802 = VERTEX_POINT ( 'NONE', #1849 ) ;
#1803 = DIRECTION ( 'NONE',  ( 0.000000000000000000, 3.304235192336776005E-16, 1.000000000000000000 ) ) ;
#1804 = ORIENTED_EDGE ( 'NONE', *, *, #1738, .T. ) ;
#1805 = LINE ( 'NONE', #2692, #2152 ) ;
#1806 = VERTEX_POINT ( 'NONE', #2505 ) ;
#1807 = CARTESIAN_POINT ( 'NONE',  ( 64.99999999999975842, 0.000000000000000000, -79.99999999999988631 ) ) ;
#1808 = DIRECTION ( 'NONE',  ( 1.000000000000000000, 0.000000000000000000, 1.067522139062651164E-16 ) ) ;
#1809 = ORIENTED_EDGE ( 'NONE', *, *, #653, .F. ) ;
#1810 = ADVANCED_FACE ( 'NONE', ( #1225 ), #569, .F. ) ;
#1811 = CARTESIAN_POINT ( 'NONE',  ( 79.99999999999975842, 9.000000000000000000, -63.47499999999989484 ) ) ;
#1812 = CARTESIAN_POINT ( 'NONE',  ( -90.00000000000000000, 0.000000000000000000, 65.00000000000002842 ) ) ;
#1813 = ADVANCED_FACE ( 'NONE', ( #1212 ), #145, .F. ) ;
#1814 = SHAPE_DEFINITION_REPRESENTATION ( #114, #961 ) ;
#1815 = FACE_BOUND ( 'NONE', #1123, .T. ) ;
#1816 = ORIENTED_EDGE ( 'NONE', *, *, #648, .T. ) ;
#1817 = CIRCLE ( 'NONE', #2671, 1.524999999999998579 ) ;
#1818 = CARTESIAN_POINT ( 'NONE',  ( 79.99999999999977263, 0.000000000000000000, 63.47500000000002984 ) ) ;
#1819 = AXIS2_PLACEMENT_3D ( 'NONE', #531, #2240, #2673 ) ;
#1820 = CYLINDRICAL_SURFACE ( 'NONE', #1744, 11.74999999999999645 ) ;
#1821 = EDGE_LOOP ( 'NONE', ( #1718, #1651, #1705, #771 ) ) ;
#1822 = CYLINDRICAL_SURFACE ( 'NONE', #608, 1.524999999999998579 ) ;
#1823 = CARTESIAN_POINT ( 'NONE',  ( -64.99999999999975842, 9.000000000000000000, 90.00000000000007105 ) ) ;
#1824 = VERTEX_POINT ( 'NONE', #1466 ) ;
#1825 = VECTOR ( 'NONE', #1832, 1000.000000000000000 ) ;
#1826 = DIRECTION ( 'NONE',  ( 1.000000000000000000, 0.000000000000000000, -1.067522139062651164E-16 ) ) ;
#1827 = CARTESIAN_POINT ( 'NONE',  ( 64.99999999999975842, 0.000000000000000000, -64.99999999999988631 ) ) ;
#1828 = EDGE_CURVE ( 'NONE', #757, #2392, #410, .T. ) ;
#1829 = EDGE_CURVE ( 'NONE', #2358, #2118, #2590, .T. ) ;
#1830 = DIRECTION ( 'NONE',  ( 0.000000000000000000, 1.000000000000000000, 0.000000000000000000 ) ) ;
#1831 = DIRECTION ( 'NONE',  ( -1.067522139062651164E-16, 0.000000000000000000, -1.000000000000000000 ) ) ;
#1832 = DIRECTION ( 'NONE',  ( 1.000000000000000000, 0.000000000000000000, 1.067522139062651164E-16 ) ) ;
#1833 = ORIENTED_EDGE ( 'NONE', *, *, #228, .F. ) ;
#1834 = CARTESIAN_POINT ( 'NONE',  ( -90.00000000000001421, 9.000000000000000000, 50.00000000000002132 ) ) ;
#1835 = AXIS2_PLACEMENT_3D ( 'NONE', #395, #1273, #1713 ) ;
#1836 = CARTESIAN_POINT ( 'NONE',  ( -64.99999999999975842, 9.000000000000000000, -78.47499999999989484 ) ) ;
#1837 = ORIENTED_EDGE ( 'NONE', *, *, #1622, .T. ) ;
#1838 = CARTESIAN_POINT ( 'NONE',  ( -85.00000000000000000, 9.000000000000000000, 50.00000000000002132 ) ) ;
#1839 = DIRECTION ( 'NONE',  ( 0.000000000000000000, 0.000000000000000000, 1.000000000000000000 ) ) ;
#1840 = DIRECTION ( 'NONE',  ( 0.000000000000000000, 0.000000000000000000, 1.000000000000000000 ) ) ;
#1841 = ORIENTED_EDGE ( 'NONE', *, *, #1269, .F. ) ;
#1842 = EDGE_CURVE ( 'NONE', #1916, #2192, #2128, .T. ) ;
#1843 = CARTESIAN_POINT ( 'NONE',  ( 64.99999999999975842, 0.000000000000000000, -79.99999999999988631 ) ) ;
#1844 = ORIENTED_EDGE ( 'NONE', *, *, #1447, .T. ) ;
#1845 = DIRECTION ( 'NONE',  ( 0.000000000000000000, -1.000000000000000000, 0.000000000000000000 ) ) ;
#1846 = EDGE_CURVE ( 'NONE', #2523, #1639, #814, .T. ) ;
#1847 = DIRECTION ( 'NONE',  ( 1.000000000000000000, 0.000000000000000000, 1.067522139062651164E-16 ) ) ;
#1848 = VERTEX_POINT ( 'NONE', #1505 ) ;
#1849 = CARTESIAN_POINT ( 'NONE',  ( -79.99999999999974420, 9.000000000000000000, 63.47500000000001563 ) ) ;
#1850 = VERTEX_POINT ( 'NONE', #660 ) ;
#1851 = FACE_OUTER_BOUND ( 'NONE', #1105, .T. ) ;
#1852 = CARTESIAN_POINT ( 'NONE',  ( -90.00000000000001421, 14.49999999999999822, 44.50000000000002842 ) ) ;
#1853 = DIRECTION ( 'NONE',  ( 1.000000000000000000, 0.000000000000000000, 1.067522139062651164E-16 ) ) ;
#1854 = EDGE_CURVE ( 'NONE', #2414, #657, #1945, .T. ) ;
#1855 = DIRECTION ( 'NONE',  ( 1.000000000000000000, 0.000000000000000000, -0.000000000000000000 ) ) ;
#1856 = VERTEX_POINT ( 'NONE', #1704 ) ;
#1857 = AXIS2_PLACEMENT_3D ( 'NONE', #174, #2293, #361 ) ;
#1858 = DIRECTION ( 'NONE',  ( 0.000000000000000000, 0.000000000000000000, 1.000000000000000000 ) ) ;
#1859 = LINE ( 'NONE', #1823, #1001 ) ;
#1860 = CIRCLE ( 'NONE', #959, 14.24999999999999822 ) ;
#1861 = CIRCLE ( 'NONE', #1724, 1.524999999999998579 ) ;
#1862 = ADVANCED_FACE ( 'NONE', ( #1520 ), #2563, .F. ) ;
#1863 = EDGE_CURVE ( 'NONE', #663, #2470, #1278, .T. ) ;
#1864 = ORIENTED_EDGE ( 'NONE', *, *, #944, .T. ) ;
#1865 = DIRECTION ( 'NONE',  ( -1.000000000000000000, 0.000000000000000000, 1.067522139062651164E-16 ) ) ;
#1866 = CIRCLE ( 'NONE', #2370, 25.00000000000001421 ) ;
#1867 = DIRECTION ( 'NONE',  ( -0.000000000000000000, 1.000000000000000000, -0.000000000000000000 ) ) ;
#1868 = DIRECTION ( 'NONE',  ( 0.000000000000000000, 0.000000000000000000, 1.000000000000000000 ) ) ;
#1869 = CIRCLE ( 'NONE', #651, 1.524999999999998579 ) ;
#1870 = VERTEX_POINT ( 'NONE', #1717 ) ;
#1871 = CIRCLE ( 'NONE', #2093, 25.00000000000021672 ) ;
#1872 = DIRECTION ( 'NONE',  ( 0.000000000000000000, 0.000000000000000000, 1.000000000000000000 ) ) ;
#1873 = EDGE_LOOP ( 'NONE', ( #235, #1876 ) ) ;
#1874 = CARTESIAN_POINT ( 'NONE',  ( -79.99999999999974420, 9.000000000000000000, 65.00000000000001421 ) ) ;
#1875 = CARTESIAN_POINT ( 'NONE',  ( -64.99999999999975842, 9.000000000000000000, 90.00000000000007105 ) ) ;
#1876 = ORIENTED_EDGE ( 'NONE', *, *, #904, .T. ) ;
#1877 = EDGE_CURVE ( 'NONE', #312, #2358, #2146, .T. ) ;
#1878 = CARTESIAN_POINT ( 'NONE',  ( 90.00000000000002842, 9.000000000000000000, 65.00000000000002842 ) ) ;
#1879 = VECTOR ( 'NONE', #1462, 1000.000000000000000 ) ;
#1880 = DIRECTION ( 'NONE',  ( 1.067522139062651164E-16, -0.000000000000000000, 1.000000000000000000 ) ) ;
#1881 = CIRCLE ( 'NONE', #2597, 11.99999999999999645 ) ;
#1882 = FACE_OUTER_BOUND ( 'NONE', #1272, .T. ) ;
#1883 = ORIENTED_EDGE ( 'NONE', *, *, #2379, .T. ) ;
#1884 = FACE_BOUND ( 'NONE', #1873, .T. ) ;
#1885 = VERTEX_POINT ( 'NONE', #1069 ) ;
#1886 = CARTESIAN_POINT ( 'NONE',  ( -8.415016339853279348, 20.99999999999999645, -58.49999999999996447 ) ) ;
#1887 = AXIS2_PLACEMENT_3D ( 'NONE', #1615, #756, #1419 ) ;
#1888 = FACE_OUTER_BOUND ( 'NONE', #373, .T. ) ;
#1889 = ORIENTED_EDGE ( 'NONE', *, *, #743, .T. ) ;
#1890 = LINE ( 'NONE', #1478, #1224 ) ;
#1891 = EDGE_CURVE ( 'NONE', #775, #1516, #14, .T. ) ;
#1892 = DIRECTION ( 'NONE',  ( -0.000000000000000000, 1.000000000000000000, -0.000000000000000000 ) ) ;
#1893 = EDGE_CURVE ( 'NONE', #1856, #846, #2791, .T. ) ;
#1894 = DIRECTION ( 'NONE',  ( -1.000000000000000000, 0.000000000000000000, 1.067522139062651164E-16 ) ) ;
#1895 = LINE ( 'NONE', #2324, #2237 ) ;
#1896 = LINE ( 'NONE', #2522, #2065 ) ;
#1897 = EDGE_LOOP ( 'NONE', ( #2148, #1084, #1153, #227 ) ) ;
#1898 = CARTESIAN_POINT ( 'NONE',  ( -16.99999999999999289, 28.99999999999999645, 85.00000000000004263 ) ) ;
#1899 = CARTESIAN_POINT ( 'NONE',  ( -85.00000000000000000, 14.49999999999999822, 15.05000000000002203 ) ) ;
#1900 = AXIS2_PLACEMENT_3D ( 'NONE', #1838, #765, #1826 ) ;
#1901 = ORIENTED_EDGE ( 'NONE', *, *, #1829, .F. ) ;
#1902 = VECTOR ( 'NONE', #2427, 1000.000000000000000 ) ;
#1903 = DIRECTION ( 'NONE',  ( 0.000000000000000000, 1.000000000000000000, 0.000000000000000000 ) ) ;
#1904 = ORIENTED_EDGE ( 'NONE', *, *, #2789, .F. ) ;
#1905 = AXIS2_PLACEMENT_3D ( 'NONE', #1402, #500, #82 ) ;
#1906 = CARTESIAN_POINT ( 'NONE',  ( -8.415016339853279348, 9.000000000000000000, -58.49999999999996447 ) ) ;
#1907 = LINE ( 'NONE', #1737, #1507 ) ;
#1908 = DIRECTION ( 'NONE',  ( 1.000000000000000000, 0.000000000000000000, 1.067522139062651164E-16 ) ) ;
#1909 = CIRCLE ( 'NONE', #784, 11.99999999999999645 ) ;
#1910 = EDGE_CURVE ( 'NONE', #1086, #2702, #1890, .T. ) ;
#1911 = EDGE_CURVE ( 'NONE', #2155, #1279, #10, .T. ) ;
#1912 = CARTESIAN_POINT ( 'NONE',  ( -64.99999999999975842, 0.000000000000000000, -78.47499999999989484 ) ) ;
#1913 = EDGE_LOOP ( 'NONE', ( #2785, #168, #1362, #2682 ) ) ;
#1914 = LINE ( 'NONE', #407, #29 ) ;
#1915 = CARTESIAN_POINT ( 'NONE',  ( -21.99999999999999645, 28.99999999999999645, 80.00000000000004263 ) ) ;
#1916 = VERTEX_POINT ( 'NONE', #851 ) ;
#1917 = DIRECTION ( 'NONE',  ( -1.000000000000000000, 0.000000000000000000, 1.067522139062651041E-16 ) ) ;
#1918 = ORIENTED_EDGE ( 'NONE', *, *, #1511, .T. ) ;
#1919 = ORIENTED_EDGE ( 'NONE', *, *, #572, .T. ) ;
#1920 = ORIENTED_EDGE ( 'NONE', *, *, #2085, .F. ) ;
#1921 = AXIS2_PLACEMENT_3D ( 'NONE', #1501, #847, #1672 ) ;
#1922 = CARTESIAN_POINT ( 'NONE',  ( -79.99999999999975842, 0.000000000000000000, -63.47499999999989484 ) ) ;
#1923 = LINE ( 'NONE', #1938, #1413 ) ;
#1924 = AXIS2_PLACEMENT_3D ( 'NONE', #167, #180, #795 ) ;
#1925 = LINE ( 'NONE', #2599, #858 ) ;
#1926 = ORIENTED_EDGE ( 'NONE', *, *, #1188, .F. ) ;
#1927 = CARTESIAN_POINT ( 'NONE',  ( -84.99999999999998579, 9.000000000000000000, 8.000000000000021316 ) ) ;
#1928 = EDGE_CURVE ( 'NONE', #958, #1669, #1039, .T. ) ;
#1929 = UNCERTAINTY_MEASURE_WITH_UNIT (LENGTH_MEASURE( 1.000000000000000082E-05 ), #1626, 'distance_accuracy_value', 'NONE');
#1930 = LINE ( 'NONE', #1915, #1645 ) ;
#1931 = EDGE_LOOP ( 'NONE', ( #1904, #369, #229, #570 ) ) ;
#1932 = EDGE_CURVE ( 'NONE', #496, #1500, #400, .T. ) ;
#1933 = CARTESIAN_POINT ( 'NONE',  ( 22.00000000000000355, 28.99999999999999645, 80.00000000000004263 ) ) ;
#1934 = VERTEX_POINT ( 'NONE', #185 ) ;
#1935 = EDGE_LOOP ( 'NONE', ( #2304, #2678, #1016, #80 ) ) ;
#1936 = EDGE_LOOP ( 'NONE', ( #2051, #691 ) ) ;
#1937 = DIRECTION ( 'NONE',  ( 0.000000000000000000, 0.000000000000000000, 1.000000000000000000 ) ) ;
#1938 = CARTESIAN_POINT ( 'NONE',  ( 79.99999999999975842, 0.000000000000000000, -63.47499999999989484 ) ) ;
#1939 = DIRECTION ( 'NONE',  ( -1.000000000000000000, 0.000000000000000000, 1.067522139062651164E-16 ) ) ;
#1940 = ORIENTED_EDGE ( 'NONE', *, *, #1358, .F. ) ;
#1941 = CIRCLE ( 'NONE', #726, 12.00000000000000355 ) ;
#1942 = CARTESIAN_POINT ( 'NONE',  ( -85.00000000000000000, 14.49999999999999822, 11.95000000000002238 ) ) ;
#1943 = ADVANCED_FACE ( 'NONE', ( #1689 ), #2552, .F. ) ;
#1944 = ORIENTED_EDGE ( 'NONE', *, *, #430, .T. ) ;
#1945 = LINE ( 'NONE', #2776, #1454 ) ;
#1946 = EDGE_CURVE ( 'NONE', #1639, #2523, #736, .T. ) ;
#1947 = EDGE_CURVE ( 'NONE', #2600, #1747, #481, .T. ) ;
#1948 = EDGE_LOOP ( 'NONE', ( #1755, #2220 ) ) ;
#1949 = VERTEX_POINT ( 'NONE', #1794 ) ;
#1950 = VECTOR ( 'NONE', #2117, 1000.000000000000000 ) ;
#1951 = CARTESIAN_POINT ( 'NONE',  ( 22.00000000000000711, 28.99999999999999645, 85.00000000000004263 ) ) ;
#1952 = CIRCLE ( 'NONE', #150, 1.524999999999998579 ) ;
#1953 = CARTESIAN_POINT ( 'NONE',  ( -85.00000000000000000, 8.999999999999994671, 8.000000000000024869 ) ) ;
#1954 = DIRECTION ( 'NONE',  ( 1.000000000000000000, 0.000000000000000000, 1.067522139062651164E-16 ) ) ;
#1955 = ORIENTED_EDGE ( 'NONE', *, *, #331, .F. ) ;
#1956 = DIRECTION ( 'NONE',  ( 6.938893903907222461E-16, -0.000000000000000000, 1.000000000000000000 ) ) ;
#1957 = AXIS2_PLACEMENT_3D ( 'NONE', #2594, #1042, #881 ) ;
#1958 = ORIENTED_EDGE ( 'NONE', *, *, #1620, .F. ) ;
#1959 = CARTESIAN_POINT ( 'NONE',  ( -64.99999999999975842, 0.000000000000000000, -79.99999999999988631 ) ) ;
#1960 = VERTEX_POINT ( 'NONE', #2604 ) ;
#1961 = EDGE_LOOP ( 'NONE', ( #1262, #2758 ) ) ;
#1962 = EDGE_CURVE ( 'NONE', #833, #1348, #1533, .T. ) ;
#1963 = LINE ( 'NONE', #1510, #1422 ) ;
#1964 = FACE_OUTER_BOUND ( 'NONE', #2693, .T. ) ;
#1965 = AXIS2_PLACEMENT_3D ( 'NONE', #40, #1150, #1985 ) ;
#1966 = LINE ( 'NONE', #1540, #308 ) ;
#1967 = ORIENTED_EDGE ( 'NONE', *, *, #654, .T. ) ;
#1968 = DIRECTION ( 'NONE',  ( -0.000000000000000000, 8.260587980841940012E-17, -1.000000000000000000 ) ) ;
#1969 = ORIENTED_EDGE ( 'NONE', *, *, #725, .F. ) ;
#1970 = FACE_BOUND ( 'NONE', #1936, .T. ) ;
#1971 = ORIENTED_EDGE ( 'NONE', *, *, #2252, .F. ) ;
#1972 = CARTESIAN_POINT ( 'NONE',  ( -64.99999999999975842, 0.000000000000000000, -78.47499999999989484 ) ) ;
#1973 = DIRECTION ( 'NONE',  ( 0.000000000000000000, 0.000000000000000000, 1.000000000000000000 ) ) ;
#1974 = ORIENTED_EDGE ( 'NONE', *, *, #552, .T. ) ;
#1975 = ORIENTED_EDGE ( 'NONE', *, *, #1928, .F. ) ;
#1976 = CIRCLE ( 'NONE', #1252, 1.550000000000000933 ) ;
#1977 = EDGE_LOOP ( 'NONE', ( #2326, #1969, #2413, #2486, #442, #2036, #919, #1311 ) ) ;
#1978 = CARTESIAN_POINT ( 'NONE',  ( 90.00000000000001421, 14.49999999999999822, 44.50000000000003553 ) ) ;
#1979 = EDGE_CURVE ( 'NONE', #260, #1125, #1314, .T. ) ;
#1980 = CARTESIAN_POINT ( 'NONE',  ( 90.00000000000001421, 45.50000000000000000, 44.50000000000002842 ) ) ;
#1981 = LINE ( 'NONE', #628, #302 ) ;
#1982 = EDGE_CURVE ( 'NONE', #1664, #394, #720, .T. ) ;
#1983 = DIRECTION ( 'NONE',  ( 0.000000000000000000, 0.000000000000000000, 1.000000000000000000 ) ) ;
#1984 = VERTEX_POINT ( 'NONE', #2668 ) ;
#1985 = DIRECTION ( 'NONE',  ( -6.938893903907223447E-16, 0.000000000000000000, -1.000000000000000000 ) ) ;
#1986 = EDGE_LOOP ( 'NONE', ( #2639, #1611 ) ) ;
#1987 = FACE_OUTER_BOUND ( 'NONE', #129, .T. ) ;
#1988 = EDGE_LOOP ( 'NONE', ( #2387, #678, #2388, #1757 ) ) ;
#1989 = DIRECTION ( 'NONE',  ( 0.000000000000000000, 0.000000000000000000, 1.000000000000000000 ) ) ;
#1990 = DIRECTION ( 'NONE',  ( 1.000000000000000000, -0.000000000000000000, 0.000000000000000000 ) ) ;
#1991 = ORIENTED_EDGE ( 'NONE', *, *, #1116, .T. ) ;
#1992 = CARTESIAN_POINT ( 'NONE',  ( 10.00000000000000000, 28.99999999999999645, -53.49999999999996447 ) ) ;
#1993 = VECTOR ( 'NONE', #2355, 1000.000000000000000 ) ;
#1994 = CARTESIAN_POINT ( 'NONE',  ( 85.00000000000000000, 14.49999999999999822, 15.05000000000002558 ) ) ;
#1995 = VECTOR ( 'NONE', #1398, 1000.000000000000000 ) ;
#1996 = CYLINDRICAL_SURFACE ( 'NONE', #1152, 14.24999999999999822 ) ;
#1997 = ORIENTED_EDGE ( 'NONE', *, *, #225, .F. ) ;
#1998 = CARTESIAN_POINT ( 'NONE',  ( 9.999999999999994671, 9.000000000000000000, -58.49999999999996447 ) ) ;
#1999 = ORIENTED_EDGE ( 'NONE', *, *, #1778, .T. ) ;
#2000 = EDGE_CURVE ( 'NONE', #2108, #475, #2443, .T. ) ;
#2001 = EDGE_CURVE ( 'NONE', #2392, #529, #1180, .T. ) ;
#2002 = DIRECTION ( 'NONE',  ( 0.000000000000000000, 0.000000000000000000, 1.000000000000000000 ) ) ;
#2003 = ORIENTED_EDGE ( 'NONE', *, *, #1739, .T. ) ;
#2004 = AXIS2_PLACEMENT_3D ( 'NONE', #1749, #665, #2781 ) ;
#2005 = DIRECTION ( 'NONE',  ( 1.000000000000000000, 0.000000000000000000, -6.938893903907223447E-16 ) ) ;
#2006 = AXIS2_PLACEMENT_3D ( 'NONE', #2450, #1766, #473 ) ;
#2007 = FACE_OUTER_BOUND ( 'NONE', #2132, .T. ) ;
#2008 = ORIENTED_EDGE ( 'NONE', *, *, #2042, .F. ) ;
#2009 = VECTOR ( 'NONE', #1140, 1000.000000000000000 ) ;
#2010 = CARTESIAN_POINT ( 'NONE',  ( -85.00000000000000000, 29.99999999999998934, 29.00000000000002487 ) ) ;
#2011 = AXIS2_PLACEMENT_3D ( 'NONE', #1992, #739, #1569 ) ;
#2012 = CARTESIAN_POINT ( 'NONE',  ( 90.00000000000000000, 9.000000000000000000, 50.00000000000002132 ) ) ;
#2013 =( NAMED_UNIT ( * ) SI_UNIT ( $, .STERADIAN. ) SOLID_ANGLE_UNIT ( ) );
#2014 = DIRECTION ( 'NONE',  ( 0.000000000000000000, 0.000000000000000000, -1.000000000000000000 ) ) ;
#2015 = VERTEX_POINT ( 'NONE', #735 ) ;
#2016 = FACE_OUTER_BOUND ( 'NONE', #745, .T. ) ;
#2017 = ORIENTED_EDGE ( 'NONE', *, *, #1877, .T. ) ;
#2018 = AXIS2_PLACEMENT_3D ( 'NONE', #2717, #1451, #2288 ) ;
#2019 = CARTESIAN_POINT ( 'NONE',  ( -85.00000000000000000, 14.49999999999999822, 13.50000000000002309 ) ) ;
#2020 = ADVANCED_FACE ( 'NONE', ( #1386 ), #876, .F. ) ;
#2021 = DIRECTION ( 'NONE',  ( 0.000000000000000000, 1.000000000000000000, 0.000000000000000000 ) ) ;
#2022 = ORIENTED_EDGE ( 'NONE', *, *, #1343, .F. ) ;
#2023 = CARTESIAN_POINT ( 'NONE',  ( -16.99999999999999289, 28.99999999999999645, 85.00000000000004263 ) ) ;
#2024 = CIRCLE ( 'NONE', #2777, 1.524999999999998579 ) ;
#2025 = DIRECTION ( 'NONE',  ( -0.000000000000000000, 1.000000000000000000, -0.000000000000000000 ) ) ;
#2026 = ADVANCED_FACE ( 'NONE', ( #2463 ), #928, .F. ) ;
#2027 = ORIENTED_EDGE ( 'NONE', *, *, #2088, .T. ) ;
#2028 = DIRECTION ( 'NONE',  ( 0.000000000000000000, 0.000000000000000000, -1.000000000000000000 ) ) ;
#2029 = FILL_AREA_STYLE_COLOUR ( '', #861 ) ;
#2030 = AXIS2_PLACEMENT_3D ( 'NONE', #412, #2739, #2709 ) ;
#2031 = PRODUCT_CONTEXT ( 'NONE', #988, 'mechanical' ) ;
#2032 = CARTESIAN_POINT ( 'NONE',  ( 27.00000000000000355, 28.99999999999999645, 80.00000000000004263 ) ) ;
#2033 = EDGE_LOOP ( 'NONE', ( #1509, #1085 ) ) ;
#2034 = DIRECTION ( 'NONE',  ( 0.000000000000000000, 0.000000000000000000, 1.000000000000000000 ) ) ;
#2035 = EDGE_LOOP ( 'NONE', ( #2174, #1261, #1025, #1325 ) ) ;
#2036 = ORIENTED_EDGE ( 'NONE', *, *, #2310, .T. ) ;
#2037 = DIRECTION ( 'NONE',  ( -0.000000000000000000, 1.000000000000000000, -0.000000000000000000 ) ) ;
#2038 = ADVANCED_FACE ( 'NONE', ( #2204 ), #1097, .F. ) ;
#2039 = LINE ( 'NONE', #1438, #1995 ) ;
#2040 = ORIENTED_EDGE ( 'NONE', *, *, #2548, .F. ) ;
#2041 = ADVANCED_FACE ( 'NONE', ( #2235 ), #271, .F. ) ;
#2042 = EDGE_CURVE ( 'NONE', #775, #1238, #1370, .T. ) ;
#2043 = DIRECTION ( 'NONE',  ( -1.000000000000000000, 0.000000000000000000, 1.067522139062651164E-16 ) ) ;
#2044 = PRESENTATION_STYLE_ASSIGNMENT (( #2468 ) ) ;
#2045 = VECTOR ( 'NONE', #1597, 1000.000000000000000 ) ;
#2046 = PLANE ( 'NONE',  #2144 ) ;
#2047 = PLANE ( 'NONE',  #1277 ) ;
#2048 = VECTOR ( 'NONE', #2197, 1000.000000000000000 ) ;
#2049 = VECTOR ( 'NONE', #2480, 1000.000000000000000 ) ;
#2050 = CARTESIAN_POINT ( 'NONE',  ( -79.99999999999974420, 0.000000000000000000, 65.00000000000001421 ) ) ;
#2051 = ORIENTED_EDGE ( 'NONE', *, *, #790, .T. ) ;
#2052 = CARTESIAN_POINT ( 'NONE',  ( -85.00000000000000000, 45.50000000000000711, 44.50000000000002842 ) ) ;
#2053 = CARTESIAN_POINT ( 'NONE',  ( 64.99999999999978684, 0.000000000000000000, 80.00000000000002842 ) ) ;
#2054 = VERTEX_POINT ( 'NONE', #1759 ) ;
#2055 = DIRECTION ( 'NONE',  ( -0.000000000000000000, -1.000000000000000000, -0.000000000000000000 ) ) ;
#2056 = ADVANCED_FACE ( 'NONE', ( #2007 ), #1549, .F. ) ;
#2057 = DIRECTION ( 'NONE',  ( -1.000000000000000000, 0.000000000000000000, -1.067522139062651164E-16 ) ) ;
#2058 = DIRECTION ( 'NONE',  ( 0.000000000000000000, -1.000000000000000000, 0.000000000000000000 ) ) ;
#2059 = ORIENTED_EDGE ( 'NONE', *, *, #1159, .F. ) ;
#2060 = CARTESIAN_POINT ( 'NONE',  ( 85.00000000000000000, 45.50000000000000000, 42.95000000000002416 ) ) ;
#2061 = ORIENTED_EDGE ( 'NONE', *, *, #1564, .F. ) ;
#2062 = DIRECTION ( 'NONE',  ( 1.000000000000000000, 0.000000000000000000, 0.000000000000000000 ) ) ;
#2063 = VECTOR ( 'NONE', #195, 1000.000000000000000 ) ;
#2064 = CARTESIAN_POINT ( 'NONE',  ( 17.00000000000000711, 28.99999999999999645, 90.00000000000005684 ) ) ;
#2065 = VECTOR ( 'NONE', #1218, 1000.000000000000000 ) ;
#2066 = EDGE_LOOP ( 'NONE', ( #1975, #1461, #1844, #553 ) ) ;
#2067 = DIRECTION ( 'NONE',  ( -0.000000000000000000, -1.000000000000000000, -0.000000000000000000 ) ) ;
#2068 = EDGE_CURVE ( 'NONE', #394, #1022, #1043, .T. ) ;
#2069 = CARTESIAN_POINT ( 'NONE',  ( 85.00000000000000000, 45.50000000000000000, 15.05000000000002736 ) ) ;
#2070 = PRODUCT ( 'plate1_stepper', 'plate1_stepper', '', ( #2031 ) ) ;
#2071 = EDGE_LOOP ( 'NONE', ( #1334, #546, #1472, #2003 ) ) ;
#2072 = EDGE_CURVE ( 'NONE', #1524, #2331, #2652, .T. ) ;
#2073 =( NAMED_UNIT ( * ) SI_UNIT ( $, .STERADIAN. ) SOLID_ANGLE_UNIT ( ) );
#2074 = ORIENTED_EDGE ( 'NONE', *, *, #654, .F. ) ;
#2075 = CARTESIAN_POINT ( 'NONE',  ( -85.00000000000000000, 14.49999999999999822, 44.50000000000002842 ) ) ;
#2076 = DIRECTION ( 'NONE',  ( 1.000000000000000000, 0.000000000000000000, 1.067522139062651164E-16 ) ) ;
#2077 = VERTEX_POINT ( 'NONE', #495 ) ;
#2078 = DIRECTION ( 'NONE',  ( 0.000000000000000000, 1.000000000000000000, 0.000000000000000000 ) ) ;
#2079 = AXIS2_PLACEMENT_3D ( 'NONE', #2743, #404, #2509 ) ;
#2080 = CYLINDRICAL_SURFACE ( 'NONE', #1523, 1.524999999999998579 ) ;
#2081 = LINE ( 'NONE', #2556, #606 ) ;
#2082 = ORIENTED_EDGE ( 'NONE', *, *, #1059, .T. ) ;
#2083 = DIRECTION ( 'NONE',  ( 0.000000000000000000, 1.000000000000000000, 0.000000000000000000 ) ) ;
#2084 = ORIENTED_EDGE ( 'NONE', *, *, #925, .T. ) ;
#2085 = EDGE_CURVE ( 'NONE', #2015, #1949, #1268, .T. ) ;
#2086 = VECTOR ( 'NONE', #827, 1000.000000000000000 ) ;
#2087 = FACE_BOUND ( 'NONE', #2147, .T. ) ;
#2088 = EDGE_CURVE ( 'NONE', #359, #496, #2130, .T. ) ;
#2089 = DIRECTION ( 'NONE',  ( 0.000000000000000000, 1.000000000000000000, 0.000000000000000000 ) ) ;
#2090 = CIRCLE ( 'NONE', #241, 1.524999999999998579 ) ;
#2091 = EDGE_LOOP ( 'NONE', ( #464, #1346, #1197, #2457, #193, #11, #16, #1918 ) ) ;
#2092 = CARTESIAN_POINT ( 'NONE',  ( 90.00000000000001421, 14.49999999999999822, 11.95000000000002238 ) ) ;
#2093 = AXIS2_PLACEMENT_3D ( 'NONE', #170, #423, #2773 ) ;
#2094 = CARTESIAN_POINT ( 'NONE',  ( -7.746999999999997222, 10.59999999999999964, -71.09000000000007446 ) ) ;
#2095 = CARTESIAN_POINT ( 'NONE',  ( -7.746999999999997222, 20.99999999999999645, -68.91000000000005343 ) ) ;
#2096 = CYLINDRICAL_SURFACE ( 'NONE', #1100, 1.550000000000002709 ) ;
#2097 = AXIS2_PLACEMENT_3D ( 'NONE', #1300, #232, #3 ) ;
#2098 = FACE_BOUND ( 'NONE', #483, .T. ) ;
#2099 = VERTEX_POINT ( 'NONE', #957 ) ;
#2100 = FACE_BOUND ( 'NONE', #154, .T. ) ;
#2101 = DIRECTION ( 'NONE',  ( 0.000000000000000000, 0.000000000000000000, -1.000000000000000000 ) ) ;
#2102 = EDGE_CURVE ( 'NONE', #2425, #1484, #1172, .T. ) ;
#2103 = ORIENTED_EDGE ( 'NONE', *, *, #1447, .F. ) ;
#2104 = DIRECTION ( 'NONE',  ( 0.000000000000000000, 1.000000000000000000, 0.000000000000000000 ) ) ;
#2105 = EDGE_CURVE ( 'NONE', #841, #2628, #1859, .T. ) ;
#2106 = LINE ( 'NONE', #813, #2519 ) ;
#2107 = CIRCLE ( 'NONE', #1245, 1.524999999999998579 ) ;
#2108 = VERTEX_POINT ( 'NONE', #786 ) ;
#2109 = PLANE ( 'NONE',  #2079 ) ;
#2110 = CARTESIAN_POINT ( 'NONE',  ( -90.00000000000001421, 51.00000000000000711, 50.00000000000002132 ) ) ;
#2111 = LINE ( 'NONE', #2337, #2291 ) ;
#2112 = ORIENTED_EDGE ( 'NONE', *, *, #1702, .F. ) ;
#2113 = CARTESIAN_POINT ( 'NONE',  ( -7.746999999999997222, 0.000000000000000000, -71.09000000000007446 ) ) ;
#2114 = VECTOR ( 'NONE', #2199, 1000.000000000000000 ) ;
#2115 = CARTESIAN_POINT ( 'NONE',  ( 10.00000000000000000, 9.000000000000000000, -53.49999999999996447 ) ) ;
#2116 = ORIENTED_EDGE ( 'NONE', *, *, #1269, .T. ) ;
#2117 = DIRECTION ( 'NONE',  ( -1.000000000000000000, 0.000000000000000000, 1.067522139062651164E-16 ) ) ;
#2118 = VERTEX_POINT ( 'NONE', #2064 ) ;
#2119 = CARTESIAN_POINT ( 'NONE',  ( 17.00000000000000711, 9.000000000000000000, 90.00000000000005684 ) ) ;
#2120 = EDGE_CURVE ( 'NONE', #1619, #1848, #358, .T. ) ;
#2121 = EDGE_CURVE ( 'NONE', #41, #1387, #1861, .T. ) ;
#2122 = DIRECTION ( 'NONE',  ( 0.000000000000000000, 0.000000000000000000, 1.000000000000000000 ) ) ;
#2123 = DIRECTION ( 'NONE',  ( 0.000000000000000000, 1.000000000000000000, 0.000000000000000000 ) ) ;
#2124 = LINE ( 'NONE', #192, #1695 ) ;
#2125 = ORIENTED_EDGE ( 'NONE', *, *, #1117, .F. ) ;
#2126 = DIRECTION ( 'NONE',  ( 0.000000000000000000, -0.000000000000000000, -1.000000000000000000 ) ) ;
#2127 = CARTESIAN_POINT ( 'NONE',  ( 90.00000000000001421, 8.999999999999994671, 50.00000000000002132 ) ) ;
#2128 = CIRCLE ( 'NONE', #462, 11.99999999999999645 ) ;
#2129 = ORIENTED_EDGE ( 'NONE', *, *, #2736, .F. ) ;
#2130 = CIRCLE ( 'NONE', #684, 1.550000000000002709 ) ;
#2131 = ORIENTED_EDGE ( 'NONE', *, *, #774, .T. ) ;
#2132 = EDGE_LOOP ( 'NONE', ( #419, #1068, #1433, #923 ) ) ;
#2133 = VERTEX_POINT ( 'NONE', #1610 ) ;
#2134 = CARTESIAN_POINT ( 'NONE',  ( -16.99999999999999289, 28.99999999999999645, 90.00000000000007105 ) ) ;
#2135 = EDGE_CURVE ( 'NONE', #2550, #833, #2039, .T. ) ;
#2136 = DIRECTION ( 'NONE',  ( 0.000000000000000000, 1.000000000000000000, 0.000000000000000000 ) ) ;
#2137 = EDGE_CURVE ( 'NONE', #1524, #1012, #2477, .T. ) ;
#2138 = CIRCLE ( 'NONE', #916, 1.550000000000004485 ) ;
#2139 = PLANE ( 'NONE',  #1201 ) ;
#2140 = EDGE_LOOP ( 'NONE', ( #537, #1424, #42, #2744 ) ) ;
#2141 = CARTESIAN_POINT ( 'NONE',  ( -10.00000000000000000, 28.99999999999999645, -58.49999999999996447 ) ) ;
#2142 = CARTESIAN_POINT ( 'NONE',  ( 17.00000000000000355, 28.99999999999999645, 85.00000000000004263 ) ) ;
#2143 = AXIS2_PLACEMENT_3D ( 'NONE', #1673, #1024, #2538 ) ;
#2144 = AXIS2_PLACEMENT_3D ( 'NONE', #1403, #2058, #727 ) ;
#2145 = ORIENTED_EDGE ( 'NONE', *, *, #1620, .T. ) ;
#2146 = LINE ( 'NONE', #1027, #2574 ) ;
#2147 = EDGE_LOOP ( 'NONE', ( #247, #565 ) ) ;
#2148 = ORIENTED_EDGE ( 'NONE', *, *, #2578, .F. ) ;
#2149 = VECTOR ( 'NONE', #2382, 1000.000000000000000 ) ;
#2150 = DIRECTION ( 'NONE',  ( 1.000000000000000000, 0.000000000000000000, 1.067522139062651164E-16 ) ) ;
#2151 = CARTESIAN_POINT ( 'NONE',  ( 85.00000000000000000, 9.000000000000000000, 50.00000000000001421 ) ) ;
#2152 = VECTOR ( 'NONE', #760, 1000.000000000000000 ) ;
#2153 = EDGE_CURVE ( 'NONE', #1121, #1572, #1222, .T. ) ;
#2154 = CARTESIAN_POINT ( 'NONE',  ( -79.99999999999975842, 0.000000000000000000, -66.52499999999989200 ) ) ;
#2155 = VERTEX_POINT ( 'NONE', #1836 ) ;
#2156 = CYLINDRICAL_SURFACE ( 'NONE', #392, 1.550000000000000933 ) ;
#2157 = EDGE_CURVE ( 'NONE', #2054, #1870, #512, .T. ) ;
#2158 = CARTESIAN_POINT ( 'NONE',  ( 90.00000000000001421, 14.49999999999999822, 44.50000000000003553 ) ) ;
#2159 = ORIENTED_EDGE ( 'NONE', *, *, #397, .F. ) ;
#2160 = CIRCLE ( 'NONE', #2783, 1.524999999999998579 ) ;
#2161 = CARTESIAN_POINT ( 'NONE',  ( 10.00000000000000000, 28.99999999999999645, -53.49999999999996447 ) ) ;
#2162 = VERTEX_POINT ( 'NONE', #1426 ) ;
#2163 = ORIENTED_EDGE ( 'NONE', *, *, #2283, .F. ) ;
#2164 = ORIENTED_EDGE ( 'NONE', *, *, #1739, .F. ) ;
#2165 = CARTESIAN_POINT ( 'NONE',  ( -64.99999999999972999, 0.000000000000000000, 81.52500000000003411 ) ) ;
#2166 = DIRECTION ( 'NONE',  ( 0.000000000000000000, -1.000000000000000000, 0.000000000000000000 ) ) ;
#2167 = DIRECTION ( 'NONE',  ( 0.000000000000000000, 0.000000000000000000, -1.000000000000000000 ) ) ;
#2168 = ORIENTED_EDGE ( 'NONE', *, *, #1531, .F. ) ;
#2169 = DIRECTION ( 'NONE',  ( 0.000000000000000000, 0.000000000000000000, 1.000000000000000000 ) ) ;
#2170 = EDGE_CURVE ( 'NONE', #2077, #106, #2278, .T. ) ;
#2171 = EDGE_LOOP ( 'NONE', ( #1031, #386 ) ) ;
#2172 = CARTESIAN_POINT ( 'NONE',  ( -10.00000000000000000, 9.000000000000000000, -58.49999999999996447 ) ) ;
#2173 = VERTEX_POINT ( 'NONE', #984 ) ;
#2174 = ORIENTED_EDGE ( 'NONE', *, *, #904, .F. ) ;
#2175 = AXIS2_PLACEMENT_3D ( 'NONE', #2305, #2684, #1240 ) ;
#2176 = ORIENTED_EDGE ( 'NONE', *, *, #1877, .F. ) ;
#2177 = DIRECTION ( 'NONE',  ( -1.000000000000000000, -0.000000000000000000, -0.000000000000000000 ) ) ;
#2178 = VECTOR ( 'NONE', #883, 1000.000000000000000 ) ;
#2179 = DIRECTION ( 'NONE',  ( 1.000000000000000000, 0.000000000000000000, 1.067522139062651041E-16 ) ) ;
#2180 = DIRECTION ( 'NONE',  ( -1.000000000000000000, 0.000000000000000000, 1.067522139062651164E-16 ) ) ;
#2181 = VERTEX_POINT ( 'NONE', #751 ) ;
#2182 = CARTESIAN_POINT ( 'NONE',  ( -10.00000000000000000, 28.99999999999999645, -58.49999999999996447 ) ) ;
#2183 = VECTOR ( 'NONE', #1775, 1000.000000000000000 ) ;
#2184 = ORIENTED_EDGE ( 'NONE', *, *, #1911, .F. ) ;
#2185 = FACE_BOUND ( 'NONE', #1961, .T. ) ;
#2186 = EDGE_LOOP ( 'NONE', ( #2381, #460 ) ) ;
#2187 = DIRECTION ( 'NONE',  ( -0.000000000000000000, 1.000000000000000000, -0.000000000000000000 ) ) ;
#2188 = ADVANCED_FACE ( 'NONE', ( #1010 ), #763, .F. ) ;
#2189 = CARTESIAN_POINT ( 'NONE',  ( 90.00000000000001421, 45.50000000000000000, 44.50000000000002842 ) ) ;
#2190 = ORIENTED_EDGE ( 'NONE', *, *, #769, .T. ) ;
#2191 = ORIENTED_EDGE ( 'NONE', *, *, #276, .F. ) ;
#2192 = VERTEX_POINT ( 'NONE', #2488 ) ;
#2193 = EDGE_CURVE ( 'NONE', #200, #106, #541, .T. ) ;
#2194 = LINE ( 'NONE', #263, #290 ) ;
#2195 = CARTESIAN_POINT ( 'NONE',  ( 85.00000000000000000, 29.99999999999999645, 41.00000000000003553 ) ) ;
#2196 = AXIS2_PLACEMENT_3D ( 'NONE', #2182, #1788, #1122 ) ;
#2197 = DIRECTION ( 'NONE',  ( -1.000000000000000000, -0.000000000000000000, -0.000000000000000000 ) ) ;
#2198 = VERTEX_POINT ( 'NONE', #2264 ) ;
#2199 = DIRECTION ( 'NONE',  ( -0.000000000000000000, -0.000000000000000000, 1.000000000000000000 ) ) ;
#2200 = ORIENTED_EDGE ( 'NONE', *, *, #2719, .T. ) ;
#2201 = CARTESIAN_POINT ( 'NONE',  ( 1.438959988998140555E-15, 0.000000000000000000, -58.25000000000006395 ) ) ;
#2202 = ORIENTED_EDGE ( 'NONE', *, *, #1157, .F. ) ;
#2203 = FACE_OUTER_BOUND ( 'NONE', #2696, .T. ) ;
#2204 = FACE_OUTER_BOUND ( 'NONE', #1091, .T. ) ;
#2205 = ORIENTED_EDGE ( 'NONE', *, *, #314, .F. ) ;
#2206 = DIRECTION ( 'NONE',  ( 0.000000000000000000, 0.000000000000000000, -1.000000000000000000 ) ) ;
#2207 = PRODUCT_RELATED_PRODUCT_CATEGORY ( 'part', '', ( #2070 ) ) ;
#2208 = EDGE_CURVE ( 'NONE', #2730, #958, #777, .T. ) ;
#2209 = DIRECTION ( 'NONE',  ( 0.000000000000000000, 1.000000000000000000, 0.000000000000000000 ) ) ;
#2210 =( LENGTH_UNIT ( ) NAMED_UNIT ( * ) SI_UNIT ( .MILLI., .METRE. ) );
#2211 = DIRECTION ( 'NONE',  ( 0.000000000000000000, 0.000000000000000000, -1.000000000000000000 ) ) ;
#2212 = DIRECTION ( 'NONE',  ( -0.000000000000000000, -1.000000000000000000, -0.000000000000000000 ) ) ;
#2213 = ORIENTED_EDGE ( 'NONE', *, *, #906, .T. ) ;
#2214 = DIRECTION ( 'NONE',  ( 1.000000000000000000, 0.000000000000000000, 1.067522139062651041E-16 ) ) ;
#2215 = ORIENTED_EDGE ( 'NONE', *, *, #1116, .F. ) ;
#2216 = DIRECTION ( 'NONE',  ( -0.000000000000000000, -1.000000000000000000, -0.000000000000000000 ) ) ;
#2217 = ORIENTED_EDGE ( 'NONE', *, *, #2719, .F. ) ;
#2218 = PLANE ( 'NONE',  #122 ) ;
#2219 = DIRECTION ( 'NONE',  ( 0.000000000000000000, 0.000000000000000000, -1.000000000000000000 ) ) ;
#2220 = ORIENTED_EDGE ( 'NONE', *, *, #1946, .T. ) ;
#2221 = CARTESIAN_POINT ( 'NONE',  ( -85.00000000000000000, 14.49999999999999822, 15.05000000000002203 ) ) ;
#2222 = AXIS2_PLACEMENT_3D ( 'NONE', #999, #1865, #2722 ) ;
#2223 = CARTESIAN_POINT ( 'NONE',  ( -7.703719777548943412E-31, 20.99999999999999645, -70.00000000000005684 ) ) ;
#2224 = VECTOR ( 'NONE', #2449, 1000.000000000000000 ) ;
#2225 = ADVANCED_FACE ( 'NONE', ( #2733 ), #120, .F. ) ;
#2226 = DIRECTION ( 'NONE',  ( -1.000000000000000000, 0.000000000000000000, 1.067522139062651164E-16 ) ) ;
#2227 = ORIENTED_EDGE ( 'NONE', *, *, #1323, .F. ) ;
#2228 = LINE ( 'NONE', #503, #2114 ) ;
#2229 = ORIENTED_EDGE ( 'NONE', *, *, #2310, .F. ) ;
#2230 = EDGE_CURVE ( 'NONE', #1557, #2526, #798, .T. ) ;
#2231 = DIRECTION ( 'NONE',  ( -0.000000000000000000, -1.000000000000000000, -0.000000000000000000 ) ) ;
#2232 = EDGE_LOOP ( 'NONE', ( #2349, #118, #2437, #1194 ) ) ;
#2233 = VECTOR ( 'NONE', #2766, 1000.000000000000000 ) ;
#2234 = DIRECTION ( 'NONE',  ( 0.000000000000000000, 0.000000000000000000, 1.000000000000000000 ) ) ;
#2235 = FACE_OUTER_BOUND ( 'NONE', #2266, .T. ) ;
#2236 = ORIENTED_EDGE ( 'NONE', *, *, #2768, .T. ) ;
#2237 = VECTOR ( 'NONE', #2755, 1000.000000000000000 ) ;
#2238 = CARTESIAN_POINT ( 'NONE',  ( -10.00000000000000000, 28.99999999999999645, -53.49999999999996447 ) ) ;
#2239 = AXIS2_PLACEMENT_3D ( 'NONE', #2418, #2389, #2122 ) ;
#2240 = DIRECTION ( 'NONE',  ( 0.000000000000000000, 1.000000000000000000, -0.000000000000000000 ) ) ;
#2241 = LINE ( 'NONE', #1801, #2258 ) ;
#2242 = ORIENTED_EDGE ( 'NONE', *, *, #944, .F. ) ;
#2243 = APPLICATION_CONTEXT ( 'automotive_design' ) ;
#2244 = FACE_BOUND ( 'NONE', #749, .T. ) ;
#2245 = EDGE_CURVE ( 'NONE', #1960, #2198, #2588, .T. ) ;
#2246 = ORIENTED_EDGE ( 'NONE', *, *, #1910, .F. ) ;
#2247 = CARTESIAN_POINT ( 'NONE',  ( 90.00000000000001421, 14.49999999999999822, 42.95000000000003126 ) ) ;
#2248 = LINE ( 'NONE', #2060, #532 ) ;
#2249 = ORIENTED_EDGE ( 'NONE', *, *, #680, .F. ) ;
#2250 = EDGE_CURVE ( 'NONE', #1669, #2749, #2720, .T. ) ;
#2251 = DIRECTION ( 'NONE',  ( 0.000000000000000000, 0.000000000000000000, 1.000000000000000000 ) ) ;
#2252 = EDGE_CURVE ( 'NONE', #95, #1690, #1981, .T. ) ;
#2253 = AXIS2_PLACEMENT_3D ( 'NONE', #1289, #2585, #1741 ) ;
#2254 = DIRECTION ( 'NONE',  ( 0.000000000000000000, 0.000000000000000000, -1.000000000000000000 ) ) ;
#2255 = ORIENTED_EDGE ( 'NONE', *, *, #1230, .F. ) ;
#2256 = CARTESIAN_POINT ( 'NONE',  ( 22.00000000000000355, 28.99999999999999645, 80.00000000000004263 ) ) ;
#2257 = SURFACE_SIDE_STYLE ('',( #97 ) ) ;
#2258 = VECTOR ( 'NONE', #1166, 1000.000000000000000 ) ;
#2259 = FACE_BOUND ( 'NONE', #2033, .T. ) ;
#2260 = CARTESIAN_POINT ( 'NONE',  ( 85.00000000000000000, 45.50000000000000000, 44.50000000000002842 ) ) ;
#2261 = DIRECTION ( 'NONE',  ( 0.000000000000000000, 0.000000000000000000, 1.000000000000000000 ) ) ;
#2262 = ORIENTED_EDGE ( 'NONE', *, *, #2672, .F. ) ;
#2263 = DIRECTION ( 'NONE',  ( 0.000000000000000000, 0.000000000000000000, 1.000000000000000000 ) ) ;
#2264 = CARTESIAN_POINT ( 'NONE',  ( -90.00000000000001421, 14.49999999999999822, 15.05000000000002203 ) ) ;
#2265 = EDGE_CURVE ( 'NONE', #1720, #106, #2573, .T. ) ;
#2266 = EDGE_LOOP ( 'NONE', ( #54, #1396, #268, #2103 ) ) ;
#2267 = CARTESIAN_POINT ( 'NONE',  ( 27.00000000000000355, 28.99999999999999645, 90.00000000000005684 ) ) ;
#2268 = DIRECTION ( 'NONE',  ( 0.000000000000000000, -1.652117596168388002E-16, 1.000000000000000000 ) ) ;
#2269 = VECTOR ( 'NONE', #1401, 1000.000000000000000 ) ;
#2270 = FACE_BOUND ( 'NONE', #1948, .T. ) ;
#2271 = CYLINDRICAL_SURFACE ( 'NONE', #2683, 11.74999999999999645 ) ;
#2272 = AXIS2_PLACEMENT_3D ( 'NONE', #1959, #28, #1973 ) ;
#2273 = FACE_BOUND ( 'NONE', #1688, .T. ) ;
#2274 = VECTOR ( 'NONE', #666, 1000.000000000000000 ) ;
#2275 = CARTESIAN_POINT ( 'NONE',  ( -90.00000000000001421, 45.50000000000000711, 42.95000000000002416 ) ) ;
#2276 = ORIENTED_EDGE ( 'NONE', *, *, #1795, .T. ) ;
#2277 = DIRECTION ( 'NONE',  ( 0.000000000000000000, 1.000000000000000000, 0.000000000000000000 ) ) ;
#2278 = LINE ( 'NONE', #371, #1767 ) ;
#2279 = VERTEX_POINT ( 'NONE', #1899 ) ;
#2280 = EDGE_CURVE ( 'NONE', #1850, #58, #196, .T. ) ;
#2281 = AXIS2_PLACEMENT_3D ( 'NONE', #1575, #2216, #313 ) ;
#2282 = CARTESIAN_POINT ( 'NONE',  ( 64.99999999999975842, 9.000000000000000000, 90.00000000000007105 ) ) ;
#2283 = EDGE_CURVE ( 'NONE', #2600, #1856, #1768, .T. ) ;
#2284 = DIRECTION ( 'NONE',  ( 0.000000000000000000, 0.000000000000000000, 1.000000000000000000 ) ) ;
#2285 = DIRECTION ( 'NONE',  ( 0.000000000000000000, 0.000000000000000000, -1.000000000000000000 ) ) ;
#2286 = LINE ( 'NONE', #732, #2476 ) ;
#2287 = ORIENTED_EDGE ( 'NONE', *, *, #2578, .T. ) ;
#2288 = DIRECTION ( 'NONE',  ( 0.000000000000000000, 0.000000000000000000, 1.000000000000000000 ) ) ;
#2289 = CIRCLE ( 'NONE', #2375, 1.550000000000002709 ) ;
#2290 = DIRECTION ( 'NONE',  ( 0.000000000000000000, 0.000000000000000000, 1.000000000000000000 ) ) ;
#2291 = VECTOR ( 'NONE', #2769, 1000.000000000000000 ) ;
#2292 = ORIENTED_EDGE ( 'NONE', *, *, #2000, .F. ) ;
#2293 = DIRECTION ( 'NONE',  ( -0.000000000000000000, 1.000000000000000000, -0.000000000000000000 ) ) ;
#2294 = CARTESIAN_POINT ( 'NONE',  ( -7.703719777548943412E-31, 9.000000000000000000, -84.25000000000005684 ) ) ;
#2295 = ADVANCED_FACE ( 'NONE', ( #1888 ), #810, .F. ) ;
#2296 = EDGE_CURVE ( 'NONE', #958, #2730, #20, .T. ) ;
#2297 = VECTOR ( 'NONE', #595, 1000.000000000000000 ) ;
#2298 = DIRECTION ( 'NONE',  ( -1.000000000000000000, 0.000000000000000000, 1.067522139062651041E-16 ) ) ;
#2299 = VERTEX_POINT ( 'NONE', #2328 ) ;
#2300 = LINE ( 'NONE', #1090, #661 ) ;
#2301 = ORIENTED_EDGE ( 'NONE', *, *, #2157, .T. ) ;
#2302 = DIRECTION ( 'NONE',  ( 1.000000000000000000, 0.000000000000000000, 1.067522139062651041E-16 ) ) ;
#2303 = DIRECTION ( 'NONE',  ( 1.000000000000000000, 0.000000000000000000, 1.067522139062651041E-16 ) ) ;
#2304 = ORIENTED_EDGE ( 'NONE', *, *, #1064, .F. ) ;
#2305 = CARTESIAN_POINT ( 'NONE',  ( -90.00000000000001421, 45.50000000000000711, 13.50000000000002487 ) ) ;
#2306 = VECTOR ( 'NONE', #1908, 1000.000000000000000 ) ;
#2307 = FACE_OUTER_BOUND ( 'NONE', #690, .T. ) ;
#2308 = DIRECTION ( 'NONE',  ( 1.000000000000000000, -0.000000000000000000, -0.000000000000000000 ) ) ;
#2309 = ORIENTED_EDGE ( 'NONE', *, *, #1491, .F. ) ;
#2310 = EDGE_CURVE ( 'NONE', #2331, #1282, #1293, .T. ) ;
#2311 = AXIS2_PLACEMENT_3D ( 'NONE', #1301, #2166, #898 ) ;
#2312 = CARTESIAN_POINT ( 'NONE',  ( 79.99999999999977263, 9.000000000000000000, 65.00000000000002842 ) ) ;
#2313 = VERTEX_POINT ( 'NONE', #837 ) ;
#2314 = VECTOR ( 'NONE', #283, 1000.000000000000000 ) ;
#2315 = FACE_BOUND ( 'NONE', #1062, .T. ) ;
#2316 = EDGE_CURVE ( 'NONE', #1870, #2162, #1486, .T. ) ;
#2317 = FACE_OUTER_BOUND ( 'NONE', #294, .T. ) ;
#2318 = CIRCLE ( 'NONE', #2539, 12.00000000000000355 ) ;
#2319 = EDGE_LOOP ( 'NONE', ( #2605, #1920, #2200, #1661 ) ) ;
#2320 = DIRECTION ( 'NONE',  ( 0.000000000000000000, 0.000000000000000000, 1.000000000000000000 ) ) ;
#2321 = CIRCLE ( 'NONE', #249, 1.549999999999999378 ) ;
#2322 = CARTESIAN_POINT ( 'NONE',  ( -7.746999999999997222, 20.99999999999999645, -70.00000000000005684 ) ) ;
#2323 = FACE_OUTER_BOUND ( 'NONE', #1535, .T. ) ;
#2324 = CARTESIAN_POINT ( 'NONE',  ( 27.00000000000000355, 28.99999999999999645, 80.00000000000004263 ) ) ;
#2325 = CARTESIAN_POINT ( 'NONE',  ( 64.99999999999975842, 0.000000000000000000, -78.47499999999989484 ) ) ;
#2326 = ORIENTED_EDGE ( 'NONE', *, *, #1285, .T. ) ;
#2327 = LINE ( 'NONE', #1898, #754 ) ;
#2328 = CARTESIAN_POINT ( 'NONE',  ( -79.99999999999975842, 9.000000000000000000, -66.52499999999989200 ) ) ;
#2329 = EDGE_CURVE ( 'NONE', #601, #559, #1452, .T. ) ;
#2330 = EDGE_CURVE ( 'NONE', #359, #1232, #2369, .T. ) ;
#2331 = VERTEX_POINT ( 'NONE', #1464 ) ;
#2332 = VECTOR ( 'NONE', #212, 1000.000000000000000 ) ;
#2333 = DIRECTION ( 'NONE',  ( 0.000000000000000000, 0.000000000000000000, 1.000000000000000000 ) ) ;
#2334 = DIRECTION ( 'NONE',  ( -0.000000000000000000, -1.000000000000000000, -0.000000000000000000 ) ) ;
#2335 = CARTESIAN_POINT ( 'NONE',  ( -85.00000000000000000, 29.99999999999998934, 41.00000000000002132 ) ) ;
#2336 = DIRECTION ( 'NONE',  ( 1.067522139062651164E-16, 0.000000000000000000, -1.000000000000000000 ) ) ;
#2337 = CARTESIAN_POINT ( 'NONE',  ( -10.00000000000000000, 20.99999999999999645, -58.49999999999996447 ) ) ;
#2338 = EDGE_LOOP ( 'NONE', ( #1107, #1326, #1223, #853 ) ) ;
#2339 = CARTESIAN_POINT ( 'NONE',  ( 90.00000000000001421, 45.50000000000000000, 11.95000000000001705 ) ) ;
#2340 = VECTOR ( 'NONE', #699, 1000.000000000000000 ) ;
#2341 = DIRECTION ( 'NONE',  ( -0.000000000000000000, -0.000000000000000000, 1.000000000000000000 ) ) ;
#2342 = ORIENTED_EDGE ( 'NONE', *, *, #1667, .F. ) ;
#2343 = ADVANCED_FACE ( 'NONE', ( #2317 ), #396, .F. ) ;
#2344 = ORIENTED_EDGE ( 'NONE', *, *, #2153, .T. ) ;
#2345 = CARTESIAN_POINT ( 'NONE',  ( 0.000000000000000000, 10.59999999999999964, -81.75000000000005684 ) ) ;
#2346 = DIRECTION ( 'NONE',  ( -0.000000000000000000, -1.000000000000000000, -0.000000000000000000 ) ) ;
#2347 = DIRECTION ( 'NONE',  ( 0.000000000000000000, -1.000000000000000000, 0.000000000000000000 ) ) ;
#2348 = DIRECTION ( 'NONE',  ( 0.000000000000000000, 1.000000000000000000, 0.000000000000000000 ) ) ;
#2349 = ORIENTED_EDGE ( 'NONE', *, *, #1946, .F. ) ;
#2350 = CYLINDRICAL_SURFACE ( 'NONE', #1835, 1.524999999999998579 ) ;
#2351 = DIRECTION ( 'NONE',  ( 0.000000000000000000, 1.000000000000000000, -0.000000000000000000 ) ) ;
#2352 = CIRCLE ( 'NONE', #332, 1.089999999999993641 ) ;
#2353 = ORIENTED_EDGE ( 'NONE', *, *, #1173, .T. ) ;
#2354 = AXIS2_PLACEMENT_3D ( 'NONE', #551, #972, #580 ) ;
#2355 = DIRECTION ( 'NONE',  ( -1.000000000000000000, -0.000000000000000000, -0.000000000000000000 ) ) ;
#2356 = ORIENTED_EDGE ( 'NONE', *, *, #852, .T. ) ;
#2357 = EDGE_CURVE ( 'NONE', #1348, #2133, #1930, .T. ) ;
#2358 = VERTEX_POINT ( 'NONE', #384 ) ;
#2359 = EDGE_LOOP ( 'NONE', ( #1052, #506, #1719, #1577 ) ) ;
#2360 = CYLINDRICAL_SURFACE ( 'NONE', #1957, 25.00000000000021672 ) ;
#2361 = AXIS2_PLACEMENT_3D ( 'NONE', #1633, #1663, #52 ) ;
#2362 = EDGE_CURVE ( 'NONE', #502, #1384, #1871, .T. ) ;
#2363 = EDGE_CURVE ( 'NONE', #878, #200, #1096, .T. ) ;
#2364 = CARTESIAN_POINT ( 'NONE',  ( -64.99999999999972999, 0.000000000000000000, 80.00000000000002842 ) ) ;
#2365 = AXIS2_PLACEMENT_3D ( 'NONE', #270, #1562, #1596 ) ;
#2366 = CARTESIAN_POINT ( 'NONE',  ( -65.00000000000000000, 9.000000000000000000, 65.00000000000002842 ) ) ;
#2367 = ORIENTED_EDGE ( 'NONE', *, *, #2397, .F. ) ;
#2368 = DIRECTION ( 'NONE',  ( 1.000000000000000000, 0.000000000000000000, 1.067522139062651041E-16 ) ) ;
#2369 = LINE ( 'NONE', #438, #517 ) ;
#2370 = AXIS2_PLACEMENT_3D ( 'NONE', #2431, #2657, #2206 ) ;
#2371 = ORIENTED_EDGE ( 'NONE', *, *, #1431, .F. ) ;
#2372 = DIRECTION ( 'NONE',  ( 0.000000000000000000, 0.000000000000000000, -1.000000000000000000 ) ) ;
#2373 = VERTEX_POINT ( 'NONE', #1235 ) ;
#2374 = ORIENTED_EDGE ( 'NONE', *, *, #2068, .T. ) ;
#2375 = AXIS2_PLACEMENT_3D ( 'NONE', #1632, #141, #1858 ) ;
#2376 = FACE_OUTER_BOUND ( 'NONE', #590, .T. ) ;
#2377 = DIRECTION ( 'NONE',  ( 0.000000000000000000, 0.000000000000000000, 1.000000000000000000 ) ) ;
#2378 = VECTOR ( 'NONE', #1594, 1000.000000000000000 ) ;
#2379 = EDGE_CURVE ( 'NONE', #1572, #657, #1599, .T. ) ;
#2380 = CARTESIAN_POINT ( 'NONE',  ( 0.000000000000000000, 0.000000000000000000, -70.00000000000005684 ) ) ;
#2381 = ORIENTED_EDGE ( 'NONE', *, *, #295, .F. ) ;
#2382 = DIRECTION ( 'NONE',  ( 1.067522139062651164E-16, -0.000000000000000000, 1.000000000000000000 ) ) ;
#2383 = ORIENTED_EDGE ( 'NONE', *, *, #1982, .F. ) ;
#2384 = VECTOR ( 'NONE', #1254, 1000.000000000000000 ) ;
#2385 = DIRECTION ( 'NONE',  ( 0.000000000000000000, 0.000000000000000000, 1.000000000000000000 ) ) ;
#2386 = EDGE_LOOP ( 'NONE', ( #1770, #2780, #1707, #1999, #1552, #424, #2159, #346 ) ) ;
#2387 = ORIENTED_EDGE ( 'NONE', *, *, #2613, .T. ) ;
#2388 = ORIENTED_EDGE ( 'NONE', *, *, #2363, .F. ) ;
#2389 = DIRECTION ( 'NONE',  ( -1.000000000000000000, 0.000000000000000000, 1.067522139062651164E-16 ) ) ;
#2390 = CARTESIAN_POINT ( 'NONE',  ( 64.99999999999978684, 9.000000000000000000, 81.52500000000003411 ) ) ;
#2391 = CARTESIAN_POINT ( 'NONE',  ( 85.00000000000000000, 14.49999999999999822, 13.50000000000002487 ) ) ;
#2392 = VERTEX_POINT ( 'NONE', #1274 ) ;
#2393 = CARTESIAN_POINT ( 'NONE',  ( 85.00000000000000000, 14.49999999999999822, 13.50000000000002487 ) ) ;
#2394 = EDGE_CURVE ( 'NONE', #2358, #1848, #2787, .T. ) ;
#2395 = ORIENTED_EDGE ( 'NONE', *, *, #962, .F. ) ;
#2396 = CARTESIAN_POINT ( 'NONE',  ( 64.99999999999978684, 0.000000000000000000, 80.00000000000002842 ) ) ;
#2397 = EDGE_CURVE ( 'NONE', #757, #1534, #2582, .T. ) ;
#2398 = DIRECTION ( 'NONE',  ( 1.000000000000000000, 0.000000000000000000, 1.067522139062651041E-16 ) ) ;
#2399 = VECTOR ( 'NONE', #2410, 1000.000000000000000 ) ;
#2400 = ORIENTED_EDGE ( 'NONE', *, *, #1734, .F. ) ;
#2401 = VERTEX_POINT ( 'NONE', #1344 ) ;
#2402 = ORIENTED_EDGE ( 'NONE', *, *, #189, .F. ) ;
#2403 = CYLINDRICAL_SURFACE ( 'NONE', #825, 1.524999999999998579 ) ;
#2404 = CARTESIAN_POINT ( 'NONE',  ( -85.00000000000000000, 9.000000000000000000, 50.00000000000002132 ) ) ;
#2405 = LINE ( 'NONE', #474, #2048 ) ;
#2406 = EDGE_LOOP ( 'NONE', ( #2752, #549, #2190, #838 ) ) ;
#2407 = LINE ( 'NONE', #68, #582 ) ;
#2408 = ORIENTED_EDGE ( 'NONE', *, *, #1603, .T. ) ;
#2409 = CYLINDRICAL_SURFACE ( 'NONE', #2465, 1.549999999999999378 ) ;
#2410 = DIRECTION ( 'NONE',  ( -0.000000000000000000, -1.000000000000000000, -0.000000000000000000 ) ) ;
#2411 = ADVANCED_FACE ( 'NONE', ( #696 ), #1555, .F. ) ;
#2412 = EDGE_CURVE ( 'NONE', #356, #1664, #1280, .T. ) ;
#2413 = ORIENTED_EDGE ( 'NONE', *, *, #366, .F. ) ;
#2414 = VERTEX_POINT ( 'NONE', #1708 ) ;
#2415 = LINE ( 'NONE', #913, #1372 ) ;
#2416 = DIRECTION ( 'NONE',  ( -0.000000000000000000, -1.000000000000000000, -0.000000000000000000 ) ) ;
#2417 = AXIS2_PLACEMENT_3D ( 'NONE', #450, #1473, #2126 ) ;
#2418 = CARTESIAN_POINT ( 'NONE',  ( -85.00000000000000000, 29.99999999999998934, 29.00000000000002487 ) ) ;
#2419 = CIRCLE ( 'NONE', #710, 11.74999999999999645 ) ;
#2420 = CYLINDRICAL_SURFACE ( 'NONE', #2710, 12.00000000000000355 ) ;
#2421 = ORIENTED_EDGE ( 'NONE', *, *, #2170, .T. ) ;
#2422 = DIRECTION ( 'NONE',  ( 0.000000000000000000, 1.000000000000000000, -0.000000000000000000 ) ) ;
#2423 = ORIENTED_EDGE ( 'NONE', *, *, #2230, .F. ) ;
#2424 = CARTESIAN_POINT ( 'NONE',  ( -64.99999999999975842, 0.000000000000000000, -90.00000000000007105 ) ) ;
#2425 = VERTEX_POINT ( 'NONE', #2568 ) ;
#2426 = DIRECTION ( 'NONE',  ( 0.000000000000000000, 0.000000000000000000, 1.000000000000000000 ) ) ;
#2427 = DIRECTION ( 'NONE',  ( 1.000000000000000000, 0.000000000000000000, 1.067522139062651164E-16 ) ) ;
#2428 = CIRCLE ( 'NONE', #2030, 11.99999999999999645 ) ;
#2429 = ORIENTED_EDGE ( 'NONE', *, *, #1382, .F. ) ;
#2430 = EDGE_CURVE ( 'NONE', #1142, #1720, #188, .T. ) ;
#2431 = CARTESIAN_POINT ( 'NONE',  ( -65.00000000000000000, 0.000000000000000000, 65.00000000000002842 ) ) ;
#2432 = CARTESIAN_POINT ( 'NONE',  ( 85.00000000000000000, 45.50000000000000000, 13.50000000000002309 ) ) ;
#2433 = EDGE_CURVE ( 'NONE', #1384, #1789, #1907, .T. ) ;
#2434 = CARTESIAN_POINT ( 'NONE',  ( 79.99999999999977263, 0.000000000000000000, 65.00000000000002842 ) ) ;
#2435 = ORIENTED_EDGE ( 'NONE', *, *, #1011, .T. ) ;
#2436 = PLANE ( 'NONE',  #2196 ) ;
#2437 = ORIENTED_EDGE ( 'NONE', *, *, #225, .T. ) ;
#2438 = LINE ( 'NONE', #1818, #2183 ) ;
#2439 = AXIS2_PLACEMENT_3D ( 'NONE', #2727, #1470, #1458 ) ;
#2440 = DIRECTION ( 'NONE',  ( -0.000000000000000000, -1.000000000000000000, -0.000000000000000000 ) ) ;
#2441 = ORIENTED_EDGE ( 'NONE', *, *, #2105, .T. ) ;
#2442 = PLANE ( 'NONE',  #868 ) ;
#2443 = LINE ( 'NONE', #1579, #2399 ) ;
#2444 = ORIENTED_EDGE ( 'NONE', *, *, #1307, .F. ) ;
#2445 = AXIS2_PLACEMENT_3D ( 'NONE', #1512, #445, #431 ) ;
#2446 = DIRECTION ( 'NONE',  ( -0.000000000000000000, -1.000000000000000000, -0.000000000000000000 ) ) ;
#2447 = EDGE_CURVE ( 'NONE', #903, #1715, #855, .T. ) ;
#2448 = VECTOR ( 'NONE', #2372, 1000.000000000000000 ) ;
#2449 = DIRECTION ( 'NONE',  ( 1.067522139062651164E-16, 0.000000000000000000, -1.000000000000000000 ) ) ;
#2450 = CARTESIAN_POINT ( 'NONE',  ( 0.000000000000000000, 0.000000000000000000, 0.000000000000000000 ) ) ;
#2451 = MECHANICAL_DESIGN_GEOMETRIC_PRESENTATION_REPRESENTATION (  '', ( #1317 ), #12 ) ;
#2452 = EDGE_CURVE ( 'NONE', #456, #752, #742, .T. ) ;
#2453 = ADVANCED_FACE ( 'NONE', ( #1481 ), #2360, .T. ) ;
#2454 = FACE_BOUND ( 'NONE', #1310, .T. ) ;
#2455 = ORIENTED_EDGE ( 'NONE', *, *, #1530, .F. ) ;
#2456 = DIRECTION ( 'NONE',  ( 0.000000000000000000, 1.000000000000000000, -0.000000000000000000 ) ) ;
#2457 = ORIENTED_EDGE ( 'NONE', *, *, #743, .F. ) ;
#2458 = CARTESIAN_POINT ( 'NONE',  ( 85.00000000000000000, 8.999999999999994671, 50.00000000000002132 ) ) ;
#2459 = DIRECTION ( 'NONE',  ( 0.000000000000000000, 1.000000000000000000, 0.000000000000000000 ) ) ;
#2460 = ORIENTED_EDGE ( 'NONE', *, *, #1030, .T. ) ;
#2461 = AXIS2_PLACEMENT_3D ( 'NONE', #2158, #1474, #2101 ) ;
#2462 = FACE_OUTER_BOUND ( 'NONE', #629, .T. ) ;
#2463 = FACE_OUTER_BOUND ( 'NONE', #121, .T. ) ;
#2464 = ORIENTED_EDGE ( 'NONE', *, *, #1846, .F. ) ;
#2465 = AXIS2_PLACEMENT_3D ( 'NONE', #59, #479, #1368 ) ;
#2466 = CARTESIAN_POINT ( 'NONE',  ( -10.00000000000000000, 28.99999999999999645, -53.49999999999996447 ) ) ;
#2467 = VECTOR ( 'NONE', #183, 1000.000000000000000 ) ;
#2468 = SURFACE_STYLE_USAGE ( .BOTH. , #2257 ) ;
#2469 = PLANE ( 'NONE',  #568 ) ;
#2470 = VERTEX_POINT ( 'NONE', #1525 ) ;
#2471 = EDGE_CURVE ( 'NONE', #312, #1619, #623, .T. ) ;
#2472 = PLANE ( 'NONE',  #1681 ) ;
#2473 = DIRECTION ( 'NONE',  ( 0.000000000000000000, 0.000000000000000000, 1.000000000000000000 ) ) ;
#2474 = ORIENTED_EDGE ( 'NONE', *, *, #383, .T. ) ;
#2475 = CARTESIAN_POINT ( 'NONE',  ( -85.00000000000000000, 45.50000000000000711, 11.95000000000002238 ) ) ;
#2476 = VECTOR ( 'NONE', #1383, 1000.000000000000000 ) ;
#2477 = LINE ( 'NONE', #592, #1411 ) ;
#2478 = VERTEX_POINT ( 'NONE', #1922 ) ;
#2479 = DIRECTION ( 'NONE',  ( 0.000000000000000000, 1.000000000000000000, 0.000000000000000000 ) ) ;
#2480 = DIRECTION ( 'NONE',  ( -0.000000000000000000, 1.000000000000000000, -0.000000000000000000 ) ) ;
#2481 = CARTESIAN_POINT ( 'NONE',  ( 64.99999999999975842, 9.000000000000000000, -79.99999999999988631 ) ) ;
#2482 = EDGE_LOOP ( 'NONE', ( #1098, #1156, #246, #909 ) ) ;
#2483 = FACE_BOUND ( 'NONE', #2654, .T. ) ;
#2484 = EDGE_CURVE ( 'NONE', #1664, #356, #1149, .T. ) ;
#2485 = DIRECTION ( 'NONE',  ( -0.000000000000000000, -0.000000000000000000, -1.000000000000000000 ) ) ;
#2486 = ORIENTED_EDGE ( 'NONE', *, *, #1910, .T. ) ;
#2487 = FACE_BOUND ( 'NONE', #1128, .T. ) ;
#2488 = CARTESIAN_POINT ( 'NONE',  ( -90.00000000000001421, 29.99999999999998934, 41.00000000000002132 ) ) ;
#2489 = EDGE_CURVE ( 'NONE', #2198, #1960, #2321, .T. ) ;
#2490 = EDGE_LOOP ( 'NONE', ( #1417, #436, #2501, #327, #1550, #2249, #266, #1940 ) ) ;
#2491 = CARTESIAN_POINT ( 'NONE',  ( -7.703719777548943412E-31, 20.99999999999999645, -70.00000000000005684 ) ) ;
#2492 = VECTOR ( 'NONE', #1710, 1000.000000000000000 ) ;
#2493 = CARTESIAN_POINT ( 'NONE',  ( 85.00000000000000000, 45.50000000000000000, 46.05000000000002558 ) ) ;
#2494 = CARTESIAN_POINT ( 'NONE',  ( -79.99999999999974420, 0.000000000000000000, 65.00000000000001421 ) ) ;
#2495 = AXIS2_PLACEMENT_3D ( 'NONE', #1127, #1990, #79 ) ;
#2496 = CIRCLE ( 'NONE', #422, 1.550000000000002709 ) ;
#2497 = CARTESIAN_POINT ( 'NONE',  ( 79.99999999999977263, 9.000000000000000000, 63.47500000000002984 ) ) ;
#2498 = ORIENTED_EDGE ( 'NONE', *, *, #1667, .T. ) ;
#2499 = CARTESIAN_POINT ( 'NONE',  ( -90.00000000000001421, 51.00000000000000711, 50.00000000000002132 ) ) ;
#2500 = DIRECTION ( 'NONE',  ( 1.000000000000000000, 0.000000000000000000, 0.000000000000000000 ) ) ;
#2501 = ORIENTED_EDGE ( 'NONE', *, *, #573, .F. ) ;
#2502 = AXIS2_PLACEMENT_3D ( 'NONE', #281, #73, #1363 ) ;
#2503 = EDGE_CURVE ( 'NONE', #492, #575, #1101, .T. ) ;
#2504 = EDGE_CURVE ( 'NONE', #2702, #2331, #1963, .T. ) ;
#2505 = CARTESIAN_POINT ( 'NONE',  ( -7.746999999999997222, 20.99999999999999645, -71.09000000000007446 ) ) ;
#2506 = CIRCLE ( 'NONE', #1199, 1.550000000000000933 ) ;
#2507 = FACE_OUTER_BOUND ( 'NONE', #1588, .T. ) ;
#2508 = VECTOR ( 'NONE', #1469, 1000.000000000000000 ) ;
#2509 = DIRECTION ( 'NONE',  ( 0.000000000000000000, -0.000000000000000000, -1.000000000000000000 ) ) ;
#2510 = VERTEX_POINT ( 'NONE', #457 ) ;
#2511 = FACE_BOUND ( 'NONE', #30, .T. ) ;
#2512 = ORIENTED_EDGE ( 'NONE', *, *, #77, .F. ) ;
#2513 = DIRECTION ( 'NONE',  ( 0.000000000000000000, -0.000000000000000000, -1.000000000000000000 ) ) ;
#2514 = DIRECTION ( 'NONE',  ( -0.000000000000000000, -1.000000000000000000, -0.000000000000000000 ) ) ;
#2515 = VECTOR ( 'NONE', #405, 1000.000000000000000 ) ;
#2516 = ORIENTED_EDGE ( 'NONE', *, *, #2085, .T. ) ;
#2517 = EDGE_CURVE ( 'NONE', #2133, #1824, #416, .T. ) ;
#2518 = CYLINDRICAL_SURFACE ( 'NONE', #360, 1.089999999999993641 ) ;
#2519 = VECTOR ( 'NONE', #402, 1000.000000000000000 ) ;
#2520 = DIRECTION ( 'NONE',  ( -0.000000000000000000, 1.000000000000000000, -0.000000000000000000 ) ) ;
#2521 = EDGE_LOOP ( 'NONE', ( #1753, #1833 ) ) ;
#2522 = CARTESIAN_POINT ( 'NONE',  ( 85.00000000000000000, 14.49999999999999822, 42.95000000000003126 ) ) ;
#2523 = VERTEX_POINT ( 'NONE', #2165 ) ;
#2524 = CARTESIAN_POINT ( 'NONE',  ( 90.00000000000001421, 0.000000000000000000, -64.99999999999988631 ) ) ;
#2525 = DIRECTION ( 'NONE',  ( -0.000000000000000000, -1.000000000000000000, -0.000000000000000000 ) ) ;
#2526 = VERTEX_POINT ( 'NONE', #829 ) ;
#2527 = DIRECTION ( 'NONE',  ( 0.000000000000000000, 0.000000000000000000, -1.000000000000000000 ) ) ;
#2528 = CARTESIAN_POINT ( 'NONE',  ( 85.00000000000000000, 8.999999999999998224, 8.000000000000031974 ) ) ;
#2529 = EDGE_CURVE ( 'NONE', #1303, #973, #1074, .T. ) ;
#2530 = LINE ( 'NONE', #2069, #556 ) ;
#2531 = DIRECTION ( 'NONE',  ( 0.000000000000000000, 1.000000000000000000, 0.000000000000000000 ) ) ;
#2532 = EDGE_CURVE ( 'NONE', #1934, #1319, #157, .T. ) ;
#2533 = ADVANCED_FACE ( 'NONE', ( #2376 ), #444, .F. ) ;
#2534 = FACE_BOUND ( 'NONE', #218, .T. ) ;
#2535 = ORIENTED_EDGE ( 'NONE', *, *, #1188, .T. ) ;
#2536 = VECTOR ( 'NONE', #1440, 1000.000000000000000 ) ;
#2537 = FACE_OUTER_BOUND ( 'NONE', #2035, .T. ) ;
#2538 = DIRECTION ( 'NONE',  ( 0.000000000000000000, 0.000000000000000000, 1.000000000000000000 ) ) ;
#2539 = AXIS2_PLACEMENT_3D ( 'NONE', #1075, #2179, #50 ) ;
#2540 = ORIENTED_EDGE ( 'NONE', *, *, #2193, .F. ) ;
#2541 = CARTESIAN_POINT ( 'NONE',  ( 85.00000000000000000, 14.49999999999999822, 46.05000000000003268 ) ) ;
#2542 = AXIS2_PLACEMENT_3D ( 'NONE', #1131, #515, #1119 ) ;
#2543 = DIRECTION ( 'NONE',  ( -1.000000000000000000, 0.000000000000000000, 1.067522139062651164E-16 ) ) ;
#2544 = DIRECTION ( 'NONE',  ( -0.000000000000000000, -1.000000000000000000, -0.000000000000000000 ) ) ;
#2545 = AXIS2_PLACEMENT_3D ( 'NONE', #282, #719, #1989 ) ;
#2546 = ORIENTED_EDGE ( 'NONE', *, *, #13, .T. ) ;
#2547 = DIRECTION ( 'NONE',  ( 6.938893903907222461E-16, -0.000000000000000000, 1.000000000000000000 ) ) ;
#2548 = EDGE_CURVE ( 'NONE', #1435, #662, #1087, .T. ) ;
#2549 = CARTESIAN_POINT ( 'NONE',  ( -64.99999999999975842, 9.000000000000000000, 90.00000000000007105 ) ) ;
#2550 = VERTEX_POINT ( 'NONE', #2134 ) ;
#2551 = AXIS2_PLACEMENT_3D ( 'NONE', #2052, #1195, #2694 ) ;
#2552 = CYLINDRICAL_SURFACE ( 'NONE', #239, 1.550000000000004485 ) ;
#2553 = ORIENTED_EDGE ( 'NONE', *, *, #2489, .T. ) ;
#2554 = DIRECTION ( 'NONE',  ( -0.000000000000000000, 1.000000000000000000, -0.000000000000000000 ) ) ;
#2555 = CARTESIAN_POINT ( 'NONE',  ( -26.99999999999999645, 9.000000000000000000, 80.00000000000004263 ) ) ;
#2556 = CARTESIAN_POINT ( 'NONE',  ( -64.99999999999975842, 0.000000000000000000, 90.00000000000007105 ) ) ;
#2557 = DIRECTION ( 'NONE',  ( 0.000000000000000000, 1.000000000000000000, 0.000000000000000000 ) ) ;
#2558 = VERTEX_POINT ( 'NONE', #2335 ) ;
#2559 = DIRECTION ( 'NONE',  ( -0.000000000000000000, 1.000000000000000000, -0.000000000000000000 ) ) ;
#2560 = CARTESIAN_POINT ( 'NONE',  ( -85.00000000000000000, 14.49999999999999822, 13.50000000000002309 ) ) ;
#2561 = EDGE_CURVE ( 'NONE', #559, #1572, #403, .T. ) ;
#2562 = ORIENTED_EDGE ( 'NONE', *, *, #2363, .T. ) ;
#2563 = PLANE ( 'NONE',  #998 ) ;
#2564 = EDGE_CURVE ( 'NONE', #1387, #41, #566, .T. ) ;
#2565 = EDGE_LOOP ( 'NONE', ( #2516, #1281 ) ) ;
#2566 = VERTEX_POINT ( 'NONE', #1811 ) ;
#2567 = ORIENTED_EDGE ( 'NONE', *, *, #2503, .T. ) ;
#2568 = CARTESIAN_POINT ( 'NONE',  ( -85.00000000000000000, 45.50000000000000711, 46.05000000000002558 ) ) ;
#2569 = LINE ( 'NONE', #21, #688 ) ;
#2570 = CARTESIAN_POINT ( 'NONE',  ( -79.99999999999975842, 9.000000000000000000, -64.99999999999988631 ) ) ;
#2571 = ORIENTED_EDGE ( 'NONE', *, *, #350, .T. ) ;
#2572 = FACE_OUTER_BOUND ( 'NONE', #703, .T. ) ;
#2573 = LINE ( 'NONE', #1037, #864 ) ;
#2574 = VECTOR ( 'NONE', #216, 1000.000000000000000 ) ;
#2575 = VERTEX_POINT ( 'NONE', #108 ) ;
#2576 = VERTEX_POINT ( 'NONE', #1389 ) ;
#2577 = ORIENTED_EDGE ( 'NONE', *, *, #2564, .F. ) ;
#2578 = EDGE_CURVE ( 'NONE', #2373, #2173, #2194, .T. ) ;
#2579 = ADVANCED_FACE ( 'NONE', ( #486 ), #949, .T. ) ;
#2580 = ORIENTED_EDGE ( 'NONE', *, *, #653, .T. ) ;
#2581 = CARTESIAN_POINT ( 'NONE',  ( 85.00000000000000000, 45.50000000000000000, 13.50000000000002309 ) ) ;
#2582 = CIRCLE ( 'NONE', #920, 1.550000000000002709 ) ;
#2583 = FACE_OUTER_BOUND ( 'NONE', #2232, .T. ) ;
#2584 = VECTOR ( 'NONE', #2037, 1000.000000000000000 ) ;
#2585 = DIRECTION ( 'NONE',  ( 0.000000000000000000, 1.000000000000000000, 0.000000000000000000 ) ) ;
#2586 = ORIENTED_EDGE ( 'NONE', *, *, #1095, .F. ) ;
#2587 = LINE ( 'NONE', #823, #1514 ) ;
#2588 = CIRCLE ( 'NONE', #2361, 1.549999999999999378 ) ;
#2589 = EDGE_LOOP ( 'NONE', ( #2164, #2191 ) ) ;
#2590 = LINE ( 'NONE', #1083, #1041 ) ;
#2591 = EDGE_LOOP ( 'NONE', ( #2580, #850, #1901, #381 ) ) ;
#2592 = VERTEX_POINT ( 'NONE', #497 ) ;
#2593 = VERTEX_POINT ( 'NONE', #1600 ) ;
#2594 = CARTESIAN_POINT ( 'NONE',  ( -64.99999999999975842, 9.000000000000000000, -64.99999999999988631 ) ) ;
#2595 = EDGE_CURVE ( 'NONE', #2749, #1669, #788, .T. ) ;
#2596 = DIRECTION ( 'NONE',  ( 0.000000000000000000, 0.000000000000000000, -1.000000000000000000 ) ) ;
#2597 = AXIS2_PLACEMENT_3D ( 'NONE', #1499, #1302, #1983 ) ;
#2598 = ADVANCED_FACE ( 'NONE', ( #1129 ), #49, .F. ) ;
#2599 = CARTESIAN_POINT ( 'NONE',  ( -85.00000000000000000, 51.00000000000000711, 50.00000000000002132 ) ) ;
#2600 = VERTEX_POINT ( 'NONE', #2466 ) ;
#2601 = CARTESIAN_POINT ( 'NONE',  ( 10.00000000000000178, 9.000000000000000000, -53.49999999999996447 ) ) ;
#2602 = VERTEX_POINT ( 'NONE', #530 ) ;
#2603 = AXIS2_PLACEMENT_3D ( 'NONE', #585, #2543, #1678 ) ;
#2604 = CARTESIAN_POINT ( 'NONE',  ( -90.00000000000001421, 14.49999999999999822, 11.95000000000002238 ) ) ;
#2605 = ORIENTED_EDGE ( 'NONE', *, *, #1059, .F. ) ;
#2606 = ORIENTED_EDGE ( 'NONE', *, *, #1340, .F. ) ;
#2607 = CARTESIAN_POINT ( 'NONE',  ( 64.99999999999975842, 9.000000000000000000, 90.00000000000007105 ) ) ;
#2608 = CARTESIAN_POINT ( 'NONE',  ( 90.00000000000001421, 45.50000000000000000, 15.05000000000002736 ) ) ;
#2609 = CYLINDRICAL_SURFACE ( 'NONE', #1764, 1.550000000000000933 ) ;
#2610 = ORIENTED_EDGE ( 'NONE', *, *, #2504, .F. ) ;
#2611 = PLANE ( 'NONE',  #482 ) ;
#2612 = EDGE_LOOP ( 'NONE', ( #1441, #1266, #409, #2546 ) ) ;
#2613 = EDGE_CURVE ( 'NONE', #1191, #1595, #1866, .T. ) ;
#2614 = ADVANCED_FACE ( 'NONE', ( #1175 ), #1798, .F. ) ;
#2615 = FACE_BOUND ( 'NONE', #2565, .T. ) ;
#2616 = ORIENTED_EDGE ( 'NONE', *, *, #2329, .T. ) ;
#2617 = CARTESIAN_POINT ( 'NONE',  ( -26.99999999999999645, 28.99999999999999645, 80.00000000000004263 ) ) ;
#2618 = CARTESIAN_POINT ( 'NONE',  ( -10.00000000000000000, 28.99999999999999645, -53.49999999999996447 ) ) ;
#2619 = EDGE_LOOP ( 'NONE', ( #230, #1407 ) ) ;
#2620 = ORIENTED_EDGE ( 'NONE', *, *, #2001, .T. ) ;
#2621 = VECTOR ( 'NONE', #1182, 1000.000000000000000 ) ;
#2622 = EDGE_LOOP ( 'NONE', ( #1453, #7, #1760, #292, #211, #938, #1761, #203, #912, #621, #1628, #2562, #1605, #245, #2646, #1636, #2255, #1971, #992, #1809, #873, #794, #2606, #2061, #2441, #1546, #2356, #2129 ) ) ;
#2623 = DIRECTION ( 'NONE',  ( 0.000000000000000000, 1.000000000000000000, 0.000000000000000000 ) ) ;
#2624 = AXIS2_PLACEMENT_3D ( 'NONE', #1725, #1538, #233 ) ;
#2625 = LINE ( 'NONE', #1953, #337 ) ;
#2626 = CARTESIAN_POINT ( 'NONE',  ( 85.00000000000000000, 14.49999999999999822, 44.50000000000003553 ) ) ;
#2627 = CARTESIAN_POINT ( 'NONE',  ( -64.99999999999975842, 0.000000000000000000, 90.00000000000005684 ) ) ;
#2628 = VERTEX_POINT ( 'NONE', #2607 ) ;
#2629 = CARTESIAN_POINT ( 'NONE',  ( -85.00000000000000000, 14.49999999999999822, 46.05000000000002558 ) ) ;
#2630 = AXIS2_PLACEMENT_3D ( 'NONE', #1376, #1103, #2643 ) ;
#2631 = EDGE_LOOP ( 'NONE', ( #449, #644, #144, #1247 ) ) ;
#2632 = CARTESIAN_POINT ( 'NONE',  ( 85.00000000000000000, 14.49999999999999822, 42.95000000000003126 ) ) ;
#2633 = AXIS2_PLACEMENT_3D ( 'NONE', #927, #1233, #155 ) ;
#2634 = EDGE_CURVE ( 'NONE', #1824, #2077, #897, .T. ) ;
#2635 = ORIENTED_EDGE ( 'NONE', *, *, #2564, .T. ) ;
#2636 = CARTESIAN_POINT ( 'NONE',  ( 79.99999999999975842, 9.000000000000000000, -64.99999999999988631 ) ) ;
#2637 = CARTESIAN_POINT ( 'NONE',  ( 90.00000000000001421, 45.50000000000000000, 13.50000000000002309 ) ) ;
#2638 = EDGE_CURVE ( 'NONE', #633, #1802, #2415, .T. ) ;
#2639 = ORIENTED_EDGE ( 'NONE', *, *, #1011, .F. ) ;
#2640 = CARTESIAN_POINT ( 'NONE',  ( -10.00000000000000000, 9.000000000000000000, -58.49999999999996447 ) ) ;
#2641 = DIRECTION ( 'NONE',  ( 1.000000000000000000, 0.000000000000000000, 1.067522139062651164E-16 ) ) ;
#2642 = AXIS2_PLACEMENT_3D ( 'NONE', #1049, #642, #2169 ) ;
#2643 = DIRECTION ( 'NONE',  ( 0.000000000000000000, 0.000000000000000000, 1.000000000000000000 ) ) ;
#2644 = CIRCLE ( 'NONE', #576, 1.550000000000002709 ) ;
#2645 = DIRECTION ( 'NONE',  ( 0.000000000000000000, -1.000000000000000000, 0.000000000000000000 ) ) ;
#2646 = ORIENTED_EDGE ( 'NONE', *, *, #2430, .F. ) ;
#2647 = FACE_BOUND ( 'NONE', #2171, .T. ) ;
#2648 = ORIENTED_EDGE ( 'NONE', *, *, #2741, .T. ) ;
#2649 = ORIENTED_EDGE ( 'NONE', *, *, #2672, .T. ) ;
#2650 = CARTESIAN_POINT ( 'NONE',  ( -85.00000000000000000, 14.49999999999999822, 11.95000000000002238 ) ) ;
#2651 = EDGE_CURVE ( 'NONE', #2279, #2198, #1782, .T. ) ;
#2652 = LINE ( 'NONE', #1565, #1902 ) ;
#2653 = AXIS2_PLACEMENT_3D ( 'NONE', #375, #1867, #1017 ) ;
#2654 = EDGE_LOOP ( 'NONE', ( #2074, #1136 ) ) ;
#2655 = EDGE_CURVE ( 'NONE', #2470, #1747, #322, .T. ) ;
#2656 = ADVANCED_FACE ( 'NONE', ( #81 ), #2403, .F. ) ;
#2657 = DIRECTION ( 'NONE',  ( 0.000000000000000000, 1.000000000000000000, -0.000000000000000000 ) ) ;
#2658 = CARTESIAN_POINT ( 'NONE',  ( 85.00000000000000000, 51.00000000000000711, 8.000000000000031974 ) ) ;
#2659 = FACE_BOUND ( 'NONE', #453, .T. ) ;
#2660 = ORIENTED_EDGE ( 'NONE', *, *, #1015, .T. ) ;
#2661 = LINE ( 'NONE', #1333, #1790 ) ;
#2662 = EDGE_LOOP ( 'NONE', ( #131, #985 ) ) ;
#2663 = CARTESIAN_POINT ( 'NONE',  ( 85.00000000000000000, 0.000000000000000000, -5.337610695313255329E-16 ) ) ;
#2664 = AXIS2_PLACEMENT_3D ( 'NONE', #2754, #2123, #1868 ) ;
#2665 = CARTESIAN_POINT ( 'NONE',  ( 90.00000000000001421, 29.99999999999999645, 41.00000000000003553 ) ) ;
#2666 = ORIENTED_EDGE ( 'NONE', *, *, #1394, .T. ) ;
#2667 = DIRECTION ( 'NONE',  ( -0.000000000000000000, 1.000000000000000000, -0.000000000000000000 ) ) ;
#2668 = CARTESIAN_POINT ( 'NONE',  ( 64.99999999999975842, 0.000000000000000000, 90.00000000000007105 ) ) ;
#2669 = ORIENTED_EDGE ( 'NONE', *, *, #1251, .F. ) ;
#2670 = DIRECTION ( 'NONE',  ( 0.000000000000000000, 1.000000000000000000, 0.000000000000000000 ) ) ;
#2671 = AXIS2_PLACEMENT_3D ( 'NONE', #656, #1104, #1515 ) ;
#2672 = EDGE_CURVE ( 'NONE', #1297, #2558, #1909, .T. ) ;
#2673 = DIRECTION ( 'NONE',  ( 0.000000000000000000, 0.000000000000000000, -1.000000000000000000 ) ) ;
#2674 = CIRCLE ( 'NONE', #197, 25.00000000000021672 ) ;
#2675 = FACE_OUTER_BOUND ( 'NONE', #1598, .T. ) ;
#2676 = ORIENTED_EDGE ( 'NONE', *, *, #2651, .T. ) ;
#2677 = CARTESIAN_POINT ( 'NONE',  ( -26.99999999999999645, 28.99999999999999645, 80.00000000000004263 ) ) ;
#2678 = ORIENTED_EDGE ( 'NONE', *, *, #567, .T. ) ;
#2679 = AXIS2_PLACEMENT_3D ( 'NONE', #1067, #2351, #616 ) ;
#2680 = CARTESIAN_POINT ( 'NONE',  ( -16.99999999999999289, 9.000000000000000000, 90.00000000000007105 ) ) ;
#2681 = DIRECTION ( 'NONE',  ( -0.000000000000000000, -1.000000000000000000, -0.000000000000000000 ) ) ;
#2682 = ORIENTED_EDGE ( 'NONE', *, *, #2042, .T. ) ;
#2683 = AXIS2_PLACEMENT_3D ( 'NONE', #534, #115, #2285 ) ;
#2684 = DIRECTION ( 'NONE',  ( -1.000000000000000000, 0.000000000000000000, 1.067522139062651041E-16 ) ) ;
#2685 = CARTESIAN_POINT ( 'NONE',  ( -21.99999999999999645, 9.000000000000000000, 85.00000000000004263 ) ) ;
#2686 = EDGE_CURVE ( 'NONE', #761, #1742, #305, .T. ) ;
#2687 = FACE_OUTER_BOUND ( 'NONE', #2612, .T. ) ;
#2688 = AXIS2_PLACEMENT_3D ( 'NONE', #2786, #2368, #729 ) ;
#2689 = DIRECTION ( 'NONE',  ( -1.000000000000000000, 0.000000000000000000, 1.067522139062651164E-16 ) ) ;
#2690 = ADVANCED_FACE ( 'NONE', ( #513 ), #1373, .F. ) ;
#2691 = DIRECTION ( 'NONE',  ( 0.000000000000000000, 1.000000000000000000, 0.000000000000000000 ) ) ;
#2692 = CARTESIAN_POINT ( 'NONE',  ( 64.99999999999978684, 0.000000000000000000, 78.47500000000003695 ) ) ;
#2693 = EDGE_LOOP ( 'NONE', ( #1955, #86, #1494, #2276 ) ) ;
#2694 = DIRECTION ( 'NONE',  ( 0.000000000000000000, 0.000000000000000000, 1.000000000000000000 ) ) ;
#2695 = CARTESIAN_POINT ( 'NONE',  ( -85.00000000000000000, 45.50000000000000711, 46.05000000000002558 ) ) ;
#2696 = EDGE_LOOP ( 'NONE', ( #477, #2400, #1276, #1071 ) ) ;
#2697 = DIRECTION ( 'NONE',  ( -0.000000000000000000, -1.000000000000000000, -0.000000000000000000 ) ) ;
#2698 = CARTESIAN_POINT ( 'NONE',  ( 27.00000000000000355, 9.000000000000000000, 80.00000000000004263 ) ) ;
#2699 = AXIS2_PLACEMENT_3D ( 'NONE', #1529, #2456, #1106 ) ;
#2700 = CARTESIAN_POINT ( 'NONE',  ( -16.99999999999999289, 28.99999999999999645, 85.00000000000004263 ) ) ;
#2701 = FACE_OUTER_BOUND ( 'NONE', #1077, .T. ) ;
#2702 = VERTEX_POINT ( 'NONE', #237 ) ;
#2703 = ADVANCED_FACE ( 'NONE', ( #2185, #255, #1756, #1970, #2615, #683 ), #2472, .F. ) ;
#2704 = DIRECTION ( 'NONE',  ( 0.000000000000000000, -3.304235192336776005E-16, -1.000000000000000000 ) ) ;
#2705 = EDGE_CURVE ( 'NONE', #2118, #1885, #759, .T. ) ;
#2706 = DIRECTION ( 'NONE',  ( -0.000000000000000000, 1.000000000000000000, -0.000000000000000000 ) ) ;
#2707 = EDGE_LOOP ( 'NONE', ( #1519, #647, #863, #1889 ) ) ;
#2708 = EDGE_LOOP ( 'NONE', ( #1674, #425, #1242, #1427, #979, #799 ) ) ;
#2709 = DIRECTION ( 'NONE',  ( 0.000000000000000000, 0.000000000000000000, 1.000000000000000000 ) ) ;
#2710 = AXIS2_PLACEMENT_3D ( 'NONE', #222, #1954, #859 ) ;
#2711 = CARTESIAN_POINT ( 'NONE',  ( -7.746999999999997222, 10.59999999999999964, -70.00000000000005684 ) ) ;
#2712 = CARTESIAN_POINT ( 'NONE',  ( 64.99999999999978684, 0.000000000000000000, 78.47500000000003695 ) ) ;
#2713 = AXIS2_PLACEMENT_3D ( 'NONE', #143, #1847, #773 ) ;
#2714 = AXIS2_PLACEMENT_3D ( 'NONE', #1032, #1894, #2377 ) ;
#2715 = CARTESIAN_POINT ( 'NONE',  ( 0.000000000000000000, 10.59999999999999964, -70.00000000000005684 ) ) ;
#2716 = ORIENTED_EDGE ( 'NONE', *, *, #2433, .T. ) ;
#2717 = CARTESIAN_POINT ( 'NONE',  ( 64.99999999999975842, 9.000000000000000000, -79.99999999999988631 ) ) ;
#2718 = DIRECTION ( 'NONE',  ( -1.000000000000000000, -0.000000000000000000, -0.000000000000000000 ) ) ;
#2719 = EDGE_CURVE ( 'NONE', #2015, #2181, #731, .T. ) ;
#2720 = CIRCLE ( 'NONE', #2461, 1.550000000000002709 ) ;
#2721 = EDGE_LOOP ( 'NONE', ( #2778, #2059 ) ) ;
#2722 = DIRECTION ( 'NONE',  ( 0.000000000000000000, 0.000000000000000000, 1.000000000000000000 ) ) ;
#2723 = ADVANCED_FACE ( 'NONE', ( #953 ), #1592, .T. ) ;
#2724 = CARTESIAN_POINT ( 'NONE',  ( -21.99999999999999645, 28.99999999999999645, 85.00000000000004263 ) ) ;
#2725 = AXIS2_PLACEMENT_3D ( 'NONE', #33, #1495, #1722 ) ;
#2726 = AXIS2_PLACEMENT_3D ( 'NONE', #501, #1830, #1604 ) ;
#2727 = CARTESIAN_POINT ( 'NONE',  ( -85.00000000000000000, 45.50000000000000711, 13.50000000000002487 ) ) ;
#2728 = ORIENTED_EDGE ( 'NONE', *, *, #1829, .T. ) ;
#2729 = CARTESIAN_POINT ( 'NONE',  ( -21.99999999999999645, 28.99999999999999645, 85.00000000000004263 ) ) ;
#2730 = VERTEX_POINT ( 'NONE', #2632 ) ;
#2731 = LINE ( 'NONE', #2499, #612 ) ;
#2732 = AXIS2_PLACEMENT_3D ( 'NONE', #2075, #382, #1023 ) ;
#2733 = FACE_OUTER_BOUND ( 'NONE', #1561, .T. ) ;
#2734 = CIRCLE ( 'NONE', #1066, 1.524999999999998579 ) ;
#2735 = VERTEX_POINT ( 'NONE', #2201 ) ;
#2736 = EDGE_CURVE ( 'NONE', #1012, #1282, #297, .T. ) ;
#2737 = CYLINDRICAL_SURFACE ( 'NONE', #1492, 25.00000000000001421 ) ;
#2738 = ORIENTED_EDGE ( 'NONE', *, *, #1655, .F. ) ;
#2739 = DIRECTION ( 'NONE',  ( -1.000000000000000000, 0.000000000000000000, 1.067522139062651041E-16 ) ) ;
#2740 = ADVANCED_FACE ( 'NONE', ( #1987 ), #1349, .F. ) ;
#2741 = EDGE_CURVE ( 'NONE', #2054, #1296, #2438, .T. ) ;
#2742 = AXIS2_PLACEMENT_3D ( 'NONE', #2322, #2765, #2034 ) ;
#2743 = CARTESIAN_POINT ( 'NONE',  ( 0.000000000000000000, 10.59999999999999964, -70.00000000000005684 ) ) ;
#2744 = ORIENTED_EDGE ( 'NONE', *, *, #2447, .F. ) ;
#2745 = DIRECTION ( 'NONE',  ( 1.000000000000000000, 0.000000000000000000, -0.000000000000000000 ) ) ;
#2746 = ORIENTED_EDGE ( 'NONE', *, *, #802, .F. ) ;
#2747 = LINE ( 'NONE', #772, #1692 ) ;
#2748 = DIRECTION ( 'NONE',  ( 0.000000000000000000, 0.000000000000000000, -1.000000000000000000 ) ) ;
#2749 = VERTEX_POINT ( 'NONE', #2247 ) ;
#2750 = DIRECTION ( 'NONE',  ( 0.000000000000000000, 1.000000000000000000, 0.000000000000000000 ) ) ;
#2751 = DIRECTION ( 'NONE',  ( 1.000000000000000000, 0.000000000000000000, 1.067522139062651041E-16 ) ) ;
#2752 = ORIENTED_EDGE ( 'NONE', *, *, #1778, .F. ) ;
#2753 = ADVANCED_FACE ( 'NONE', ( #746 ), #702, .T. ) ;
#2754 = CARTESIAN_POINT ( 'NONE',  ( 64.99999999999978684, 9.000000000000000000, 80.00000000000002842 ) ) ;
#2755 = DIRECTION ( 'NONE',  ( -0.000000000000000000, -0.000000000000000000, -1.000000000000000000 ) ) ;
#2756 = AXIS2_PLACEMENT_3D ( 'NONE', #776, #1665, #2527 ) ;
#2757 = DIRECTION ( 'NONE',  ( 0.000000000000000000, 0.000000000000000000, 1.000000000000000000 ) ) ;
#2758 = ORIENTED_EDGE ( 'NONE', *, *, #2296, .T. ) ;
#2759 = AXIS2_PLACEMENT_3D ( 'NONE', #1322, #893, #60 ) ;
#2760 = DIRECTION ( 'NONE',  ( -0.000000000000000000, -1.000000000000000000, -0.000000000000000000 ) ) ;
#2761 = DIRECTION ( 'NONE',  ( -0.000000000000000000, -0.000000000000000000, -1.000000000000000000 ) ) ;
#2762 = ORIENTED_EDGE ( 'NONE', *, *, #2245, .F. ) ;
#2763 = DIRECTION ( 'NONE',  ( -0.000000000000000000, -1.000000000000000000, -0.000000000000000000 ) ) ;
#2764 = VECTOR ( 'NONE', #116, 1000.000000000000000 ) ;
#2765 = DIRECTION ( 'NONE',  ( 0.000000000000000000, 1.000000000000000000, 0.000000000000000000 ) ) ;
#2766 = DIRECTION ( 'NONE',  ( -1.000000000000000000, -0.000000000000000000, -0.000000000000000000 ) ) ;
#2767 = DIRECTION ( 'NONE',  ( 0.000000000000000000, 0.000000000000000000, -1.000000000000000000 ) ) ;
#2768 = EDGE_CURVE ( 'NONE', #439, #2279, #1548, .T. ) ;
#2769 = DIRECTION ( 'NONE',  ( -1.000000000000000000, 0.000000000000000000, 0.000000000000000000 ) ) ;
#2770 = VERTEX_POINT ( 'NONE', #2424 ) ;
#2771 = LINE ( 'NONE', #1485, #1108 ) ;
#2772 = ADVANCED_FACE ( 'NONE', ( #940 ), #504, .F. ) ;
#2773 = DIRECTION ( 'NONE',  ( 0.000000000000000000, 0.000000000000000000, -1.000000000000000000 ) ) ;
#2774 = ORIENTED_EDGE ( 'NONE', *, *, #243, .F. ) ;
#2775 = CIRCLE ( 'NONE', #1161, 1.524999999999998579 ) ;
#2776 = CARTESIAN_POINT ( 'NONE',  ( -7.703719777548943412E-31, 20.99999999999999645, -84.25000000000005684 ) ) ;
#2777 = AXIS2_PLACEMENT_3D ( 'NONE', #2570, #1076, #900 ) ;
#2778 = ORIENTED_EDGE ( 'NONE', *, *, #758, .F. ) ;
#2779 = ORIENTED_EDGE ( 'NONE', *, *, #1157, .T. ) ;
#2780 = ORIENTED_EDGE ( 'NONE', *, *, #320, .F. ) ;
#2781 = DIRECTION ( 'NONE',  ( 0.000000000000000000, 0.000000000000000000, -1.000000000000000000 ) ) ;
#2782 = DIRECTION ( 'NONE',  ( 0.000000000000000000, 1.000000000000000000, 0.000000000000000000 ) ) ;
#2783 = AXIS2_PLACEMENT_3D ( 'NONE', #778, #987, #1691 ) ;
#2784 = CARTESIAN_POINT ( 'NONE',  ( -85.00000000000000000, 51.00000000000000000, 8.000000000000024869 ) ) ;
#2785 = ORIENTED_EDGE ( 'NONE', *, *, #1340, .T. ) ;
#2786 = CARTESIAN_POINT ( 'NONE',  ( 90.00000000000001421, 14.49999999999999822, 13.50000000000002487 ) ) ;
#2787 = LINE ( 'NONE', #2142, #1640 ) ;
#2788 = ADVANCED_FACE ( 'NONE', ( #1154, #1405, #2273, #340, #1192, #2483 ), #547, .F. ) ;
#2789 = EDGE_CURVE ( 'NONE', #633, #2099, #562, .T. ) ;
#2790 = ORIENTED_EDGE ( 'NONE', *, *, #586, .F. ) ;
#2791 = LINE ( 'NONE', #2161, #2448 ) ;
#2792 = ORIENTED_EDGE ( 'NONE', *, *, #2329, .F. ) ;
ENDSEC;
END-ISO-10303-21;
