ISO-10303-21;
HEADER;
FILE_DESCRIPTION (( 'STEP AP214' ),
    '1' );
FILE_NAME ('plate2_stepper.STEP',
    '2025-12-07T22:33:58',
    ( '' ),
    ( '' ),
    'SwSTEP 2.0',
    'SolidWorks 2025',
    '' );
FILE_SCHEMA (( 'AUTOMOTIVE_DESIGN' ));
ENDSEC;

DATA;
#1 = CARTESIAN_POINT ( 'NONE',  ( 64.99999999999978684, 0.000000000000000000, 81.52500000000003411 ) ) ;
#2 = DIRECTION ( 'NONE',  ( -0.000000000000000000, 1.000000000000000000, -0.000000000000000000 ) ) ;
#3 = ORIENTED_EDGE ( 'NONE', *, *, #309, .F. ) ;
#4 = VECTOR ( 'NONE', #1157, 1000.000000000000000 ) ;
#5 = DIRECTION ( 'NONE',  ( 0.000000000000000000, 1.000000000000000000, 0.000000000000000000 ) ) ;
#6 = ORIENTED_EDGE ( 'NONE', *, *, #684, .T. ) ;
#7 = EDGE_CURVE ( 'NONE', #982, #1394, #84, .T. ) ;
#8 = CIRCLE ( 'NONE', #194, 1.524999999999998579 ) ;
#9 = LINE ( 'NONE', #1366, #47 ) ;
#10 = DIRECTION ( 'NONE',  ( -1.067522139062651041E-16, 0.000000000000000000, 1.000000000000000000 ) ) ;
#11 = ORIENTED_EDGE ( 'NONE', *, *, #1021, .F. ) ;
#12 = ORIENTED_EDGE ( 'NONE', *, *, #693, .T. ) ;
#13 = CARTESIAN_POINT ( 'NONE',  ( -90.00000000000000000, 0.000000000000000000, 52.49999999999999289 ) ) ;
#14 = DIRECTION ( 'NONE',  ( -0.000000000000000000, 1.000000000000000000, -0.000000000000000000 ) ) ;
#15 = ADVANCED_FACE ( 'NONE', ( #987 ), #662, .F. ) ;
#16 = CIRCLE ( 'NONE', #961, 1.550000000000002709 ) ;
#17 = ORIENTED_EDGE ( 'NONE', *, *, #76, .F. ) ;
#18 = ORIENTED_EDGE ( 'NONE', *, *, #736, .T. ) ;
#19 = LINE ( 'NONE', #24, #519 ) ;
#20 = CYLINDRICAL_SURFACE ( 'NONE', #1103, 1.524999999999998579 ) ;
#21 = VECTOR ( 'NONE', #540, 1000.000000000000000 ) ;
#22 = ORIENTED_EDGE ( 'NONE', *, *, #230, .F. ) ;
#23 = ORIENTED_EDGE ( 'NONE', *, *, #1275, .T. ) ;
#24 = CARTESIAN_POINT ( 'NONE',  ( -79.99999999999975842, 0.000000000000000000, -66.52499999999989200 ) ) ;
#25 = DIRECTION ( 'NONE',  ( 0.000000000000000000, 0.000000000000000000, 1.000000000000000000 ) ) ;
#26 = LINE ( 'NONE', #94, #30 ) ;
#27 = ORIENTED_EDGE ( 'NONE', *, *, #1204, .F. ) ;
#28 = EDGE_CURVE ( 'NONE', #1116, #1311, #200, .T. ) ;
#29 = ORIENTED_EDGE ( 'NONE', *, *, #28, .F. ) ;
#30 = VECTOR ( 'NONE', #1344, 1000.000000000000000 ) ;
#31 = FACE_OUTER_BOUND ( 'NONE', #1186, .T. ) ;
#32 = CARTESIAN_POINT ( 'NONE',  ( -64.99999999999975842, 0.000000000000000000, 90.00000000000005684 ) ) ;
#33 = FACE_BOUND ( 'NONE', #1414, .T. ) ;
#34 = EDGE_LOOP ( 'NONE', ( #104, #786 ) ) ;
#35 = ORIENTED_EDGE ( 'NONE', *, *, #954, .F. ) ;
#36 = ORIENTED_EDGE ( 'NONE', *, *, #89, .F. ) ;
#37 = ADVANCED_FACE ( 'NONE', ( #766 ), #1102, .F. ) ;
#38 = CYLINDRICAL_SURFACE ( 'NONE', #1088, 25.00000000000001421 ) ;
#39 = DIRECTION ( 'NONE',  ( 0.000000000000000000, 0.000000000000000000, 1.000000000000000000 ) ) ;
#40 = CYLINDRICAL_SURFACE ( 'NONE', #1209, 1.549999999999999378 ) ;
#41 = VECTOR ( 'NONE', #1093, 1000.000000000000000 ) ;
#42 = CIRCLE ( 'NONE', #1260, 1.524999999999998579 ) ;
#43 = ORIENTED_EDGE ( 'NONE', *, *, #322, .T. ) ;
#44 = ORIENTED_EDGE ( 'NONE', *, *, #708, .F. ) ;
#45 = EDGE_CURVE ( 'NONE', #656, #832, #442, .T. ) ;
#46 = DIRECTION ( 'NONE',  ( 0.000000000000000000, 0.000000000000000000, 1.000000000000000000 ) ) ;
#47 = VECTOR ( 'NONE', #571, 1000.000000000000000 ) ;
#48 = EDGE_CURVE ( 'NONE', #798, #838, #67, .T. ) ;
#49 = FACE_BOUND ( 'NONE', #473, .T. ) ;
#50 = EDGE_LOOP ( 'NONE', ( #535, #501 ) ) ;
#51 = VERTEX_POINT ( 'NONE', #637 ) ;
#52 = DIRECTION ( 'NONE',  ( 0.000000000000000000, 1.000000000000000000, 0.000000000000000000 ) ) ;
#53 = CARTESIAN_POINT ( 'NONE',  ( 79.99999999999977263, 0.000000000000000000, 65.00000000000002842 ) ) ;
#54 = PRODUCT_RELATED_PRODUCT_CATEGORY ( 'part', '', ( #414 ) ) ;
#55 = PLANE ( 'NONE',  #301 ) ;
#56 = CARTESIAN_POINT ( 'NONE',  ( 79.99999999999975842, 0.000000000000000000, -66.52499999999989200 ) ) ;
#57 = EDGE_CURVE ( 'NONE', #649, #384, #1438, .T. ) ;
#58 = ORIENTED_EDGE ( 'NONE', *, *, #598, .F. ) ;
#59 = CIRCLE ( 'NONE', #489, 25.00000000000001421 ) ;
#60 = FACE_BOUND ( 'NONE', #1092, .T. ) ;
#61 = ORIENTED_EDGE ( 'NONE', *, *, #905, .T. ) ;
#62 = AXIS2_PLACEMENT_3D ( 'NONE', #1033, #591, #725 ) ;
#63 = DIRECTION ( 'NONE',  ( -1.541976423090495633E-16, 0.000000000000000000, 1.000000000000000000 ) ) ;
#64 = LINE ( 'NONE', #772, #1257 ) ;
#65 = VECTOR ( 'NONE', #928, 1000.000000000000000 ) ;
#66 = CARTESIAN_POINT ( 'NONE',  ( 90.00000000000000000, 0.000000000000000000, -52.50000000000000000 ) ) ;
#67 = LINE ( 'NONE', #169, #607 ) ;
#68 = AXIS2_PLACEMENT_3D ( 'NONE', #1220, #538, #504 ) ;
#69 = ORIENTED_EDGE ( 'NONE', *, *, #515, .F. ) ;
#70 = PLANE ( 'NONE',  #1055 ) ;
#71 = ORIENTED_EDGE ( 'NONE', *, *, #693, .F. ) ;
#72 = DIRECTION ( 'NONE',  ( 0.000000000000000000, 0.000000000000000000, 1.000000000000000000 ) ) ;
#73 = DIRECTION ( 'NONE',  ( 0.000000000000000000, 0.000000000000000000, 1.000000000000000000 ) ) ;
#74 =( NAMED_UNIT ( * ) SI_UNIT ( $, .STERADIAN. ) SOLID_ANGLE_UNIT ( ) );
#75 = VERTEX_POINT ( 'NONE', #525 ) ;
#76 = EDGE_CURVE ( 'NONE', #587, #948, #1457, .T. ) ;
#77 = DIRECTION ( 'NONE',  ( 0.000000000000000000, 0.000000000000000000, 1.000000000000000000 ) ) ;
#78 = EDGE_LOOP ( 'NONE', ( #1070, #1096, #881, #69 ) ) ;
#79 = EDGE_CURVE ( 'NONE', #599, #771, #1195, .T. ) ;
#80 = DIRECTION ( 'NONE',  ( 0.000000000000000000, 0.000000000000000000, 1.000000000000000000 ) ) ;
#81 = LINE ( 'NONE', #874, #135 ) ;
#82 = DIRECTION ( 'NONE',  ( 0.000000000000000000, 0.000000000000000000, -1.000000000000000000 ) ) ;
#83 = CARTESIAN_POINT ( 'NONE',  ( 79.99999999999975842, 9.000000000000000000, -64.99999999999988631 ) ) ;
#84 = CIRCLE ( 'NONE', #1388, 1.524999999999998579 ) ;
#85 = EDGE_LOOP ( 'NONE', ( #262, #11, #1369, #942 ) ) ;
#86 = DIRECTION ( 'NONE',  ( 0.000000000000000000, 0.000000000000000000, 1.000000000000000000 ) ) ;
#87 = VERTEX_POINT ( 'NONE', #647 ) ;
#88 = VECTOR ( 'NONE', #239, 1000.000000000000000 ) ;
#89 = EDGE_CURVE ( 'NONE', #129, #282, #192, .T. ) ;
#90 = CARTESIAN_POINT ( 'NONE',  ( -79.99999999999975842, 0.000000000000000000, -64.99999999999988631 ) ) ;
#91 = CARTESIAN_POINT ( 'NONE',  ( 79.99999999999975842, 0.000000000000000000, -64.99999999999988631 ) ) ;
#92 = DIRECTION ( 'NONE',  ( -0.000000000000000000, 1.000000000000000000, -0.000000000000000000 ) ) ;
#93 = VERTEX_POINT ( 'NONE', #426 ) ;
#94 = CARTESIAN_POINT ( 'NONE',  ( 64.99999999999975842, 0.000000000000000000, -78.47499999999989484 ) ) ;
#95 = ORIENTED_EDGE ( 'NONE', *, *, #787, .F. ) ;
#96 = FACE_BOUND ( 'NONE', #436, .T. ) ;
#97 = EDGE_CURVE ( 'NONE', #1123, #921, #1168, .T. ) ;
#98 = CARTESIAN_POINT ( 'NONE',  ( 24.50000000000000711, 9.000000000000000000, 31.00000000000006395 ) ) ;
#99 = CARTESIAN_POINT ( 'NONE',  ( 79.99999999999975842, 0.000000000000000000, -63.47499999999989484 ) ) ;
#100 = EDGE_CURVE ( 'NONE', #1049, #568, #863, .T. ) ;
#101 = VERTEX_POINT ( 'NONE', #56 ) ;
#102 = LINE ( 'NONE', #559, #723 ) ;
#103 = CIRCLE ( 'NONE', #308, 1.524999999999998579 ) ;
#104 = ORIENTED_EDGE ( 'NONE', *, *, #1435, .T. ) ;
#105 = DIRECTION ( 'NONE',  ( -0.000000000000000000, 1.000000000000000000, -0.000000000000000000 ) ) ;
#106 = DIRECTION ( 'NONE',  ( -0.000000000000000000, -1.000000000000000000, -0.000000000000000000 ) ) ;
#107 = CARTESIAN_POINT ( 'NONE',  ( -64.99999999999972999, 0.000000000000000000, 78.47500000000003695 ) ) ;
#108 = MANIFOLD_SOLID_BREP ( 'Cut-Extrude1', #467 ) ;
#109 = EDGE_CURVE ( 'NONE', #1198, #832, #216, .T. ) ;
#110 = VECTOR ( 'NONE', #177, 1000.000000000000000 ) ;
#111 = CYLINDRICAL_SURFACE ( 'NONE', #1439, 1.524999999999998579 ) ;
#112 = VERTEX_POINT ( 'NONE', #1315 ) ;
#113 = CARTESIAN_POINT ( 'NONE',  ( 65.00000000000000000, 9.000000000000000000, 65.00000000000002842 ) ) ;
#114 = DIRECTION ( 'NONE',  ( 0.000000000000000000, 0.000000000000000000, 1.000000000000000000 ) ) ;
#115 = CARTESIAN_POINT ( 'NONE',  ( 90.00000000000000000, 9.000000000000000000, 65.00000000000002842 ) ) ;
#116 = ORIENTED_EDGE ( 'NONE', *, *, #1253, .T. ) ;
#117 = EDGE_CURVE ( 'NONE', #481, #508, #1143, .T. ) ;
#118 = CARTESIAN_POINT ( 'NONE',  ( -44.99999999999999289, 0.000000000000000000, 52.49999999999999289 ) ) ;
#119 = EDGE_LOOP ( 'NONE', ( #755, #698, #658, #1309 ) ) ;
#120 = LINE ( 'NONE', #13, #1395 ) ;
#121 = PLANE ( 'NONE',  #1011 ) ;
#122 = ORIENTED_EDGE ( 'NONE', *, *, #505, .T. ) ;
#123 = CIRCLE ( 'NONE', #1360, 1.524999999999998579 ) ;
#124 = CARTESIAN_POINT ( 'NONE',  ( -19.25000000000000000, 0.000000000000000000, -30.99999999999992895 ) ) ;
#125 = VERTEX_POINT ( 'NONE', #1242 ) ;
#126 = EDGE_CURVE ( 'NONE', #1061, #587, #59, .T. ) ;
#127 = LINE ( 'NONE', #474, #65 ) ;
#128 = DIRECTION ( 'NONE',  ( 0.000000000000000000, 0.000000000000000000, 1.000000000000000000 ) ) ;
#129 = VERTEX_POINT ( 'NONE', #556 ) ;
#130 = EDGE_CURVE ( 'NONE', #112, #384, #934, .T. ) ;
#131 = DIRECTION ( 'NONE',  ( -0.000000000000000000, 1.000000000000000000, -0.000000000000000000 ) ) ;
#132 = CYLINDRICAL_SURFACE ( 'NONE', #1473, 1.524999999999998579 ) ;
#133 = ORIENTED_EDGE ( 'NONE', *, *, #1365, .F. ) ;
#134 = EDGE_LOOP ( 'NONE', ( #310, #394 ) ) ;
#135 = VECTOR ( 'NONE', #1183, 1000.000000000000000 ) ;
#136 = DIRECTION ( 'NONE',  ( 0.000000000000000000, 0.000000000000000000, 1.000000000000000000 ) ) ;
#137 = LINE ( 'NONE', #710, #895 ) ;
#138 = EDGE_CURVE ( 'NONE', #771, #508, #688, .T. ) ;
#139 = EDGE_CURVE ( 'NONE', #508, #771, #1444, .T. ) ;
#140 = ORIENTED_EDGE ( 'NONE', *, *, #165, .T. ) ;
#141 = CARTESIAN_POINT ( 'NONE',  ( -79.99999999999975842, 0.000000000000000000, -64.99999999999988631 ) ) ;
#142 = AXIS2_PLACEMENT_3D ( 'NONE', #179, #281, #303 ) ;
#143 = CARTESIAN_POINT ( 'NONE',  ( -79.99999999999975842, 0.000000000000000000, -64.99999999999988631 ) ) ;
#144 = FACE_BOUND ( 'NONE', #134, .T. ) ;
#145 = ORIENTED_EDGE ( 'NONE', *, *, #720, .T. ) ;
#146 = EDGE_CURVE ( 'NONE', #1104, #1434, #452, .T. ) ;
#147 = VERTEX_POINT ( 'NONE', #334 ) ;
#148 = ORIENTED_EDGE ( 'NONE', *, *, #819, .T. ) ;
#149 = LINE ( 'NONE', #1174, #451 ) ;
#150 = DIRECTION ( 'NONE',  ( -0.000000000000000000, 1.000000000000000000, -0.000000000000000000 ) ) ;
#151 = ADVANCED_BREP_SHAPE_REPRESENTATION ( 'plate2_stepper', ( #108, #391 ), #1073 ) ;
#152 = CYLINDRICAL_SURFACE ( 'NONE', #605, 1.524999999999998579 ) ;
#153 = AXIS2_PLACEMENT_3D ( 'NONE', #902, #1129, #128 ) ;
#154 = ORIENTED_EDGE ( 'NONE', *, *, #1243, .F. ) ;
#155 = ADVANCED_FACE ( 'NONE', ( #326 ), #790, .F. ) ;
#156 = ORIENTED_EDGE ( 'NONE', *, *, #1027, .T. ) ;
#157 = CARTESIAN_POINT ( 'NONE',  ( -19.25000000000000000, 0.000000000000000000, -30.99999999999992895 ) ) ;
#158 = DIRECTION ( 'NONE',  ( -0.000000000000000000, 1.000000000000000000, -0.000000000000000000 ) ) ;
#159 = DIRECTION ( 'NONE',  ( -1.000000000000000000, 0.000000000000000000, 1.541976423090495387E-16 ) ) ;
#160 = AXIS2_PLACEMENT_3D ( 'NONE', #449, #1100, #1454 ) ;
#161 = VERTEX_POINT ( 'NONE', #1367 ) ;
#162 = ORIENTED_EDGE ( 'NONE', *, *, #222, .F. ) ;
#163 = ORIENTED_EDGE ( 'NONE', *, *, #1373, .F. ) ;
#164 = FACE_OUTER_BOUND ( 'NONE', #1237, .T. ) ;
#165 = EDGE_CURVE ( 'NONE', #751, #889, #269, .T. ) ;
#166 = FACE_OUTER_BOUND ( 'NONE', #614, .T. ) ;
#167 = CIRCLE ( 'NONE', #745, 1.524999999999998579 ) ;
#168 = FACE_BOUND ( 'NONE', #783, .T. ) ;
#169 = CARTESIAN_POINT ( 'NONE',  ( -44.99999999999999289, 0.000000000000000000, 52.49999999999999289 ) ) ;
#170 = VERTEX_POINT ( 'NONE', #99 ) ;
#171 = DIRECTION ( 'NONE',  ( 0.000000000000000000, 0.000000000000000000, 1.000000000000000000 ) ) ;
#172 = ORIENTED_EDGE ( 'NONE', *, *, #48, .F. ) ;
#173 = CARTESIAN_POINT ( 'NONE',  ( -79.99999999999975842, 9.000000000000000000, -63.47499999999989484 ) ) ;
#174 = CARTESIAN_POINT ( 'NONE',  ( -24.49999999999999289, 9.000000000000000000, 31.00000000000006750 ) ) ;
#175 = EDGE_CURVE ( 'NONE', #967, #852, #676, .T. ) ;
#176 = CARTESIAN_POINT ( 'NONE',  ( -24.49999999999999289, 0.000000000000000000, 31.00000000000006750 ) ) ;
#177 = DIRECTION ( 'NONE',  ( -0.000000000000000000, 1.000000000000000000, -0.000000000000000000 ) ) ;
#178 = ORIENTED_EDGE ( 'NONE', *, *, #130, .F. ) ;
#179 = CARTESIAN_POINT ( 'NONE',  ( -79.99999999999974420, 0.000000000000000000, 65.00000000000001421 ) ) ;
#180 = ORIENTED_EDGE ( 'NONE', *, *, #886, .T. ) ;
#181 = DIRECTION ( 'NONE',  ( 0.000000000000000000, 1.000000000000000000, 0.000000000000000000 ) ) ;
#182 = VECTOR ( 'NONE', #283, 1000.000000000000000 ) ;
#183 = DIRECTION ( 'NONE',  ( -1.000000000000000000, 0.000000000000000000, 6.608470384673552010E-17 ) ) ;
#184 = CIRCLE ( 'NONE', #941, 25.00000000000021672 ) ;
#185 = ORIENTED_EDGE ( 'NONE', *, *, #1373, .T. ) ;
#186 = ADVANCED_FACE ( 'NONE', ( #1121 ), #796, .F. ) ;
#187 = CARTESIAN_POINT ( 'NONE',  ( 19.25000000000000000, 0.000000000000000000, -30.99999999999992895 ) ) ;
#188 = VERTEX_POINT ( 'NONE', #228 ) ;
#189 = CARTESIAN_POINT ( 'NONE',  ( 79.99999999999975842, 9.000000000000000000, -64.99999999999988631 ) ) ;
#190 = AXIS2_PLACEMENT_3D ( 'NONE', #826, #380, #1182 ) ;
#191 = CARTESIAN_POINT ( 'NONE',  ( 24.50000000000000711, 0.000000000000000000, 32.55000000000006821 ) ) ;
#192 = LINE ( 'NONE', #1079, #981 ) ;
#193 = ORIENTED_EDGE ( 'NONE', *, *, #1465, .T. ) ;
#194 = AXIS2_PLACEMENT_3D ( 'NONE', #582, #1466, #217 ) ;
#195 = ADVANCED_FACE ( 'NONE', ( #1136 ), #1005, .F. ) ;
#196 = FACE_OUTER_BOUND ( 'NONE', #867, .T. ) ;
#197 = ORIENTED_EDGE ( 'NONE', *, *, #100, .F. ) ;
#198 = DIRECTION ( 'NONE',  ( 0.000000000000000000, 0.000000000000000000, 1.000000000000000000 ) ) ;
#199 = DIRECTION ( 'NONE',  ( 0.000000000000000000, 1.000000000000000000, 0.000000000000000000 ) ) ;
#200 = LINE ( 'NONE', #287, #223 ) ;
#201 = ORIENTED_EDGE ( 'NONE', *, *, #819, .F. ) ;
#202 = DIRECTION ( 'NONE',  ( 0.000000000000000000, 0.000000000000000000, -1.000000000000000000 ) ) ;
#203 = ORIENTED_EDGE ( 'NONE', *, *, #1302, .F. ) ;
#204 = EDGE_CURVE ( 'NONE', #1104, #93, #638, .T. ) ;
#205 = VECTOR ( 'NONE', #861, 1000.000000000000000 ) ;
#206 = DIRECTION ( 'NONE',  ( -0.000000000000000000, 1.000000000000000000, -0.000000000000000000 ) ) ;
#207 = ADVANCED_FACE ( 'NONE', ( #434 ), #121, .F. ) ;
#208 = CARTESIAN_POINT ( 'NONE',  ( 45.00000000000000000, 0.000000000000000000, -52.49999999999999289 ) ) ;
#209 = CARTESIAN_POINT ( 'NONE',  ( -89.99999999999997158, 9.000000000000000000, -64.99999999999988631 ) ) ;
#210 = ORIENTED_EDGE ( 'NONE', *, *, #1034, .T. ) ;
#211 = PLANE ( 'NONE',  #1316 ) ;
#212 = ORIENTED_EDGE ( 'NONE', *, *, #1407, .T. ) ;
#213 = FACE_BOUND ( 'NONE', #932, .T. ) ;
#214 = ADVANCED_FACE ( 'NONE', ( #1113 ), #1372, .F. ) ;
#215 = DIRECTION ( 'NONE',  ( 0.000000000000000000, 0.000000000000000000, 1.000000000000000000 ) ) ;
#216 = LINE ( 'NONE', #691, #632 ) ;
#217 = DIRECTION ( 'NONE',  ( 0.000000000000000000, 0.000000000000000000, 1.000000000000000000 ) ) ;
#218 = EDGE_LOOP ( 'NONE', ( #288, #897, #1089, #729 ) ) ;
#219 = LINE ( 'NONE', #323, #328 ) ;
#220 = CARTESIAN_POINT ( 'NONE',  ( 64.99999999999975842, 9.000000000000000000, 90.00000000000007105 ) ) ;
#221 = CARTESIAN_POINT ( 'NONE',  ( 24.50000000000000711, 9.000000000000000000, 31.00000000000006395 ) ) ;
#222 = EDGE_CURVE ( 'NONE', #798, #317, #1341, .T. ) ;
#223 = VECTOR ( 'NONE', #1069, 1000.000000000000000 ) ;
#224 = LINE ( 'NONE', #888, #311 ) ;
#225 = VERTEX_POINT ( 'NONE', #1228 ) ;
#226 = DIRECTION ( 'NONE',  ( 0.000000000000000000, 0.000000000000000000, 1.000000000000000000 ) ) ;
#227 = CARTESIAN_POINT ( 'NONE',  ( -64.99999999999972999, 0.000000000000000000, 80.00000000000002842 ) ) ;
#228 = CARTESIAN_POINT ( 'NONE',  ( 19.25000000000000000, 0.000000000000000000, -29.44999999999993179 ) ) ;
#229 = CARTESIAN_POINT ( 'NONE',  ( 79.99999999999975842, 0.000000000000000000, -64.99999999999988631 ) ) ;
#230 = EDGE_CURVE ( 'NONE', #317, #313, #569, .T. ) ;
#231 = VERTEX_POINT ( 'NONE', #1384 ) ;
#232 = VECTOR ( 'NONE', #1008, 1000.000000000000000 ) ;
#233 = DIRECTION ( 'NONE',  ( 0.000000000000000000, 1.000000000000000000, -0.000000000000000000 ) ) ;
#234 = DIRECTION ( 'NONE',  ( -0.000000000000000000, 1.000000000000000000, -0.000000000000000000 ) ) ;
#235 = ORIENTED_EDGE ( 'NONE', *, *, #1190, .T. ) ;
#236 = EDGE_CURVE ( 'NONE', #87, #1311, #707, .T. ) ;
#237 = AXIS2_PLACEMENT_3D ( 'NONE', #654, #595, #1128 ) ;
#238 = DIRECTION ( 'NONE',  ( -0.000000000000000000, -1.000000000000000000, -0.000000000000000000 ) ) ;
#239 = DIRECTION ( 'NONE',  ( 6.608470384673552010E-17, 0.000000000000000000, 1.000000000000000000 ) ) ;
#240 = ORIENTED_EDGE ( 'NONE', *, *, #355, .F. ) ;
#241 = EDGE_LOOP ( 'NONE', ( #1062, #1206, #1041, #302 ) ) ;
#242 = EDGE_CURVE ( 'NONE', #1169, #282, #834, .T. ) ;
#243 = LINE ( 'NONE', #1146, #558 ) ;
#244 = DIRECTION ( 'NONE',  ( -0.000000000000000000, 1.000000000000000000, -0.000000000000000000 ) ) ;
#245 = EDGE_LOOP ( 'NONE', ( #178, #507 ) ) ;
#246 = ORIENTED_EDGE ( 'NONE', *, *, #476, .T. ) ;
#247 = CIRCLE ( 'NONE', #1350, 25.00000000000001421 ) ;
#248 = ORIENTED_EDGE ( 'NONE', *, *, #1356, .T. ) ;
#249 = CIRCLE ( 'NONE', #645, 1.524999999999998579 ) ;
#250 = DIRECTION ( 'NONE',  ( 0.000000000000000000, 0.000000000000000000, -1.000000000000000000 ) ) ;
#251 = DIRECTION ( 'NONE',  ( 0.000000000000000000, 0.000000000000000000, 1.000000000000000000 ) ) ;
#252 = ADVANCED_FACE ( 'NONE', ( #732 ), #1398, .F. ) ;
#253 = DIRECTION ( 'NONE',  ( 1.000000000000000000, 0.000000000000000000, -1.067522139062651041E-16 ) ) ;
#254 = ORIENTED_EDGE ( 'NONE', *, *, #1190, .F. ) ;
#255 = EDGE_LOOP ( 'NONE', ( #356, #1393, #989, #999, #722, #1098, #767, #812, #1053, #36, #296, #486, #933, #1082, #23, #712 ) ) ;
#256 = ORIENTED_EDGE ( 'NONE', *, *, #1048, .F. ) ;
#257 = CARTESIAN_POINT ( 'NONE',  ( -79.99999999999975842, 0.000000000000000000, -64.99999999999988631 ) ) ;
#258 = VECTOR ( 'NONE', #718, 1000.000000000000000 ) ;
#259 = CARTESIAN_POINT ( 'NONE',  ( -44.99999999999999289, 9.000000000000000000, 52.49999999999999289 ) ) ;
#260 = DIRECTION ( 'NONE',  ( -1.541976423090495387E-16, 0.000000000000000000, -1.000000000000000000 ) ) ;
#261 = EDGE_CURVE ( 'NONE', #428, #231, #1374, .T. ) ;
#262 = ORIENTED_EDGE ( 'NONE', *, *, #463, .T. ) ;
#263 = ORIENTED_EDGE ( 'NONE', *, *, #1090, .T. ) ;
#264 = VECTOR ( 'NONE', #401, 1000.000000000000000 ) ;
#265 = FACE_OUTER_BOUND ( 'NONE', #1072, .T. ) ;
#266 = CARTESIAN_POINT ( 'NONE',  ( 90.00000000000000000, 0.000000000000000000, -52.50000000000000000 ) ) ;
#267 = CARTESIAN_POINT ( 'NONE',  ( -89.99999999999997158, 9.000000000000000000, -64.99999999999988631 ) ) ;
#268 = ORIENTED_EDGE ( 'NONE', *, *, #1080, .T. ) ;
#269 = CIRCLE ( 'NONE', #321, 1.524999999999998579 ) ;
#270 = AXIS2_PLACEMENT_3D ( 'NONE', #840, #596, #375 ) ;
#271 = ORIENTED_EDGE ( 'NONE', *, *, #878, .T. ) ;
#272 = ADVANCED_FACE ( 'NONE', ( #1039 ), #1165, .F. ) ;
#273 = ORIENTED_EDGE ( 'NONE', *, *, #175, .F. ) ;
#274 = CARTESIAN_POINT ( 'NONE',  ( -24.49999999999999289, 9.000000000000000000, 32.55000000000007532 ) ) ;
#275 = CARTESIAN_POINT ( 'NONE',  ( -24.49999999999999289, 0.000000000000000000, 32.55000000000007532 ) ) ;
#276 = DIRECTION ( 'NONE',  ( -0.000000000000000000, 1.000000000000000000, -0.000000000000000000 ) ) ;
#277 = VECTOR ( 'NONE', #206, 1000.000000000000000 ) ;
#278 = AXIS2_PLACEMENT_3D ( 'NONE', #98, #441, #891 ) ;
#279 = CARTESIAN_POINT ( 'NONE',  ( -79.99999999999974420, 0.000000000000000000, 65.00000000000001421 ) ) ;
#280 = ORIENTED_EDGE ( 'NONE', *, *, #406, .T. ) ;
#281 = DIRECTION ( 'NONE',  ( 0.000000000000000000, 1.000000000000000000, 0.000000000000000000 ) ) ;
#282 = VERTEX_POINT ( 'NONE', #1284 ) ;
#283 = DIRECTION ( 'NONE',  ( -0.000000000000000000, 1.000000000000000000, -0.000000000000000000 ) ) ;
#284 = CARTESIAN_POINT ( 'NONE',  ( 64.99999999999975842, 9.000000000000000000, -79.99999999999988631 ) ) ;
#285 = AXIS2_PLACEMENT_3D ( 'NONE', #552, #566, #909 ) ;
#286 = DIRECTION ( 'NONE',  ( 0.000000000000000000, 0.000000000000000000, 1.000000000000000000 ) ) ;
#287 = CARTESIAN_POINT ( 'NONE',  ( -79.99999999999974420, 0.000000000000000000, 66.52500000000001990 ) ) ;
#288 = ORIENTED_EDGE ( 'NONE', *, *, #1215, .T. ) ;
#289 = FACE_BOUND ( 'NONE', #460, .T. ) ;
#290 = ORIENTED_EDGE ( 'NONE', *, *, #117, .F. ) ;
#291 = CYLINDRICAL_SURFACE ( 'NONE', #68, 1.549999999999999378 ) ;
#292 = FACE_OUTER_BOUND ( 'NONE', #1289, .T. ) ;
#293 = FILL_AREA_STYLE ('',( #299 ) ) ;
#294 = ORIENTED_EDGE ( 'NONE', *, *, #1305, .F. ) ;
#295 = CARTESIAN_POINT ( 'NONE',  ( 64.99999999999975842, 0.000000000000000000, -64.99999999999988631 ) ) ;
#296 = ORIENTED_EDGE ( 'NONE', *, *, #364, .F. ) ;
#297 = DIRECTION ( 'NONE',  ( -0.000000000000000000, 1.000000000000000000, -0.000000000000000000 ) ) ;
#298 = DIRECTION ( 'NONE',  ( 0.000000000000000000, 1.000000000000000000, 0.000000000000000000 ) ) ;
#299 = FILL_AREA_STYLE_COLOUR ( '', #1224 ) ;
#300 = ADVANCED_FACE ( 'NONE', ( #918 ), #20, .F. ) ;
#301 = AXIS2_PLACEMENT_3D ( 'NONE', #848, #1299, #938 ) ;
#302 = ORIENTED_EDGE ( 'NONE', *, *, #415, .T. ) ;
#303 = DIRECTION ( 'NONE',  ( 0.000000000000000000, 0.000000000000000000, 1.000000000000000000 ) ) ;
#304 = ORIENTED_EDGE ( 'NONE', *, *, #1067, .T. ) ;
#305 = CYLINDRICAL_SURFACE ( 'NONE', #1478, 1.524999999999998579 ) ;
#306 = DIRECTION ( 'NONE',  ( 0.000000000000000000, 0.000000000000000000, -1.000000000000000000 ) ) ;
#307 = PRESENTATION_STYLE_ASSIGNMENT (( #775 ) ) ;
#308 = AXIS2_PLACEMENT_3D ( 'NONE', #227, #1032, #114 ) ;
#309 = EDGE_CURVE ( 'NONE', #161, #649, #784, .T. ) ;
#310 = ORIENTED_EDGE ( 'NONE', *, *, #1122, .F. ) ;
#311 = VECTOR ( 'NONE', #807, 1000.000000000000000 ) ;
#312 = CARTESIAN_POINT ( 'NONE',  ( -90.00000000000000000, 0.000000000000000000, -52.49999999999999289 ) ) ;
#313 = VERTEX_POINT ( 'NONE', #32 ) ;
#314 = FACE_BOUND ( 'NONE', #363, .T. ) ;
#315 = CYLINDRICAL_SURFACE ( 'NONE', #435, 1.549999999999999378 ) ;
#316 = CARTESIAN_POINT ( 'NONE',  ( -90.00000000000000000, 0.000000000000000000, 65.00000000000002842 ) ) ;
#317 = VERTEX_POINT ( 'NONE', #923 ) ;
#318 = PRODUCT_DEFINITION ( 'UNKNOWN', '', #447, #1402 ) ;
#319 = FACE_OUTER_BOUND ( 'NONE', #837, .T. ) ;
#320 = EDGE_LOOP ( 'NONE', ( #1281, #1013, #915, #248 ) ) ;
#321 = AXIS2_PLACEMENT_3D ( 'NONE', #1148, #805, #1029 ) ;
#322 = EDGE_CURVE ( 'NONE', #75, #129, #137, .T. ) ;
#323 = CARTESIAN_POINT ( 'NONE',  ( 64.99999999999975842, 0.000000000000000000, -81.52499999999989200 ) ) ;
#324 = CARTESIAN_POINT ( 'NONE',  ( -19.25000000000000000, 9.000000000000000000, -30.99999999999992895 ) ) ;
#325 = AXIS2_PLACEMENT_3D ( 'NONE', #814, #682, #820 ) ;
#326 = FACE_OUTER_BOUND ( 'NONE', #85, .T. ) ;
#327 = ORIENTED_EDGE ( 'NONE', *, *, #1287, .T. ) ;
#328 = VECTOR ( 'NONE', #561, 1000.000000000000000 ) ;
#329 = DIRECTION ( 'NONE',  ( 0.000000000000000000, 0.000000000000000000, -1.000000000000000000 ) ) ;
#330 = VERTEX_POINT ( 'NONE', #266 ) ;
#331 = EDGE_CURVE ( 'NONE', #405, #498, #366, .T. ) ;
#332 = FACE_BOUND ( 'NONE', #526, .T. ) ;
#333 = CARTESIAN_POINT ( 'NONE',  ( 79.99999999999975842, 0.000000000000000000, -66.52499999999989200 ) ) ;
#334 = CARTESIAN_POINT ( 'NONE',  ( -64.99999999999975842, 9.000000000000000000, 90.00000000000005684 ) ) ;
#335 = LINE ( 'NONE', #799, #1126 ) ;
#336 = VERTEX_POINT ( 'NONE', #259 ) ;
#337 = LINE ( 'NONE', #668, #875 ) ;
#338 = DIRECTION ( 'NONE',  ( 0.000000000000000000, 0.000000000000000000, 1.000000000000000000 ) ) ;
#339 = DIRECTION ( 'NONE',  ( 0.000000000000000000, 1.000000000000000000, -0.000000000000000000 ) ) ;
#340 = ADVANCED_FACE ( 'NONE', ( #1390 ), #611, .F. ) ;
#341 = CIRCLE ( 'NONE', #979, 1.550000000000002709 ) ;
#342 = VERTEX_POINT ( 'NONE', #1147 ) ;
#343 = CARTESIAN_POINT ( 'NONE',  ( -64.99999999999975842, 0.000000000000000000, -90.00000000000007105 ) ) ;
#344 = ORIENTED_EDGE ( 'NONE', *, *, #165, .F. ) ;
#345 = AXIS2_PLACEMENT_3D ( 'NONE', #459, #670, #1023 ) ;
#346 = AXIS2_PLACEMENT_3D ( 'NONE', #143, #937, #496 ) ;
#347 = CARTESIAN_POINT ( 'NONE',  ( 90.00000000000000000, 0.000000000000000000, 52.50000000000000000 ) ) ;
#348 = DIRECTION ( 'NONE',  ( 0.000000000000000000, 1.000000000000000000, -0.000000000000000000 ) ) ;
#349 = EDGE_CURVE ( 'NONE', #1208, #411, #733, .T. ) ;
#350 = ORIENTED_EDGE ( 'NONE', *, *, #777, .F. ) ;
#351 = CIRCLE ( 'NONE', #901, 1.524999999999998579 ) ;
#352 = AXIS2_PLACEMENT_3D ( 'NONE', #417, #450, #73 ) ;
#353 = DIRECTION ( 'NONE',  ( -0.000000000000000000, 1.000000000000000000, -0.000000000000000000 ) ) ;
#354 = LINE ( 'NONE', #1264, #88 ) ;
#355 = EDGE_CURVE ( 'NONE', #1208, #889, #945, .T. ) ;
#356 = ORIENTED_EDGE ( 'NONE', *, *, #998, .T. ) ;
#357 = AXIS2_PLACEMENT_3D ( 'NONE', #91, #199, #1112 ) ;
#358 = ADVANCED_FACE ( 'NONE', ( #821 ), #382, .F. ) ;
#359 = DIRECTION ( 'NONE',  ( -0.000000000000000000, 1.000000000000000000, -0.000000000000000000 ) ) ;
#360 = CARTESIAN_POINT ( 'NONE',  ( 64.99999999999975842, 0.000000000000000000, -79.99999999999988631 ) ) ;
#361 = EDGE_LOOP ( 'NONE', ( #1337, #466 ) ) ;
#362 = APPLICATION_CONTEXT ( 'automotive_design' ) ;
#363 = EDGE_LOOP ( 'NONE', ( #439, #1189 ) ) ;
#364 = EDGE_CURVE ( 'NONE', #1401, #129, #354, .T. ) ;
#365 = CARTESIAN_POINT ( 'NONE',  ( 90.00000000000000000, 0.000000000000000000, 65.00000000000002842 ) ) ;
#366 = LINE ( 'NONE', #488, #1077 ) ;
#367 = VECTOR ( 'NONE', #782, 1000.000000000000000 ) ;
#368 = CARTESIAN_POINT ( 'NONE',  ( -64.99999999999972999, 9.000000000000000000, 81.52500000000003411 ) ) ;
#369 = ORIENTED_EDGE ( 'NONE', *, *, #919, .T. ) ;
#370 = AXIS2_PLACEMENT_3D ( 'NONE', #709, #136, #1249 ) ;
#371 = ORIENTED_EDGE ( 'NONE', *, *, #674, .T. ) ;
#372 = VECTOR ( 'NONE', #276, 1000.000000000000000 ) ;
#373 = ADVANCED_FACE ( 'NONE', ( #703 ), #132, .F. ) ;
#374 = DIRECTION ( 'NONE',  ( 0.000000000000000000, 0.000000000000000000, 1.000000000000000000 ) ) ;
#375 = DIRECTION ( 'NONE',  ( 0.000000000000000000, 0.000000000000000000, 1.000000000000000000 ) ) ;
#376 = DIRECTION ( 'NONE',  ( 0.000000000000000000, 1.000000000000000000, 0.000000000000000000 ) ) ;
#377 = EDGE_LOOP ( 'NONE', ( #1288, #203, #940, #1362 ) ) ;
#378 = ORIENTED_EDGE ( 'NONE', *, *, #472, .F. ) ;
#379 = ORIENTED_EDGE ( 'NONE', *, *, #1407, .F. ) ;
#380 = DIRECTION ( 'NONE',  ( -0.000000000000000000, 1.000000000000000000, -0.000000000000000000 ) ) ;
#381 = AXIS2_PLACEMENT_3D ( 'NONE', #896, #576, #686 ) ;
#382 = CYLINDRICAL_SURFACE ( 'NONE', #664, 1.524999999999998579 ) ;
#383 = FACE_OUTER_BOUND ( 'NONE', #1272, .T. ) ;
#384 = VERTEX_POINT ( 'NONE', #1201 ) ;
#385 = ORIENTED_EDGE ( 'NONE', *, *, #139, .T. ) ;
#386 = ORIENTED_EDGE ( 'NONE', *, *, #1458, .T. ) ;
#387 = CARTESIAN_POINT ( 'NONE',  ( 79.99999999999975842, 9.000000000000000000, -63.47499999999989484 ) ) ;
#388 = DIRECTION ( 'NONE',  ( 0.000000000000000000, 0.000000000000000000, 1.000000000000000000 ) ) ;
#389 = FACE_OUTER_BOUND ( 'NONE', #255, .T. ) ;
#390 = ORIENTED_EDGE ( 'NONE', *, *, #567, .F. ) ;
#391 = AXIS2_PLACEMENT_3D ( 'NONE', #1233, #80, #431 ) ;
#392 = AXIS2_PLACEMENT_3D ( 'NONE', #284, #975, #748 ) ;
#393 = EDGE_CURVE ( 'NONE', #1379, #51, #16, .T. ) ;
#394 = ORIENTED_EDGE ( 'NONE', *, *, #1397, .F. ) ;
#395 = CARTESIAN_POINT ( 'NONE',  ( -24.49999999999999289, 0.000000000000000000, 31.00000000000006750 ) ) ;
#396 = VERTEX_POINT ( 'NONE', #960 ) ;
#397 = DIRECTION ( 'NONE',  ( 0.000000000000000000, 0.000000000000000000, -1.000000000000000000 ) ) ;
#398 = CARTESIAN_POINT ( 'NONE',  ( -64.99999999999972999, 0.000000000000000000, 78.47500000000003695 ) ) ;
#399 = CARTESIAN_POINT ( 'NONE',  ( -64.99999999999975842, 9.000000000000000000, -64.99999999999988631 ) ) ;
#400 = VECTOR ( 'NONE', #1285, 1000.000000000000000 ) ;
#401 = DIRECTION ( 'NONE',  ( 1.067522139062651164E-16, -0.000000000000000000, 1.000000000000000000 ) ) ;
#402 = ORIENTED_EDGE ( 'NONE', *, *, #236, .T. ) ;
#403 = EDGE_CURVE ( 'NONE', #873, #75, #951, .T. ) ;
#404 = CARTESIAN_POINT ( 'NONE',  ( -64.99999999999975842, 9.000000000000000000, -79.99999999999988631 ) ) ;
#405 = VERTEX_POINT ( 'NONE', #846 ) ;
#406 = EDGE_CURVE ( 'NONE', #1035, #419, #1173, .T. ) ;
#407 = DIRECTION ( 'NONE',  ( 0.000000000000000000, 0.000000000000000000, 1.000000000000000000 ) ) ;
#408 = CIRCLE ( 'NONE', #1119, 1.549999999999999378 ) ;
#409 = LINE ( 'NONE', #749, #562 ) ;
#410 = DIRECTION ( 'NONE',  ( 1.000000000000000000, -0.000000000000000000, 1.541976423090495633E-16 ) ) ;
#411 = VERTEX_POINT ( 'NONE', #530 ) ;
#412 = CYLINDRICAL_SURFACE ( 'NONE', #773, 1.549999999999999378 ) ;
#413 = EDGE_LOOP ( 'NONE', ( #692, #1026 ) ) ;
#414 = PRODUCT ( 'plate2_stepper', 'plate2_stepper', '', ( #1210 ) ) ;
#415 = EDGE_CURVE ( 'NONE', #873, #1401, #868, .T. ) ;
#416 = FACE_OUTER_BOUND ( 'NONE', #1056, .T. ) ;
#417 = CARTESIAN_POINT ( 'NONE',  ( 19.25000000000000000, 0.000000000000000000, -30.99999999999992895 ) ) ;
#418 = CARTESIAN_POINT ( 'NONE',  ( 90.00000000000000000, 0.000000000000000000, 65.00000000000002842 ) ) ;
#419 = VERTEX_POINT ( 'NONE', #1411 ) ;
#420 = DIRECTION ( 'NONE',  ( -1.000000000000000000, 0.000000000000000000, -0.000000000000000000 ) ) ;
#421 = EDGE_LOOP ( 'NONE', ( #644, #3, #651, #1138 ) ) ;
#422 =( NAMED_UNIT ( * ) SI_UNIT ( $, .STERADIAN. ) SOLID_ANGLE_UNIT ( ) );
#423 = LINE ( 'NONE', #522, #41 ) ;
#424 = EDGE_CURVE ( 'NONE', #832, #656, #589, .T. ) ;
#425 = CARTESIAN_POINT ( 'NONE',  ( -64.99999999999975842, 9.000000000000000000, -90.00000000000007105 ) ) ;
#426 = CARTESIAN_POINT ( 'NONE',  ( 64.99999999999975842, 9.000000000000000000, -90.00000000000007105 ) ) ;
#427 = CIRCLE ( 'NONE', #994, 1.524999999999998579 ) ;
#428 = VERTEX_POINT ( 'NONE', #1313 ) ;
#429 = DIRECTION ( 'NONE',  ( -0.000000000000000000, 1.000000000000000000, -0.000000000000000000 ) ) ;
#430 = ORIENTED_EDGE ( 'NONE', *, *, #616, .F. ) ;
#431 = DIRECTION ( 'NONE',  ( 1.000000000000000000, 0.000000000000000000, 0.000000000000000000 ) ) ;
#432 = CARTESIAN_POINT ( 'NONE',  ( 64.99999999999975842, 0.000000000000000000, -64.99999999999988631 ) ) ;
#433 = CARTESIAN_POINT ( 'NONE',  ( -90.00000000000000000, 0.000000000000000000, -52.49999999999999289 ) ) ;
#434 = FACE_OUTER_BOUND ( 'NONE', #218, .T. ) ;
#435 = AXIS2_PLACEMENT_3D ( 'NONE', #876, #1221, #1101 ) ;
#436 = EDGE_LOOP ( 'NONE', ( #533, #1432 ) ) ;
#437 = EDGE_CURVE ( 'NONE', #1037, #396, #543, .T. ) ;
#438 = CARTESIAN_POINT ( 'NONE',  ( 45.00000000000000000, 0.000000000000000000, -52.49999999999999289 ) ) ;
#439 = ORIENTED_EDGE ( 'NONE', *, *, #914, .T. ) ;
#440 = CARTESIAN_POINT ( 'NONE',  ( -19.25000000000000000, 0.000000000000000000, -30.99999999999992895 ) ) ;
#441 = DIRECTION ( 'NONE',  ( 0.000000000000000000, 1.000000000000000000, 0.000000000000000000 ) ) ;
#442 = CIRCLE ( 'NONE', #754, 1.524999999999998579 ) ;
#443 = DIRECTION ( 'NONE',  ( -0.000000000000000000, -1.000000000000000000, -0.000000000000000000 ) ) ;
#444 = ADVANCED_FACE ( 'NONE', ( #416 ), #305, .F. ) ;
#445 = LINE ( 'NONE', #1231, #865 ) ;
#446 = ORIENTED_EDGE ( 'NONE', *, *, #261, .T. ) ;
#447 = PRODUCT_DEFINITION_FORMATION_WITH_SPECIFIED_SOURCE ( 'ANY', '', #414, .NOT_KNOWN. ) ;
#448 = AXIS2_PLACEMENT_3D ( 'NONE', #1051, #1175, #39 ) ;
#449 = CARTESIAN_POINT ( 'NONE',  ( 79.99999999999977263, 9.000000000000000000, 65.00000000000002842 ) ) ;
#450 = DIRECTION ( 'NONE',  ( 0.000000000000000000, 1.000000000000000000, 0.000000000000000000 ) ) ;
#451 = VECTOR ( 'NONE', #936, 1000.000000000000000 ) ;
#452 = LINE ( 'NONE', #1258, #985 ) ;
#453 = AXIS2_PLACEMENT_3D ( 'NONE', #113, #570, #1462 ) ;
#454 = DIRECTION ( 'NONE',  ( 0.000000000000000000, 1.000000000000000000, 0.000000000000000000 ) ) ;
#455 = ORIENTED_EDGE ( 'NONE', *, *, #45, .T. ) ;
#456 = EDGE_CURVE ( 'NONE', #419, #520, #81, .T. ) ;
#457 = FACE_BOUND ( 'NONE', #34, .T. ) ;
#458 = CARTESIAN_POINT ( 'NONE',  ( -79.99999999999974420, 9.000000000000000000, 66.52500000000001990 ) ) ;
#459 = CARTESIAN_POINT ( 'NONE',  ( -45.00000000000000000, 0.000000000000000000, -52.49999999999999289 ) ) ;
#460 = EDGE_LOOP ( 'NONE', ( #1246, #1342 ) ) ;
#461 = CARTESIAN_POINT ( 'NONE',  ( 64.99999999999978684, 9.000000000000000000, 78.47500000000003695 ) ) ;
#462 = ORIENTED_EDGE ( 'NONE', *, *, #393, .T. ) ;
#463 = EDGE_CURVE ( 'NONE', #336, #1040, #64, .T. ) ;
#464 = CARTESIAN_POINT ( 'NONE',  ( -65.00000000000000000, 9.000000000000000000, 65.00000000000002842 ) ) ;
#465 = CARTESIAN_POINT ( 'NONE',  ( -90.00000000000000000, 0.000000000000000000, -52.49999999999999289 ) ) ;
#466 = ORIENTED_EDGE ( 'NONE', *, *, #1353, .F. ) ;
#467 = CLOSED_SHELL ( 'NONE', ( #214, #1111, #1446, #974, #768, #15, #444, #1380, #926, #373, #37, #300, #1343, #186, #1058, #1322, #943, #850, #1417, #627, #565, #894, #995, #624, #527, #1141, #340, #358, #252, #842, #1427, #272, #485, #584, #701, #195, #1467, #1153, #964, #207, #155, #685 ) ) ;
#468 = ORIENTED_EDGE ( 'NONE', *, *, #824, .T. ) ;
#469 = VECTOR ( 'NONE', #828, 1000.000000000000000 ) ;
#470 = DIRECTION ( 'NONE',  ( -1.067522139062651041E-16, 0.000000000000000000, -1.000000000000000000 ) ) ;
#471 = DIRECTION ( 'NONE',  ( 0.000000000000000000, 0.000000000000000000, 1.000000000000000000 ) ) ;
#472 = EDGE_CURVE ( 'NONE', #1394, #982, #574, .T. ) ;
#473 = EDGE_LOOP ( 'NONE', ( #378, #604 ) ) ;
#474 = CARTESIAN_POINT ( 'NONE',  ( -64.99999999999975842, 9.000000000000000000, -90.00000000000007105 ) ) ;
#475 = CARTESIAN_POINT ( 'NONE',  ( 24.50000000000000711, 0.000000000000000000, 31.00000000000006395 ) ) ;
#476 = EDGE_CURVE ( 'NONE', #568, #317, #423, .T. ) ;
#477 = ORIENTED_EDGE ( 'NONE', *, *, #331, .T. ) ;
#478 = CARTESIAN_POINT ( 'NONE',  ( -45.00000000000000000, 0.000000000000000000, -52.49999999999999289 ) ) ;
#479 = CARTESIAN_POINT ( 'NONE',  ( -65.00000000000000000, 0.000000000000000000, 65.00000000000002842 ) ) ;
#480 = DIRECTION ( 'NONE',  ( -0.000000000000000000, -1.000000000000000000, -0.000000000000000000 ) ) ;
#481 = VERTEX_POINT ( 'NONE', #398 ) ;
#482 = CIRCLE ( 'NONE', #1045, 1.549999999999999378 ) ;
#483 = ORIENTED_EDGE ( 'NONE', *, *, #138, .T. ) ;
#484 = AXIS2_PLACEMENT_3D ( 'NONE', #532, #1095, #549 ) ;
#485 = ADVANCED_FACE ( 'NONE', ( #968 ), #291, .F. ) ;
#486 = ORIENTED_EDGE ( 'NONE', *, *, #905, .F. ) ;
#487 = DIRECTION ( 'NONE',  ( 1.000000000000000000, 0.000000000000000000, 1.541976423090495633E-16 ) ) ;
#488 = CARTESIAN_POINT ( 'NONE',  ( 19.25000000000000000, 0.000000000000000000, -32.54999999999992610 ) ) ;
#489 = AXIS2_PLACEMENT_3D ( 'NONE', #1472, #339, #572 ) ;
#490 = FACE_BOUND ( 'NONE', #1317, .T. ) ;
#491 = ORIENTED_EDGE ( 'NONE', *, *, #720, .F. ) ;
#492 = ORIENTED_EDGE ( 'NONE', *, *, #424, .T. ) ;
#493 = ORIENTED_EDGE ( 'NONE', *, *, #736, .F. ) ;
#494 = VECTOR ( 'NONE', #1167, 1000.000000000000000 ) ;
#495 = DIRECTION ( 'NONE',  ( 0.000000000000000000, 0.000000000000000000, 1.000000000000000000 ) ) ;
#496 = DIRECTION ( 'NONE',  ( 0.000000000000000000, 0.000000000000000000, 1.000000000000000000 ) ) ;
#497 = CARTESIAN_POINT ( 'NONE',  ( 79.99999999999975842, 9.000000000000000000, -66.52499999999989200 ) ) ;
#498 = VERTEX_POINT ( 'NONE', #1298 ) ;
#499 = ORIENTED_EDGE ( 'NONE', *, *, #261, .F. ) ;
#500 = AXIS2_PLACEMENT_3D ( 'NONE', #257, #610, #502 ) ;
#501 = ORIENTED_EDGE ( 'NONE', *, *, #674, .F. ) ;
#502 = DIRECTION ( 'NONE',  ( 0.000000000000000000, 0.000000000000000000, 1.000000000000000000 ) ) ;
#503 = VECTOR ( 'NONE', #665, 1000.000000000000000 ) ;
#504 = DIRECTION ( 'NONE',  ( 0.000000000000000000, 0.000000000000000000, 1.000000000000000000 ) ) ;
#505 = EDGE_CURVE ( 'NONE', #948, #282, #984, .T. ) ;
#506 = FACE_BOUND ( 'NONE', #1244, .T. ) ;
#507 = ORIENTED_EDGE ( 'NONE', *, *, #1080, .F. ) ;
#508 = VERTEX_POINT ( 'NONE', #1422 ) ;
#509 = CARTESIAN_POINT ( 'NONE',  ( -79.99999999999975842, 0.000000000000000000, -66.52499999999989200 ) ) ;
#510 = ORIENTED_EDGE ( 'NONE', *, *, #138, .F. ) ;
#511 = DIRECTION ( 'NONE',  ( 0.000000000000000000, 0.000000000000000000, 1.000000000000000000 ) ) ;
#512 = CARTESIAN_POINT ( 'NONE',  ( 79.99999999999975842, 0.000000000000000000, -64.99999999999988631 ) ) ;
#513 = LINE ( 'NONE', #726, #494 ) ;
#514 = AXIS2_PLACEMENT_3D ( 'NONE', #1043, #52, #511 ) ;
#515 = EDGE_CURVE ( 'NONE', #836, #1379, #1429, .T. ) ;
#516 = AXIS2_PLACEMENT_3D ( 'NONE', #360, #158, #471 ) ;
#517 = EDGE_LOOP ( 'NONE', ( #973, #493, #623, #583 ) ) ;
#518 = DIRECTION ( 'NONE',  ( 1.000000000000000000, 0.000000000000000000, 0.000000000000000000 ) ) ;
#519 = VECTOR ( 'NONE', #1376, 1000.000000000000000 ) ;
#520 = VERTEX_POINT ( 'NONE', #740 ) ;
#521 = CARTESIAN_POINT ( 'NONE',  ( -19.25000000000000000, 0.000000000000000000, -32.54999999999992610 ) ) ;
#522 = CARTESIAN_POINT ( 'NONE',  ( -90.00000000000000000, 9.000000000000000000, 65.00000000000002842 ) ) ;
#523 = VECTOR ( 'NONE', #1329, 1000.000000000000000 ) ;
#524 = DIRECTION ( 'NONE',  ( -0.000000000000000000, 1.000000000000000000, -0.000000000000000000 ) ) ;
#525 = CARTESIAN_POINT ( 'NONE',  ( 45.00000000000000711, 0.000000000000000000, 52.49999999999999289 ) ) ;
#526 = EDGE_LOOP ( 'NONE', ( #280, #843 ) ) ;
#527 = ADVANCED_FACE ( 'NONE', ( #166 ), #626, .F. ) ;
#528 = CARTESIAN_POINT ( 'NONE',  ( 79.99999999999977263, 9.000000000000000000, 66.52500000000003411 ) ) ;
#529 = ORIENTED_EDGE ( 'NONE', *, *, #998, .F. ) ;
#530 = CARTESIAN_POINT ( 'NONE',  ( -64.99999999999975842, 0.000000000000000000, -78.47499999999989484 ) ) ;
#531 = CARTESIAN_POINT ( 'NONE',  ( 90.00000000000002842, 9.000000000000000000, 65.00000000000002842 ) ) ;
#532 = CARTESIAN_POINT ( 'NONE',  ( 79.99999999999977263, 0.000000000000000000, 65.00000000000002842 ) ) ;
#533 = ORIENTED_EDGE ( 'NONE', *, *, #1305, .T. ) ;
#534 = DIRECTION ( 'NONE',  ( 0.000000000000000000, -1.000000000000000000, 0.000000000000000000 ) ) ;
#535 = ORIENTED_EDGE ( 'NONE', *, *, #437, .F. ) ;
#536 = EDGE_CURVE ( 'NONE', #1434, #849, #184, .T. ) ;
#537 = AXIS2_PLACEMENT_3D ( 'NONE', #841, #1078, #636 ) ;
#538 = DIRECTION ( 'NONE',  ( -0.000000000000000000, 1.000000000000000000, -0.000000000000000000 ) ) ;
#539 = AXIS2_PLACEMENT_3D ( 'NONE', #279, #92, #541 ) ;
#540 = DIRECTION ( 'NONE',  ( -1.000000000000000000, -0.000000000000000000, -0.000000000000000000 ) ) ;
#541 = DIRECTION ( 'NONE',  ( 0.000000000000000000, 0.000000000000000000, 1.000000000000000000 ) ) ;
#542 = ORIENTED_EDGE ( 'NONE', *, *, #1027, .F. ) ;
#543 = CIRCLE ( 'NONE', #392, 1.524999999999998579 ) ;
#544 = DIRECTION ( 'NONE',  ( 0.000000000000000000, 0.000000000000000000, 1.000000000000000000 ) ) ;
#545 = EDGE_LOOP ( 'NONE', ( #1196, #1132, #957, #462 ) ) ;
#546 = DIRECTION ( 'NONE',  ( 0.000000000000000000, 0.000000000000000000, 1.000000000000000000 ) ) ;
#547 = EDGE_CURVE ( 'NONE', #849, #823, #1248, .T. ) ;
#548 = FACE_OUTER_BOUND ( 'NONE', #241, .T. ) ;
#549 = DIRECTION ( 'NONE',  ( 0.000000000000000000, 0.000000000000000000, 1.000000000000000000 ) ) ;
#550 = AXIS2_PLACEMENT_3D ( 'NONE', #1207, #1105, #761 ) ;
#551 = EDGE_LOOP ( 'NONE', ( #1404, #1172, #529, #663 ) ) ;
#552 = CARTESIAN_POINT ( 'NONE',  ( 64.99999999999975842, 0.000000000000000000, -79.99999999999988631 ) ) ;
#553 = ORIENTED_EDGE ( 'NONE', *, *, #1048, .T. ) ;
#554 = FACE_OUTER_BOUND ( 'NONE', #779, .T. ) ;
#555 = DIRECTION ( 'NONE',  ( -0.000000000000000000, 1.000000000000000000, -0.000000000000000000 ) ) ;
#556 = CARTESIAN_POINT ( 'NONE',  ( 45.00000000000000711, 9.000000000000000000, 52.49999999999999289 ) ) ;
#557 = EDGE_CURVE ( 'NONE', #330, #971, #1117, .T. ) ;
#558 = VECTOR ( 'NONE', #131, 1000.000000000000000 ) ;
#559 = CARTESIAN_POINT ( 'NONE',  ( 90.00000000000000000, 0.000000000000000000, -52.50000000000000000 ) ) ;
#560 = ORIENTED_EDGE ( 'NONE', *, *, #424, .F. ) ;
#561 = DIRECTION ( 'NONE',  ( -0.000000000000000000, 1.000000000000000000, -0.000000000000000000 ) ) ;
#562 = VECTOR ( 'NONE', #862, 1000.000000000000000 ) ;
#563 = DIRECTION ( 'NONE',  ( -0.000000000000000000, 1.000000000000000000, -0.000000000000000000 ) ) ;
#564 = DIRECTION ( 'NONE',  ( -1.000000000000000000, 0.000000000000000000, -0.000000000000000000 ) ) ;
#565 = ADVANCED_FACE ( 'NONE', ( #554 ), #1240, .T. ) ;
#566 = DIRECTION ( 'NONE',  ( -0.000000000000000000, 1.000000000000000000, -0.000000000000000000 ) ) ;
#567 = EDGE_CURVE ( 'NONE', #1116, #1468, #713, .T. ) ;
#568 = VERTEX_POINT ( 'NONE', #1133 ) ;
#569 = CIRCLE ( 'NONE', #1392, 25.00000000000001421 ) ;
#570 = DIRECTION ( 'NONE',  ( -0.000000000000000000, -1.000000000000000000, -0.000000000000000000 ) ) ;
#571 = DIRECTION ( 'NONE',  ( -1.000000000000000000, -0.000000000000000000, -0.000000000000000000 ) ) ;
#572 = DIRECTION ( 'NONE',  ( 0.000000000000000000, 0.000000000000000000, -1.000000000000000000 ) ) ;
#573 = ORIENTED_EDGE ( 'NONE', *, *, #406, .F. ) ;
#574 = CIRCLE ( 'NONE', #1400, 1.524999999999998579 ) ;
#575 = CIRCLE ( 'NONE', #352, 1.549999999999999378 ) ;
#576 = DIRECTION ( 'NONE',  ( 0.000000000000000000, 1.000000000000000000, 0.000000000000000000 ) ) ;
#577 = ORIENTED_EDGE ( 'NONE', *, *, #1171, .F. ) ;
#578 = EDGE_CURVE ( 'NONE', #1255, #735, #351, .T. ) ;
#579 = LINE ( 'NONE', #347, #1014 ) ;
#580 = DIRECTION ( 'NONE',  ( -0.000000000000000000, 1.000000000000000000, -0.000000000000000000 ) ) ;
#581 = ORIENTED_EDGE ( 'NONE', *, *, #1365, .T. ) ;
#582 = CARTESIAN_POINT ( 'NONE',  ( 64.99999999999978684, 0.000000000000000000, 80.00000000000002842 ) ) ;
#583 = ORIENTED_EDGE ( 'NONE', *, *, #1122, .T. ) ;
#584 = ADVANCED_FACE ( 'NONE', ( #659 ), #993, .F. ) ;
#585 = CARTESIAN_POINT ( 'NONE',  ( -90.00000000000000000, 9.000000000000000000, 65.00000000000002842 ) ) ;
#586 = DIRECTION ( 'NONE',  ( -0.000000000000000000, 1.000000000000000000, -0.000000000000000000 ) ) ;
#587 = VERTEX_POINT ( 'NONE', #689 ) ;
#588 = CIRCLE ( 'NONE', #1418, 25.00000000000021672 ) ;
#589 = CIRCLE ( 'NONE', #1031, 1.524999999999998579 ) ;
#590 = CARTESIAN_POINT ( 'NONE',  ( -64.99999999999975842, 0.000000000000000000, -81.52499999999989200 ) ) ;
#591 = DIRECTION ( 'NONE',  ( 0.000000000000000000, 1.000000000000000000, 0.000000000000000000 ) ) ;
#592 = EDGE_CURVE ( 'NONE', #520, #641, #1327, .T. ) ;
#593 = EDGE_LOOP ( 'NONE', ( #210, #744, #1084, #742, #1477, #133, #760, #606, #931, #17, #1162, #953, #22, #162, #714, #116 ) ) ;
#594 = ORIENTED_EDGE ( 'NONE', *, *, #598, .T. ) ;
#595 = DIRECTION ( 'NONE',  ( 0.000000000000000000, 1.000000000000000000, 0.000000000000000000 ) ) ;
#596 = DIRECTION ( 'NONE',  ( 0.000000000000000000, 1.000000000000000000, 0.000000000000000000 ) ) ;
#597 = ORIENTED_EDGE ( 'NONE', *, *, #648, .T. ) ;
#598 = EDGE_CURVE ( 'NONE', #1123, #396, #219, .T. ) ;
#599 = VERTEX_POINT ( 'NONE', #788 ) ;
#600 = VECTOR ( 'NONE', #429, 1000.000000000000000 ) ;
#601 = CYLINDRICAL_SURFACE ( 'NONE', #717, 1.549999999999999378 ) ;
#602 = DIRECTION ( 'NONE',  ( 0.000000000000000000, 0.000000000000000000, -1.000000000000000000 ) ) ;
#603 = CARTESIAN_POINT ( 'NONE',  ( 90.00000000000000000, 9.000000000000000000, -52.50000000000000000 ) ) ;
#604 = ORIENTED_EDGE ( 'NONE', *, *, #7, .F. ) ;
#605 = AXIS2_PLACEMENT_3D ( 'NONE', #952, #1176, #1307 ) ;
#606 = ORIENTED_EDGE ( 'NONE', *, *, #403, .T. ) ;
#607 = VECTOR ( 'NONE', #1431, 1000.000000000000000 ) ;
#608 = EDGE_CURVE ( 'NONE', #1049, #336, #337, .T. ) ;
#609 = EDGE_LOOP ( 'NONE', ( #1265, #991, #492, #254 ) ) ;
#610 = DIRECTION ( 'NONE',  ( -0.000000000000000000, 1.000000000000000000, -0.000000000000000000 ) ) ;
#611 = CYLINDRICAL_SURFACE ( 'NONE', #448, 1.524999999999998579 ) ;
#612 = CYLINDRICAL_SURFACE ( 'NONE', #1387, 25.00000000000021672 ) ;
#613 = ORIENTED_EDGE ( 'NONE', *, *, #97, .T. ) ;
#614 = EDGE_LOOP ( 'NONE', ( #240, #1130, #737, #140 ) ) ;
#615 = ORIENTED_EDGE ( 'NONE', *, *, #1287, .F. ) ;
#616 = EDGE_CURVE ( 'NONE', #1255, #1461, #882, .T. ) ;
#617 = VECTOR ( 'NONE', #680, 1000.000000000000000 ) ;
#618 = CIRCLE ( 'NONE', #1453, 1.549999999999999378 ) ;
#619 = DIRECTION ( 'NONE',  ( -0.000000000000000000, 1.000000000000000000, -0.000000000000000000 ) ) ;
#620 = CARTESIAN_POINT ( 'NONE',  ( -64.99999999999975842, 0.000000000000000000, -79.99999999999988631 ) ) ;
#621 = FACE_BOUND ( 'NONE', #1345, .T. ) ;
#622 = ORIENTED_EDGE ( 'NONE', *, *, #1204, .T. ) ;
#623 = ORIENTED_EDGE ( 'NONE', *, *, #954, .T. ) ;
#624 = ADVANCED_FACE ( 'NONE', ( #1355, #314, #213, #1127, #673, #1108, #332, #96, #1479, #457, #906, #289, #60 ), #1083, .T. ) ;
#625 = DIRECTION ( 'NONE',  ( 0.000000000000000000, 1.000000000000000000, 0.000000000000000000 ) ) ;
#626 = CYLINDRICAL_SURFACE ( 'NONE', #1109, 1.524999999999998579 ) ;
#627 = ADVANCED_FACE ( 'NONE', ( #1335 ), #70, .F. ) ;
#628 = CARTESIAN_POINT ( 'NONE',  ( 64.99999999999975842, 0.000000000000000000, -78.47499999999989484 ) ) ;
#629 = DIRECTION ( 'NONE',  ( 0.000000000000000000, 1.000000000000000000, 0.000000000000000000 ) ) ;
#630 = ORIENTED_EDGE ( 'NONE', *, *, #1193, .T. ) ;
#631 = CARTESIAN_POINT ( 'NONE',  ( 64.99999999999978684, 9.000000000000000000, 81.52500000000003411 ) ) ;
#632 = VECTOR ( 'NONE', #2, 1000.000000000000000 ) ;
#633 = ORIENTED_EDGE ( 'NONE', *, *, #747, .F. ) ;
#634 = CARTESIAN_POINT ( 'NONE',  ( 90.00000000000001421, 0.000000000000000000, -64.99999999999988631 ) ) ;
#635 = CARTESIAN_POINT ( 'NONE',  ( 64.99999999999978684, 9.000000000000000000, 80.00000000000002842 ) ) ;
#636 = DIRECTION ( 'NONE',  ( 0.000000000000000000, 0.000000000000000000, 1.000000000000000000 ) ) ;
#637 = CARTESIAN_POINT ( 'NONE',  ( -24.49999999999999289, 9.000000000000000000, 29.45000000000007034 ) ) ;
#638 = CIRCLE ( 'NONE', #825, 25.00000000000021672 ) ;
#639 = EDGE_CURVE ( 'NONE', #313, #1061, #1419, .T. ) ;
#640 = AXIS2_PLACEMENT_3D ( 'NONE', #620, #815, #251 ) ;
#641 = VERTEX_POINT ( 'NONE', #528 ) ;
#642 = CARTESIAN_POINT ( 'NONE',  ( -19.25000000000000000, 0.000000000000000000, -29.44999999999993179 ) ) ;
#643 = AXIS2_PLACEMENT_3D ( 'NONE', #1396, #950, #1164 ) ;
#644 = ORIENTED_EDGE ( 'NONE', *, *, #57, .F. ) ;
#645 = AXIS2_PLACEMENT_3D ( 'NONE', #404, #753, #86 ) ;
#646 = DIRECTION ( 'NONE',  ( 6.608470384673552010E-17, 0.000000000000000000, 1.000000000000000000 ) ) ;
#647 = CARTESIAN_POINT ( 'NONE',  ( -79.99999999999974420, 9.000000000000000000, 63.47500000000001563 ) ) ;
#648 = EDGE_CURVE ( 'NONE', #889, #751, #249, .T. ) ;
#649 = VERTEX_POINT ( 'NONE', #650 ) ;
#650 = CARTESIAN_POINT ( 'NONE',  ( 24.50000000000000711, 0.000000000000000000, 29.45000000000006679 ) ) ;
#651 = ORIENTED_EDGE ( 'NONE', *, *, #1160, .T. ) ;
#652 = DIRECTION ( 'NONE',  ( 0.000000000000000000, 1.000000000000000000, 0.000000000000000000 ) ) ;
#653 = CIRCLE ( 'NONE', #142, 1.524999999999998579 ) ;
#654 = CARTESIAN_POINT ( 'NONE',  ( -19.25000000000000000, 0.000000000000000000, -30.99999999999992895 ) ) ;
#655 = SURFACE_SIDE_STYLE ('',( #1331 ) ) ;
#656 = VERTEX_POINT ( 'NONE', #631 ) ;
#657 = CARTESIAN_POINT ( 'NONE',  ( -64.99999999999975842, 0.000000000000000000, 90.00000000000007105 ) ) ;
#658 = ORIENTED_EDGE ( 'NONE', *, *, #204, .F. ) ;
#659 = FACE_OUTER_BOUND ( 'NONE', #844, .T. ) ;
#660 = PRESENTATION_LAYER_ASSIGNMENT (  '', '', ( #1293 ) ) ;
#661 = DIRECTION ( 'NONE',  ( 0.000000000000000000, 0.000000000000000000, 1.000000000000000000 ) ) ;
#662 = CYLINDRICAL_SURFACE ( 'NONE', #484, 1.524999999999998579 ) ;
#663 = ORIENTED_EDGE ( 'NONE', *, *, #175, .T. ) ;
#664 = AXIS2_PLACEMENT_3D ( 'NONE', #1291, #14, #1378 ) ;
#665 = DIRECTION ( 'NONE',  ( -0.000000000000000000, 1.000000000000000000, -0.000000000000000000 ) ) ;
#666 = ORIENTED_EDGE ( 'NONE', *, *, #415, .F. ) ;
#667 = EDGE_CURVE ( 'NONE', #419, #1035, #427, .T. ) ;
#668 = CARTESIAN_POINT ( 'NONE',  ( -44.99999999999999289, 9.000000000000000000, 52.49999999999999289 ) ) ;
#669 = CYLINDRICAL_SURFACE ( 'NONE', #1336, 1.524999999999998579 ) ;
#670 = DIRECTION ( 'NONE',  ( 1.000000000000000000, 0.000000000000000000, -6.608470384673552010E-17 ) ) ;
#671 = DIRECTION ( 'NONE',  ( 0.000000000000000000, 0.000000000000000000, 1.000000000000000000 ) ) ;
#672 = ORIENTED_EDGE ( 'NONE', *, *, #1302, .T. ) ;
#673 = FACE_BOUND ( 'NONE', #1064, .T. ) ;
#674 = EDGE_CURVE ( 'NONE', #396, #1037, #1179, .T. ) ;
#675 = CARTESIAN_POINT ( 'NONE',  ( -79.99999999999975842, 9.000000000000000000, -64.99999999999988631 ) ) ;
#676 = LINE ( 'NONE', #209, #1149 ) ;
#677 = EDGE_LOOP ( 'NONE', ( #719, #1140, #1001, #156 ) ) ;
#678 = CARTESIAN_POINT ( 'NONE',  ( 90.00000000000000000, 9.000000000000000000, 65.00000000000002842 ) ) ;
#679 = ORIENTED_EDGE ( 'NONE', *, *, #437, .T. ) ;
#680 = DIRECTION ( 'NONE',  ( -1.000000000000000000, -0.000000000000000000, -0.000000000000000000 ) ) ;
#681 = AXIS2_PLACEMENT_3D ( 'NONE', #1476, #454, #903 ) ;
#682 = DIRECTION ( 'NONE',  ( 0.000000000000000000, 1.000000000000000000, 0.000000000000000000 ) ) ;
#683 = CARTESIAN_POINT ( 'NONE',  ( -24.49999999999999289, 0.000000000000000000, 31.00000000000006750 ) ) ;
#684 = EDGE_CURVE ( 'NONE', #1035, #641, #880, .T. ) ;
#685 = ADVANCED_FACE ( 'NONE', ( #196 ), #1197, .F. ) ;
#686 = DIRECTION ( 'NONE',  ( 0.000000000000000000, 0.000000000000000000, 1.000000000000000000 ) ) ;
#687 = EDGE_LOOP ( 'NONE', ( #193, #273, #1163, #1261 ) ) ;
#688 = CIRCLE ( 'NONE', #1075, 1.524999999999998579 ) ;
#689 = CARTESIAN_POINT ( 'NONE',  ( 90.00000000000002842, 0.000000000000000000, 65.00000000000002842 ) ) ;
#690 = LINE ( 'NONE', #1262, #1274 ) ;
#691 = CARTESIAN_POINT ( 'NONE',  ( 64.99999999999978684, 0.000000000000000000, 78.47500000000003695 ) ) ;
#692 = ORIENTED_EDGE ( 'NONE', *, *, #860, .T. ) ;
#693 = EDGE_CURVE ( 'NONE', #1349, #428, #1433, .T. ) ;
#694 = CARTESIAN_POINT ( 'NONE',  ( -90.00000000000000000, 9.000000000000000000, 65.00000000000002842 ) ) ;
#695 = ORIENTED_EDGE ( 'NONE', *, *, #592, .F. ) ;
#696 = PLANE ( 'NONE',  #1205 ) ;
#697 = CARTESIAN_POINT ( 'NONE',  ( -24.49999999999999289, 0.000000000000000000, 31.00000000000006750 ) ) ;
#698 = ORIENTED_EDGE ( 'NONE', *, *, #1356, .F. ) ;
#699 = CIRCLE ( 'NONE', #357, 1.524999999999998579 ) ;
#700 = VERTEX_POINT ( 'NONE', #312 ) ;
#701 = ADVANCED_FACE ( 'NONE', ( #1303 ), #412, .F. ) ;
#702 = DIRECTION ( 'NONE',  ( 0.000000000000000000, 1.000000000000000000, 0.000000000000000000 ) ) ;
#703 = FACE_OUTER_BOUND ( 'NONE', #1319, .T. ) ;
#704 = ORIENTED_EDGE ( 'NONE', *, *, #860, .F. ) ;
#705 = EDGE_LOOP ( 'NONE', ( #1273, #122, #1047, #180 ) ) ;
#706 = AXIS2_PLACEMENT_3D ( 'NONE', #1306, #63, #487 ) ;
#707 = CIRCLE ( 'NONE', #62, 1.524999999999998579 ) ;
#708 = EDGE_CURVE ( 'NONE', #1468, #1116, #653, .T. ) ;
#709 = CARTESIAN_POINT ( 'NONE',  ( -64.99999999999975842, 9.000000000000000000, -90.00000000000007105 ) ) ;
#710 = CARTESIAN_POINT ( 'NONE',  ( 45.00000000000000711, 0.000000000000000000, 52.49999999999999289 ) ) ;
#711 = ORIENTED_EDGE ( 'NONE', *, *, #578, .T. ) ;
#712 = ORIENTED_EDGE ( 'NONE', *, *, #1036, .T. ) ;
#713 = CIRCLE ( 'NONE', #1135, 1.524999999999998579 ) ;
#714 = ORIENTED_EDGE ( 'NONE', *, *, #48, .T. ) ;
#715 = CARTESIAN_POINT ( 'NONE',  ( -79.99999999999974420, 0.000000000000000000, 63.47500000000001563 ) ) ;
#716 = DIRECTION ( 'NONE',  ( 0.000000000000000000, 0.000000000000000000, 1.000000000000000000 ) ) ;
#717 = AXIS2_PLACEMENT_3D ( 'NONE', #157, #619, #46 ) ;
#718 = DIRECTION ( 'NONE',  ( -0.000000000000000000, 1.000000000000000000, -0.000000000000000000 ) ) ;
#719 = ORIENTED_EDGE ( 'NONE', *, *, #1259, .F. ) ;
#720 = EDGE_CURVE ( 'NONE', #170, #1394, #1318, .T. ) ;
#721 = UNCERTAINTY_MEASURE_WITH_UNIT (LENGTH_MEASURE( 1.000000000000000082E-05 ), #1203, 'distance_accuracy_value', 'NONE');
#722 = ORIENTED_EDGE ( 'NONE', *, *, #100, .T. ) ;
#723 = VECTOR ( 'NONE', #791, 1000.000000000000000 ) ;
#724 = CARTESIAN_POINT ( 'NONE',  ( -64.99999999999975842, 9.000000000000000000, 90.00000000000007105 ) ) ;
#725 = DIRECTION ( 'NONE',  ( 0.000000000000000000, 0.000000000000000000, 1.000000000000000000 ) ) ;
#726 = CARTESIAN_POINT ( 'NONE',  ( -45.00000000000000000, 0.000000000000000000, -52.49999999999999289 ) ) ;
#727 = ORIENTED_EDGE ( 'NONE', *, *, #1067, .F. ) ;
#728 = EDGE_CURVE ( 'NONE', #971, #1104, #743, .T. ) ;
#729 = ORIENTED_EDGE ( 'NONE', *, *, #1021, .T. ) ;
#730 = ORIENTED_EDGE ( 'NONE', *, *, #230, .T. ) ;
#731 = CARTESIAN_POINT ( 'NONE',  ( -19.25000000000000000, 0.000000000000000000, -29.44999999999993179 ) ) ;
#732 = FACE_OUTER_BOUND ( 'NONE', #677, .T. ) ;
#733 = CIRCLE ( 'NONE', #640, 1.524999999999998579 ) ;
#734 = CARTESIAN_POINT ( 'NONE',  ( -90.00000000000000000, 0.000000000000000000, -52.49999999999999289 ) ) ;
#735 = VERTEX_POINT ( 'NONE', #509 ) ;
#736 = EDGE_CURVE ( 'NONE', #188, #405, #408, .T. ) ;
#737 = ORIENTED_EDGE ( 'NONE', *, *, #1243, .T. ) ;
#738 = AXIS2_PLACEMENT_3D ( 'NONE', #851, #858, #966 ) ;
#739 = LINE ( 'NONE', #724, #4 ) ;
#740 = CARTESIAN_POINT ( 'NONE',  ( 79.99999999999977263, 9.000000000000000000, 63.47500000000002984 ) ) ;
#741 = CARTESIAN_POINT ( 'NONE',  ( -90.00000000000000000, 0.000000000000000000, 65.00000000000002842 ) ) ;
#742 = ORIENTED_EDGE ( 'NONE', *, *, #547, .F. ) ;
#743 = LINE ( 'NONE', #769, #1161 ) ;
#744 = ORIENTED_EDGE ( 'NONE', *, *, #935, .F. ) ;
#745 = AXIS2_PLACEMENT_3D ( 'NONE', #1241, #702, #338 ) ;
#746 = DIRECTION ( 'NONE',  ( 0.000000000000000000, 1.000000000000000000, 0.000000000000000000 ) ) ;
#747 = EDGE_CURVE ( 'NONE', #1381, #231, #990, .T. ) ;
#748 = DIRECTION ( 'NONE',  ( 0.000000000000000000, 0.000000000000000000, 1.000000000000000000 ) ) ;
#749 = CARTESIAN_POINT ( 'NONE',  ( 19.25000000000000000, 0.000000000000000000, -29.44999999999993179 ) ) ;
#750 = DIRECTION ( 'NONE',  ( 0.000000000000000000, 1.000000000000000000, 0.000000000000000000 ) ) ;
#751 = VERTEX_POINT ( 'NONE', #956 ) ;
#752 = AXIS2_PLACEMENT_3D ( 'NONE', #66, #260, #159 ) ;
#753 = DIRECTION ( 'NONE',  ( 0.000000000000000000, 1.000000000000000000, 0.000000000000000000 ) ) ;
#754 = AXIS2_PLACEMENT_3D ( 'NONE', #1308, #970, #977 ) ;
#755 = ORIENTED_EDGE ( 'NONE', *, *, #536, .T. ) ;
#756 = APPLICATION_PROTOCOL_DEFINITION ( 'draft international standard', 'automotive_design', 1998, #1385 ) ;
#757 = DIRECTION ( 'NONE',  ( -0.000000000000000000, 1.000000000000000000, -0.000000000000000000 ) ) ;
#758 = EDGE_CURVE ( 'NONE', #1352, #836, #1338, .T. ) ;
#759 = CARTESIAN_POINT ( 'NONE',  ( -79.99999999999974420, 0.000000000000000000, 65.00000000000001421 ) ) ;
#760 = ORIENTED_EDGE ( 'NONE', *, *, #787, .T. ) ;
#761 = DIRECTION ( 'NONE',  ( 0.000000000000000000, 0.000000000000000000, 1.000000000000000000 ) ) ;
#762 = ORIENTED_EDGE ( 'NONE', *, *, #139, .F. ) ;
#763 = DIRECTION ( 'NONE',  ( -6.608470384673552010E-17, -0.000000000000000000, -1.000000000000000000 ) ) ;
#764 = VECTOR ( 'NONE', #757, 1000.000000000000000 ) ;
#765 = DIRECTION ( 'NONE',  ( 0.000000000000000000, 0.000000000000000000, 1.000000000000000000 ) ) ;
#766 = FACE_OUTER_BOUND ( 'NONE', #1019, .T. ) ;
#767 = ORIENTED_EDGE ( 'NONE', *, *, #1415, .T. ) ;
#768 = ADVANCED_FACE ( 'NONE', ( #1071 ), #1391, .F. ) ;
#769 = CARTESIAN_POINT ( 'NONE',  ( 90.00000000000000000, 9.000000000000000000, 65.00000000000002842 ) ) ;
#770 = AXIS2_PLACEMENT_3D ( 'NONE', #839, #1290, #1065 ) ;
#771 = VERTEX_POINT ( 'NONE', #368 ) ;
#772 = CARTESIAN_POINT ( 'NONE',  ( -45.00000000000000000, 9.000000000000000000, -52.49999999999999289 ) ) ;
#773 = AXIS2_PLACEMENT_3D ( 'NONE', #866, #1326, #77 ) ;
#774 = CARTESIAN_POINT ( 'NONE',  ( 64.99999999999975842, 9.000000000000000000, -64.99999999999988631 ) ) ;
#775 = SURFACE_STYLE_USAGE ( .BOTH. , #655 ) ;
#776 = EDGE_LOOP ( 'NONE', ( #1156, #594, #371, #864 ) ) ;
#777 = EDGE_CURVE ( 'NONE', #225, #1169, #925, .T. ) ;
#778 = CARTESIAN_POINT ( 'NONE',  ( 79.99999999999975842, 0.000000000000000000, -63.47499999999989484 ) ) ;
#779 = EDGE_LOOP ( 'NONE', ( #1286, #924, #350, #672 ) ) ;
#780 = DIRECTION ( 'NONE',  ( 0.000000000000000000, 0.000000000000000000, 1.000000000000000000 ) ) ;
#781 = FACE_OUTER_BOUND ( 'NONE', #1218, .T. ) ;
#782 = DIRECTION ( 'NONE',  ( 1.067522139062651164E-16, -0.000000000000000000, 1.000000000000000000 ) ) ;
#783 = EDGE_LOOP ( 'NONE', ( #910, #1325 ) ) ;
#784 = CIRCLE ( 'NONE', #916, 1.549999999999999378 ) ;
#785 = CARTESIAN_POINT ( 'NONE',  ( -24.49999999999999289, 0.000000000000000000, 32.55000000000007532 ) ) ;
#786 = ORIENTED_EDGE ( 'NONE', *, *, #811, .T. ) ;
#787 = EDGE_CURVE ( 'NONE', #330, #873, #102, .T. ) ;
#788 = CARTESIAN_POINT ( 'NONE',  ( -64.99999999999972999, 0.000000000000000000, 81.52500000000003411 ) ) ;
#789 = CARTESIAN_POINT ( 'NONE',  ( -79.99999999999974420, 0.000000000000000000, 66.52500000000001990 ) ) ;
#790 = PLANE ( 'NONE',  #345 ) ;
#791 = DIRECTION ( 'NONE',  ( -1.000000000000000000, 0.000000000000000000, 1.541976423090495387E-16 ) ) ;
#792 = ORIENTED_EDGE ( 'NONE', *, *, #1334, .F. ) ;
#793 = UNCERTAINTY_MEASURE_WITH_UNIT (LENGTH_MEASURE( 1.000000000000000082E-05 ), #1320, 'distance_accuracy_value', 'NONE');
#794 = DIRECTION ( 'NONE',  ( 0.000000000000000000, 1.000000000000000000, 0.000000000000000000 ) ) ;
#795 = LINE ( 'NONE', #220, #1423 ) ;
#796 = PLANE ( 'NONE',  #893 ) ;
#797 = AXIS2_PLACEMENT_3D ( 'NONE', #395, #1188, #171 ) ;
#798 = VERTEX_POINT ( 'NONE', #1018 ) ;
#799 = CARTESIAN_POINT ( 'NONE',  ( 90.00000000000000000, 9.000000000000000000, -52.50000000000000000 ) ) ;
#800 = ORIENTED_EDGE ( 'NONE', *, *, #898, .F. ) ;
#801 = DIRECTION ( 'NONE',  ( -0.000000000000000000, 1.000000000000000000, -0.000000000000000000 ) ) ;
#802 = AXIS2_PLACEMENT_3D ( 'NONE', #694, #253, #1139 ) ;
#803 = LINE ( 'NONE', #478, #1063 ) ;
#804 = VECTOR ( 'NONE', #870, 1000.000000000000000 ) ;
#805 = DIRECTION ( 'NONE',  ( 0.000000000000000000, 1.000000000000000000, 0.000000000000000000 ) ) ;
#806 = EDGE_CURVE ( 'NONE', #838, #336, #1006, .T. ) ;
#807 = DIRECTION ( 'NONE',  ( -0.000000000000000000, -1.000000000000000000, -0.000000000000000000 ) ) ;
#808 = EDGE_LOOP ( 'NONE', ( #1114, #1154, #1296, #1266 ) ) ;
#809 = FACE_OUTER_BOUND ( 'NONE', #551, .T. ) ;
#810 = CARTESIAN_POINT ( 'NONE',  ( 64.99999999999975842, 9.000000000000000000, -64.99999999999988631 ) ) ;
#811 = EDGE_CURVE ( 'NONE', #1198, #1301, #8, .T. ) ;
#812 = ORIENTED_EDGE ( 'NONE', *, *, #777, .T. ) ;
#813 = VECTOR ( 'NONE', #1212, 1000.000000000000000 ) ;
#814 = CARTESIAN_POINT ( 'NONE',  ( 79.99999999999975842, 0.000000000000000000, -64.99999999999988631 ) ) ;
#815 = DIRECTION ( 'NONE',  ( 0.000000000000000000, 1.000000000000000000, 0.000000000000000000 ) ) ;
#816 = ORIENTED_EDGE ( 'NONE', *, *, #57, .T. ) ;
#817 = VECTOR ( 'NONE', #555, 1000.000000000000000 ) ;
#818 = ORIENTED_EDGE ( 'NONE', *, *, #309, .T. ) ;
#819 = EDGE_CURVE ( 'NONE', #599, #481, #1024, .T. ) ;
#820 = DIRECTION ( 'NONE',  ( 0.000000000000000000, 0.000000000000000000, 1.000000000000000000 ) ) ;
#821 = FACE_OUTER_BOUND ( 'NONE', #904, .T. ) ;
#822 = ORIENTED_EDGE ( 'NONE', *, *, #824, .F. ) ;
#823 = VERTEX_POINT ( 'NONE', #343 ) ;
#824 = EDGE_CURVE ( 'NONE', #921, #1123, #1219, .T. ) ;
#825 = AXIS2_PLACEMENT_3D ( 'NONE', #810, #348, #1464 ) ;
#826 = CARTESIAN_POINT ( 'NONE',  ( 79.99999999999977263, 0.000000000000000000, 65.00000000000002842 ) ) ;
#827 = EDGE_CURVE ( 'NONE', #1042, #823, #224, .T. ) ;
#828 = DIRECTION ( 'NONE',  ( -0.000000000000000000, 1.000000000000000000, -0.000000000000000000 ) ) ;
#829 = VECTOR ( 'NONE', #1283, 1000.000000000000000 ) ;
#830 = CARTESIAN_POINT ( 'NONE',  ( 64.99999999999975842, 0.000000000000000000, -79.99999999999988631 ) ) ;
#831 = ORIENTED_EDGE ( 'NONE', *, *, #79, .F. ) ;
#832 = VERTEX_POINT ( 'NONE', #461 ) ;
#833 = CARTESIAN_POINT ( 'NONE',  ( -24.49999999999999289, 0.000000000000000000, 29.45000000000007034 ) ) ;
#834 = LINE ( 'NONE', #1270, #1229 ) ;
#835 = CARTESIAN_POINT ( 'NONE',  ( -90.00000000000000000, 9.000000000000000000, 65.00000000000002842 ) ) ;
#836 = VERTEX_POINT ( 'NONE', #785 ) ;
#837 = EDGE_LOOP ( 'NONE', ( #197, #871, #927, #1375 ) ) ;
#838 = VERTEX_POINT ( 'NONE', #1460 ) ;
#839 = CARTESIAN_POINT ( 'NONE',  ( 64.99999999999978684, 0.000000000000000000, 80.00000000000002842 ) ) ;
#840 = CARTESIAN_POINT ( 'NONE',  ( -19.25000000000000000, 9.000000000000000000, -30.99999999999992895 ) ) ;
#841 = CARTESIAN_POINT ( 'NONE',  ( -79.99999999999974420, 9.000000000000000000, 65.00000000000001421 ) ) ;
#842 = ADVANCED_FACE ( 'NONE', ( #1131 ), #111, .F. ) ;
#843 = ORIENTED_EDGE ( 'NONE', *, *, #667, .T. ) ;
#844 = EDGE_LOOP ( 'NONE', ( #633, #704, #12, #446 ) ) ;
#845 = CARTESIAN_POINT ( 'NONE',  ( -65.00000000000000000, 9.000000000000000000, 65.00000000000002842 ) ) ;
#846 = CARTESIAN_POINT ( 'NONE',  ( 19.25000000000000000, 0.000000000000000000, -32.54999999999992610 ) ) ;
#847 = AXIS2_PLACEMENT_3D ( 'NONE', #53, #1059, #407 ) ;
#848 = CARTESIAN_POINT ( 'NONE',  ( 64.99999999999975842, 9.000000000000000000, -64.99999999999988631 ) ) ;
#849 = VERTEX_POINT ( 'NONE', #1254 ) ;
#850 = ADVANCED_FACE ( 'NONE', ( #319 ), #1368, .F. ) ;
#851 = CARTESIAN_POINT ( 'NONE',  ( -44.99999999999999289, 0.000000000000000000, 52.49999999999999289 ) ) ;
#852 = VERTEX_POINT ( 'NONE', #1238 ) ;
#853 = AXIS2_PLACEMENT_3D ( 'NONE', #900, #1323, #661 ) ;
#854 = PLANE ( 'NONE',  #706 ) ;
#855 = DIRECTION ( 'NONE',  ( 6.608470384673552010E-17, 0.000000000000000000, 1.000000000000000000 ) ) ;
#856 = CARTESIAN_POINT ( 'NONE',  ( 90.00000000000000000, 0.000000000000000000, 52.50000000000000000 ) ) ;
#857 = EDGE_LOOP ( 'NONE', ( #615, #294, #145, #1443 ) ) ;
#858 = DIRECTION ( 'NONE',  ( 0.000000000000000000, 0.000000000000000000, 1.000000000000000000 ) ) ;
#859 = ORIENTED_EDGE ( 'NONE', *, *, #1160, .F. ) ;
#860 = EDGE_CURVE ( 'NONE', #1349, #1381, #482, .T. ) ;
#861 = DIRECTION ( 'NONE',  ( -0.000000000000000000, 1.000000000000000000, -0.000000000000000000 ) ) ;
#862 = DIRECTION ( 'NONE',  ( -0.000000000000000000, 1.000000000000000000, -0.000000000000000000 ) ) ;
#863 = LINE ( 'NONE', #1087, #264 ) ;
#864 = ORIENTED_EDGE ( 'NONE', *, *, #878, .F. ) ;
#865 = VECTOR ( 'NONE', #480, 1000.000000000000000 ) ;
#866 = CARTESIAN_POINT ( 'NONE',  ( 19.25000000000000000, 0.000000000000000000, -30.99999999999992895 ) ) ;
#867 = EDGE_LOOP ( 'NONE', ( #1420, #947, #172, #939 ) ) ;
#868 = LINE ( 'NONE', #1211, #205 ) ;
#869 = CYLINDRICAL_SURFACE ( 'NONE', #1180, 25.00000000000021672 ) ;
#870 = DIRECTION ( 'NONE',  ( 1.067522139062651164E-16, 0.000000000000000000, -1.000000000000000000 ) ) ;
#871 = ORIENTED_EDGE ( 'NONE', *, *, #1267, .F. ) ;
#872 = CARTESIAN_POINT ( 'NONE',  ( 79.99999999999977263, 0.000000000000000000, 65.00000000000002842 ) ) ;
#873 = VERTEX_POINT ( 'NONE', #438 ) ;
#874 = CARTESIAN_POINT ( 'NONE',  ( 79.99999999999977263, 0.000000000000000000, 63.47500000000002984 ) ) ;
#875 = VECTOR ( 'NONE', #1015, 1000.000000000000000 ) ;
#876 = CARTESIAN_POINT ( 'NONE',  ( 19.25000000000000000, 0.000000000000000000, -30.99999999999992895 ) ) ;
#877 = CARTESIAN_POINT ( 'NONE',  ( 64.99999999999975842, 0.000000000000000000, -79.99999999999988631 ) ) ;
#878 = EDGE_CURVE ( 'NONE', #921, #1037, #26, .T. ) ;
#879 = ORIENTED_EDGE ( 'NONE', *, *, #505, .F. ) ;
#880 = LINE ( 'NONE', #1223, #1377 ) ;
#881 = ORIENTED_EDGE ( 'NONE', *, *, #1353, .T. ) ;
#882 = LINE ( 'NONE', #1339, #232 ) ;
#883 = VECTOR ( 'NONE', #359, 1000.000000000000000 ) ;
#884 = FACE_OUTER_BOUND ( 'NONE', #887, .T. ) ;
#885 = DIRECTION ( 'NONE',  ( 0.000000000000000000, 0.000000000000000000, 1.000000000000000000 ) ) ;
#886 = EDGE_CURVE ( 'NONE', #1169, #587, #445, .T. ) ;
#887 = EDGE_LOOP ( 'NONE', ( #256, #477, #1030, #35 ) ) ;
#888 = CARTESIAN_POINT ( 'NONE',  ( -64.99999999999975842, 9.000000000000000000, -90.00000000000007105 ) ) ;
#889 = VERTEX_POINT ( 'NONE', #930 ) ;
#890 = DIRECTION ( 'NONE',  ( 0.000000000000000000, 1.000000000000000000, -0.000000000000000000 ) ) ;
#891 = DIRECTION ( 'NONE',  ( 0.000000000000000000, 0.000000000000000000, 1.000000000000000000 ) ) ;
#892 = DIRECTION ( 'NONE',  ( 0.000000000000000000, 1.000000000000000000, 0.000000000000000000 ) ) ;
#893 = AXIS2_PLACEMENT_3D ( 'NONE', #115, #1250, #10 ) ;
#894 = ADVANCED_FACE ( 'NONE', ( #1361 ), #211, .F. ) ;
#895 = VECTOR ( 'NONE', #150, 1000.000000000000000 ) ;
#896 = CARTESIAN_POINT ( 'NONE',  ( -64.99999999999972999, 0.000000000000000000, 80.00000000000002842 ) ) ;
#897 = ORIENTED_EDGE ( 'NONE', *, *, #983, .F. ) ;
#898 = EDGE_CURVE ( 'NONE', #641, #520, #1247, .T. ) ;
#899 = CARTESIAN_POINT ( 'NONE',  ( -79.99999999999974420, 0.000000000000000000, 65.00000000000001421 ) ) ;
#900 = CARTESIAN_POINT ( 'NONE',  ( -64.99999999999975842, 0.000000000000000000, -79.99999999999988631 ) ) ;
#901 = AXIS2_PLACEMENT_3D ( 'NONE', #90, #794, #780 ) ;
#902 = CARTESIAN_POINT ( 'NONE',  ( -64.99999999999972999, 9.000000000000000000, 80.00000000000002842 ) ) ;
#903 = DIRECTION ( 'NONE',  ( 0.000000000000000000, 0.000000000000000000, 1.000000000000000000 ) ) ;
#904 = EDGE_LOOP ( 'NONE', ( #1252, #1225, #235, #455 ) ) ;
#905 = EDGE_CURVE ( 'NONE', #971, #1401, #335, .T. ) ;
#906 = FACE_BOUND ( 'NONE', #1170, .T. ) ;
#907 = PLANE ( 'NONE',  #370 ) ;
#908 = CARTESIAN_POINT ( 'NONE',  ( -64.99999999999972999, 9.000000000000000000, 80.00000000000002842 ) ) ;
#909 = DIRECTION ( 'NONE',  ( 0.000000000000000000, 0.000000000000000000, 1.000000000000000000 ) ) ;
#910 = ORIENTED_EDGE ( 'NONE', *, *, #919, .F. ) ;
#911 = DIRECTION ( 'NONE',  ( 0.000000000000000000, 0.000000000000000000, -1.000000000000000000 ) ) ;
#912 = AXIS2_PLACEMENT_3D ( 'NONE', #877, #629, #1324 ) ;
#913 = DIRECTION ( 'NONE',  ( 0.000000000000000000, 0.000000000000000000, -1.000000000000000000 ) ) ;
#914 = EDGE_CURVE ( 'NONE', #836, #1352, #341, .T. ) ;
#915 = ORIENTED_EDGE ( 'NONE', *, *, #1275, .F. ) ;
#916 = AXIS2_PLACEMENT_3D ( 'NONE', #475, #1277, #25 ) ;
#917 = CARTESIAN_POINT ( 'NONE',  ( 64.99999999999978684, 0.000000000000000000, 78.47500000000003695 ) ) ;
#918 = FACE_OUTER_BOUND ( 'NONE', #1280, .T. ) ;
#919 = EDGE_CURVE ( 'NONE', #1311, #87, #1166, .T. ) ;
#920 = CIRCLE ( 'NONE', #278, 1.549999999999999378 ) ;
#921 = VERTEX_POINT ( 'NONE', #628 ) ;
#922 = DIRECTION ( 'NONE',  ( 1.000000000000000000, -0.000000000000000000, 1.541976423090495633E-16 ) ) ;
#923 = CARTESIAN_POINT ( 'NONE',  ( -90.00000000000000000, 0.000000000000000000, 65.00000000000002842 ) ) ;
#924 = ORIENTED_EDGE ( 'NONE', *, *, #886, .F. ) ;
#925 = CIRCLE ( 'NONE', #1364, 25.00000000000001421 ) ;
#926 = ADVANCED_FACE ( 'NONE', ( #1314 ), #152, .F. ) ;
#927 = ORIENTED_EDGE ( 'NONE', *, *, #222, .T. ) ;
#928 = DIRECTION ( 'NONE',  ( -1.000000000000000000, -0.000000000000000000, -0.000000000000000000 ) ) ;
#929 = DIRECTION ( 'NONE',  ( -0.000000000000000000, 1.000000000000000000, -0.000000000000000000 ) ) ;
#930 = CARTESIAN_POINT ( 'NONE',  ( -64.99999999999975842, 9.000000000000000000, -81.52499999999989200 ) ) ;
#931 = ORIENTED_EDGE ( 'NONE', *, *, #1294, .T. ) ;
#932 = EDGE_LOOP ( 'NONE', ( #18, #553 ) ) ;
#933 = ORIENTED_EDGE ( 'NONE', *, *, #728, .T. ) ;
#934 = CIRCLE ( 'NONE', #959, 1.549999999999999378 ) ;
#935 = EDGE_CURVE ( 'NONE', #852, #700, #1052, .T. ) ;
#936 = DIRECTION ( 'NONE',  ( -0.000000000000000000, -1.000000000000000000, -0.000000000000000000 ) ) ;
#937 = DIRECTION ( 'NONE',  ( -0.000000000000000000, 1.000000000000000000, -0.000000000000000000 ) ) ;
#938 = DIRECTION ( 'NONE',  ( 0.000000000000000000, -0.000000000000000000, -1.000000000000000000 ) ) ;
#939 = ORIENTED_EDGE ( 'NONE', *, *, #1267, .T. ) ;
#940 = ORIENTED_EDGE ( 'NONE', *, *, #1415, .F. ) ;
#941 = AXIS2_PLACEMENT_3D ( 'NONE', #432, #890, #1469 ) ;
#942 = ORIENTED_EDGE ( 'NONE', *, *, #806, .T. ) ;
#943 = ADVANCED_FACE ( 'NONE', ( #1430 ), #612, .T. ) ;
#944 = DIRECTION ( 'NONE',  ( -0.000000000000000000, -1.000000000000000000, -0.000000000000000000 ) ) ;
#945 = LINE ( 'NONE', #1406, #469 ) ;
#946 = DIRECTION ( 'NONE',  ( 0.000000000000000000, 0.000000000000000000, -1.000000000000000000 ) ) ;
#947 = ORIENTED_EDGE ( 'NONE', *, *, #806, .F. ) ;
#948 = VERTEX_POINT ( 'NONE', #856 ) ;
#949 = AXIS2_PLACEMENT_3D ( 'NONE', #830, #5, #1278 ) ;
#950 = DIRECTION ( 'NONE',  ( 0.000000000000000000, 1.000000000000000000, 0.000000000000000000 ) ) ;
#951 = LINE ( 'NONE', #1076, #988 ) ;
#952 = CARTESIAN_POINT ( 'NONE',  ( 64.99999999999978684, 0.000000000000000000, 80.00000000000002842 ) ) ;
#953 = ORIENTED_EDGE ( 'NONE', *, *, #639, .F. ) ;
#954 = EDGE_CURVE ( 'NONE', #188, #125, #409, .T. ) ;
#955 = ORIENTED_EDGE ( 'NONE', *, *, #89, .T. ) ;
#956 = CARTESIAN_POINT ( 'NONE',  ( -64.99999999999975842, 9.000000000000000000, -78.47499999999989484 ) ) ;
#957 = ORIENTED_EDGE ( 'NONE', *, *, #515, .T. ) ;
#958 = CARTESIAN_POINT ( 'NONE',  ( -64.99999999999975842, 0.000000000000000000, -64.99999999999988631 ) ) ;
#959 = AXIS2_PLACEMENT_3D ( 'NONE', #221, #892, #1348 ) ;
#960 = CARTESIAN_POINT ( 'NONE',  ( 64.99999999999975842, 9.000000000000000000, -81.52499999999989200 ) ) ;
#961 = AXIS2_PLACEMENT_3D ( 'NONE', #174, #181, #72 ) ;
#962 = FACE_BOUND ( 'NONE', #1328, .T. ) ;
#963 = CIRCLE ( 'NONE', #325, 1.524999999999998579 ) ;
#964 = ADVANCED_FACE ( 'NONE', ( #383 ), #1292, .F. ) ;
#965 = ORIENTED_EDGE ( 'NONE', *, *, #355, .T. ) ;
#966 = DIRECTION ( 'NONE',  ( 1.000000000000000000, 0.000000000000000000, -0.000000000000000000 ) ) ;
#967 = VERTEX_POINT ( 'NONE', #267 ) ;
#968 = FACE_OUTER_BOUND ( 'NONE', #421, .T. ) ;
#969 = DIRECTION ( 'NONE',  ( 0.000000000000000000, 0.000000000000000000, 1.000000000000000000 ) ) ;
#970 = DIRECTION ( 'NONE',  ( 0.000000000000000000, 1.000000000000000000, 0.000000000000000000 ) ) ;
#971 = VERTEX_POINT ( 'NONE', #603 ) ;
#972 = DIRECTION ( 'NONE',  ( -0.000000000000000000, 1.000000000000000000, -0.000000000000000000 ) ) ;
#973 = ORIENTED_EDGE ( 'NONE', *, *, #331, .F. ) ;
#974 = ADVANCED_FACE ( 'NONE', ( #292 ), #40, .F. ) ;
#975 = DIRECTION ( 'NONE',  ( 0.000000000000000000, 1.000000000000000000, 0.000000000000000000 ) ) ;
#976 = DIRECTION ( 'NONE',  ( 0.000000000000000000, 1.000000000000000000, -0.000000000000000000 ) ) ;
#977 = DIRECTION ( 'NONE',  ( 0.000000000000000000, 0.000000000000000000, 1.000000000000000000 ) ) ;
#978 = ORIENTED_EDGE ( 'NONE', *, *, #1458, .F. ) ;
#979 = AXIS2_PLACEMENT_3D ( 'NONE', #176, #376, #286 ) ;
#980 = CARTESIAN_POINT ( 'NONE',  ( -64.99999999999975842, 9.000000000000000000, 90.00000000000007105 ) ) ;
#981 = VECTOR ( 'NONE', #410, 1000.000000000000000 ) ;
#982 = VERTEX_POINT ( 'NONE', #497 ) ;
#983 = EDGE_CURVE ( 'NONE', #700, #342, #1408, .T. ) ;
#984 = LINE ( 'NONE', #1445, #523 ) ;
#985 = VECTOR ( 'NONE', #1017, 1000.000000000000000 ) ;
#986 = LINE ( 'NONE', #433, #21 ) ;
#987 = FACE_OUTER_BOUND ( 'NONE', #808, .T. ) ;
#988 = VECTOR ( 'NONE', #855, 1000.000000000000000 ) ;
#989 = ORIENTED_EDGE ( 'NONE', *, *, #463, .F. ) ;
#990 = LINE ( 'NONE', #1450, #600 ) ;
#991 = ORIENTED_EDGE ( 'NONE', *, *, #109, .T. ) ;
#992 = APPLICATION_PROTOCOL_DEFINITION ( 'draft international standard', 'automotive_design', 1998, #362 ) ;
#993 = CYLINDRICAL_SURFACE ( 'NONE', #1451, 1.549999999999999378 ) ;
#994 = AXIS2_PLACEMENT_3D ( 'NONE', #872, #1091, #1442 ) ;
#995 = ADVANCED_FACE ( 'NONE', ( #1159, #144, #621, #1060, #1046, #33, #49, #506, #490, #962, #168, #1412, #389 ), #55, .F. ) ;
#996 = CARTESIAN_POINT ( 'NONE',  ( 64.99999999999975842, 0.000000000000000000, 90.00000000000007105 ) ) ;
#997 = DIRECTION ( 'NONE',  ( 0.000000000000000000, 0.000000000000000000, 1.000000000000000000 ) ) ;
#998 = EDGE_CURVE ( 'NONE', #967, #342, #1399, .T. ) ;
#999 = ORIENTED_EDGE ( 'NONE', *, *, #608, .F. ) ;
#1000 = CARTESIAN_POINT ( 'NONE',  ( 65.00000000000000000, 9.000000000000000000, 65.00000000000002842 ) ) ;
#1001 = ORIENTED_EDGE ( 'NONE', *, *, #616, .T. ) ;
#1002 = CARTESIAN_POINT ( 'NONE',  ( -64.99999999999975842, 0.000000000000000000, -90.00000000000007105 ) ) ;
#1003 = AXIS2_PLACEMENT_3D ( 'NONE', #208, #183, #646 ) ;
#1004 = CARTESIAN_POINT ( 'NONE',  ( 64.99999999999975842, 9.000000000000000000, -78.47499999999989484 ) ) ;
#1005 = CYLINDRICAL_SURFACE ( 'NONE', #1470, 1.550000000000002709 ) ;
#1006 = LINE ( 'NONE', #118, #258 ) ;
#1007 = ORIENTED_EDGE ( 'NONE', *, *, #45, .F. ) ;
#1008 = DIRECTION ( 'NONE',  ( -0.000000000000000000, 1.000000000000000000, -0.000000000000000000 ) ) ;
#1009 = DIRECTION ( 'NONE',  ( 0.000000000000000000, 0.000000000000000000, 1.000000000000000000 ) ) ;
#1010 = DIRECTION ( 'NONE',  ( 0.000000000000000000, 0.000000000000000000, 1.000000000000000000 ) ) ;
#1011 = AXIS2_PLACEMENT_3D ( 'NONE', #465, #913, #564 ) ;
#1012 = DIRECTION ( 'NONE',  ( -1.000000000000000000, 0.000000000000000000, -1.067522139062651041E-16 ) ) ;
#1013 = ORIENTED_EDGE ( 'NONE', *, *, #827, .F. ) ;
#1014 = VECTOR ( 'NONE', #922, 1000.000000000000000 ) ;
#1015 = DIRECTION ( 'NONE',  ( 1.000000000000000000, -0.000000000000000000, -0.000000000000000000 ) ) ;
#1016 = LINE ( 'NONE', #1256, #883 ) ;
#1017 = DIRECTION ( 'NONE',  ( -0.000000000000000000, -1.000000000000000000, -0.000000000000000000 ) ) ;
#1018 = CARTESIAN_POINT ( 'NONE',  ( -90.00000000000000000, 0.000000000000000000, 52.49999999999999289 ) ) ;
#1019 = EDGE_LOOP ( 'NONE', ( #44, #185, #402, #29 ) ) ;
#1020 = CIRCLE ( 'NONE', #770, 1.524999999999998579 ) ;
#1021 = EDGE_CURVE ( 'NONE', #1222, #1040, #513, .T. ) ;
#1022 = CARTESIAN_POINT ( 'NONE',  ( -79.99999999999975842, 9.000000000000000000, -66.52499999999989200 ) ) ;
#1023 = DIRECTION ( 'NONE',  ( -6.608470384673552010E-17, 0.000000000000000000, -1.000000000000000000 ) ) ;
#1024 = CIRCLE ( 'NONE', #381, 1.524999999999998579 ) ;
#1025 = DIRECTION ( 'NONE',  ( 0.000000000000000000, 0.000000000000000000, 1.000000000000000000 ) ) ;
#1026 = ORIENTED_EDGE ( 'NONE', *, *, #1171, .T. ) ;
#1027 = EDGE_CURVE ( 'NONE', #1461, #1230, #42, .T. ) ;
#1028 = DIRECTION ( 'NONE',  ( 1.000000000000000000, 0.000000000000000000, -1.067522139062651041E-16 ) ) ;
#1029 = DIRECTION ( 'NONE',  ( 0.000000000000000000, 0.000000000000000000, 1.000000000000000000 ) ) ;
#1030 = ORIENTED_EDGE ( 'NONE', *, *, #1397, .T. ) ;
#1031 = AXIS2_PLACEMENT_3D ( 'NONE', #635, #1321, #388 ) ;
#1032 = DIRECTION ( 'NONE',  ( 0.000000000000000000, 1.000000000000000000, 0.000000000000000000 ) ) ;
#1033 = CARTESIAN_POINT ( 'NONE',  ( -79.99999999999974420, 9.000000000000000000, 65.00000000000001421 ) ) ;
#1034 = EDGE_CURVE ( 'NONE', #1222, #700, #986, .T. ) ;
#1035 = VERTEX_POINT ( 'NONE', #1330 ) ;
#1036 = EDGE_CURVE ( 'NONE', #1042, #967, #1456, .T. ) ;
#1037 = VERTEX_POINT ( 'NONE', #1004 ) ;
#1038 = CARTESIAN_POINT ( 'NONE',  ( -45.00000000000000000, 0.000000000000000000, -52.49999999999999289 ) ) ;
#1039 = FACE_OUTER_BOUND ( 'NONE', #1181, .T. ) ;
#1040 = VERTEX_POINT ( 'NONE', #1471 ) ;
#1041 = ORIENTED_EDGE ( 'NONE', *, *, #403, .F. ) ;
#1042 = VERTEX_POINT ( 'NONE', #425 ) ;
#1043 = CARTESIAN_POINT ( 'NONE',  ( 24.50000000000000711, 0.000000000000000000, 31.00000000000006395 ) ) ;
#1044 = CARTESIAN_POINT ( 'NONE',  ( -64.99999999999975842, 0.000000000000000000, -79.99999999999988631 ) ) ;
#1045 = AXIS2_PLACEMENT_3D ( 'NONE', #124, #1351, #1025 ) ;
#1046 = FACE_BOUND ( 'NONE', #50, .T. ) ;
#1047 = ORIENTED_EDGE ( 'NONE', *, *, #242, .F. ) ;
#1048 = EDGE_CURVE ( 'NONE', #405, #188, #575, .T. ) ;
#1049 = VERTEX_POINT ( 'NONE', #1340 ) ;
#1050 = CARTESIAN_POINT ( 'NONE',  ( 45.00000000000000000, 9.000000000000000000, -52.49999999999999289 ) ) ;
#1051 = CARTESIAN_POINT ( 'NONE',  ( -64.99999999999972999, 0.000000000000000000, 80.00000000000002842 ) ) ;
#1052 = LINE ( 'NONE', #741, #1370 ) ;
#1053 = ORIENTED_EDGE ( 'NONE', *, *, #242, .T. ) ;
#1054 = EDGE_LOOP ( 'NONE', ( #290, #201, #1425, #483 ) ) ;
#1055 = AXIS2_PLACEMENT_3D ( 'NONE', #980, #202, #420 ) ;
#1056 = EDGE_LOOP ( 'NONE', ( #1144, #327, #1216, #491 ) ) ;
#1057 = CARTESIAN_POINT ( 'NONE',  ( 19.25000000000000000, 9.000000000000000000, -30.99999999999992895 ) ) ;
#1058 = ADVANCED_FACE ( 'NONE', ( #1463 ), #869, .T. ) ;
#1059 = DIRECTION ( 'NONE',  ( 0.000000000000000000, 1.000000000000000000, 0.000000000000000000 ) ) ;
#1060 = FACE_BOUND ( 'NONE', #245, .T. ) ;
#1061 = VERTEX_POINT ( 'NONE', #996 ) ;
#1062 = ORIENTED_EDGE ( 'NONE', *, *, #364, .T. ) ;
#1063 = VECTOR ( 'NONE', #1142, 1000.000000000000000 ) ;
#1064 = EDGE_LOOP ( 'NONE', ( #818, #386 ) ) ;
#1065 = DIRECTION ( 'NONE',  ( 0.000000000000000000, 0.000000000000000000, 1.000000000000000000 ) ) ;
#1066 = DIRECTION ( 'NONE',  ( -0.000000000000000000, 1.000000000000000000, -0.000000000000000000 ) ) ;
#1067 = EDGE_CURVE ( 'NONE', #231, #428, #618, .T. ) ;
#1068 = CARTESIAN_POINT ( 'NONE',  ( 24.50000000000000711, 0.000000000000000000, 31.00000000000006395 ) ) ;
#1069 = DIRECTION ( 'NONE',  ( -0.000000000000000000, 1.000000000000000000, -0.000000000000000000 ) ) ;
#1070 = ORIENTED_EDGE ( 'NONE', *, *, #758, .F. ) ;
#1071 = FACE_OUTER_BOUND ( 'NONE', #776, .T. ) ;
#1072 = EDGE_LOOP ( 'NONE', ( #577, #1403, #304, #71 ) ) ;
#1073 =( GEOMETRIC_REPRESENTATION_CONTEXT ( 3 ) GLOBAL_UNCERTAINTY_ASSIGNED_CONTEXT ( ( #793 ) ) GLOBAL_UNIT_ASSIGNED_CONTEXT ( ( #1320, #1107, #422 ) ) REPRESENTATION_CONTEXT ( 'NONE', 'WORKASPACE' ) );
#1074 = LINE ( 'NONE', #365, #829 ) ;
#1075 = AXIS2_PLACEMENT_3D ( 'NONE', #908, #1358, #1010 ) ;
#1076 = CARTESIAN_POINT ( 'NONE',  ( 45.00000000000000000, 0.000000000000000000, -52.49999999999999289 ) ) ;
#1077 = VECTOR ( 'NONE', #929, 1000.000000000000000 ) ;
#1078 = DIRECTION ( 'NONE',  ( 0.000000000000000000, 1.000000000000000000, 0.000000000000000000 ) ) ;
#1079 = CARTESIAN_POINT ( 'NONE',  ( 90.00000000000000000, 9.000000000000000000, 52.50000000000000000 ) ) ;
#1080 = EDGE_CURVE ( 'NONE', #384, #112, #920, .T. ) ;
#1081 = CIRCLE ( 'NONE', #643, 1.550000000000002709 ) ;
#1082 = ORIENTED_EDGE ( 'NONE', *, *, #204, .T. ) ;
#1083 = PLANE ( 'NONE',  #1279 ) ;
#1084 = ORIENTED_EDGE ( 'NONE', *, *, #1465, .F. ) ;
#1085 = DIRECTION ( 'NONE',  ( 0.000000000000000000, 0.000000000000000000, 1.000000000000000000 ) ) ;
#1086 = LINE ( 'NONE', #191, #817 ) ;
#1087 = CARTESIAN_POINT ( 'NONE',  ( -90.00000000000000000, 9.000000000000000000, 65.00000000000002842 ) ) ;
#1088 = AXIS2_PLACEMENT_3D ( 'NONE', #845, #944, #250 ) ;
#1089 = ORIENTED_EDGE ( 'NONE', *, *, #1034, .F. ) ;
#1090 = EDGE_CURVE ( 'NONE', #411, #1208, #1110, .T. ) ;
#1091 = DIRECTION ( 'NONE',  ( 0.000000000000000000, 1.000000000000000000, 0.000000000000000000 ) ) ;
#1092 = EDGE_LOOP ( 'NONE', ( #263, #1416 ) ) ;
#1093 = DIRECTION ( 'NONE',  ( -0.000000000000000000, -1.000000000000000000, -0.000000000000000000 ) ) ;
#1094 = CARTESIAN_POINT ( 'NONE',  ( -64.99999999999975842, 9.000000000000000000, -64.99999999999988631 ) ) ;
#1095 = DIRECTION ( 'NONE',  ( -0.000000000000000000, 1.000000000000000000, -0.000000000000000000 ) ) ;
#1096 = ORIENTED_EDGE ( 'NONE', *, *, #1099, .T. ) ;
#1097 = DIRECTION ( 'NONE',  ( 0.000000000000000000, 1.000000000000000000, 0.000000000000000000 ) ) ;
#1098 = ORIENTED_EDGE ( 'NONE', *, *, #1334, .T. ) ;
#1099 = EDGE_CURVE ( 'NONE', #1352, #51, #1447, .T. ) ;
#1100 = DIRECTION ( 'NONE',  ( 0.000000000000000000, 1.000000000000000000, 0.000000000000000000 ) ) ;
#1101 = DIRECTION ( 'NONE',  ( 0.000000000000000000, 0.000000000000000000, 1.000000000000000000 ) ) ;
#1102 = CYLINDRICAL_SURFACE ( 'NONE', #539, 1.524999999999998579 ) ;
#1103 = AXIS2_PLACEMENT_3D ( 'NONE', #1044, #244, #716 ) ;
#1104 = VERTEX_POINT ( 'NONE', #1357 ) ;
#1105 = DIRECTION ( 'NONE',  ( 0.000000000000000000, 1.000000000000000000, 0.000000000000000000 ) ) ;
#1106 = ORIENTED_EDGE ( 'NONE', *, *, #456, .F. ) ;
#1107 =( NAMED_UNIT ( * ) PLANE_ANGLE_UNIT ( ) SI_UNIT ( $, .RADIAN. ) );
#1108 = FACE_BOUND ( 'NONE', #1304, .T. ) ;
#1109 = AXIS2_PLACEMENT_3D ( 'NONE', #1234, #801, #226 ) ;
#1110 = CIRCLE ( 'NONE', #853, 1.524999999999998579 ) ;
#1111 = ADVANCED_FACE ( 'NONE', ( #884 ), #315, .F. ) ;
#1112 = DIRECTION ( 'NONE',  ( 0.000000000000000000, 0.000000000000000000, 1.000000000000000000 ) ) ;
#1113 = FACE_OUTER_BOUND ( 'NONE', #78, .T. ) ;
#1114 = ORIENTED_EDGE ( 'NONE', *, *, #667, .F. ) ;
#1115 = DIRECTION ( 'NONE',  ( -0.000000000000000000, 1.000000000000000000, -0.000000000000000000 ) ) ;
#1116 = VERTEX_POINT ( 'NONE', #789 ) ;
#1117 = LINE ( 'NONE', #1346, #277 ) ;
#1118 = CIRCLE ( 'NONE', #237, 1.549999999999999378 ) ;
#1119 = AXIS2_PLACEMENT_3D ( 'NONE', #187, #1097, #544 ) ;
#1120 = CARTESIAN_POINT ( 'NONE',  ( 19.25000000000000000, 9.000000000000000000, -30.99999999999992895 ) ) ;
#1121 = FACE_OUTER_BOUND ( 'NONE', #705, .T. ) ;
#1122 = EDGE_CURVE ( 'NONE', #125, #498, #1263, .T. ) ;
#1123 = VERTEX_POINT ( 'NONE', #1202 ) ;
#1124 = DIRECTION ( 'NONE',  ( -1.067522139062651041E-16, 0.000000000000000000, 1.000000000000000000 ) ) ;
#1125 = ORIENTED_EDGE ( 'NONE', *, *, #349, .F. ) ;
#1126 = VECTOR ( 'NONE', #1184, 1000.000000000000000 ) ;
#1127 = FACE_BOUND ( 'NONE', #413, .T. ) ;
#1128 = DIRECTION ( 'NONE',  ( 0.000000000000000000, 0.000000000000000000, 1.000000000000000000 ) ) ;
#1129 = DIRECTION ( 'NONE',  ( 0.000000000000000000, 1.000000000000000000, 0.000000000000000000 ) ) ;
#1130 = ORIENTED_EDGE ( 'NONE', *, *, #1090, .F. ) ;
#1131 = FACE_OUTER_BOUND ( 'NONE', #857, .T. ) ;
#1132 = ORIENTED_EDGE ( 'NONE', *, *, #914, .F. ) ;
#1133 = CARTESIAN_POINT ( 'NONE',  ( -90.00000000000000000, 9.000000000000000000, 65.00000000000002842 ) ) ;
#1134 = DIRECTION ( 'NONE',  ( -0.000000000000000000, 1.000000000000000000, -0.000000000000000000 ) ) ;
#1135 = AXIS2_PLACEMENT_3D ( 'NONE', #899, #1363, #546 ) ;
#1136 = FACE_OUTER_BOUND ( 'NONE', #545, .T. ) ;
#1137 = AXIS2_PLACEMENT_3D ( 'NONE', #1094, #976, #306 ) ;
#1138 = ORIENTED_EDGE ( 'NONE', *, *, #130, .T. ) ;
#1139 = DIRECTION ( 'NONE',  ( -1.067522139062651041E-16, 0.000000000000000000, -1.000000000000000000 ) ) ;
#1140 = ORIENTED_EDGE ( 'NONE', *, *, #578, .F. ) ;
#1141 = ADVANCED_FACE ( 'NONE', ( #781 ), #669, .F. ) ;
#1142 = DIRECTION ( 'NONE',  ( -6.608470384673552010E-17, -0.000000000000000000, -1.000000000000000000 ) ) ;
#1143 = LINE ( 'NONE', #107, #1251 ) ;
#1144 = ORIENTED_EDGE ( 'NONE', *, *, #1145, .F. ) ;
#1145 = EDGE_CURVE ( 'NONE', #101, #170, #699, .T. ) ;
#1146 = CARTESIAN_POINT ( 'NONE',  ( 64.99999999999978684, 0.000000000000000000, 81.52500000000003411 ) ) ;
#1147 = CARTESIAN_POINT ( 'NONE',  ( -90.00000000000000000, 9.000000000000000000, -52.49999999999999289 ) ) ;
#1148 = CARTESIAN_POINT ( 'NONE',  ( -64.99999999999975842, 9.000000000000000000, -79.99999999999988631 ) ) ;
#1149 = VECTOR ( 'NONE', #443, 1000.000000000000000 ) ;
#1150 = ORIENTED_EDGE ( 'NONE', *, *, #557, .T. ) ;
#1151 = CARTESIAN_POINT ( 'NONE',  ( -79.99999999999975842, 0.000000000000000000, -63.47499999999989484 ) ) ;
#1152 = DIRECTION ( 'NONE',  ( 1.067522139062651164E-16, 0.000000000000000000, -1.000000000000000000 ) ) ;
#1153 = ADVANCED_FACE ( 'NONE', ( #548 ), #1227, .F. ) ;
#1154 = ORIENTED_EDGE ( 'NONE', *, *, #456, .T. ) ;
#1155 = EDGE_LOOP ( 'NONE', ( #711, #212 ) ) ;
#1156 = ORIENTED_EDGE ( 'NONE', *, *, #97, .F. ) ;
#1157 = DIRECTION ( 'NONE',  ( 1.000000000000000000, 0.000000000000000000, 0.000000000000000000 ) ) ;
#1158 = DIRECTION ( 'NONE',  ( 0.000000000000000000, 1.000000000000000000, -0.000000000000000000 ) ) ;
#1159 = FACE_BOUND ( 'NONE', #361, .T. ) ;
#1160 = EDGE_CURVE ( 'NONE', #161, #112, #1086, .T. ) ;
#1161 = VECTOR ( 'NONE', #1217, 1000.000000000000000 ) ;
#1162 = ORIENTED_EDGE ( 'NONE', *, *, #126, .F. ) ;
#1163 = ORIENTED_EDGE ( 'NONE', *, *, #1036, .F. ) ;
#1164 = DIRECTION ( 'NONE',  ( 0.000000000000000000, 0.000000000000000000, 1.000000000000000000 ) ) ;
#1165 = CYLINDRICAL_SURFACE ( 'NONE', #516, 1.524999999999998579 ) ;
#1166 = CIRCLE ( 'NONE', #537, 1.524999999999998579 ) ;
#1167 = DIRECTION ( 'NONE',  ( -0.000000000000000000, 1.000000000000000000, -0.000000000000000000 ) ) ;
#1168 = CIRCLE ( 'NONE', #912, 1.524999999999998579 ) ;
#1169 = VERTEX_POINT ( 'NONE', #531 ) ;
#1170 = EDGE_LOOP ( 'NONE', ( #148, #622 ) ) ;
#1171 = EDGE_CURVE ( 'NONE', #1381, #1349, #1118, .T. ) ;
#1172 = ORIENTED_EDGE ( 'NONE', *, *, #983, .T. ) ;
#1173 = CIRCLE ( 'NONE', #847, 1.524999999999998579 ) ;
#1174 = CARTESIAN_POINT ( 'NONE',  ( 64.99999999999975842, 9.000000000000000000, -90.00000000000007105 ) ) ;
#1175 = DIRECTION ( 'NONE',  ( -0.000000000000000000, 1.000000000000000000, -0.000000000000000000 ) ) ;
#1176 = DIRECTION ( 'NONE',  ( -0.000000000000000000, 1.000000000000000000, -0.000000000000000000 ) ) ;
#1177 = ORIENTED_EDGE ( 'NONE', *, *, #1193, .F. ) ;
#1178 = ORIENTED_EDGE ( 'NONE', *, *, #898, .T. ) ;
#1179 = CIRCLE ( 'NONE', #550, 1.524999999999998579 ) ;
#1180 = AXIS2_PLACEMENT_3D ( 'NONE', #774, #106, #82 ) ;
#1181 = EDGE_LOOP ( 'NONE', ( #58, #822, #271, #679 ) ) ;
#1182 = DIRECTION ( 'NONE',  ( 0.000000000000000000, 0.000000000000000000, 1.000000000000000000 ) ) ;
#1183 = DIRECTION ( 'NONE',  ( -0.000000000000000000, 1.000000000000000000, -0.000000000000000000 ) ) ;
#1184 = DIRECTION ( 'NONE',  ( -1.000000000000000000, 0.000000000000000000, 1.541976423090495387E-16 ) ) ;
#1185 = CARTESIAN_POINT ( 'NONE',  ( -64.99999999999972999, 0.000000000000000000, 81.52500000000003411 ) ) ;
#1186 = EDGE_LOOP ( 'NONE', ( #955, #879, #1452, #43 ) ) ;
#1187 = AXIS2_PLACEMENT_3D ( 'NONE', #1120, #298, #765 ) ;
#1188 = DIRECTION ( 'NONE',  ( 0.000000000000000000, 1.000000000000000000, 0.000000000000000000 ) ) ;
#1189 = ORIENTED_EDGE ( 'NONE', *, *, #758, .T. ) ;
#1190 = EDGE_CURVE ( 'NONE', #1301, #656, #243, .T. ) ;
#1191 = CYLINDRICAL_SURFACE ( 'NONE', #190, 1.524999999999998579 ) ;
#1192 = DIRECTION ( 'NONE',  ( 0.000000000000000000, 0.000000000000000000, 1.000000000000000000 ) ) ;
#1193 = EDGE_CURVE ( 'NONE', #1230, #1461, #167, .T. ) ;
#1194 = DIRECTION ( 'NONE',  ( -0.000000000000000000, -1.000000000000000000, -0.000000000000000000 ) ) ;
#1195 = LINE ( 'NONE', #1185, #110 ) ;
#1196 = ORIENTED_EDGE ( 'NONE', *, *, #1099, .F. ) ;
#1197 = PLANE ( 'NONE',  #738 ) ;
#1198 = VERTEX_POINT ( 'NONE', #917 ) ;
#1199 = SHAPE_DEFINITION_REPRESENTATION ( #1426, #151 ) ;
#1200 = AXIS2_PLACEMENT_3D ( 'NONE', #697, #586, #885 ) ;
#1201 = CARTESIAN_POINT ( 'NONE',  ( 24.50000000000000711, 9.000000000000000000, 29.45000000000006679 ) ) ;
#1202 = CARTESIAN_POINT ( 'NONE',  ( 64.99999999999975842, 0.000000000000000000, -81.52499999999989200 ) ) ;
#1203 =( LENGTH_UNIT ( ) NAMED_UNIT ( * ) SI_UNIT ( .MILLI., .METRE. ) );
#1204 = EDGE_CURVE ( 'NONE', #481, #599, #103, .T. ) ;
#1205 = AXIS2_PLACEMENT_3D ( 'NONE', #585, #1028, #470 ) ;
#1206 = ORIENTED_EDGE ( 'NONE', *, *, #322, .F. ) ;
#1207 = CARTESIAN_POINT ( 'NONE',  ( 64.99999999999975842, 9.000000000000000000, -79.99999999999988631 ) ) ;
#1208 = VERTEX_POINT ( 'NONE', #590 ) ;
#1209 = AXIS2_PLACEMENT_3D ( 'NONE', #1068, #524, #969 ) ;
#1210 = PRODUCT_CONTEXT ( 'NONE', #362, 'mechanical' ) ;
#1211 = CARTESIAN_POINT ( 'NONE',  ( 45.00000000000000000, 0.000000000000000000, -52.49999999999999289 ) ) ;
#1212 = DIRECTION ( 'NONE',  ( -0.000000000000000000, 1.000000000000000000, -0.000000000000000000 ) ) ;
#1213 = CARTESIAN_POINT ( 'NONE',  ( 24.50000000000000711, 0.000000000000000000, 29.45000000000006679 ) ) ;
#1214 = CIRCLE ( 'NONE', #514, 1.549999999999999378 ) ;
#1215 = EDGE_CURVE ( 'NONE', #1040, #342, #9, .T. ) ;
#1216 = ORIENTED_EDGE ( 'NONE', *, *, #7, .T. ) ;
#1217 = DIRECTION ( 'NONE',  ( 1.067522139062651164E-16, 0.000000000000000000, -1.000000000000000000 ) ) ;
#1218 = EDGE_LOOP ( 'NONE', ( #163, #390, #1449, #369 ) ) ;
#1219 = CIRCLE ( 'NONE', #949, 1.524999999999998579 ) ;
#1220 = CARTESIAN_POINT ( 'NONE',  ( 24.50000000000000711, 0.000000000000000000, 31.00000000000006395 ) ) ;
#1221 = DIRECTION ( 'NONE',  ( -0.000000000000000000, 1.000000000000000000, -0.000000000000000000 ) ) ;
#1222 = VERTEX_POINT ( 'NONE', #1038 ) ;
#1223 = CARTESIAN_POINT ( 'NONE',  ( 79.99999999999977263, 0.000000000000000000, 66.52500000000003411 ) ) ;
#1224 = COLOUR_RGB ( '',0.7921568627450980005, 0.8196078431372548767, 0.9333333333333333481 ) ;
#1225 = ORIENTED_EDGE ( 'NONE', *, *, #1435, .F. ) ;
#1226 = DIRECTION ( 'NONE',  ( 0.000000000000000000, 0.000000000000000000, 1.000000000000000000 ) ) ;
#1227 = PLANE ( 'NONE',  #1003 ) ;
#1228 = CARTESIAN_POINT ( 'NONE',  ( 64.99999999999975842, 9.000000000000000000, 90.00000000000007105 ) ) ;
#1229 = VECTOR ( 'NONE', #1152, 1000.000000000000000 ) ;
#1230 = VERTEX_POINT ( 'NONE', #1022 ) ;
#1231 = CARTESIAN_POINT ( 'NONE',  ( 90.00000000000002842, 9.000000000000000000, 65.00000000000002842 ) ) ;
#1232 = ORIENTED_EDGE ( 'NONE', *, *, #146, .F. ) ;
#1233 = CARTESIAN_POINT ( 'NONE',  ( 0.000000000000000000, 0.000000000000000000, 0.000000000000000000 ) ) ;
#1234 = CARTESIAN_POINT ( 'NONE',  ( -64.99999999999975842, 0.000000000000000000, -79.99999999999988631 ) ) ;
#1235 = DIRECTION ( 'NONE',  ( 0.000000000000000000, 1.000000000000000000, 0.000000000000000000 ) ) ;
#1236 = DIRECTION ( 'NONE',  ( 0.000000000000000000, 0.000000000000000000, 1.000000000000000000 ) ) ;
#1237 = EDGE_LOOP ( 'NONE', ( #379, #1239, #630, #430 ) ) ;
#1238 = CARTESIAN_POINT ( 'NONE',  ( -89.99999999999997158, 0.000000000000000000, -64.99999999999988631 ) ) ;
#1239 = ORIENTED_EDGE ( 'NONE', *, *, #1259, .T. ) ;
#1240 = CYLINDRICAL_SURFACE ( 'NONE', #453, 25.00000000000001421 ) ;
#1241 = CARTESIAN_POINT ( 'NONE',  ( -79.99999999999975842, 9.000000000000000000, -64.99999999999988631 ) ) ;
#1242 = CARTESIAN_POINT ( 'NONE',  ( 19.25000000000000000, 9.000000000000000000, -29.44999999999993179 ) ) ;
#1243 = EDGE_CURVE ( 'NONE', #411, #751, #1016, .T. ) ;
#1244 = EDGE_LOOP ( 'NONE', ( #542, #1177 ) ) ;
#1245 = DIRECTION ( 'NONE',  ( 0.000000000000000000, 1.000000000000000000, -0.000000000000000000 ) ) ;
#1246 = ORIENTED_EDGE ( 'NONE', *, *, #567, .T. ) ;
#1247 = CIRCLE ( 'NONE', #681, 1.524999999999998579 ) ;
#1248 = LINE ( 'NONE', #1002, #617 ) ;
#1249 = DIRECTION ( 'NONE',  ( 1.000000000000000000, 0.000000000000000000, -0.000000000000000000 ) ) ;
#1250 = DIRECTION ( 'NONE',  ( -1.000000000000000000, 0.000000000000000000, -1.067522139062651041E-16 ) ) ;
#1251 = VECTOR ( 'NONE', #580, 1000.000000000000000 ) ;
#1252 = ORIENTED_EDGE ( 'NONE', *, *, #109, .F. ) ;
#1253 = EDGE_CURVE ( 'NONE', #838, #1222, #803, .T. ) ;
#1254 = CARTESIAN_POINT ( 'NONE',  ( 64.99999999999975842, 0.000000000000000000, -90.00000000000007105 ) ) ;
#1255 = VERTEX_POINT ( 'NONE', #1151 ) ;
#1256 = CARTESIAN_POINT ( 'NONE',  ( -64.99999999999975842, 0.000000000000000000, -78.47499999999989484 ) ) ;
#1257 = VECTOR ( 'NONE', #763, 1000.000000000000000 ) ;
#1258 = CARTESIAN_POINT ( 'NONE',  ( 90.00000000000001421, 9.000000000000000000, -64.99999999999988631 ) ) ;
#1259 = EDGE_CURVE ( 'NONE', #735, #1230, #19, .T. ) ;
#1260 = AXIS2_PLACEMENT_3D ( 'NONE', #675, #1235, #1437 ) ;
#1261 = ORIENTED_EDGE ( 'NONE', *, *, #827, .T. ) ;
#1262 = CARTESIAN_POINT ( 'NONE',  ( -64.99999999999975842, 9.000000000000000000, 90.00000000000005684 ) ) ;
#1263 = CIRCLE ( 'NONE', #1187, 1.549999999999999378 ) ;
#1264 = CARTESIAN_POINT ( 'NONE',  ( 45.00000000000000000, 9.000000000000000000, -52.49999999999999289 ) ) ;
#1265 = ORIENTED_EDGE ( 'NONE', *, *, #811, .F. ) ;
#1266 = ORIENTED_EDGE ( 'NONE', *, *, #684, .F. ) ;
#1267 = EDGE_CURVE ( 'NONE', #798, #1049, #120, .T. ) ;
#1268 =( GEOMETRIC_REPRESENTATION_CONTEXT ( 3 ) GLOBAL_UNCERTAINTY_ASSIGNED_CONTEXT ( ( #721 ) ) GLOBAL_UNIT_ASSIGNED_CONTEXT ( ( #1203, #1300, #74 ) ) REPRESENTATION_CONTEXT ( 'NONE', 'WORKASPACE' ) );
#1269 = FACE_OUTER_BOUND ( 'NONE', #320, .T. ) ;
#1270 = CARTESIAN_POINT ( 'NONE',  ( 90.00000000000000000, 9.000000000000000000, 65.00000000000002842 ) ) ;
#1271 = ORIENTED_EDGE ( 'NONE', *, *, #648, .F. ) ;
#1272 = EDGE_LOOP ( 'NONE', ( #61, #666, #95, #1150 ) ) ;
#1273 = ORIENTED_EDGE ( 'NONE', *, *, #76, .T. ) ;
#1274 = VECTOR ( 'NONE', #1382, 1000.000000000000000 ) ;
#1275 = EDGE_CURVE ( 'NONE', #93, #1042, #127, .T. ) ;
#1276 = CARTESIAN_POINT ( 'NONE',  ( -79.99999999999974420, 0.000000000000000000, 63.47500000000001563 ) ) ;
#1277 = DIRECTION ( 'NONE',  ( 0.000000000000000000, 1.000000000000000000, 0.000000000000000000 ) ) ;
#1278 = DIRECTION ( 'NONE',  ( 0.000000000000000000, 0.000000000000000000, 1.000000000000000000 ) ) ;
#1279 = AXIS2_PLACEMENT_3D ( 'NONE', #295, #534, #1428 ) ;
#1280 = EDGE_LOOP ( 'NONE', ( #1125, #965, #597, #154 ) ) ;
#1281 = ORIENTED_EDGE ( 'NONE', *, *, #547, .T. ) ;
#1282 = AXIS2_PLACEMENT_3D ( 'NONE', #1057, #625, #374 ) ;
#1283 = DIRECTION ( 'NONE',  ( 1.067522139062651164E-16, 0.000000000000000000, -1.000000000000000000 ) ) ;
#1284 = CARTESIAN_POINT ( 'NONE',  ( 90.00000000000000000, 9.000000000000000000, 52.50000000000000000 ) ) ;
#1285 = DIRECTION ( 'NONE',  ( 1.067522139062651164E-16, -0.000000000000000000, 1.000000000000000000 ) ) ;
#1286 = ORIENTED_EDGE ( 'NONE', *, *, #126, .T. ) ;
#1287 = EDGE_CURVE ( 'NONE', #101, #982, #1371, .T. ) ;
#1288 = ORIENTED_EDGE ( 'NONE', *, *, #639, .T. ) ;
#1289 = EDGE_LOOP ( 'NONE', ( #978, #816, #268, #859 ) ) ;
#1290 = DIRECTION ( 'NONE',  ( 0.000000000000000000, 1.000000000000000000, 0.000000000000000000 ) ) ;
#1291 = CARTESIAN_POINT ( 'NONE',  ( 64.99999999999978684, 0.000000000000000000, 80.00000000000002842 ) ) ;
#1292 = PLANE ( 'NONE',  #752 ) ;
#1293 = STYLED_ITEM ( 'NONE', ( #307 ), #108 ) ;
#1294 = EDGE_CURVE ( 'NONE', #75, #948, #579, .T. ) ;
#1295 = ORIENTED_EDGE ( 'NONE', *, *, #557, .F. ) ;
#1296 = ORIENTED_EDGE ( 'NONE', *, *, #592, .T. ) ;
#1297 = LINE ( 'NONE', #715, #182 ) ;
#1298 = CARTESIAN_POINT ( 'NONE',  ( 19.25000000000000000, 9.000000000000000000, -32.54999999999992610 ) ) ;
#1299 = DIRECTION ( 'NONE',  ( 0.000000000000000000, -1.000000000000000000, 0.000000000000000000 ) ) ;
#1300 =( NAMED_UNIT ( * ) PLANE_ANGLE_UNIT ( ) SI_UNIT ( $, .RADIAN. ) );
#1301 = VERTEX_POINT ( 'NONE', #1 ) ;
#1302 = EDGE_CURVE ( 'NONE', #225, #1061, #795, .T. ) ;
#1303 = FACE_OUTER_BOUND ( 'NONE', #517, .T. ) ;
#1304 = EDGE_LOOP ( 'NONE', ( #468, #613 ) ) ;
#1305 = EDGE_CURVE ( 'NONE', #170, #101, #963, .T. ) ;
#1306 = CARTESIAN_POINT ( 'NONE',  ( 90.00000000000000000, 0.000000000000000000, 52.50000000000000000 ) ) ;
#1307 = DIRECTION ( 'NONE',  ( 0.000000000000000000, 0.000000000000000000, 1.000000000000000000 ) ) ;
#1308 = CARTESIAN_POINT ( 'NONE',  ( 64.99999999999978684, 9.000000000000000000, 80.00000000000002842 ) ) ;
#1309 = ORIENTED_EDGE ( 'NONE', *, *, #146, .T. ) ;
#1310 = DIRECTION ( 'NONE',  ( -0.000000000000000000, 1.000000000000000000, -0.000000000000000000 ) ) ;
#1311 = VERTEX_POINT ( 'NONE', #458 ) ;
#1312 = EDGE_CURVE ( 'NONE', #147, #313, #690, .T. ) ;
#1313 = CARTESIAN_POINT ( 'NONE',  ( -19.25000000000000000, 9.000000000000000000, -29.44999999999993179 ) ) ;
#1314 = FACE_OUTER_BOUND ( 'NONE', #609, .T. ) ;
#1315 = CARTESIAN_POINT ( 'NONE',  ( 24.50000000000000711, 9.000000000000000000, 32.55000000000006821 ) ) ;
#1316 = AXIS2_PLACEMENT_3D ( 'NONE', #678, #1012, #1124 ) ;
#1317 = EDGE_LOOP ( 'NONE', ( #1007, #560 ) ) ;
#1318 = LINE ( 'NONE', #778, #1383 ) ;
#1319 = EDGE_LOOP ( 'NONE', ( #27, #1359, #385, #831 ) ) ;
#1320 =( LENGTH_UNIT ( ) NAMED_UNIT ( * ) SI_UNIT ( .MILLI., .METRE. ) );
#1321 = DIRECTION ( 'NONE',  ( 0.000000000000000000, 1.000000000000000000, 0.000000000000000000 ) ) ;
#1322 = ADVANCED_FACE ( 'NONE', ( #1269 ), #907, .F. ) ;
#1323 = DIRECTION ( 'NONE',  ( 0.000000000000000000, 1.000000000000000000, 0.000000000000000000 ) ) ;
#1324 = DIRECTION ( 'NONE',  ( 0.000000000000000000, 0.000000000000000000, 1.000000000000000000 ) ) ;
#1325 = ORIENTED_EDGE ( 'NONE', *, *, #236, .F. ) ;
#1326 = DIRECTION ( 'NONE',  ( -0.000000000000000000, 1.000000000000000000, -0.000000000000000000 ) ) ;
#1327 = CIRCLE ( 'NONE', #160, 1.524999999999998579 ) ;
#1328 = EDGE_LOOP ( 'NONE', ( #510, #762 ) ) ;
#1329 = DIRECTION ( 'NONE',  ( -0.000000000000000000, 1.000000000000000000, -0.000000000000000000 ) ) ;
#1330 = CARTESIAN_POINT ( 'NONE',  ( 79.99999999999977263, 0.000000000000000000, 66.52500000000003411 ) ) ;
#1331 = SURFACE_STYLE_FILL_AREA ( #293 ) ;
#1332 = CIRCLE ( 'NONE', #1282, 1.549999999999999378 ) ;
#1333 = EDGE_LOOP ( 'NONE', ( #344, #1271 ) ) ;
#1334 = EDGE_CURVE ( 'NONE', #568, #147, #247, .T. ) ;
#1335 = FACE_OUTER_BOUND ( 'NONE', #377, .T. ) ;
#1336 = AXIS2_PLACEMENT_3D ( 'NONE', #759, #563, #1009 ) ;
#1337 = ORIENTED_EDGE ( 'NONE', *, *, #393, .F. ) ;
#1338 = CIRCLE ( 'NONE', #797, 1.550000000000002709 ) ;
#1339 = CARTESIAN_POINT ( 'NONE',  ( -79.99999999999975842, 0.000000000000000000, -63.47499999999989484 ) ) ;
#1340 = CARTESIAN_POINT ( 'NONE',  ( -90.00000000000000000, 9.000000000000000000, 52.49999999999999289 ) ) ;
#1341 = LINE ( 'NONE', #316, #367 ) ;
#1342 = ORIENTED_EDGE ( 'NONE', *, *, #708, .T. ) ;
#1343 = ADVANCED_FACE ( 'NONE', ( #809 ), #696, .F. ) ;
#1344 = DIRECTION ( 'NONE',  ( -0.000000000000000000, 1.000000000000000000, -0.000000000000000000 ) ) ;
#1345 = EDGE_LOOP ( 'NONE', ( #499, #727 ) ) ;
#1346 = CARTESIAN_POINT ( 'NONE',  ( 90.00000000000000000, 0.000000000000000000, -52.50000000000000000 ) ) ;
#1347 = CARTESIAN_POINT ( 'NONE',  ( -24.49999999999999289, 0.000000000000000000, 29.45000000000007034 ) ) ;
#1348 = DIRECTION ( 'NONE',  ( 0.000000000000000000, 0.000000000000000000, 1.000000000000000000 ) ) ;
#1349 = VERTEX_POINT ( 'NONE', #731 ) ;
#1350 = AXIS2_PLACEMENT_3D ( 'NONE', #464, #233, #911 ) ;
#1351 = DIRECTION ( 'NONE',  ( 0.000000000000000000, 1.000000000000000000, 0.000000000000000000 ) ) ;
#1352 = VERTEX_POINT ( 'NONE', #833 ) ;
#1353 = EDGE_CURVE ( 'NONE', #51, #1379, #1081, .T. ) ;
#1354 = VECTOR ( 'NONE', #518, 1000.000000000000000 ) ;
#1355 = FACE_OUTER_BOUND ( 'NONE', #593, .T. ) ;
#1356 = EDGE_CURVE ( 'NONE', #93, #849, #149, .T. ) ;
#1357 = CARTESIAN_POINT ( 'NONE',  ( 90.00000000000001421, 9.000000000000000000, -64.99999999999988631 ) ) ;
#1358 = DIRECTION ( 'NONE',  ( 0.000000000000000000, 1.000000000000000000, 0.000000000000000000 ) ) ;
#1359 = ORIENTED_EDGE ( 'NONE', *, *, #117, .T. ) ;
#1360 = AXIS2_PLACEMENT_3D ( 'NONE', #141, #746, #495 ) ;
#1361 = FACE_OUTER_BOUND ( 'NONE', #1459, .T. ) ;
#1362 = ORIENTED_EDGE ( 'NONE', *, *, #1312, .T. ) ;
#1363 = DIRECTION ( 'NONE',  ( 0.000000000000000000, 1.000000000000000000, 0.000000000000000000 ) ) ;
#1364 = AXIS2_PLACEMENT_3D ( 'NONE', #1000, #1245, #329 ) ;
#1365 = EDGE_CURVE ( 'NONE', #330, #1434, #1074, .T. ) ;
#1366 = CARTESIAN_POINT ( 'NONE',  ( -90.00000000000000000, 9.000000000000000000, -52.49999999999999289 ) ) ;
#1367 = CARTESIAN_POINT ( 'NONE',  ( 24.50000000000000711, 0.000000000000000000, 32.55000000000006821 ) ) ;
#1368 = PLANE ( 'NONE',  #802 ) ;
#1369 = ORIENTED_EDGE ( 'NONE', *, *, #1253, .F. ) ;
#1370 = VECTOR ( 'NONE', #1424, 1000.000000000000000 ) ;
#1371 = LINE ( 'NONE', #333, #1475 ) ;
#1372 = CYLINDRICAL_SURFACE ( 'NONE', #1200, 1.550000000000002709 ) ;
#1373 = EDGE_CURVE ( 'NONE', #1468, #87, #1297, .T. ) ;
#1374 = CIRCLE ( 'NONE', #270, 1.549999999999999378 ) ;
#1375 = ORIENTED_EDGE ( 'NONE', *, *, #476, .F. ) ;
#1376 = DIRECTION ( 'NONE',  ( -0.000000000000000000, 1.000000000000000000, -0.000000000000000000 ) ) ;
#1377 = VECTOR ( 'NONE', #972, 1000.000000000000000 ) ;
#1378 = DIRECTION ( 'NONE',  ( 0.000000000000000000, 0.000000000000000000, 1.000000000000000000 ) ) ;
#1379 = VERTEX_POINT ( 'NONE', #274 ) ;
#1380 = ADVANCED_FACE ( 'NONE', ( #164 ), #1410, .F. ) ;
#1381 = VERTEX_POINT ( 'NONE', #521 ) ;
#1382 = DIRECTION ( 'NONE',  ( -0.000000000000000000, -1.000000000000000000, -0.000000000000000000 ) ) ;
#1383 = VECTOR ( 'NONE', #1310, 1000.000000000000000 ) ;
#1384 = CARTESIAN_POINT ( 'NONE',  ( -19.25000000000000000, 9.000000000000000000, -32.54999999999992610 ) ) ;
#1385 = APPLICATION_CONTEXT ( 'automotive_design' ) ;
#1386 = ORIENTED_EDGE ( 'NONE', *, *, #728, .F. ) ;
#1387 = AXIS2_PLACEMENT_3D ( 'NONE', #399, #1194, #946 ) ;
#1388 = AXIS2_PLACEMENT_3D ( 'NONE', #83, #750, #997 ) ;
#1389 = FACE_OUTER_BOUND ( 'NONE', #1474, .T. ) ;
#1390 = FACE_OUTER_BOUND ( 'NONE', #1054, .T. ) ;
#1391 = CYLINDRICAL_SURFACE ( 'NONE', #285, 1.524999999999998579 ) ;
#1392 = AXIS2_PLACEMENT_3D ( 'NONE', #479, #1158, #602 ) ;
#1393 = ORIENTED_EDGE ( 'NONE', *, *, #1215, .F. ) ;
#1394 = VERTEX_POINT ( 'NONE', #387 ) ;
#1395 = VECTOR ( 'NONE', #1134, 1000.000000000000000 ) ;
#1396 = CARTESIAN_POINT ( 'NONE',  ( -24.49999999999999289, 9.000000000000000000, 31.00000000000006750 ) ) ;
#1397 = EDGE_CURVE ( 'NONE', #498, #125, #1332, .T. ) ;
#1398 = CYLINDRICAL_SURFACE ( 'NONE', #346, 1.524999999999998579 ) ;
#1399 = LINE ( 'NONE', #835, #400 ) ;
#1400 = AXIS2_PLACEMENT_3D ( 'NONE', #189, #652, #1192 ) ;
#1401 = VERTEX_POINT ( 'NONE', #1050 ) ;
#1402 = PRODUCT_DEFINITION_CONTEXT ( 'detailed design', #1385, 'design' ) ;
#1403 = ORIENTED_EDGE ( 'NONE', *, *, #747, .T. ) ;
#1404 = ORIENTED_EDGE ( 'NONE', *, *, #935, .T. ) ;
#1405 = FACE_OUTER_BOUND ( 'NONE', #1441, .T. ) ;
#1406 = CARTESIAN_POINT ( 'NONE',  ( -64.99999999999975842, 0.000000000000000000, -81.52499999999989200 ) ) ;
#1407 = EDGE_CURVE ( 'NONE', #735, #1255, #123, .T. ) ;
#1408 = LINE ( 'NONE', #734, #372 ) ;
#1409 = ORIENTED_EDGE ( 'NONE', *, *, #1312, .F. ) ;
#1410 = CYLINDRICAL_SURFACE ( 'NONE', #500, 1.524999999999998579 ) ;
#1411 = CARTESIAN_POINT ( 'NONE',  ( 79.99999999999977263, 0.000000000000000000, 63.47500000000002984 ) ) ;
#1412 = FACE_BOUND ( 'NONE', #1333, .T. ) ;
#1413 = MECHANICAL_DESIGN_GEOMETRIC_PRESENTATION_REPRESENTATION (  '', ( #1293 ), #1268 ) ;
#1414 = EDGE_LOOP ( 'NONE', ( #800, #695 ) ) ;
#1415 = EDGE_CURVE ( 'NONE', #147, #225, #739, .T. ) ;
#1416 = ORIENTED_EDGE ( 'NONE', *, *, #349, .T. ) ;
#1417 = ADVANCED_FACE ( 'NONE', ( #1389 ), #38, .T. ) ;
#1418 = AXIS2_PLACEMENT_3D ( 'NONE', #958, #1421, #397 ) ;
#1419 = LINE ( 'NONE', #657, #1354 ) ;
#1420 = ORIENTED_EDGE ( 'NONE', *, *, #608, .T. ) ;
#1421 = DIRECTION ( 'NONE',  ( 0.000000000000000000, 1.000000000000000000, -0.000000000000000000 ) ) ;
#1422 = CARTESIAN_POINT ( 'NONE',  ( -64.99999999999972999, 9.000000000000000000, 78.47500000000003695 ) ) ;
#1423 = VECTOR ( 'NONE', #238, 1000.000000000000000 ) ;
#1424 = DIRECTION ( 'NONE',  ( 1.067522139062651164E-16, -0.000000000000000000, 1.000000000000000000 ) ) ;
#1425 = ORIENTED_EDGE ( 'NONE', *, *, #79, .T. ) ;
#1426 = PRODUCT_DEFINITION_SHAPE ( 'NONE', 'NONE',  #318 ) ;
#1427 = ADVANCED_FACE ( 'NONE', ( #1405 ), #1191, .F. ) ;
#1428 = DIRECTION ( 'NONE',  ( 0.000000000000000000, -0.000000000000000000, -1.000000000000000000 ) ) ;
#1429 = LINE ( 'NONE', #275, #764 ) ;
#1430 = FACE_OUTER_BOUND ( 'NONE', #687, .T. ) ;
#1431 = DIRECTION ( 'NONE',  ( 1.000000000000000000, -0.000000000000000000, -0.000000000000000000 ) ) ;
#1432 = ORIENTED_EDGE ( 'NONE', *, *, #1145, .T. ) ;
#1433 = LINE ( 'NONE', #642, #503 ) ;
#1434 = VERTEX_POINT ( 'NONE', #634 ) ;
#1435 = EDGE_CURVE ( 'NONE', #1301, #1198, #1020, .T. ) ;
#1436 = CARTESIAN_POINT ( 'NONE',  ( -64.99999999999972999, 0.000000000000000000, 80.00000000000002842 ) ) ;
#1437 = DIRECTION ( 'NONE',  ( 0.000000000000000000, 0.000000000000000000, 1.000000000000000000 ) ) ;
#1438 = LINE ( 'NONE', #1213, #1440 ) ;
#1439 = AXIS2_PLACEMENT_3D ( 'NONE', #229, #1115, #671 ) ;
#1440 = VECTOR ( 'NONE', #1448, 1000.000000000000000 ) ;
#1441 = EDGE_LOOP ( 'NONE', ( #1106, #573, #6, #1178 ) ) ;
#1442 = DIRECTION ( 'NONE',  ( 0.000000000000000000, 0.000000000000000000, 1.000000000000000000 ) ) ;
#1443 = ORIENTED_EDGE ( 'NONE', *, *, #472, .T. ) ;
#1444 = CIRCLE ( 'NONE', #153, 1.524999999999998579 ) ;
#1445 = CARTESIAN_POINT ( 'NONE',  ( 90.00000000000000000, 0.000000000000000000, 52.50000000000000000 ) ) ;
#1446 = ADVANCED_FACE ( 'NONE', ( #265 ), #601, .F. ) ;
#1447 = LINE ( 'NONE', #1347, #813 ) ;
#1448 = DIRECTION ( 'NONE',  ( -0.000000000000000000, 1.000000000000000000, -0.000000000000000000 ) ) ;
#1449 = ORIENTED_EDGE ( 'NONE', *, *, #28, .T. ) ;
#1450 = CARTESIAN_POINT ( 'NONE',  ( -19.25000000000000000, 0.000000000000000000, -32.54999999999992610 ) ) ;
#1451 = AXIS2_PLACEMENT_3D ( 'NONE', #440, #105, #1226 ) ;
#1452 = ORIENTED_EDGE ( 'NONE', *, *, #1294, .F. ) ;
#1453 = AXIS2_PLACEMENT_3D ( 'NONE', #324, #1455, #215 ) ;
#1454 = DIRECTION ( 'NONE',  ( 0.000000000000000000, 0.000000000000000000, 1.000000000000000000 ) ) ;
#1455 = DIRECTION ( 'NONE',  ( 0.000000000000000000, 1.000000000000000000, 0.000000000000000000 ) ) ;
#1456 = CIRCLE ( 'NONE', #1137, 25.00000000000021672 ) ;
#1457 = LINE ( 'NONE', #418, #804 ) ;
#1458 = EDGE_CURVE ( 'NONE', #649, #161, #1214, .T. ) ;
#1459 = EDGE_LOOP ( 'NONE', ( #1386, #1295, #581, #1232 ) ) ;
#1460 = CARTESIAN_POINT ( 'NONE',  ( -44.99999999999998579, 0.000000000000000000, 52.49999999999999289 ) ) ;
#1461 = VERTEX_POINT ( 'NONE', #173 ) ;
#1462 = DIRECTION ( 'NONE',  ( 0.000000000000000000, 0.000000000000000000, -1.000000000000000000 ) ) ;
#1463 = FACE_OUTER_BOUND ( 'NONE', #119, .T. ) ;
#1464 = DIRECTION ( 'NONE',  ( 0.000000000000000000, 0.000000000000000000, -1.000000000000000000 ) ) ;
#1465 = EDGE_CURVE ( 'NONE', #823, #852, #588, .T. ) ;
#1466 = DIRECTION ( 'NONE',  ( 0.000000000000000000, 1.000000000000000000, 0.000000000000000000 ) ) ;
#1467 = ADVANCED_FACE ( 'NONE', ( #31 ), #854, .F. ) ;
#1468 = VERTEX_POINT ( 'NONE', #1276 ) ;
#1469 = DIRECTION ( 'NONE',  ( 0.000000000000000000, 0.000000000000000000, -1.000000000000000000 ) ) ;
#1470 = AXIS2_PLACEMENT_3D ( 'NONE', #683, #234, #1236 ) ;
#1471 = CARTESIAN_POINT ( 'NONE',  ( -45.00000000000000000, 9.000000000000000000, -52.49999999999999289 ) ) ;
#1472 = CARTESIAN_POINT ( 'NONE',  ( 65.00000000000000000, 0.000000000000000000, 65.00000000000002842 ) ) ;
#1473 = AXIS2_PLACEMENT_3D ( 'NONE', #1436, #1066, #1085 ) ;
#1474 = EDGE_LOOP ( 'NONE', ( #730, #1409, #792, #246 ) ) ;
#1475 = VECTOR ( 'NONE', #353, 1000.000000000000000 ) ;
#1476 = CARTESIAN_POINT ( 'NONE',  ( 79.99999999999977263, 9.000000000000000000, 65.00000000000002842 ) ) ;
#1477 = ORIENTED_EDGE ( 'NONE', *, *, #536, .F. ) ;
#1478 = AXIS2_PLACEMENT_3D ( 'NONE', #512, #297, #198 ) ;
#1479 = FACE_BOUND ( 'NONE', #1155, .T. ) ;
ENDSEC;
END-ISO-10303-21;
