ISO-10303-21;
HEADER;
FILE_DESCRIPTION (( 'STEP AP214' ),
    '1' );
FILE_NAME ('plate3.STEP',
    '2025-12-14T03:01:26',
    ( '' ),
    ( '' ),
    'SwSTEP 2.0',
    'SolidWorks 2025',
    '' );
FILE_SCHEMA (( 'AUTOMOTIVE_DESIGN' ));
ENDSEC;

DATA;
#1 = EDGE_CURVE ( 'NONE', #2520, #2622, #983, .T. ) ;
#2 = FACE_BOUND ( 'NONE', #1425, .T. ) ;
#3 = EDGE_LOOP ( 'NONE', ( #1652, #848, #1814, #252 ) ) ;
#4 = VECTOR ( 'NONE', #2184, 1000.000000000000000 ) ;
#5 = ORIENTED_EDGE ( 'NONE', *, *, #498, .F. ) ;
#6 = DIRECTION ( 'NONE',  ( 0.000000000000000000, 0.000000000000000000, -1.000000000000000000 ) ) ;
#7 = CARTESIAN_POINT ( 'NONE',  ( -65.00000000000000000, 9.000000000000000000, 65.00000000000002842 ) ) ;
#8 = DIRECTION ( 'NONE',  ( 1.982541115402065110E-16, 0.000000000000000000, -1.000000000000000000 ) ) ;
#9 = ORIENTED_EDGE ( 'NONE', *, *, #1528, .T. ) ;
#10 = CARTESIAN_POINT ( 'NONE',  ( -64.99999999999975842, 0.000000000000000000, -78.39999999999989200 ) ) ;
#11 = CYLINDRICAL_SURFACE ( 'NONE', #3461, 10.00000000000000178 ) ;
#12 = DIRECTION ( 'NONE',  ( -0.000000000000000000, 1.000000000000000000, -0.000000000000000000 ) ) ;
#13 = EDGE_LOOP ( 'NONE', ( #2677, #3148, #982, #451 ) ) ;
#14 = CIRCLE ( 'NONE', #1621, 1.600000000000004086 ) ;
#15 = AXIS2_PLACEMENT_3D ( 'NONE', #1182, #101, #2549 ) ;
#16 = CARTESIAN_POINT ( 'NONE',  ( 0.000000000000000000, 19.00000000000000000, 0.000000000000000000 ) ) ;
#17 = VECTOR ( 'NONE', #2742, 1000.000000000000000 ) ;
#18 = CARTESIAN_POINT ( 'NONE',  ( -14.00000000000001243, 19.00000000000000000, 38.50000000000000000 ) ) ;
#19 = EDGE_CURVE ( 'NONE', #953, #673, #3187, .T. ) ;
#20 = CYLINDRICAL_SURFACE ( 'NONE', #2084, 1.000000000000000888 ) ;
#21 = CIRCLE ( 'NONE', #2494, 1.600000000000004086 ) ;
#22 = ORIENTED_EDGE ( 'NONE', *, *, #1432, .F. ) ;
#23 = VERTEX_POINT ( 'NONE', #1286 ) ;
#24 = LINE ( 'NONE', #3024, #2382 ) ;
#25 = CARTESIAN_POINT ( 'NONE',  ( 0.000000000000000000, 19.00000000000000000, 0.000000000000000000 ) ) ;
#26 = CARTESIAN_POINT ( 'NONE',  ( 10.99999999999999467, 19.00000000000000000, -51.50000000000000000 ) ) ;
#27 = ORIENTED_EDGE ( 'NONE', *, *, #1098, .T. ) ;
#28 = DIRECTION ( 'NONE',  ( 0.000000000000000000, 0.000000000000000000, 1.000000000000000000 ) ) ;
#29 = CARTESIAN_POINT ( 'NONE',  ( -19.00000000000001776, 9.000000000000000000, -48.50000000000000711 ) ) ;
#30 = DIRECTION ( 'NONE',  ( 0.000000000000000000, 0.000000000000000000, 1.000000000000000000 ) ) ;
#31 = VERTEX_POINT ( 'NONE', #2420 ) ;
#32 = EDGE_CURVE ( 'NONE', #2791, #3488, #3149, .T. ) ;
#33 = DIRECTION ( 'NONE',  ( -0.000000000000000000, 1.000000000000000000, -0.000000000000000000 ) ) ;
#34 = ORIENTED_EDGE ( 'NONE', *, *, #2919, .F. ) ;
#35 = EDGE_CURVE ( 'NONE', #432, #116, #1554, .T. ) ;
#36 = DIRECTION ( 'NONE',  ( -0.000000000000000000, 1.000000000000000000, -0.000000000000000000 ) ) ;
#37 = CARTESIAN_POINT ( 'NONE',  ( -19.00000000000001776, 19.00000000000000000, 48.50000000000000711 ) ) ;
#38 = VERTEX_POINT ( 'NONE', #2053 ) ;
#39 = ORIENTED_EDGE ( 'NONE', *, *, #1070, .T. ) ;
#40 = EDGE_CURVE ( 'NONE', #3111, #787, #2109, .T. ) ;
#41 = VECTOR ( 'NONE', #694, 1000.000000000000000 ) ;
#42 = PLANE ( 'NONE',  #2222 ) ;
#43 = CARTESIAN_POINT ( 'NONE',  ( -64.99999999999975842, 9.000000000000000000, 90.00000000000007105 ) ) ;
#44 = LINE ( 'NONE', #2033, #777 ) ;
#45 = ORIENTED_EDGE ( 'NONE', *, *, #991, .F. ) ;
#46 = DIRECTION ( 'NONE',  ( 0.000000000000000000, 0.000000000000000000, -1.000000000000000000 ) ) ;
#47 = DIRECTION ( 'NONE',  ( -1.000000000000000000, -0.000000000000000000, -0.000000000000000000 ) ) ;
#48 = VECTOR ( 'NONE', #1584, 1000.000000000000000 ) ;
#49 = DIRECTION ( 'NONE',  ( 1.000000000000000000, 0.000000000000000000, 0.000000000000000000 ) ) ;
#50 = PLANE ( 'NONE',  #3268 ) ;
#51 = EDGE_LOOP ( 'NONE', ( #2891, #3226, #2848, #3352 ) ) ;
#52 = EDGE_CURVE ( 'NONE', #971, #636, #2072, .T. ) ;
#53 = CARTESIAN_POINT ( 'NONE',  ( -19.00000000000001776, 19.00000000000000000, -48.50000000000000711 ) ) ;
#54 = CARTESIAN_POINT ( 'NONE',  ( 79.99999999999977263, 9.000000000000000000, 65.00000000000002842 ) ) ;
#55 = EDGE_CURVE ( 'NONE', #1772, #1489, #3480, .T. ) ;
#56 = ORIENTED_EDGE ( 'NONE', *, *, #2603, .T. ) ;
#57 = ORIENTED_EDGE ( 'NONE', *, *, #2777, .F. ) ;
#58 = FACE_OUTER_BOUND ( 'NONE', #2134, .T. ) ;
#59 = CARTESIAN_POINT ( 'NONE',  ( -14.00000000000001243, 9.000000000000000000, 38.50000000000000711 ) ) ;
#60 = DIRECTION ( 'NONE',  ( 0.000000000000000000, 1.000000000000000000, 0.000000000000000000 ) ) ;
#61 = VECTOR ( 'NONE', #2855, 1000.000000000000000 ) ;
#62 = ORIENTED_EDGE ( 'NONE', *, *, #1263, .F. ) ;
#63 = LINE ( 'NONE', #2796, #2827 ) ;
#64 = DIRECTION ( 'NONE',  ( -0.000000000000000000, -0.000000000000000000, 1.000000000000000000 ) ) ;
#65 = EDGE_CURVE ( 'NONE', #2859, #963, #1033, .T. ) ;
#66 = CARTESIAN_POINT ( 'NONE',  ( -79.99999999999974420, 0.000000000000000000, 65.00000000000001421 ) ) ;
#67 = DIRECTION ( 'NONE',  ( -0.000000000000000000, 1.000000000000000000, -0.000000000000000000 ) ) ;
#68 = VERTEX_POINT ( 'NONE', #718 ) ;
#69 = EDGE_CURVE ( 'NONE', #764, #1551, #1808, .T. ) ;
#70 = DIRECTION ( 'NONE',  ( 1.000000000000000000, -0.000000000000000000, 0.000000000000000000 ) ) ;
#71 = CIRCLE ( 'NONE', #1795, 1.000000000000000888 ) ;
#72 = DIRECTION ( 'NONE',  ( -1.000000000000000000, -0.000000000000000000, -0.000000000000000000 ) ) ;
#73 = ORIENTED_EDGE ( 'NONE', *, *, #2580, .F. ) ;
#74 = AXIS2_PLACEMENT_3D ( 'NONE', #519, #3521, #3255 ) ;
#75 = ORIENTED_EDGE ( 'NONE', *, *, #3490, .F. ) ;
#76 = DIRECTION ( 'NONE',  ( -0.000000000000000000, 1.000000000000000000, -0.000000000000000000 ) ) ;
#77 = DIRECTION ( 'NONE',  ( -1.000000000000000000, 0.000000000000000000, 0.000000000000000000 ) ) ;
#78 = CIRCLE ( 'NONE', #2948, 1.600000000000004086 ) ;
#79 = LINE ( 'NONE', #112, #2945 ) ;
#80 = VERTEX_POINT ( 'NONE', #2972 ) ;
#81 = CARTESIAN_POINT ( 'NONE',  ( -76.00000000000000000, 19.00000000000000000, 38.50000000000000000 ) ) ;
#82 = FACE_BOUND ( 'NONE', #3309, .T. ) ;
#83 = CARTESIAN_POINT ( 'NONE',  ( -19.00000000000001776, 19.00000000000000000, 48.50000000000000711 ) ) ;
#84 = AXIS2_PLACEMENT_3D ( 'NONE', #1881, #3243, #3259 ) ;
#85 = EDGE_CURVE ( 'NONE', #2916, #553, #1674, .T. ) ;
#86 = CIRCLE ( 'NONE', #2387, 1.000000000000000888 ) ;
#87 = CYLINDRICAL_SURFACE ( 'NONE', #1894, 1.600000000000004086 ) ;
#88 = VERTEX_POINT ( 'NONE', #2196 ) ;
#89 = ORIENTED_EDGE ( 'NONE', *, *, #3470, .T. ) ;
#90 =( LENGTH_UNIT ( ) NAMED_UNIT ( * ) SI_UNIT ( .MILLI., .METRE. ) );
#91 = ORIENTED_EDGE ( 'NONE', *, *, #3103, .T. ) ;
#92 = DIRECTION ( 'NONE',  ( -0.000000000000000000, 1.000000000000000000, -0.000000000000000000 ) ) ;
#93 = CARTESIAN_POINT ( 'NONE',  ( 0.9999999999999965583, 19.00000000000000000, -41.50000000000000000 ) ) ;
#94 = FACE_OUTER_BOUND ( 'NONE', #1059, .T. ) ;
#95 = DIRECTION ( 'NONE',  ( 8.326672684688672475E-15, 0.000000000000000000, -1.000000000000000000 ) ) ;
#96 = EDGE_LOOP ( 'NONE', ( #1865, #297, #947, #2376 ) ) ;
#97 = AXIS2_PLACEMENT_3D ( 'NONE', #1818, #2626, #3161 ) ;
#98 = ORIENTED_EDGE ( 'NONE', *, *, #1152, .T. ) ;
#99 = DIRECTION ( 'NONE',  ( 1.000000000000000000, -0.000000000000000000, -0.000000000000000000 ) ) ;
#100 = CARTESIAN_POINT ( 'NONE',  ( -45.00000000000000000, 0.000000000000000000, -65.00000000000007105 ) ) ;
#101 = DIRECTION ( 'NONE',  ( 0.000000000000000000, 0.000000000000000000, 1.000000000000000000 ) ) ;
#102 = DIRECTION ( 'NONE',  ( 0.000000000000000000, 1.000000000000000000, -0.000000000000000000 ) ) ;
#103 = ORIENTED_EDGE ( 'NONE', *, *, #2258, .F. ) ;
#104 = EDGE_LOOP ( 'NONE', ( #3059, #640, #3408, #2935 ) ) ;
#105 = EDGE_CURVE ( 'NONE', #2306, #1569, #1336, .T. ) ;
#106 = CARTESIAN_POINT ( 'NONE',  ( -79.99999999999975842, 0.000000000000000000, -63.39999999999988489 ) ) ;
#107 = ORIENTED_EDGE ( 'NONE', *, *, #596, .F. ) ;
#108 = LINE ( 'NONE', #1446, #3418 ) ;
#109 = VECTOR ( 'NONE', #1986, 1000.000000000000000 ) ;
#110 = DIRECTION ( 'NONE',  ( 0.000000000000000000, 1.000000000000000000, 0.000000000000000000 ) ) ;
#111 = EDGE_CURVE ( 'NONE', #2975, #1840, #840, .T. ) ;
#112 = CARTESIAN_POINT ( 'NONE',  ( 71.00000000000002842, 19.00000000000000000, 41.50000000000000000 ) ) ;
#113 = DIRECTION ( 'NONE',  ( 0.000000000000000000, 1.000000000000000000, -0.000000000000000000 ) ) ;
#114 = ORIENTED_EDGE ( 'NONE', *, *, #2013, .T. ) ;
#115 = VECTOR ( 'NONE', #3474, 1000.000000000000000 ) ;
#116 = VERTEX_POINT ( 'NONE', #1909 ) ;
#117 = DIRECTION ( 'NONE',  ( 0.000000000000000000, 1.000000000000000000, -0.000000000000000000 ) ) ;
#118 = FACE_BOUND ( 'NONE', #1687, .T. ) ;
#119 = EDGE_CURVE ( 'NONE', #1050, #963, #24, .T. ) ;
#120 = AXIS2_PLACEMENT_3D ( 'NONE', #3422, #3458, #974 ) ;
#121 = DIRECTION ( 'NONE',  ( 0.000000000000000000, 0.000000000000000000, 1.000000000000000000 ) ) ;
#122 = DIRECTION ( 'NONE',  ( 0.000000000000000000, 0.000000000000000000, 1.000000000000000000 ) ) ;
#123 = ORIENTED_EDGE ( 'NONE', *, *, #105, .T. ) ;
#124 = DIRECTION ( 'NONE',  ( 0.000000000000000000, 0.000000000000000000, 1.000000000000000000 ) ) ;
#125 = ORIENTED_EDGE ( 'NONE', *, *, #2128, .T. ) ;
#126 = VECTOR ( 'NONE', #3092, 1000.000000000000000 ) ;
#127 = DIRECTION ( 'NONE',  ( -0.000000000000000000, -1.000000000000000000, -0.000000000000000000 ) ) ;
#128 = ADVANCED_FACE ( 'NONE', ( #1051 ), #1891, .F. ) ;
#129 = CARTESIAN_POINT ( 'NONE',  ( -71.00000000000001421, 9.000000000000000000, -48.50000000000000711 ) ) ;
#130 = CARTESIAN_POINT ( 'NONE',  ( -64.99999999999975842, 9.000000000000000000, 90.00000000000005684 ) ) ;
#131 = AXIS2_PLACEMENT_3D ( 'NONE', #1810, #464, #2686 ) ;
#132 = DIRECTION ( 'NONE',  ( 0.000000000000000000, 1.000000000000000000, 0.000000000000000000 ) ) ;
#133 = ORIENTED_EDGE ( 'NONE', *, *, #1253, .F. ) ;
#134 = ORIENTED_EDGE ( 'NONE', *, *, #1077, .F. ) ;
#135 = LINE ( 'NONE', #1737, #1683 ) ;
#136 = VECTOR ( 'NONE', #3502, 1000.000000000000000 ) ;
#137 = CARTESIAN_POINT ( 'NONE',  ( 64.99999999999975842, 0.000000000000000000, -64.99999999999988631 ) ) ;
#138 = CARTESIAN_POINT ( 'NONE',  ( 6.500000000000011546, 9.000000000000000000, 41.50000000000000000 ) ) ;
#139 = DIRECTION ( 'NONE',  ( -1.000000000000000000, 0.000000000000000000, 1.541976423090495387E-16 ) ) ;
#140 = DIRECTION ( 'NONE',  ( -1.000000000000000000, -0.000000000000000000, -0.000000000000000000 ) ) ;
#141 = ORIENTED_EDGE ( 'NONE', *, *, #938, .T. ) ;
#142 = PRODUCT_DEFINITION_SHAPE ( 'NONE', 'NONE',  #955 ) ;
#143 = VECTOR ( 'NONE', #3499, 1000.000000000000000 ) ;
#144 = EDGE_LOOP ( 'NONE', ( #1320, #3446, #1475, #3337 ) ) ;
#145 = AXIS2_PLACEMENT_3D ( 'NONE', #1846, #2961, #3486 ) ;
#146 = ADVANCED_FACE ( 'NONE', ( #1607 ), #2701, .T. ) ;
#147 = LINE ( 'NONE', #180, #1207 ) ;
#148 = VERTEX_POINT ( 'NONE', #571 ) ;
#149 = CARTESIAN_POINT ( 'NONE',  ( 10.99999999999999467, 19.00000000000000000, -46.50000000000000000 ) ) ;
#150 = DIRECTION ( 'NONE',  ( -0.000000000000000000, 1.000000000000000000, -0.000000000000000000 ) ) ;
#151 = CARTESIAN_POINT ( 'NONE',  ( -45.00000000000000000, 9.000000000000000000, -65.00000000000007105 ) ) ;
#152 = EDGE_CURVE ( 'NONE', #2029, #2338, #2031, .T. ) ;
#153 = EDGE_LOOP ( 'NONE', ( #331, #2307, #2639, #1389, #261, #1418, #2914, #563, #1537, #1526, #1876, #27, #199, #3267, #2410, #620, #1415, #1900, #1241, #2730 ) ) ;
#154 = EDGE_LOOP ( 'NONE', ( #1294, #903, #3190, #1301 ) ) ;
#155 = DIRECTION ( 'NONE',  ( -0.000000000000000000, -1.000000000000000000, -0.000000000000000000 ) ) ;
#156 = EDGE_CURVE ( 'NONE', #3512, #3208, #1123, .T. ) ;
#157 = DIRECTION ( 'NONE',  ( 0.000000000000000000, -1.000000000000000000, 0.000000000000000000 ) ) ;
#158 = CIRCLE ( 'NONE', #1992, 9.999999999999994671 ) ;
#159 = DIRECTION ( 'NONE',  ( 0.000000000000000000, 0.000000000000000000, -1.000000000000000000 ) ) ;
#160 = DIRECTION ( 'NONE',  ( 0.000000000000000000, 0.000000000000000000, -1.000000000000000000 ) ) ;
#161 = VERTEX_POINT ( 'NONE', #2470 ) ;
#162 = VERTEX_POINT ( 'NONE', #1659 ) ;
#163 = LINE ( 'NONE', #1259, #3265 ) ;
#164 = ADVANCED_FACE ( 'NONE', ( #316 ), #3238, .T. ) ;
#165 = EDGE_LOOP ( 'NONE', ( #2260, #114 ) ) ;
#166 = LINE ( 'NONE', #3143, #3305 ) ;
#167 = ADVANCED_FACE ( 'NONE', ( #2146 ), #789, .T. ) ;
#168 = DIRECTION ( 'NONE',  ( -1.000000000000000000, -0.000000000000000000, 7.632783294297965415E-15 ) ) ;
#169 = ORIENTED_EDGE ( 'NONE', *, *, #3366, .F. ) ;
#170 = EDGE_LOOP ( 'NONE', ( #1787, #1544, #2668, #1311 ) ) ;
#171 = CIRCLE ( 'NONE', #2484, 9.999999999999994671 ) ;
#172 = VERTEX_POINT ( 'NONE', #2162 ) ;
#173 = DIRECTION ( 'NONE',  ( 0.000000000000000000, 0.000000000000000000, 1.000000000000000000 ) ) ;
#174 = PLANE ( 'NONE',  #1053 ) ;
#175 = DIRECTION ( 'NONE',  ( -1.734723475976805615E-16, -0.000000000000000000, -1.000000000000000000 ) ) ;
#176 = VECTOR ( 'NONE', #1061, 1000.000000000000000 ) ;
#177 = LINE ( 'NONE', #932, #1614 ) ;
#178 = ORIENTED_EDGE ( 'NONE', *, *, #3142, .T. ) ;
#179 = ORIENTED_EDGE ( 'NONE', *, *, #3524, .F. ) ;
#180 = CARTESIAN_POINT ( 'NONE',  ( -8.999999999999996447, 19.00000000000000000, 47.50000000000000711 ) ) ;
#181 = ORIENTED_EDGE ( 'NONE', *, *, #3064, .F. ) ;
#182 = EDGE_CURVE ( 'NONE', #3472, #477, #1068, .T. ) ;
#183 = CARTESIAN_POINT ( 'NONE',  ( -8.999999999999998224, 19.00000000000000000, 38.50000000000000000 ) ) ;
#184 = LINE ( 'NONE', #1785, #1571 ) ;
#185 = ORIENTED_EDGE ( 'NONE', *, *, #409, .T. ) ;
#186 = VECTOR ( 'NONE', #560, 1000.000000000000000 ) ;
#187 = ORIENTED_EDGE ( 'NONE', *, *, #3181, .F. ) ;
#188 = ORIENTED_EDGE ( 'NONE', *, *, #1235, .T. ) ;
#189 = LINE ( 'NONE', #3218, #398 ) ;
#190 = ADVANCED_FACE ( 'NONE', ( #263 ), #2455, .F. ) ;
#191 = AXIS2_PLACEMENT_3D ( 'NONE', #1969, #2094, #986 ) ;
#192 = DIRECTION ( 'NONE',  ( -0.000000000000000000, -1.000000000000000000, 0.000000000000000000 ) ) ;
#193 = ORIENTED_EDGE ( 'NONE', *, *, #535, .T. ) ;
#194 = CIRCLE ( 'NONE', #1056, 1.600000000000004086 ) ;
#195 = DIRECTION ( 'NONE',  ( -0.000000000000000000, 1.000000000000000000, -0.000000000000000000 ) ) ;
#196 = COLOUR_RGB ( '',0.7921568627450980005, 0.8196078431372548767, 0.9333333333333333481 ) ;
#197 = CARTESIAN_POINT ( 'NONE',  ( 66.00000000000004263, 9.000000000000000000, -51.50000000000000000 ) ) ;
#198 = VERTEX_POINT ( 'NONE', #280 ) ;
#199 = ORIENTED_EDGE ( 'NONE', *, *, #3232, .F. ) ;
#200 = EDGE_CURVE ( 'NONE', #1553, #416, #1370, .T. ) ;
#201 = VECTOR ( 'NONE', #2216, 1000.000000000000000 ) ;
#202 = CYLINDRICAL_SURFACE ( 'NONE', #3098, 1.600000000000004086 ) ;
#203 = ORIENTED_EDGE ( 'NONE', *, *, #1253, .T. ) ;
#204 = CARTESIAN_POINT ( 'NONE',  ( -71.00000000000001421, 19.00000000000000000, 43.50000000000000711 ) ) ;
#205 = VECTOR ( 'NONE', #1038, 1000.000000000000000 ) ;
#206 = LINE ( 'NONE', #2880, #3450 ) ;
#207 = EDGE_LOOP ( 'NONE', ( #2244, #2760, #1090, #2159 ) ) ;
#208 = VERTEX_POINT ( 'NONE', #1926 ) ;
#209 = ORIENTED_EDGE ( 'NONE', *, *, #2258, .T. ) ;
#210 = DIRECTION ( 'NONE',  ( -0.000000000000000000, 1.000000000000000000, -0.000000000000000000 ) ) ;
#211 = DIRECTION ( 'NONE',  ( -1.000000000000000000, 0.000000000000000000, 1.387778780781444689E-15 ) ) ;
#212 = ORIENTED_EDGE ( 'NONE', *, *, #3073, .F. ) ;
#213 = CARTESIAN_POINT ( 'NONE',  ( 6.500000000000011546, 19.00000000000000000, 45.50000000000000000 ) ) ;
#214 = DIRECTION ( 'NONE',  ( -0.000000000000000000, -1.000000000000000000, -0.000000000000000000 ) ) ;
#215 = ORIENTED_EDGE ( 'NONE', *, *, #19, .T. ) ;
#216 = EDGE_CURVE ( 'NONE', #553, #477, #228, .T. ) ;
#217 = ORIENTED_EDGE ( 'NONE', *, *, #1530, .T. ) ;
#218 = AXIS2_PLACEMENT_3D ( 'NONE', #204, #3443, #418 ) ;
#219 = FACE_OUTER_BOUND ( 'NONE', #225, .T. ) ;
#220 = VERTEX_POINT ( 'NONE', #1391 ) ;
#221 = DIRECTION ( 'NONE',  ( -0.000000000000000000, -1.000000000000000000, -0.000000000000000000 ) ) ;
#222 = VECTOR ( 'NONE', #3002, 1000.000000000000000 ) ;
#223 = ADVANCED_FACE ( 'NONE', ( #2489 ), #2270, .F. ) ;
#224 = DIRECTION ( 'NONE',  ( 0.000000000000000000, 0.000000000000000000, 1.000000000000000000 ) ) ;
#225 = EDGE_LOOP ( 'NONE', ( #2193, #2088, #2428, #2286 ) ) ;
#226 = EDGE_LOOP ( 'NONE', ( #3269, #895, #735, #1817 ) ) ;
#227 = EDGE_CURVE ( 'NONE', #3537, #788, #1464, .T. ) ;
#228 = LINE ( 'NONE', #2756, #2838 ) ;
#229 = CARTESIAN_POINT ( 'NONE',  ( -8.999999999999996447, 19.00000000000000000, 47.50000000000000711 ) ) ;
#230 = CARTESIAN_POINT ( 'NONE',  ( -64.99999999999975842, 0.000000000000000000, -79.99999999999988631 ) ) ;
#231 = EDGE_CURVE ( 'NONE', #1310, #1959, #3390, .T. ) ;
#232 = LINE ( 'NONE', #2939, #556 ) ;
#233 = PLANE ( 'NONE',  #3324 ) ;
#234 = ORIENTED_EDGE ( 'NONE', *, *, #2866, .T. ) ;
#235 = VECTOR ( 'NONE', #67, 1000.000000000000000 ) ;
#236 = AXIS2_PLACEMENT_3D ( 'NONE', #762, #1023, #2133 ) ;
#237 = CARTESIAN_POINT ( 'NONE',  ( -45.00000000000000000, 0.000000000000000000, -65.00000000000007105 ) ) ;
#238 = ORIENTED_EDGE ( 'NONE', *, *, #382, .F. ) ;
#239 = CARTESIAN_POINT ( 'NONE',  ( 10.99999999999999645, 9.000000000000000000, -51.50000000000000000 ) ) ;
#240 = CARTESIAN_POINT ( 'NONE',  ( 76.00000000000002842, 19.00000000000000000, -41.50000000000000000 ) ) ;
#241 = VERTEX_POINT ( 'NONE', #676 ) ;
#242 = ORIENTED_EDGE ( 'NONE', *, *, #3031, .T. ) ;
#243 = EDGE_CURVE ( 'NONE', #1930, #1760, #2287, .T. ) ;
#244 = DIRECTION ( 'NONE',  ( 0.000000000000000000, 1.000000000000000000, -0.000000000000000000 ) ) ;
#245 = DIRECTION ( 'NONE',  ( 0.000000000000000000, 0.000000000000000000, -1.000000000000000000 ) ) ;
#246 = DIRECTION ( 'NONE',  ( 1.067522139062651164E-16, -0.000000000000000000, 1.000000000000000000 ) ) ;
#247 = CARTESIAN_POINT ( 'NONE',  ( 76.00000000000004263, 19.00000000000000000, 41.49999999999999289 ) ) ;
#248 = LINE ( 'NONE', #1845, #2210 ) ;
#249 = AXIS2_PLACEMENT_3D ( 'NONE', #25, #3044, #1675 ) ;
#250 = CARTESIAN_POINT ( 'NONE',  ( 70.00000000000001421, 19.00000000000000000, -46.50000000000000000 ) ) ;
#251 = VECTOR ( 'NONE', #1108, 1000.000000000000000 ) ;
#252 = ORIENTED_EDGE ( 'NONE', *, *, #2326, .T. ) ;
#253 = AXIS2_PLACEMENT_3D ( 'NONE', #497, #2680, #2451 ) ;
#254 = CARTESIAN_POINT ( 'NONE',  ( 70.00000000000002842, 9.000000000000000000, 45.50000000000000000 ) ) ;
#255 = EDGE_CURVE ( 'NONE', #1426, #2522, #2554, .T. ) ;
#256 = CARTESIAN_POINT ( 'NONE',  ( 79.99999999999977263, 9.000000000000000000, 65.00000000000002842 ) ) ;
#257 = VECTOR ( 'NONE', #76, 1000.000000000000000 ) ;
#258 = EDGE_CURVE ( 'NONE', #1478, #1788, #2541, .T. ) ;
#259 = FACE_OUTER_BOUND ( 'NONE', #1409, .T. ) ;
#260 = ORIENTED_EDGE ( 'NONE', *, *, #1008, .T. ) ;
#261 = ORIENTED_EDGE ( 'NONE', *, *, #2915, .T. ) ;
#262 = AXIS2_PLACEMENT_3D ( 'NONE', #2847, #3110, #387 ) ;
#263 = FACE_OUTER_BOUND ( 'NONE', #1628, .T. ) ;
#264 = AXIS2_PLACEMENT_3D ( 'NONE', #2781, #2496, #1129 ) ;
#265 = CARTESIAN_POINT ( 'NONE',  ( 0.9999999999999965583, 19.00000000000000000, -41.50000000000000000 ) ) ;
#266 = ADVANCED_FACE ( 'NONE', ( #908 ), #3357, .F. ) ;
#267 = ORIENTED_EDGE ( 'NONE', *, *, #1725, .F. ) ;
#268 = FACE_OUTER_BOUND ( 'NONE', #1777, .T. ) ;
#269 = DIRECTION ( 'NONE',  ( 3.965082230804129234E-16, 0.000000000000000000, 1.000000000000000000 ) ) ;
#270 = EDGE_CURVE ( 'NONE', #2920, #2952, #1463, .T. ) ;
#271 = DIRECTION ( 'NONE',  ( 0.000000000000000000, -1.000000000000000000, 0.000000000000000000 ) ) ;
#272 = EDGE_CURVE ( 'NONE', #3488, #2614, #368, .T. ) ;
#273 = CARTESIAN_POINT ( 'NONE',  ( -71.00000000000001421, 19.00000000000000000, 43.50000000000000711 ) ) ;
#274 = ORIENTED_EDGE ( 'NONE', *, *, #1372, .T. ) ;
#275 = DIRECTION ( 'NONE',  ( -1.000000000000000000, 0.000000000000000000, 0.000000000000000000 ) ) ;
#276 = CARTESIAN_POINT ( 'NONE',  ( -64.99999999999975842, 9.000000000000000000, -90.00000000000007105 ) ) ;
#277 = DIRECTION ( 'NONE',  ( 0.000000000000000000, 1.000000000000000000, 0.000000000000000000 ) ) ;
#278 = ORIENTED_EDGE ( 'NONE', *, *, #2543, .T. ) ;
#279 = VERTEX_POINT ( 'NONE', #2524 ) ;
#280 = CARTESIAN_POINT ( 'NONE',  ( -79.99999999999974420, 0.000000000000000000, 63.40000000000001279 ) ) ;
#281 = CARTESIAN_POINT ( 'NONE',  ( -71.00000000000001421, 9.000000000000000000, 48.50000000000001421 ) ) ;
#282 = ADVANCED_FACE ( 'NONE', ( #58 ), #2860, .F. ) ;
#283 = LINE ( 'NONE', #538, #2023 ) ;
#284 = ORIENTED_EDGE ( 'NONE', *, *, #531, .F. ) ;
#285 = FACE_OUTER_BOUND ( 'NONE', #2857, .T. ) ;
#286 = CARTESIAN_POINT ( 'NONE',  ( -79.99999999999974420, 9.000000000000000000, 66.60000000000002274 ) ) ;
#287 = DIRECTION ( 'NONE',  ( -0.000000000000000000, -0.000000000000000000, 1.000000000000000000 ) ) ;
#288 = EDGE_CURVE ( 'NONE', #2755, #2306, #1993, .T. ) ;
#289 = VERTEX_POINT ( 'NONE', #2010 ) ;
#290 = VECTOR ( 'NONE', #2147, 1000.000000000000000 ) ;
#291 = DIRECTION ( 'NONE',  ( 1.000000000000000000, 0.000000000000000000, 0.000000000000000000 ) ) ;
#292 = ORIENTED_EDGE ( 'NONE', *, *, #1712, .T. ) ;
#293 = CARTESIAN_POINT ( 'NONE',  ( 5.999999999999994671, 19.00000000000000000, -46.50000000000000000 ) ) ;
#294 = VECTOR ( 'NONE', #2355, 1000.000000000000000 ) ;
#295 = DIRECTION ( 'NONE',  ( 0.000000000000000000, 1.000000000000000000, 0.000000000000000000 ) ) ;
#296 = ORIENTED_EDGE ( 'NONE', *, *, #490, .T. ) ;
#297 = ORIENTED_EDGE ( 'NONE', *, *, #156, .T. ) ;
#298 = DIRECTION ( 'NONE',  ( 1.000000000000000000, 0.000000000000000000, 0.000000000000000000 ) ) ;
#299 = DIRECTION ( 'NONE',  ( 0.000000000000000000, 1.000000000000000000, 0.000000000000000000 ) ) ;
#300 = DIRECTION ( 'NONE',  ( 1.000000000000000000, 0.000000000000000000, -0.000000000000000000 ) ) ;
#301 = ORIENTED_EDGE ( 'NONE', *, *, #1721, .F. ) ;
#302 = EDGE_CURVE ( 'NONE', #1327, #3526, #1422, .T. ) ;
#303 = CARTESIAN_POINT ( 'NONE',  ( -45.00000000000000711, 0.000000000000000000, -90.00000000000008527 ) ) ;
#304 = DIRECTION ( 'NONE',  ( 1.734723475976808327E-16, 0.000000000000000000, 1.000000000000000000 ) ) ;
#305 = CARTESIAN_POINT ( 'NONE',  ( 45.00000000000000711, 0.000000000000000000, -90.00000000000009948 ) ) ;
#306 = ORIENTED_EDGE ( 'NONE', *, *, #1046, .F. ) ;
#307 = VECTOR ( 'NONE', #3029, 1000.000000000000000 ) ;
#308 = VECTOR ( 'NONE', #3468, 1000.000000000000000 ) ;
#309 = EDGE_CURVE ( 'NONE', #3483, #1410, #1134, .T. ) ;
#310 = PLANE ( 'NONE',  #1323 ) ;
#311 = AXIS2_PLACEMENT_3D ( 'NONE', #2290, #662, #386 ) ;
#312 = CARTESIAN_POINT ( 'NONE',  ( -44.99999999999997868, 9.000000000000000000, 90.00000000000005684 ) ) ;
#313 = CARTESIAN_POINT ( 'NONE',  ( 64.99999999999975842, 9.000000000000000000, -64.99999999999988631 ) ) ;
#314 = ORIENTED_EDGE ( 'NONE', *, *, #1359, .F. ) ;
#315 = EDGE_LOOP ( 'NONE', ( #327, #296, #3076, #2820 ) ) ;
#316 = FACE_OUTER_BOUND ( 'NONE', #1154, .T. ) ;
#317 = CARTESIAN_POINT ( 'NONE',  ( -34.99999999999999289, 9.000000000000000000, -55.00000000000007105 ) ) ;
#318 = DIRECTION ( 'NONE',  ( 0.000000000000000000, -1.000000000000000000, 0.000000000000000000 ) ) ;
#319 = AXIS2_PLACEMENT_3D ( 'NONE', #555, #3306, #858 ) ;
#320 = ORIENTED_EDGE ( 'NONE', *, *, #1384, .T. ) ;
#321 = VECTOR ( 'NONE', #287, 1000.000000000000000 ) ;
#322 = CARTESIAN_POINT ( 'NONE',  ( -19.00000000000001776, 19.00000000000000000, -48.50000000000000711 ) ) ;
#323 = DIRECTION ( 'NONE',  ( 0.000000000000000000, 0.000000000000000000, 1.000000000000000000 ) ) ;
#324 = ADVANCED_FACE ( 'NONE', ( #1747 ), #42, .F. ) ;
#325 = EDGE_LOOP ( 'NONE', ( #1925, #2042, #3227, #1121 ) ) ;
#326 = DIRECTION ( 'NONE',  ( -0.000000000000000000, 1.000000000000000000, 0.000000000000000000 ) ) ;
#327 = ORIENTED_EDGE ( 'NONE', *, *, #2919, .T. ) ;
#328 = EDGE_LOOP ( 'NONE', ( #716, #381, #999, #2247, #2334, #1832, #39, #1369 ) ) ;
#329 = CARTESIAN_POINT ( 'NONE',  ( -76.00000000000001421, 19.00000000000000000, -38.49999999999999289 ) ) ;
#330 = SURFACE_STYLE_USAGE ( .BOTH. , #1745 ) ;
#331 = ORIENTED_EDGE ( 'NONE', *, *, #2907, .F. ) ;
#332 = ORIENTED_EDGE ( 'NONE', *, *, #3284, .F. ) ;
#333 = EDGE_CURVE ( 'NONE', #1954, #1781, #892, .T. ) ;
#334 = DIRECTION ( 'NONE',  ( 0.000000000000000000, 0.000000000000000000, 1.000000000000000000 ) ) ;
#335 = CARTESIAN_POINT ( 'NONE',  ( 70.00000000000001421, 9.000000000000000000, -46.50000000000000000 ) ) ;
#336 = DIRECTION ( 'NONE',  ( 0.000000000000000000, -1.000000000000000000, 0.000000000000000000 ) ) ;
#337 = ORIENTED_EDGE ( 'NONE', *, *, #2896, .T. ) ;
#338 = EDGE_CURVE ( 'NONE', #1050, #1426, #352, .T. ) ;
#339 = CARTESIAN_POINT ( 'NONE',  ( 79.99999999999975842, 0.000000000000000000, -64.99999999999988631 ) ) ;
#340 = LINE ( 'NONE', #1951, #2840 ) ;
#341 = AXIS2_PLACEMENT_3D ( 'NONE', #1989, #3087, #638 ) ;
#342 = CARTESIAN_POINT ( 'NONE',  ( 0.000000000000000000, 19.00000000000000000, 0.000000000000000000 ) ) ;
#343 = EDGE_CURVE ( 'NONE', #1027, #1954, #108, .T. ) ;
#344 = DIRECTION ( 'NONE',  ( 0.000000000000000000, 0.000000000000000000, 1.000000000000000000 ) ) ;
#345 = EDGE_LOOP ( 'NONE', ( #3185, #1847, #1821, #961, #1222, #597, #103, #2692 ) ) ;
#346 = AXIS2_PLACEMENT_3D ( 'NONE', #3466, #1002, #1824 ) ;
#347 = LINE ( 'NONE', #2057, #1360 ) ;
#348 = DIRECTION ( 'NONE',  ( 0.000000000000000000, 0.000000000000000000, 1.000000000000000000 ) ) ;
#349 = ORIENTED_EDGE ( 'NONE', *, *, #819, .T. ) ;
#350 = ORIENTED_EDGE ( 'NONE', *, *, #2500, .F. ) ;
#351 = AXIS2_PLACEMENT_3D ( 'NONE', #2282, #868, #3085 ) ;
#352 = LINE ( 'NONE', #2824, #1650 ) ;
#353 = DIRECTION ( 'NONE',  ( -1.734723475976805517E-15, 0.000000000000000000, 1.000000000000000000 ) ) ;
#354 = DIRECTION ( 'NONE',  ( 0.000000000000000000, 0.000000000000000000, 1.000000000000000000 ) ) ;
#355 = VERTEX_POINT ( 'NONE', #2302 ) ;
#356 = EDGE_CURVE ( 'NONE', #2708, #580, #2854, .T. ) ;
#357 = CARTESIAN_POINT ( 'NONE',  ( -14.00000000000001243, 9.000000000000000000, -38.50000000000000000 ) ) ;
#358 = LINE ( 'NONE', #1451, #3261 ) ;
#359 = PLANE ( 'NONE',  #15 ) ;
#360 = DIRECTION ( 'NONE',  ( -0.000000000000000000, -1.000000000000000000, -0.000000000000000000 ) ) ;
#361 = ORIENTED_EDGE ( 'NONE', *, *, #1, .F. ) ;
#362 = PLANE ( 'NONE',  #3254 ) ;
#363 = VECTOR ( 'NONE', #2596, 1000.000000000000000 ) ;
#364 = CARTESIAN_POINT ( 'NONE',  ( 0.9999999999999965583, 9.000000000000000000, -41.50000000000000000 ) ) ;
#365 = EDGE_CURVE ( 'NONE', #1943, #683, #508, .T. ) ;
#366 = EDGE_LOOP ( 'NONE', ( #234, #500, #3138, #193, #2493, #993, #2219, #2177 ) ) ;
#367 = VECTOR ( 'NONE', #1210, 1000.000000000000000 ) ;
#368 = LINE ( 'NONE', #3090, #724 ) ;
#369 = PLANE ( 'NONE',  #2769 ) ;
#370 = ADVANCED_FACE ( 'NONE', ( #1262 ), #1298, .F. ) ;
#371 = CARTESIAN_POINT ( 'NONE',  ( 79.99999999999977263, 0.000000000000000000, 65.00000000000002842 ) ) ;
#372 = FACE_OUTER_BOUND ( 'NONE', #2139, .T. ) ;
#373 = ORIENTED_EDGE ( 'NONE', *, *, #1829, .T. ) ;
#374 = CARTESIAN_POINT ( 'NONE',  ( 71.00000000000002842, 19.00000000000000000, -46.50000000000000000 ) ) ;
#375 = FACE_BOUND ( 'NONE', #1462, .T. ) ;
#376 = EDGE_CURVE ( 'NONE', #438, #3498, #1028, .T. ) ;
#377 = VECTOR ( 'NONE', #1106, 1000.000000000000000 ) ;
#378 = DIRECTION ( 'NONE',  ( -1.000000000000000000, 0.000000000000000000, -1.982541115402065110E-16 ) ) ;
#379 = ADVANCED_FACE ( 'NONE', ( #496 ), #3180, .F. ) ;
#380 = CARTESIAN_POINT ( 'NONE',  ( 76.00000000000002842, 19.00000000000000000, -50.50000000000006395 ) ) ;
#381 = ORIENTED_EDGE ( 'NONE', *, *, #152, .T. ) ;
#382 = EDGE_CURVE ( 'NONE', #1449, #433, #1591, .T. ) ;
#383 = ORIENTED_EDGE ( 'NONE', *, *, #791, .T. ) ;
#384 = DIRECTION ( 'NONE',  ( 1.000000000000000000, 0.000000000000000000, -1.067522139062651041E-16 ) ) ;
#385 = CARTESIAN_POINT ( 'NONE',  ( -75.00000000000001421, 19.00000000000000000, -42.50000000000000000 ) ) ;
#386 = DIRECTION ( 'NONE',  ( 0.000000000000000000, 0.000000000000000000, -1.000000000000000000 ) ) ;
#387 = DIRECTION ( 'NONE',  ( -1.301042606982604335E-16, 0.000000000000000000, -1.000000000000000000 ) ) ;
#388 = ORIENTED_EDGE ( 'NONE', *, *, #52, .F. ) ;
#389 = VERTEX_POINT ( 'NONE', #732 ) ;
#390 = CARTESIAN_POINT ( 'NONE',  ( -9.000000000000007105, 9.000000000000000000, -48.50000000000000711 ) ) ;
#391 = DIRECTION ( 'NONE',  ( 0.000000000000000000, 0.000000000000000000, 1.000000000000000000 ) ) ;
#392 = CYLINDRICAL_SURFACE ( 'NONE', #1220, 1.600000000000004086 ) ;
#393 = FACE_OUTER_BOUND ( 'NONE', #1037, .T. ) ;
#394 = EDGE_LOOP ( 'NONE', ( #1390, #912, #699, #2060 ) ) ;
#395 = DIRECTION ( 'NONE',  ( -1.000000000000000000, -0.000000000000000000, -0.000000000000000000 ) ) ;
#396 = ORIENTED_EDGE ( 'NONE', *, *, #871, .T. ) ;
#397 = DIRECTION ( 'NONE',  ( -0.000000000000000000, 1.000000000000000000, -0.000000000000000000 ) ) ;
#398 = VECTOR ( 'NONE', #3432, 1000.000000000000000 ) ;
#399 = CARTESIAN_POINT ( 'NONE',  ( -10.00000000000000888, 9.000000000000000000, -47.50000000000000711 ) ) ;
#400 = CARTESIAN_POINT ( 'NONE',  ( -81.00000000000001421, 19.00000000000000000, -47.50000000000000711 ) ) ;
#401 = LINE ( 'NONE', #1917, #614 ) ;
#402 = ORIENTED_EDGE ( 'NONE', *, *, #455, .T. ) ;
#403 = VECTOR ( 'NONE', #510, 1000.000000000000000 ) ;
#404 = ORIENTED_EDGE ( 'NONE', *, *, #2437, .T. ) ;
#405 = CARTESIAN_POINT ( 'NONE',  ( -71.00000000000001421, 19.00000000000000000, -48.50000000000000711 ) ) ;
#406 = CARTESIAN_POINT ( 'NONE',  ( 64.99999999999978684, 0.000000000000000000, 78.40000000000001990 ) ) ;
#407 = VECTOR ( 'NONE', #214, 1000.000000000000000 ) ;
#408 = DIRECTION ( 'NONE',  ( -1.387778780781446070E-15, 0.000000000000000000, 1.000000000000000000 ) ) ;
#409 = EDGE_CURVE ( 'NONE', #2363, #1604, #2280, .T. ) ;
#410 = CARTESIAN_POINT ( 'NONE',  ( -81.00000000000000000, 9.000000000000000000, 38.50000000000000000 ) ) ;
#411 = ORIENTED_EDGE ( 'NONE', *, *, #1573, .F. ) ;
#412 = ORIENTED_EDGE ( 'NONE', *, *, #1798, .F. ) ;
#413 = EDGE_CURVE ( 'NONE', #2893, #1185, #166, .T. ) ;
#414 = EDGE_CURVE ( 'NONE', #3208, #971, #2739, .T. ) ;
#415 = DIRECTION ( 'NONE',  ( 0.000000000000000000, 0.000000000000000000, -1.000000000000000000 ) ) ;
#416 = VERTEX_POINT ( 'NONE', #1853 ) ;
#417 = VECTOR ( 'NONE', #1749, 1000.000000000000000 ) ;
#418 = DIRECTION ( 'NONE',  ( 0.000000000000000000, 0.000000000000000000, 1.000000000000000000 ) ) ;
#419 = EDGE_CURVE ( 'NONE', #220, #1433, #2911, .T. ) ;
#420 = DIRECTION ( 'NONE',  ( 0.000000000000000000, 0.000000000000000000, -1.000000000000000000 ) ) ;
#421 = DIRECTION ( 'NONE',  ( 0.000000000000000000, -1.000000000000000000, -0.000000000000000000 ) ) ;
#422 = VECTOR ( 'NONE', #1196, 1000.000000000000000 ) ;
#423 = ORIENTED_EDGE ( 'NONE', *, *, #1235, .F. ) ;
#424 = EDGE_LOOP ( 'NONE', ( #1153, #3428, #2346, #2682 ) ) ;
#425 = ORIENTED_EDGE ( 'NONE', *, *, #309, .T. ) ;
#426 = VECTOR ( 'NONE', #246, 1000.000000000000000 ) ;
#427 = DIRECTION ( 'NONE',  ( -1.000000000000000000, 0.000000000000000000, -0.000000000000000000 ) ) ;
#428 = LINE ( 'NONE', #2367, #308 ) ;
#429 = LINE ( 'NONE', #3054, #2050 ) ;
#430 = ADVANCED_FACE ( 'NONE', ( #473 ), #713, .F. ) ;
#431 = CARTESIAN_POINT ( 'NONE',  ( 76.00000000000004263, 9.000000000000000000, 41.49999999999999289 ) ) ;
#432 = VERTEX_POINT ( 'NONE', #1223 ) ;
#433 = VERTEX_POINT ( 'NONE', #2319 ) ;
#434 = AXIS2_PLACEMENT_3D ( 'NONE', #3377, #1499, #944 ) ;
#435 = VECTOR ( 'NONE', #504, 1000.000000000000000 ) ;
#436 = ADVANCED_FACE ( 'NONE', ( #3409 ), #2359, .F. ) ;
#437 = CARTESIAN_POINT ( 'NONE',  ( -71.00000000000001421, 9.000000000000000000, 43.50000000000000711 ) ) ;
#438 = VERTEX_POINT ( 'NONE', #2894 ) ;
#439 = FACE_OUTER_BOUND ( 'NONE', #2944, .T. ) ;
#440 = DIRECTION ( 'NONE',  ( 1.000000000000000000, -0.000000000000000000, -0.000000000000000000 ) ) ;
#441 = ADVANCED_FACE ( 'NONE', ( #439 ), #456, .F. ) ;
#442 = EDGE_LOOP ( 'NONE', ( #2628, #188, #998, #3163 ) ) ;
#443 = ORIENTED_EDGE ( 'NONE', *, *, #1758, .F. ) ;
#444 = ORIENTED_EDGE ( 'NONE', *, *, #2406, .F. ) ;
#445 = LINE ( 'NONE', #480, #925 ) ;
#446 = DIRECTION ( 'NONE',  ( -0.000000000000000000, -1.000000000000000000, -0.000000000000000000 ) ) ;
#447 = AXIS2_PLACEMENT_3D ( 'NONE', #1670, #1524, #139 ) ;
#448 = DIRECTION ( 'NONE',  ( 0.000000000000000000, 1.000000000000000000, 0.000000000000000000 ) ) ;
#449 = EDGE_CURVE ( 'NONE', #3005, #2708, #1549, .T. ) ;
#450 = LINE ( 'NONE', #3192, #703 ) ;
#451 = ORIENTED_EDGE ( 'NONE', *, *, #2481, .F. ) ;
#452 = EDGE_LOOP ( 'NONE', ( #1025, #2786 ) ) ;
#453 = LINE ( 'NONE', #2028, #3042 ) ;
#454 = EDGE_LOOP ( 'NONE', ( #2806, #1598, #1695, #711 ) ) ;
#455 = EDGE_CURVE ( 'NONE', #2893, #2229, #2607, .T. ) ;
#456 = PLANE ( 'NONE',  #2679 ) ;
#457 = FACE_OUTER_BOUND ( 'NONE', #815, .T. ) ;
#458 = ORIENTED_EDGE ( 'NONE', *, *, #1990, .T. ) ;
#459 = ORIENTED_EDGE ( 'NONE', *, *, #2081, .F. ) ;
#460 = VECTOR ( 'NONE', #1034, 1000.000000000000000 ) ;
#461 = ORIENTED_EDGE ( 'NONE', *, *, #1540, .F. ) ;
#462 = CARTESIAN_POINT ( 'NONE',  ( 45.00000000000000711, 9.000000000000000000, -65.00000000000005684 ) ) ;
#463 = EDGE_CURVE ( 'NONE', #594, #1449, #2085, .T. ) ;
#464 = DIRECTION ( 'NONE',  ( 0.000000000000000000, 1.000000000000000000, 0.000000000000000000 ) ) ;
#465 = LINE ( 'NONE', #2388, #2444 ) ;
#466 = UNCERTAINTY_MEASURE_WITH_UNIT (LENGTH_MEASURE( 1.000000000000000082E-05 ), #90, 'distance_accuracy_value', 'NONE');
#467 = CARTESIAN_POINT ( 'NONE',  ( 76.00000000000004263, 9.000000000000000000, 50.49999999999999289 ) ) ;
#468 = EDGE_LOOP ( 'NONE', ( #1147, #1575 ) ) ;
#469 = VECTOR ( 'NONE', #2309, 1000.000000000000000 ) ;
#470 = ORIENTED_EDGE ( 'NONE', *, *, #1540, .T. ) ;
#471 = DIRECTION ( 'NONE',  ( 0.000000000000000000, -1.000000000000000000, 0.000000000000000000 ) ) ;
#472 = ORIENTED_EDGE ( 'NONE', *, *, #3317, .F. ) ;
#473 = FACE_OUTER_BOUND ( 'NONE', #1531, .T. ) ;
#474 = LINE ( 'NONE', #1819, #1512 ) ;
#475 = ORIENTED_EDGE ( 'NONE', *, *, #3434, .T. ) ;
#476 = VECTOR ( 'NONE', #2705, 1000.000000000000000 ) ;
#477 = VERTEX_POINT ( 'NONE', #2662 ) ;
#478 = ADVANCED_FACE ( 'NONE', ( #2340 ), #3424, .F. ) ;
#479 = ORIENTED_EDGE ( 'NONE', *, *, #600, .T. ) ;
#480 = CARTESIAN_POINT ( 'NONE',  ( -10.00000000000000888, 19.00000000000000000, -48.50000000000000711 ) ) ;
#481 = VECTOR ( 'NONE', #2236, 1000.000000000000000 ) ;
#482 = EDGE_CURVE ( 'NONE', #88, #3332, #801, .T. ) ;
#483 = CARTESIAN_POINT ( 'NONE',  ( -34.99999999999997158, 0.000000000000000000, 55.00000000000004974 ) ) ;
#484 = EDGE_LOOP ( 'NONE', ( #2517, #1024, #2114, #91 ) ) ;
#485 = VECTOR ( 'NONE', #1356, 1000.000000000000000 ) ;
#486 = CARTESIAN_POINT ( 'NONE',  ( 90.00000000000000000, 9.000000000000000000, 65.00000000000002842 ) ) ;
#487 = CIRCLE ( 'NONE', #1914, 10.00000000000000178 ) ;
#488 = LINE ( 'NONE', #1830, #3406 ) ;
#489 = ORIENTED_EDGE ( 'NONE', *, *, #419, .F. ) ;
#490 = EDGE_CURVE ( 'NONE', #1030, #3006, #1872, .T. ) ;
#491 = VERTEX_POINT ( 'NONE', #1118 ) ;
#492 = AXIS2_PLACEMENT_3D ( 'NONE', #3532, #1643, #3270 ) ;
#493 = DIRECTION ( 'NONE',  ( -0.000000000000000000, -1.000000000000000000, -0.000000000000000000 ) ) ;
#494 = EDGE_CURVE ( 'NONE', #3063, #3512, #1597, .T. ) ;
#495 = ORIENTED_EDGE ( 'NONE', *, *, #2132, .F. ) ;
#496 = FACE_OUTER_BOUND ( 'NONE', #1213, .T. ) ;
#497 = CARTESIAN_POINT ( 'NONE',  ( -64.99999999999975842, 9.000000000000000000, -64.99999999999988631 ) ) ;
#498 = EDGE_CURVE ( 'NONE', #3221, #1570, #2967, .T. ) ;
#499 = VERTEX_POINT ( 'NONE', #3248 ) ;
#500 = ORIENTED_EDGE ( 'NONE', *, *, #1514, .T. ) ;
#501 = ORIENTED_EDGE ( 'NONE', *, *, #2915, .F. ) ;
#502 = FACE_OUTER_BOUND ( 'NONE', #3530, .T. ) ;
#503 = FACE_OUTER_BOUND ( 'NONE', #605, .T. ) ;
#504 = DIRECTION ( 'NONE',  ( -0.000000000000000000, -1.000000000000000000, -0.000000000000000000 ) ) ;
#505 = DIRECTION ( 'NONE',  ( -0.000000000000000000, -0.000000000000000000, -1.000000000000000000 ) ) ;
#506 = ORIENTED_EDGE ( 'NONE', *, *, #3100, .F. ) ;
#507 = ORIENTED_EDGE ( 'NONE', *, *, #2337, .F. ) ;
#508 = CIRCLE ( 'NONE', #3023, 1.600000000000004086 ) ;
#509 = EDGE_CURVE ( 'NONE', #851, #1959, #513, .T. ) ;
#510 = DIRECTION ( 'NONE',  ( -0.000000000000000000, -1.000000000000000000, -0.000000000000000000 ) ) ;
#511 = ORIENTED_EDGE ( 'NONE', *, *, #3232, .T. ) ;
#512 = CARTESIAN_POINT ( 'NONE',  ( -64.99999999999975842, 9.000000000000000000, -90.00000000000007105 ) ) ;
#513 = CIRCLE ( 'NONE', #2454, 1.600000000000004086 ) ;
#514 = FACE_OUTER_BOUND ( 'NONE', #3455, .T. ) ;
#515 = EDGE_LOOP ( 'NONE', ( #2586, #805, #665, #2045 ) ) ;
#516 = ORIENTED_EDGE ( 'NONE', *, *, #3250, .T. ) ;
#517 = DIRECTION ( 'NONE',  ( 0.000000000000000000, 0.000000000000000000, -1.000000000000000000 ) ) ;
#518 = LINE ( 'NONE', #3500, #637 ) ;
#519 = CARTESIAN_POINT ( 'NONE',  ( 1.999999999999991784, 19.00000000000000000, -50.49999999999999289 ) ) ;
#520 = DIRECTION ( 'NONE',  ( 0.000000000000000000, 0.000000000000000000, -1.000000000000000000 ) ) ;
#521 = CARTESIAN_POINT ( 'NONE',  ( 66.00000000000005684, 9.000000000000000000, -46.50000000000000000 ) ) ;
#522 = EDGE_CURVE ( 'NONE', #1861, #2553, #1618, .T. ) ;
#523 = CARTESIAN_POINT ( 'NONE',  ( 35.00000000000000000, 0.000000000000000000, -65.00000000000005684 ) ) ;
#524 = EDGE_LOOP ( 'NONE', ( #672, #3379, #3395, #2051 ) ) ;
#525 = VECTOR ( 'NONE', #3281, 1000.000000000000000 ) ;
#526 = ADVANCED_FACE ( 'NONE', ( #1081 ), #3231, .T. ) ;
#527 = EDGE_CURVE ( 'NONE', #355, #3256, #2734, .T. ) ;
#528 = CIRCLE ( 'NONE', #985, 1.600000000000004086 ) ;
#529 = DIRECTION ( 'NONE',  ( 0.000000000000000000, 0.000000000000000000, -1.000000000000000000 ) ) ;
#530 = CARTESIAN_POINT ( 'NONE',  ( 76.00000000000004263, 19.00000000000000000, 41.49999999999999289 ) ) ;
#531 = EDGE_CURVE ( 'NONE', #432, #3429, #1082, .T. ) ;
#532 = DIRECTION ( 'NONE',  ( -0.000000000000000000, 1.000000000000000000, -0.000000000000000000 ) ) ;
#533 = EDGE_LOOP ( 'NONE', ( #782, #1620, #2660, #1978 ) ) ;
#534 = ORIENTED_EDGE ( 'NONE', *, *, #2976, .F. ) ;
#535 = EDGE_CURVE ( 'NONE', #647, #594, #3283, .T. ) ;
#536 = CARTESIAN_POINT ( 'NONE',  ( 71.00000000000002842, 9.000000000000000000, -46.50000000000000000 ) ) ;
#537 = PLANE ( 'NONE',  #581 ) ;
#538 = CARTESIAN_POINT ( 'NONE',  ( -8.999999999999996447, 9.000000000000000000, 48.50000000000000711 ) ) ;
#539 = EDGE_LOOP ( 'NONE', ( #2625, #1673, #3388, #1078 ) ) ;
#540 = LINE ( 'NONE', #1612, #476 ) ;
#541 = DIRECTION ( 'NONE',  ( -0.000000000000000000, 1.000000000000000000, -0.000000000000000000 ) ) ;
#542 = CIRCLE ( 'NONE', #770, 1.000000000000000888 ) ;
#543 = CARTESIAN_POINT ( 'NONE',  ( 71.00000000000002842, 19.00000000000000000, 41.50000000000000000 ) ) ;
#544 = VECTOR ( 'NONE', #628, 1000.000000000000000 ) ;
#545 = ORIENTED_EDGE ( 'NONE', *, *, #2215, .T. ) ;
#546 = VECTOR ( 'NONE', #889, 1000.000000000000000 ) ;
#547 = DIRECTION ( 'NONE',  ( 0.000000000000000000, -1.000000000000000000, 0.000000000000000000 ) ) ;
#548 = VERTEX_POINT ( 'NONE', #1386 ) ;
#549 = LINE ( 'NONE', #276, #915 ) ;
#550 = VECTOR ( 'NONE', #1251, 1000.000000000000000 ) ;
#551 = CARTESIAN_POINT ( 'NONE',  ( 79.99999999999975842, 9.000000000000000000, -64.99999999999988631 ) ) ;
#552 = ORIENTED_EDGE ( 'NONE', *, *, #1638, .F. ) ;
#553 = VERTEX_POINT ( 'NONE', #2483 ) ;
#554 = VECTOR ( 'NONE', #2408, 1000.000000000000000 ) ;
#555 = CARTESIAN_POINT ( 'NONE',  ( 0.000000000000000000, 19.00000000000000000, 0.000000000000000000 ) ) ;
#556 = VECTOR ( 'NONE', #1324, 1000.000000000000000 ) ;
#557 = PLANE ( 'NONE',  #1490 ) ;
#558 = EDGE_CURVE ( 'NONE', #3423, #3472, #3535, .T. ) ;
#559 = FACE_OUTER_BOUND ( 'NONE', #1942, .T. ) ;
#560 = DIRECTION ( 'NONE',  ( -1.000000000000000000, 0.000000000000000000, 0.000000000000000000 ) ) ;
#561 = CARTESIAN_POINT ( 'NONE',  ( -79.99999999999974420, 0.000000000000000000, 65.00000000000001421 ) ) ;
#562 = LINE ( 'NONE', #1651, #2784 ) ;
#563 = ORIENTED_EDGE ( 'NONE', *, *, #3171, .T. ) ;
#564 = EDGE_CURVE ( 'NONE', #1185, #574, #1902, .T. ) ;
#565 = LINE ( 'NONE', #1042, #525 ) ;
#566 = CARTESIAN_POINT ( 'NONE',  ( -19.00000000000001776, 19.00000000000000000, -43.50000000000000711 ) ) ;
#567 = CARTESIAN_POINT ( 'NONE',  ( 64.99999999999978684, 0.000000000000000000, 80.00000000000002842 ) ) ;
#568 = EDGE_CURVE ( 'NONE', #1229, #2859, #158, .T. ) ;
#569 = ORIENTED_EDGE ( 'NONE', *, *, #527, .F. ) ;
#570 = ORIENTED_EDGE ( 'NONE', *, *, #509, .T. ) ;
#571 = CARTESIAN_POINT ( 'NONE',  ( 1.500000000000013767, 9.000000000000000000, 50.50000000000000000 ) ) ;
#572 = DIRECTION ( 'NONE',  ( 0.000000000000000000, 0.000000000000000000, -1.000000000000000000 ) ) ;
#573 = CARTESIAN_POINT ( 'NONE',  ( 0.9999999999999920064, 19.00000000000000000, -50.49999999999999289 ) ) ;
#574 = VERTEX_POINT ( 'NONE', #239 ) ;
#575 = FACE_OUTER_BOUND ( 'NONE', #3179, .T. ) ;
#576 = LINE ( 'NONE', #1664, #1921 ) ;
#577 = UNCERTAINTY_MEASURE_WITH_UNIT (LENGTH_MEASURE( 1.000000000000000082E-05 ), #1517, 'distance_accuracy_value', 'NONE');
#578 = EDGE_CURVE ( 'NONE', #1760, #1861, #549, .T. ) ;
#579 = PLANE ( 'NONE',  #2443 ) ;
#580 = VERTEX_POINT ( 'NONE', #2211 ) ;
#581 = AXIS2_PLACEMENT_3D ( 'NONE', #2456, #2180, #2509 ) ;
#582 = LINE ( 'NONE', #2552, #1779 ) ;
#583 = VECTOR ( 'NONE', #3211, 1000.000000000000000 ) ;
#584 = ORIENTED_EDGE ( 'NONE', *, *, #2006, .T. ) ;
#585 = LINE ( 'NONE', #1255, #2224 ) ;
#586 = CIRCLE ( 'NONE', #1150, 1.000000000000000888 ) ;
#587 = LINE ( 'NONE', #106, #2927 ) ;
#588 = ORIENTED_EDGE ( 'NONE', *, *, #779, .T. ) ;
#589 = VERTEX_POINT ( 'NONE', #2157 ) ;
#590 = DIRECTION ( 'NONE',  ( -0.000000000000000000, 1.000000000000000000, 0.000000000000000000 ) ) ;
#591 = FACE_OUTER_BOUND ( 'NONE', #2545, .T. ) ;
#592 = LINE ( 'NONE', #2148, #3115 ) ;
#593 = ORIENTED_EDGE ( 'NONE', *, *, #1820, .T. ) ;
#594 = VERTEX_POINT ( 'NONE', #3301 ) ;
#595 = CYLINDRICAL_SURFACE ( 'NONE', #1811, 1.600000000000004086 ) ;
#596 = EDGE_CURVE ( 'NONE', #433, #1478, #852, .T. ) ;
#597 = ORIENTED_EDGE ( 'NONE', *, *, #558, .T. ) ;
#598 = AXIS2_PLACEMENT_3D ( 'NONE', #399, #3410, #923 ) ;
#599 = CIRCLE ( 'NONE', #2597, 1.000000000000000888 ) ;
#600 = EDGE_CURVE ( 'NONE', #553, #1595, #1655, .T. ) ;
#601 = FACE_OUTER_BOUND ( 'NONE', #1335, .T. ) ;
#602 = VECTOR ( 'NONE', #2165, 1000.000000000000000 ) ;
#603 = DIRECTION ( 'NONE',  ( 0.000000000000000000, 1.000000000000000000, -0.000000000000000000 ) ) ;
#604 = CARTESIAN_POINT ( 'NONE',  ( -64.99999999999975842, 0.000000000000000000, 90.00000000000007105 ) ) ;
#605 = EDGE_LOOP ( 'NONE', ( #22, #1907, #939, #918 ) ) ;
#606 = ORIENTED_EDGE ( 'NONE', *, *, #600, .F. ) ;
#607 = DIRECTION ( 'NONE',  ( -0.000000000000000000, 1.000000000000000000, -0.000000000000000000 ) ) ;
#608 =( GEOMETRIC_REPRESENTATION_CONTEXT ( 3 ) GLOBAL_UNCERTAINTY_ASSIGNED_CONTEXT ( ( #577 ) ) GLOBAL_UNIT_ASSIGNED_CONTEXT ( ( #1517, #1248, #3146 ) ) REPRESENTATION_CONTEXT ( 'NONE', 'WORKASPACE' ) );
#609 = CARTESIAN_POINT ( 'NONE',  ( 79.99999999999977263, 0.000000000000000000, 66.60000000000003695 ) ) ;
#610 = ADVANCED_FACE ( 'NONE', ( #1315 ), #2414, .F. ) ;
#611 = CARTESIAN_POINT ( 'NONE',  ( 64.99999999999978684, 0.000000000000000000, 80.00000000000002842 ) ) ;
#612 = VECTOR ( 'NONE', #2179, 1000.000000000000000 ) ;
#613 = ORIENTED_EDGE ( 'NONE', *, *, #288, .T. ) ;
#614 = VECTOR ( 'NONE', #1996, 1000.000000000000000 ) ;
#615 = CARTESIAN_POINT ( 'NONE',  ( 0.9999999999999915623, 19.00000000000000000, -51.50000000000000000 ) ) ;
#616 = DIRECTION ( 'NONE',  ( -0.000000000000000000, 0.000000000000000000, -1.000000000000000000 ) ) ;
#617 = CARTESIAN_POINT ( 'NONE',  ( 79.99999999999977263, 9.000000000000000000, 66.60000000000003695 ) ) ;
#618 = LINE ( 'NONE', #3331, #2533 ) ;
#619 = ORIENTED_EDGE ( 'NONE', *, *, #2442, .T. ) ;
#620 = ORIENTED_EDGE ( 'NONE', *, *, #856, .T. ) ;
#621 = LINE ( 'NONE', #3435, #1769 ) ;
#622 = EDGE_CURVE ( 'NONE', #3362, #630, #1726, .T. ) ;
#623 = DIRECTION ( 'NONE',  ( 0.000000000000000000, 1.000000000000000000, 0.000000000000000000 ) ) ;
#624 = ORIENTED_EDGE ( 'NONE', *, *, #414, .F. ) ;
#625 = ORIENTED_EDGE ( 'NONE', *, *, #3142, .F. ) ;
#626 = CARTESIAN_POINT ( 'NONE',  ( -90.00000000000000000, 9.000000000000000000, 65.00000000000002842 ) ) ;
#627 = FACE_OUTER_BOUND ( 'NONE', #2205, .T. ) ;
#628 = DIRECTION ( 'NONE',  ( -0.000000000000000000, -1.000000000000000000, -0.000000000000000000 ) ) ;
#629 = ORIENTED_EDGE ( 'NONE', *, *, #3035, .T. ) ;
#630 = VERTEX_POINT ( 'NONE', #329 ) ;
#631 = CARTESIAN_POINT ( 'NONE',  ( 5.999999999999994671, 9.000000000000000000, -45.50000000000000000 ) ) ;
#632 = DIRECTION ( 'NONE',  ( 0.000000000000000000, 1.000000000000000000, -0.000000000000000000 ) ) ;
#633 = DIRECTION ( 'NONE',  ( -1.982541115402065110E-16, 0.000000000000000000, 1.000000000000000000 ) ) ;
#634 = EDGE_CURVE ( 'NONE', #389, #3445, #2075, .T. ) ;
#635 = DIRECTION ( 'NONE',  ( 0.000000000000000000, -1.000000000000000000, 0.000000000000000000 ) ) ;
#636 = VERTEX_POINT ( 'NONE', #2887 ) ;
#637 = VECTOR ( 'NONE', #2421, 1000.000000000000000 ) ;
#638 = DIRECTION ( 'NONE',  ( 0.000000000000000000, 0.000000000000000000, 1.000000000000000000 ) ) ;
#639 = CARTESIAN_POINT ( 'NONE',  ( -76.00000000000001421, 9.000000000000000000, -43.50000000000000711 ) ) ;
#640 = ORIENTED_EDGE ( 'NONE', *, *, #272, .T. ) ;
#641 = ADVANCED_FACE ( 'NONE', ( #2521 ), #2264, .F. ) ;
#642 = DIRECTION ( 'NONE',  ( -0.000000000000000000, -1.000000000000000000, 0.000000000000000000 ) ) ;
#643 = LINE ( 'NONE', #93, #3335 ) ;
#644 = DIRECTION ( 'NONE',  ( 0.000000000000000000, 0.000000000000000000, 1.000000000000000000 ) ) ;
#645 = EDGE_CURVE ( 'NONE', #2087, #2433, #585, .T. ) ;
#646 = CARTESIAN_POINT ( 'NONE',  ( 76.00000000000002842, 19.00000000000000000, -41.50000000000000000 ) ) ;
#647 = VERTEX_POINT ( 'NONE', #53 ) ;
#648 = CARTESIAN_POINT ( 'NONE',  ( -76.00000000000001421, 19.00000000000000000, -38.49999999999999289 ) ) ;
#649 = CARTESIAN_POINT ( 'NONE',  ( -64.99999999999975842, 9.000000000000000000, -79.99999999999988631 ) ) ;
#650 = PLANE ( 'NONE',  #1741 ) ;
#651 = ADVANCED_FACE ( 'NONE', ( #705 ), #362, .F. ) ;
#652 = LINE ( 'NONE', #1420, #235 ) ;
#653 = ORIENTED_EDGE ( 'NONE', *, *, #938, .F. ) ;
#654 = AXIS2_PLACEMENT_3D ( 'NONE', #2476, #3310, #827 ) ;
#655 = VECTOR ( 'NONE', #2867, 1000.000000000000000 ) ;
#656 = CARTESIAN_POINT ( 'NONE',  ( 64.99999999999975842, 0.000000000000000000, -81.59999999999989484 ) ) ;
#657 = ORIENTED_EDGE ( 'NONE', *, *, #2993, .F. ) ;
#658 = CIRCLE ( 'NONE', #997, 1.600000000000004086 ) ;
#659 = DIRECTION ( 'NONE',  ( 0.000000000000000000, 0.000000000000000000, -1.000000000000000000 ) ) ;
#660 = CARTESIAN_POINT ( 'NONE',  ( -76.00000000000001421, 9.000000000000000000, -42.50000000000000000 ) ) ;
#661 = AXIS2_PLACEMENT_3D ( 'NONE', #2106, #277, #224 ) ;
#662 = DIRECTION ( 'NONE',  ( -0.000000000000000000, -1.000000000000000000, 0.000000000000000000 ) ) ;
#663 = DIRECTION ( 'NONE',  ( 0.000000000000000000, 0.000000000000000000, 1.000000000000000000 ) ) ;
#664 = ORIENTED_EDGE ( 'NONE', *, *, #564, .T. ) ;
#665 = ORIENTED_EDGE ( 'NONE', *, *, #1008, .F. ) ;
#666 = CARTESIAN_POINT ( 'NONE',  ( 71.00000000000002842, 19.00000000000000000, 41.50000000000000000 ) ) ;
#667 = DIRECTION ( 'NONE',  ( -0.000000000000000000, -1.000000000000000000, 0.000000000000000000 ) ) ;
#668 = EDGE_CURVE ( 'NONE', #3429, #2988, #347, .T. ) ;
#669 = VECTOR ( 'NONE', #2720, 1000.000000000000000 ) ;
#670 = VECTOR ( 'NONE', #3451, 1000.000000000000000 ) ;
#671 = DIRECTION ( 'NONE',  ( -0.000000000000000000, -1.000000000000000000, -0.000000000000000000 ) ) ;
#672 = ORIENTED_EDGE ( 'NONE', *, *, #1004, .T. ) ;
#673 = VERTEX_POINT ( 'NONE', #312 ) ;
#674 = DIRECTION ( 'NONE',  ( 0.000000000000000000, -1.000000000000000000, 0.000000000000000000 ) ) ;
#675 = ORIENTED_EDGE ( 'NONE', *, *, #3135, .T. ) ;
#676 = CARTESIAN_POINT ( 'NONE',  ( -64.99999999999972999, 0.000000000000000000, 78.40000000000001990 ) ) ;
#677 = CARTESIAN_POINT ( 'NONE',  ( 79.99999999999975842, 9.000000000000000000, -63.39999999999988489 ) ) ;
#678 = EDGE_CURVE ( 'NONE', #1930, #2553, #1792, .T. ) ;
#679 = DIRECTION ( 'NONE',  ( 0.000000000000000000, -1.000000000000000000, 0.000000000000000000 ) ) ;
#680 = LINE ( 'NONE', #2590, #2726 ) ;
#681 = ORIENTED_EDGE ( 'NONE', *, *, #1765, .F. ) ;
#682 = VECTOR ( 'NONE', #127, 1000.000000000000000 ) ;
#683 = VERTEX_POINT ( 'NONE', #2331 ) ;
#684 = EDGE_CURVE ( 'NONE', #1856, #2980, #429, .T. ) ;
#685 = DIRECTION ( 'NONE',  ( 1.000000000000000000, 0.000000000000000000, -0.000000000000000000 ) ) ;
#686 = CARTESIAN_POINT ( 'NONE',  ( 11.50000000000001066, 9.000000000000000000, 46.50000000000000711 ) ) ;
#687 = PLANE ( 'NONE',  #936 ) ;
#688 = AXIS2_PLACEMENT_3D ( 'NONE', #1707, #2349, #2803 ) ;
#689 = EDGE_CURVE ( 'NONE', #1041, #1924, #888, .T. ) ;
#690 = CARTESIAN_POINT ( 'NONE',  ( -75.00000000000000000, 19.00000000000000000, 43.50000000000000711 ) ) ;
#691 = ORIENTED_EDGE ( 'NONE', *, *, #490, .F. ) ;
#692 = LINE ( 'NONE', #2064, #1382 ) ;
#693 = EDGE_LOOP ( 'NONE', ( #933, #1905, #2413, #3464 ) ) ;
#694 = DIRECTION ( 'NONE',  ( 1.067522139062651164E-16, 0.000000000000000000, -1.000000000000000000 ) ) ;
#695 = DIRECTION ( 'NONE',  ( -1.067522139062651041E-16, 0.000000000000000000, 1.000000000000000000 ) ) ;
#696 = DIRECTION ( 'NONE',  ( -1.982541115402065110E-16, -0.000000000000000000, 1.000000000000000000 ) ) ;
#697 = ORIENTED_EDGE ( 'NONE', *, *, #156, .F. ) ;
#698 = VECTOR ( 'NONE', #2317, 1000.000000000000000 ) ;
#699 = ORIENTED_EDGE ( 'NONE', *, *, #558, .F. ) ;
#700 = ADVANCED_FACE ( 'NONE', ( #1405 ), #1974, .T. ) ;
#701 = DIRECTION ( 'NONE',  ( -0.000000000000000000, -0.000000000000000000, -1.000000000000000000 ) ) ;
#702 = CARTESIAN_POINT ( 'NONE',  ( -34.99999999999999289, 0.000000000000000000, -55.00000000000007105 ) ) ;
#703 = VECTOR ( 'NONE', #140, 1000.000000000000000 ) ;
#704 = CARTESIAN_POINT ( 'NONE',  ( -71.00000000000001421, 19.00000000000000000, -48.50000000000000711 ) ) ;
#705 = FACE_OUTER_BOUND ( 'NONE', #3000, .T. ) ;
#706 = CYLINDRICAL_SURFACE ( 'NONE', #1325, 1.000000000000000888 ) ;
#707 = ORIENTED_EDGE ( 'NONE', *, *, #1842, .T. ) ;
#708 = ORIENTED_EDGE ( 'NONE', *, *, #2128, .F. ) ;
#709 = EDGE_CURVE ( 'NONE', #3385, #1984, #621, .T. ) ;
#710 = CARTESIAN_POINT ( 'NONE',  ( 10.99999999999999467, 19.00000000000000000, -46.50000000000000000 ) ) ;
#711 = ORIENTED_EDGE ( 'NONE', *, *, #1803, .T. ) ;
#712 = AXIS2_PLACEMENT_3D ( 'NONE', #1465, #942, #2560 ) ;
#713 = PLANE ( 'NONE',  #1762 ) ;
#714 = CARTESIAN_POINT ( 'NONE',  ( -19.00000000000001776, 9.000000000000000000, 48.50000000000001421 ) ) ;
#715 = AXIS2_PLACEMENT_3D ( 'NONE', #2510, #1157, #2574 ) ;
#716 = ORIENTED_EDGE ( 'NONE', *, *, #1131, .T. ) ;
#717 = EDGE_LOOP ( 'NONE', ( #107, #2637, #861, #2452 ) ) ;
#718 = CARTESIAN_POINT ( 'NONE',  ( 76.00000000000002842, 19.00000000000000000, -41.50000000000000000 ) ) ;
#719 = VECTOR ( 'NONE', #532, 1000.000000000000000 ) ;
#720 = CARTESIAN_POINT ( 'NONE',  ( 10.99999999999999467, 19.00000000000000000, -46.50000000000000000 ) ) ;
#721 = ADVANCED_FACE ( 'NONE', ( #2556 ), #2618, .F. ) ;
#722 = CARTESIAN_POINT ( 'NONE',  ( -64.99999999999975842, 0.000000000000000000, -79.99999999999988631 ) ) ;
#723 = DIRECTION ( 'NONE',  ( 0.000000000000000000, 1.000000000000000000, 0.000000000000000000 ) ) ;
#724 = VECTOR ( 'NONE', #92, 1000.000000000000000 ) ;
#725 = FACE_OUTER_BOUND ( 'NONE', #989, .T. ) ;
#726 = ORIENTED_EDGE ( 'NONE', *, *, #2543, .F. ) ;
#727 = VERTEX_POINT ( 'NONE', #3417 ) ;
#728 = CIRCLE ( 'NONE', #1975, 10.00000000000000178 ) ;
#729 = VECTOR ( 'NONE', #2237, 1000.000000000000000 ) ;
#730 = DIRECTION ( 'NONE',  ( 0.000000000000000000, 1.000000000000000000, 0.000000000000000000 ) ) ;
#731 = ORIENTED_EDGE ( 'NONE', *, *, #779, .F. ) ;
#732 = CARTESIAN_POINT ( 'NONE',  ( 66.00000000000004263, 19.00000000000000000, -51.50000000000000000 ) ) ;
#733 = ADVANCED_FACE ( 'NONE', ( #1135 ), #2227, .F. ) ;
#734 = CARTESIAN_POINT ( 'NONE',  ( 66.00000000000004263, 19.00000000000000000, -51.50000000000000000 ) ) ;
#735 = ORIENTED_EDGE ( 'NONE', *, *, #856, .F. ) ;
#736 = ORIENTED_EDGE ( 'NONE', *, *, #1308, .T. ) ;
#737 = CARTESIAN_POINT ( 'NONE',  ( 45.00000000000000711, 0.000000000000000000, -90.00000000000009948 ) ) ;
#738 = DIRECTION ( 'NONE',  ( -0.000000000000000000, 1.000000000000000000, 0.000000000000000000 ) ) ;
#739 = CARTESIAN_POINT ( 'NONE',  ( 1.500000000000013767, 19.00000000000000000, 50.50000000000000000 ) ) ;
#740 = AXIS2_PLACEMENT_3D ( 'NONE', #293, #2751, #3546 ) ;
#741 = LINE ( 'NONE', #2407, #3519 ) ;
#742 = CYLINDRICAL_SURFACE ( 'NONE', #2987, 1.600000000000004086 ) ;
#743 = ORIENTED_EDGE ( 'NONE', *, *, #1384, .F. ) ;
#744 = ORIENTED_EDGE ( 'NONE', *, *, #1712, .F. ) ;
#745 = VECTOR ( 'NONE', #2174, 1000.000000000000000 ) ;
#746 = LINE ( 'NONE', #3441, #2815 ) ;
#747 = EDGE_CURVE ( 'NONE', #2433, #1457, #1139, .T. ) ;
#748 = ORIENTED_EDGE ( 'NONE', *, *, #684, .T. ) ;
#749 = EDGE_CURVE ( 'NONE', #2380, #1489, #2343, .T. ) ;
#750 = DIRECTION ( 'NONE',  ( 0.000000000000000000, 0.000000000000000000, -1.000000000000000000 ) ) ;
#751 = CARTESIAN_POINT ( 'NONE',  ( -71.00000000000001421, 9.000000000000000000, -43.50000000000001421 ) ) ;
#752 = VERTEX_POINT ( 'NONE', #1690 ) ;
#753 = AXIS2_PLACEMENT_3D ( 'NONE', #930, #632, #2565 ) ;
#754 = VERTEX_POINT ( 'NONE', #213 ) ;
#755 = FACE_OUTER_BOUND ( 'NONE', #1709, .T. ) ;
#756 = ADVANCED_FACE ( 'NONE', ( #1613 ), #2706, .F. ) ;
#757 = LINE ( 'NONE', #704, #1797 ) ;
#758 = ORIENTED_EDGE ( 'NONE', *, *, #1645, .F. ) ;
#759 = PLANE ( 'NONE',  #896 ) ;
#760 = AXIS2_PLACEMENT_3D ( 'NONE', #906, #3088, #2008 ) ;
#761 = EDGE_CURVE ( 'NONE', #1266, #438, #1828, .T. ) ;
#762 = CARTESIAN_POINT ( 'NONE',  ( 65.00000000000000000, 0.000000000000000000, 65.00000000000002842 ) ) ;
#763 = ORIENTED_EDGE ( 'NONE', *, *, #3127, .F. ) ;
#764 = VERTEX_POINT ( 'NONE', #521 ) ;
#765 = EDGE_CURVE ( 'NONE', #1434, #289, #248, .T. ) ;
#766 = CARTESIAN_POINT ( 'NONE',  ( -19.00000000000001776, 19.00000000000000000, 43.50000000000000711 ) ) ;
#767 = DIRECTION ( 'NONE',  ( 0.000000000000000000, 0.000000000000000000, -1.000000000000000000 ) ) ;
#768 = FACE_BOUND ( 'NONE', #2071, .T. ) ;
#769 = ORIENTED_EDGE ( 'NONE', *, *, #1312, .T. ) ;
#770 = AXIS2_PLACEMENT_3D ( 'NONE', #2513, #1093, #520 ) ;
#771 = ORIENTED_EDGE ( 'NONE', *, *, #1432, .T. ) ;
#772 = ORIENTED_EDGE ( 'NONE', *, *, #522, .T. ) ;
#773 = CARTESIAN_POINT ( 'NONE',  ( 45.00000000000000711, 9.000000000000000000, -65.00000000000005684 ) ) ;
#774 = VECTOR ( 'NONE', #1590, 1000.000000000000000 ) ;
#775 = CARTESIAN_POINT ( 'NONE',  ( -80.00000000000000000, 9.000000000000000000, 48.50000000000001421 ) ) ;
#776 = ORIENTED_EDGE ( 'NONE', *, *, #2226, .F. ) ;
#777 = VECTOR ( 'NONE', #3360, 1000.000000000000000 ) ;
#778 = CARTESIAN_POINT ( 'NONE',  ( 71.00000000000002842, 19.00000000000000000, 46.50000000000000000 ) ) ;
#779 = EDGE_CURVE ( 'NONE', #972, #279, #1073, .T. ) ;
#780 = DIRECTION ( 'NONE',  ( -0.000000000000000000, -1.000000000000000000, -0.000000000000000000 ) ) ;
#781 = ORIENTED_EDGE ( 'NONE', *, *, #957, .T. ) ;
#782 = ORIENTED_EDGE ( 'NONE', *, *, #333, .T. ) ;
#783 = LINE ( 'NONE', #3229, #869 ) ;
#784 = ORIENTED_EDGE ( 'NONE', *, *, #1866, .F. ) ;
#785 = DIRECTION ( 'NONE',  ( -0.000000000000000000, 1.000000000000000000, -0.000000000000000000 ) ) ;
#786 = DIRECTION ( 'NONE',  ( 0.000000000000000000, -0.000000000000000000, -1.000000000000000000 ) ) ;
#787 = VERTEX_POINT ( 'NONE', #2131 ) ;
#788 = VERTEX_POINT ( 'NONE', #3170 ) ;
#789 = CYLINDRICAL_SURFACE ( 'NONE', #2206, 1.000000000000000888 ) ;
#790 = LINE ( 'NONE', #2684, #3374 ) ;
#791 = EDGE_CURVE ( 'NONE', #1434, #2737, #1412, .T. ) ;
#792 = DIRECTION ( 'NONE',  ( 1.000000000000000000, -0.000000000000000000, -0.000000000000000000 ) ) ;
#793 = EDGE_LOOP ( 'NONE', ( #337, #2865, #2474, #2077 ) ) ;
#794 = DIRECTION ( 'NONE',  ( 1.734723475976805862E-16, 0.000000000000000000, 1.000000000000000000 ) ) ;
#795 = CARTESIAN_POINT ( 'NONE',  ( 64.99999999999978684, 0.000000000000000000, 78.40000000000001990 ) ) ;
#796 = ORIENTED_EDGE ( 'NONE', *, *, #749, .F. ) ;
#797 = EDGE_CURVE ( 'NONE', #1172, #499, #741, .T. ) ;
#798 = EDGE_CURVE ( 'NONE', #3165, #2268, #232, .T. ) ;
#799 = CARTESIAN_POINT ( 'NONE',  ( 79.99999999999975842, 0.000000000000000000, -64.99999999999988631 ) ) ;
#800 = ORIENTED_EDGE ( 'NONE', *, *, #1536, .F. ) ;
#801 = LINE ( 'NONE', #1887, #1186 ) ;
#802 = AXIS2_PLACEMENT_3D ( 'NONE', #2141, #1639, #2189 ) ;
#803 = CARTESIAN_POINT ( 'NONE',  ( -9.000000000000007105, 9.000000000000000000, -38.50000000000000000 ) ) ;
#804 = ORIENTED_EDGE ( 'NONE', *, *, #2437, .F. ) ;
#805 = ORIENTED_EDGE ( 'NONE', *, *, #1685, .F. ) ;
#806 = DIRECTION ( 'NONE',  ( 0.000000000000000000, 0.000000000000000000, 1.000000000000000000 ) ) ;
#807 = DIRECTION ( 'NONE',  ( -1.734723475976808080E-16, 0.000000000000000000, -1.000000000000000000 ) ) ;
#808 = DIRECTION ( 'NONE',  ( 0.000000000000000000, -1.000000000000000000, 0.000000000000000000 ) ) ;
#809 = ORIENTED_EDGE ( 'NONE', *, *, #270, .T. ) ;
#810 = VECTOR ( 'NONE', #1141, 1000.000000000000000 ) ;
#811 = PRODUCT_RELATED_PRODUCT_CATEGORY ( 'part', '', ( #2606 ) ) ;
#812 = CARTESIAN_POINT ( 'NONE',  ( -81.00000000000000000, 19.00000000000000000, 47.50000000000001421 ) ) ;
#813 = DIRECTION ( 'NONE',  ( 0.000000000000000000, 0.000000000000000000, -1.000000000000000000 ) ) ;
#814 = CARTESIAN_POINT ( 'NONE',  ( 6.500000000000011546, 19.00000000000000000, 41.50000000000000000 ) ) ;
#815 = EDGE_LOOP ( 'NONE', ( #169, #2718, #320, #1300 ) ) ;
#816 = CIRCLE ( 'NONE', #2583, 1.600000000000004086 ) ;
#817 = CARTESIAN_POINT ( 'NONE',  ( 6.999999999999994671, 19.00000000000000000, -46.50000000000000000 ) ) ;
#818 = DIRECTION ( 'NONE',  ( -0.000000000000000000, -1.000000000000000000, 0.000000000000000000 ) ) ;
#819 = EDGE_CURVE ( 'NONE', #3063, #1114, #2650, .T. ) ;
#820 = FACE_BOUND ( 'NONE', #822, .T. ) ;
#821 = ORIENTED_EDGE ( 'NONE', *, *, #668, .F. ) ;
#822 = EDGE_LOOP ( 'NONE', ( #1368, #1518, #1960, #45, #2842, #1844, #34, #2469 ) ) ;
#823 = CARTESIAN_POINT ( 'NONE',  ( -71.00000000000001421, 19.00000000000000000, -43.50000000000001421 ) ) ;
#824 = DIRECTION ( 'NONE',  ( -0.000000000000000000, 1.000000000000000000, -0.000000000000000000 ) ) ;
#825 = FACE_OUTER_BOUND ( 'NONE', #2486, .T. ) ;
#826 = ADVANCED_FACE ( 'NONE', ( #2441 ), #1272, .F. ) ;
#827 = DIRECTION ( 'NONE',  ( 1.000000000000000000, 0.000000000000000000, -7.632783294297965415E-15 ) ) ;
#828 = VECTOR ( 'NONE', #1214, 1000.000000000000000 ) ;
#829 = FACE_OUTER_BOUND ( 'NONE', #144, .T. ) ;
#830 = CARTESIAN_POINT ( 'NONE',  ( -15.00000000000001421, 9.000000000000000000, -42.50000000000000000 ) ) ;
#831 = ORIENTED_EDGE ( 'NONE', *, *, #2923, .T. ) ;
#832 = EDGE_CURVE ( 'NONE', #3404, #928, #1976, .T. ) ;
#833 = LINE ( 'NONE', #237, #2124 ) ;
#834 = CARTESIAN_POINT ( 'NONE',  ( 75.00000000000004263, 9.000000000000000000, 50.49999999999999289 ) ) ;
#835 = AXIS2_PLACEMENT_3D ( 'NONE', #3289, #590, #1411 ) ;
#836 = CARTESIAN_POINT ( 'NONE',  ( -71.00000000000001421, 9.000000000000000000, -48.50000000000000711 ) ) ;
#837 = ORIENTED_EDGE ( 'NONE', *, *, #2475, .T. ) ;
#838 = ORIENTED_EDGE ( 'NONE', *, *, #798, .F. ) ;
#839 = EDGE_CURVE ( 'NONE', #1456, #1433, #2368, .T. ) ;
#840 = LINE ( 'NONE', #1354, #201 ) ;
#841 = AXIS2_PLACEMENT_3D ( 'NONE', #2168, #2514, #1631 ) ;
#842 = FACE_OUTER_BOUND ( 'NONE', #693, .T. ) ;
#843 = LINE ( 'NONE', #1929, #17 ) ;
#844 = ORIENTED_EDGE ( 'NONE', *, *, #119, .F. ) ;
#845 = LINE ( 'NONE', #247, #1219 ) ;
#846 = DIRECTION ( 'NONE',  ( 0.000000000000000000, 0.000000000000000000, -1.000000000000000000 ) ) ;
#847 = CARTESIAN_POINT ( 'NONE',  ( 6.500000000000011546, 9.000000000000000000, 41.50000000000000000 ) ) ;
#848 = ORIENTED_EDGE ( 'NONE', *, *, #1466, .T. ) ;
#849 = DIRECTION ( 'NONE',  ( 1.000000000000000000, 0.000000000000000000, 0.000000000000000000 ) ) ;
#850 = AXIS2_PLACEMENT_3D ( 'NONE', #2640, #3476, #767 ) ;
#851 = VERTEX_POINT ( 'NONE', #2423 ) ;
#852 = LINE ( 'NONE', #1365, #2913 ) ;
#853 = CARTESIAN_POINT ( 'NONE',  ( 11.50000000000001243, 19.00000000000000000, 51.50000000000000711 ) ) ;
#854 = EDGE_CURVE ( 'NONE', #2997, #3423, #1577, .T. ) ;
#855 = ORIENTED_EDGE ( 'NONE', *, *, #55, .F. ) ;
#856 = EDGE_CURVE ( 'NONE', #161, #3319, #1057, .T. ) ;
#857 = ORIENTED_EDGE ( 'NONE', *, *, #1884, .F. ) ;
#858 = DIRECTION ( 'NONE',  ( 0.000000000000000000, 0.000000000000000000, 1.000000000000000000 ) ) ;
#859 = LINE ( 'NONE', #2436, #3167 ) ;
#860 = LINE ( 'NONE', #2974, #485 ) ;
#861 = ORIENTED_EDGE ( 'NONE', *, *, #1161, .T. ) ;
#862 = CYLINDRICAL_SURFACE ( 'NONE', #994, 25.00000000000001421 ) ;
#863 = PLANE ( 'NONE',  #841 ) ;
#864 = EDGE_CURVE ( 'NONE', #2386, #208, #3121, .T. ) ;
#865 = APPLICATION_PROTOCOL_DEFINITION ( 'draft international standard', 'automotive_design', 1998, #1920 ) ;
#866 = ORIENTED_EDGE ( 'NONE', *, *, #2746, .F. ) ;
#867 = ADVANCED_FACE ( 'NONE', ( #1542 ), #2634, .F. ) ;
#868 = DIRECTION ( 'NONE',  ( -0.000000000000000000, -1.000000000000000000, 0.000000000000000000 ) ) ;
#869 = VECTOR ( 'NONE', #2427, 1000.000000000000000 ) ;
#870 = ORIENTED_EDGE ( 'NONE', *, *, #1596, .T. ) ;
#871 = EDGE_CURVE ( 'NONE', #647, #3086, #1862, .T. ) ;
#872 = DIRECTION ( 'NONE',  ( -1.541976423090495387E-16, 0.000000000000000000, 1.000000000000000000 ) ) ;
#873 = VECTOR ( 'NONE', #291, 1000.000000000000000 ) ;
#874 = ORIENTED_EDGE ( 'NONE', *, *, #883, .T. ) ;
#875 = EDGE_LOOP ( 'NONE', ( #1991, #606, #1753, #3081 ) ) ;
#876 = DIRECTION ( 'NONE',  ( 0.000000000000000000, -1.000000000000000000, 0.000000000000000000 ) ) ;
#877 = DIRECTION ( 'NONE',  ( 0.000000000000000000, 0.000000000000000000, 1.000000000000000000 ) ) ;
#878 = CARTESIAN_POINT ( 'NONE',  ( -75.00000000000001421, 9.000000000000000000, -43.50000000000000711 ) ) ;
#879 = ORIENTED_EDGE ( 'NONE', *, *, #3534, .T. ) ;
#880 = CARTESIAN_POINT ( 'NONE',  ( 79.99999999999975842, 0.000000000000000000, -63.39999999999988489 ) ) ;
#881 = LINE ( 'NONE', #1932, #729 ) ;
#882 = CIRCLE ( 'NONE', #3223, 1.000000000000000888 ) ;
#883 = EDGE_CURVE ( 'NONE', #754, #3286, #465, .T. ) ;
#884 = VECTOR ( 'NONE', #913, 1000.000000000000000 ) ;
#885 = DIRECTION ( 'NONE',  ( 0.000000000000000000, 0.000000000000000000, -1.000000000000000000 ) ) ;
#886 = ORIENTED_EDGE ( 'NONE', *, *, #1982, .T. ) ;
#887 = VECTOR ( 'NONE', #421, 1000.000000000000000 ) ;
#888 = LINE ( 'NONE', #2768, #967 ) ;
#889 = DIRECTION ( 'NONE',  ( 1.000000000000000000, 0.000000000000000000, 0.000000000000000000 ) ) ;
#890 = EDGE_LOOP ( 'NONE', ( #3531, #1579, #1362, #743 ) ) ;
#891 = ORIENTED_EDGE ( 'NONE', *, *, #1803, .F. ) ;
#892 = LINE ( 'NONE', #1980, #3195 ) ;
#893 = DIRECTION ( 'NONE',  ( 1.000000000000000000, 0.000000000000000000, -2.775557561562893323E-15 ) ) ;
#894 = DIRECTION ( 'NONE',  ( 0.000000000000000000, 0.000000000000000000, 1.000000000000000000 ) ) ;
#895 = ORIENTED_EDGE ( 'NONE', *, *, #3103, .F. ) ;
#896 = AXIS2_PLACEMENT_3D ( 'NONE', #2203, #1648, #616 ) ;
#897 = ADVANCED_FACE ( 'NONE', ( #1022 ), #759, .F. ) ;
#898 = DIRECTION ( 'NONE',  ( -0.000000000000000000, -0.000000000000000000, -1.000000000000000000 ) ) ;
#899 = DIRECTION ( 'NONE',  ( 0.000000000000000000, 0.000000000000000000, 1.000000000000000000 ) ) ;
#900 = CARTESIAN_POINT ( 'NONE',  ( -64.99999999999972999, 0.000000000000000000, 80.00000000000002842 ) ) ;
#901 = ADVANCED_FACE ( 'NONE', ( #1145 ), #3539, .F. ) ;
#902 = DIRECTION ( 'NONE',  ( 0.000000000000000000, -1.000000000000000000, 0.000000000000000000 ) ) ;
#903 = ORIENTED_EDGE ( 'NONE', *, *, #1010, .T. ) ;
#904 = DIRECTION ( 'NONE',  ( 0.000000000000000000, 0.000000000000000000, -1.000000000000000000 ) ) ;
#905 = ADVANCED_FACE ( 'NONE', ( #1399 ), #595, .F. ) ;
#906 = CARTESIAN_POINT ( 'NONE',  ( -14.00000000000001243, 19.00000000000000000, -43.50000000000000711 ) ) ;
#907 = ORIENTED_EDGE ( 'NONE', *, *, #2896, .F. ) ;
#908 = FACE_OUTER_BOUND ( 'NONE', #2292, .T. ) ;
#909 = DIRECTION ( 'NONE',  ( 0.000000000000000000, -1.000000000000000000, -0.000000000000000000 ) ) ;
#910 = CARTESIAN_POINT ( 'NONE',  ( 2.500000000000013323, 19.00000000000000000, 51.50000000000000711 ) ) ;
#911 = CYLINDRICAL_SURFACE ( 'NONE', #3237, 1.600000000000004086 ) ;
#912 = ORIENTED_EDGE ( 'NONE', *, *, #182, .F. ) ;
#913 = DIRECTION ( 'NONE',  ( 0.000000000000000000, 0.000000000000000000, -1.000000000000000000 ) ) ;
#914 = DIRECTION ( 'NONE',  ( 0.000000000000000000, -1.000000000000000000, 0.000000000000000000 ) ) ;
#915 = VECTOR ( 'NONE', #3513, 1000.000000000000000 ) ;
#916 = DIRECTION ( 'NONE',  ( 0.000000000000000000, 0.000000000000000000, -1.000000000000000000 ) ) ;
#917 = DIRECTION ( 'NONE',  ( -1.000000000000000000, 0.000000000000000000, 0.000000000000000000 ) ) ;
#918 = ORIENTED_EDGE ( 'NONE', *, *, #2006, .F. ) ;
#919 = ORIENTED_EDGE ( 'NONE', *, *, #2799, .T. ) ;
#920 = EDGE_CURVE ( 'NONE', #3131, #162, #3349, .T. ) ;
#921 = VECTOR ( 'NONE', #360, 1000.000000000000000 ) ;
#922 = CARTESIAN_POINT ( 'NONE',  ( -75.00000000000001421, 19.00000000000000000, -42.50000000000000000 ) ) ;
#923 = DIRECTION ( 'NONE',  ( 0.000000000000000000, 0.000000000000000000, -1.000000000000000000 ) ) ;
#924 = CARTESIAN_POINT ( 'NONE',  ( 6.500000000000011546, 19.00000000000000000, 41.50000000000000000 ) ) ;
#925 = VECTOR ( 'NONE', #3188, 1000.000000000000000 ) ;
#926 = CARTESIAN_POINT ( 'NONE',  ( -14.00000000000001243, 9.000000000000000000, 43.50000000000000711 ) ) ;
#927 = ORIENTED_EDGE ( 'NONE', *, *, #747, .T. ) ;
#928 = VERTEX_POINT ( 'NONE', #286 ) ;
#929 = DIRECTION ( 'NONE',  ( -0.000000000000000000, -0.000000000000000000, 1.000000000000000000 ) ) ;
#930 = CARTESIAN_POINT ( 'NONE',  ( -65.00000000000000000, 0.000000000000000000, 65.00000000000002842 ) ) ;
#931 = CARTESIAN_POINT ( 'NONE',  ( -8.999999999999996447, 19.00000000000000000, 48.50000000000000711 ) ) ;
#932 = CARTESIAN_POINT ( 'NONE',  ( 71.00000000000002842, 19.00000000000000000, -41.50000000000000000 ) ) ;
#933 = ORIENTED_EDGE ( 'NONE', *, *, #3250, .F. ) ;
#934 = VECTOR ( 'NONE', #3522, 1000.000000000000000 ) ;
#935 = EDGE_CURVE ( 'NONE', #548, #3086, #3295, .T. ) ;
#936 = AXIS2_PLACEMENT_3D ( 'NONE', #931, #916, #2001 ) ;
#937 = CYLINDRICAL_SURFACE ( 'NONE', #2063, 1.000000000000000888 ) ;
#938 = EDGE_CURVE ( 'NONE', #2338, #2520, #1111, .T. ) ;
#939 = ORIENTED_EDGE ( 'NONE', *, *, #2655, .T. ) ;
#940 = VECTOR ( 'NONE', #1393, 1000.000000000000000 ) ;
#941 = CARTESIAN_POINT ( 'NONE',  ( 6.999999999999994671, 9.000000000000000000, -46.50000000000000000 ) ) ;
#942 = DIRECTION ( 'NONE',  ( 0.000000000000000000, 1.000000000000000000, 0.000000000000000000 ) ) ;
#943 = LINE ( 'NONE', #1414, #544 ) ;
#944 = DIRECTION ( 'NONE',  ( 0.000000000000000000, -0.000000000000000000, -1.000000000000000000 ) ) ;
#945 = EDGE_LOOP ( 'NONE', ( #3015, #2629, #215, #804 ) ) ;
#946 = EDGE_CURVE ( 'NONE', #477, #2997, #86, .T. ) ;
#947 = ORIENTED_EDGE ( 'NONE', *, *, #2923, .F. ) ;
#948 = CARTESIAN_POINT ( 'NONE',  ( -34.99999999999997868, 9.000000000000000000, 55.00000000000004974 ) ) ;
#949 = LINE ( 'NONE', #686, #1888 ) ;
#950 = AXIS2_PLACEMENT_3D ( 'NONE', #2249, #642, #1429 ) ;
#951 = AXIS2_PLACEMENT_3D ( 'NONE', #778, #1812, #2903 ) ;
#952 = CARTESIAN_POINT ( 'NONE',  ( -15.00000000000001421, 19.00000000000000000, 42.50000000000000000 ) ) ;
#953 = VERTEX_POINT ( 'NONE', #2477 ) ;
#954 = CARTESIAN_POINT ( 'NONE',  ( 1.999999999999991784, 19.00000000000000000, -50.49999999999999289 ) ) ;
#955 = PRODUCT_DEFINITION ( 'UNKNOWN', '', #2263, #1074 ) ;
#956 = ORIENTED_EDGE ( 'NONE', *, *, #2516, .F. ) ;
#957 = EDGE_CURVE ( 'NONE', #1641, #1457, #881, .T. ) ;
#958 = CARTESIAN_POINT ( 'NONE',  ( -79.99999999999975842, 9.000000000000000000, -64.99999999999988631 ) ) ;
#959 = LINE ( 'NONE', #1767, #2019 ) ;
#960 = LINE ( 'NONE', #2912, #1801 ) ;
#961 = ORIENTED_EDGE ( 'NONE', *, *, #2097, .F. ) ;
#962 = AXIS2_PLACEMENT_3D ( 'NONE', #1802, #2395, #2067 ) ;
#963 = VERTEX_POINT ( 'NONE', #3066 ) ;
#964 = CARTESIAN_POINT ( 'NONE',  ( -45.00000000000000711, 9.000000000000000000, -90.00000000000008527 ) ) ;
#965 = FACE_BOUND ( 'NONE', #3260, .T. ) ;
#966 = FACE_OUTER_BOUND ( 'NONE', #1822, .T. ) ;
#967 = VECTOR ( 'NONE', #3334, 1000.000000000000000 ) ;
#968 = ADVANCED_FACE ( 'NONE', ( #1684 ), #11, .F. ) ;
#969 = CARTESIAN_POINT ( 'NONE',  ( -75.00000000000001421, 9.000000000000000000, -42.50000000000000000 ) ) ;
#970 = DIRECTION ( 'NONE',  ( 0.000000000000000000, -1.000000000000000000, 0.000000000000000000 ) ) ;
#971 = VERTEX_POINT ( 'NONE', #1417 ) ;
#972 = VERTEX_POINT ( 'NONE', #3030 ) ;
#973 = EDGE_CURVE ( 'NONE', #2229, #3006, #576, .T. ) ;
#974 = DIRECTION ( 'NONE',  ( 1.000000000000000000, 0.000000000000000000, -1.387778780781444689E-15 ) ) ;
#975 = ORIENTED_EDGE ( 'NONE', *, *, #2164, .T. ) ;
#976 = ADVANCED_FACE ( 'NONE', ( #3311 ), #863, .F. ) ;
#977 = DIRECTION ( 'NONE',  ( -0.000000000000000000, -1.000000000000000000, -0.000000000000000000 ) ) ;
#978 = CARTESIAN_POINT ( 'NONE',  ( 90.00000000000000000, 9.000000000000000000, 65.00000000000002842 ) ) ;
#979 = LINE ( 'NONE', #2069, #1113 ) ;
#980 = ORIENTED_EDGE ( 'NONE', *, *, #832, .F. ) ;
#981 = CIRCLE ( 'NONE', #3489, 1.600000000000004086 ) ;
#982 = ORIENTED_EDGE ( 'NONE', *, *, #2373, .F. ) ;
#983 = LINE ( 'NONE', #2615, #1748 ) ;
#984 = LINE ( 'NONE', #1268, #460 ) ;
#985 = AXIS2_PLACEMENT_3D ( 'NONE', #1166, #2003, #344 ) ;
#986 = DIRECTION ( 'NONE',  ( 0.000000000000000000, 0.000000000000000000, 1.000000000000000000 ) ) ;
#987 = CARTESIAN_POINT ( 'NONE',  ( -64.99999999999975842, 0.000000000000000000, -90.00000000000007105 ) ) ;
#988 = CARTESIAN_POINT ( 'NONE',  ( -81.00000000000000000, 19.00000000000000000, 38.50000000000000000 ) ) ;
#989 = EDGE_LOOP ( 'NONE', ( #3198, #2712, #2298, #3130 ) ) ;
#990 = EDGE_LOOP ( 'NONE', ( #2156, #2717, #1016, #1228 ) ) ;
#991 = EDGE_CURVE ( 'NONE', #2666, #1954, #340, .T. ) ;
#992 = CARTESIAN_POINT ( 'NONE',  ( 1.500000000000012657, 19.00000000000000000, 41.49999999999999289 ) ) ;
#993 = ORIENTED_EDGE ( 'NONE', *, *, #382, .T. ) ;
#994 = AXIS2_PLACEMENT_3D ( 'NONE', #1950, #3049, #46 ) ;
#995 = DIRECTION ( 'NONE',  ( 0.000000000000000000, 0.000000000000000000, -1.000000000000000000 ) ) ;
#996 = CARTESIAN_POINT ( 'NONE',  ( -64.99999999999975842, 9.000000000000000000, -81.59999999999989484 ) ) ;
#997 = AXIS2_PLACEMENT_3D ( 'NONE', #371, #1225, #2323 ) ;
#998 = ORIENTED_EDGE ( 'NONE', *, *, #1606, .T. ) ;
#999 = ORIENTED_EDGE ( 'NONE', *, *, #1703, .T. ) ;
#1000 = DIRECTION ( 'NONE',  ( -1.982541115402065110E-16, -0.000000000000000000, 1.000000000000000000 ) ) ;
#1001 = CIRCLE ( 'NONE', #3118, 1.600000000000004086 ) ;
#1002 = DIRECTION ( 'NONE',  ( -0.000000000000000000, 1.000000000000000000, -0.000000000000000000 ) ) ;
#1003 = FACE_OUTER_BOUND ( 'NONE', #2829, .T. ) ;
#1004 = EDGE_CURVE ( 'NONE', #2876, #1158, #2530, .T. ) ;
#1005 = CARTESIAN_POINT ( 'NONE',  ( -64.99999999999972999, 9.000000000000000000, 80.00000000000002842 ) ) ;
#1006 = CARTESIAN_POINT ( 'NONE',  ( 75.00000000000004263, 19.00000000000000000, 50.49999999999999289 ) ) ;
#1007 = ORIENTED_EDGE ( 'NONE', *, *, #1611, .T. ) ;
#1008 = EDGE_CURVE ( 'NONE', #2035, #1158, #2095, .T. ) ;
#1009 = AXIS2_PLACEMENT_3D ( 'NONE', #2687, #723, #2977 ) ;
#1010 = EDGE_CURVE ( 'NONE', #241, #208, #1896, .T. ) ;
#1011 = DIRECTION ( 'NONE',  ( -1.000000000000000000, 0.000000000000000000, 0.000000000000000000 ) ) ;
#1012 = ORIENTED_EDGE ( 'NONE', *, *, #645, .F. ) ;
#1013 = DIRECTION ( 'NONE',  ( 1.000000000000000000, -0.000000000000000000, 0.000000000000000000 ) ) ;
#1014 = EDGE_CURVE ( 'NONE', #1551, #3312, #2460, .T. ) ;
#1015 = FACE_OUTER_BOUND ( 'NONE', #3333, .T. ) ;
#1016 = ORIENTED_EDGE ( 'NONE', *, *, #2172, .T. ) ;
#1017 = ORIENTED_EDGE ( 'NONE', *, *, #3171, .F. ) ;
#1018 = ADVANCED_FACE ( 'NONE', ( #829 ), #1916, .F. ) ;
#1019 = ORIENTED_EDGE ( 'NONE', *, *, #2799, .F. ) ;
#1020 = CARTESIAN_POINT ( 'NONE',  ( -19.00000000000001776, 19.00000000000000000, 43.50000000000000711 ) ) ;
#1021 = LINE ( 'NONE', #2111, #2255 ) ;
#1022 = FACE_OUTER_BOUND ( 'NONE', #442, .T. ) ;
#1023 = DIRECTION ( 'NONE',  ( 0.000000000000000000, 1.000000000000000000, -0.000000000000000000 ) ) ;
#1024 = ORIENTED_EDGE ( 'NONE', *, *, #2879, .F. ) ;
#1025 = ORIENTED_EDGE ( 'NONE', *, *, #2548, .F. ) ;
#1026 = CARTESIAN_POINT ( 'NONE',  ( -71.00000000000001421, 9.000000000000000000, -43.50000000000001421 ) ) ;
#1027 = VERTEX_POINT ( 'NONE', #1718 ) ;
#1028 = LINE ( 'NONE', #183, #1476 ) ;
#1029 = DIRECTION ( 'NONE',  ( 0.000000000000000000, 1.000000000000000000, 0.000000000000000000 ) ) ;
#1030 = VERTEX_POINT ( 'NONE', #2579 ) ;
#1031 = ORIENTED_EDGE ( 'NONE', *, *, #2136, .F. ) ;
#1032 = VECTOR ( 'NONE', #1910, 1000.000000000000000 ) ;
#1033 = LINE ( 'NONE', #2126, #1406 ) ;
#1034 = DIRECTION ( 'NONE',  ( -0.000000000000000000, -1.000000000000000000, -0.000000000000000000 ) ) ;
#1035 = CARTESIAN_POINT ( 'NONE',  ( -64.99999999999975842, 0.000000000000000000, -81.59999999999989484 ) ) ;
#1036 = AXIS2_PLACEMENT_3D ( 'NONE', #1833, #730, #2928 ) ;
#1037 = EDGE_LOOP ( 'NONE', ( #624, #697, #2498, #3370 ) ) ;
#1038 = DIRECTION ( 'NONE',  ( 0.000000000000000000, -1.000000000000000000, 0.000000000000000000 ) ) ;
#1039 = LINE ( 'NONE', #543, #1692 ) ;
#1040 = VERTEX_POINT ( 'NONE', #3364 ) ;
#1041 = VERTEX_POINT ( 'NONE', #3116 ) ;
#1042 = CARTESIAN_POINT ( 'NONE',  ( -71.00000000000001421, 19.00000000000000000, 48.50000000000001421 ) ) ;
#1043 = ORIENTED_EDGE ( 'NONE', *, *, #2406, .T. ) ;
#1044 = EDGE_CURVE ( 'NONE', #1457, #2433, #3039, .T. ) ;
#1045 = CARTESIAN_POINT ( 'NONE',  ( 1.999999999999991340, 19.00000000000000000, -51.50000000000000000 ) ) ;
#1046 = EDGE_CURVE ( 'NONE', #491, #1943, #358, .T. ) ;
#1047 = FACE_OUTER_BOUND ( 'NONE', #1290, .T. ) ;
#1048 = ORIENTED_EDGE ( 'NONE', *, *, #494, .T. ) ;
#1049 = AXIS2_PLACEMENT_3D ( 'NONE', #2271, #3358, #353 ) ;
#1050 = VERTEX_POINT ( 'NONE', #702 ) ;
#1051 = FACE_OUTER_BOUND ( 'NONE', #454, .T. ) ;
#1052 = CARTESIAN_POINT ( 'NONE',  ( 0.9999999999999965583, 19.00000000000000000, -41.50000000000000000 ) ) ;
#1053 = AXIS2_PLACEMENT_3D ( 'NONE', #2404, #2617, #2385 ) ;
#1054 = ADVANCED_FACE ( 'NONE', ( #1999, #3133, #965, #118, #2814, #82, #375, #1486, #3083 ), #2594, .T. ) ;
#1055 = DIRECTION ( 'NONE',  ( 3.965082230804129234E-16, 0.000000000000000000, 1.000000000000000000 ) ) ;
#1056 = AXIS2_PLACEMENT_3D ( 'NONE', #2526, #60, #644 ) ;
#1057 = LINE ( 'NONE', #486, #2557 ) ;
#1058 = DIRECTION ( 'NONE',  ( 1.000000000000000000, 0.000000000000000000, 0.000000000000000000 ) ) ;
#1059 = EDGE_LOOP ( 'NONE', ( #388, #1622, #349, #891 ) ) ;
#1060 = AXIS2_PLACEMENT_3D ( 'NONE', #3129, #2747, #663 ) ;
#1061 = DIRECTION ( 'NONE',  ( 1.000000000000000000, 0.000000000000000000, 0.000000000000000000 ) ) ;
#1062 = ORIENTED_EDGE ( 'NONE', *, *, #2659, .T. ) ;
#1063 = DIRECTION ( 'NONE',  ( 1.000000000000000000, 0.000000000000000000, 0.000000000000000000 ) ) ;
#1064 = ADVANCED_FACE ( 'NONE', ( #3097 ), #1738, .F. ) ;
#1065 = FACE_BOUND ( 'NONE', #1764, .T. ) ;
#1066 = ORIENTED_EDGE ( 'NONE', *, *, #622, .T. ) ;
#1067 = ORIENTED_EDGE ( 'NONE', *, *, #2957, .F. ) ;
#1068 = LINE ( 'NONE', #3252, #669 ) ;
#1069 = FACE_OUTER_BOUND ( 'NONE', #170, .T. ) ;
#1070 = EDGE_CURVE ( 'NONE', #754, #3385, #2616, .T. ) ;
#1071 = CARTESIAN_POINT ( 'NONE',  ( 66.00000000000002842, 9.000000000000000000, 51.50000000000000000 ) ) ;
#1072 = CARTESIAN_POINT ( 'NONE',  ( 11.50000000000001243, 19.00000000000000000, 51.50000000000000711 ) ) ;
#1073 = LINE ( 'NONE', #1593, #1124 ) ;
#1074 = PRODUCT_DEFINITION_CONTEXT ( 'detailed design', #2360, 'design' ) ;
#1075 = AXIS2_PLACEMENT_3D ( 'NONE', #834, #818, #1922 ) ;
#1076 = DIRECTION ( 'NONE',  ( 0.000000000000000000, 0.000000000000000000, -1.000000000000000000 ) ) ;
#1077 = EDGE_CURVE ( 'NONE', #1086, #172, #3381, .T. ) ;
#1078 = ORIENTED_EDGE ( 'NONE', *, *, #3505, .F. ) ;
#1079 = LINE ( 'NONE', #3263, #1552 ) ;
#1080 = EDGE_LOOP ( 'NONE', ( #726, #708, #2943, #1501 ) ) ;
#1081 = FACE_OUTER_BOUND ( 'NONE', #1936, .T. ) ;
#1082 = CIRCLE ( 'NONE', #2748, 1.000000000000000888 ) ;
#1083 = CARTESIAN_POINT ( 'NONE',  ( 6.999999999999994671, 19.00000000000000000, -45.50000000000000000 ) ) ;
#1084 = EDGE_CURVE ( 'NONE', #1569, #88, #1203, .T. ) ;
#1085 = VERTEX_POINT ( 'NONE', #100 ) ;
#1086 = VERTEX_POINT ( 'NONE', #1160 ) ;
#1087 = DIRECTION ( 'NONE',  ( 0.000000000000000000, 0.000000000000000000, 1.000000000000000000 ) ) ;
#1088 = LINE ( 'NONE', #1962, #810 ) ;
#1089 = DIRECTION ( 'NONE',  ( 0.000000000000000000, 0.000000000000000000, 1.000000000000000000 ) ) ;
#1090 = ORIENTED_EDGE ( 'NONE', *, *, #463, .F. ) ;
#1091 = AXIS2_PLACEMENT_3D ( 'NONE', #2329, #1181, #899 ) ;
#1092 = EDGE_CURVE ( 'NONE', #788, #3212, #1197, .T. ) ;
#1093 = DIRECTION ( 'NONE',  ( 0.000000000000000000, -1.000000000000000000, -0.000000000000000000 ) ) ;
#1094 = CARTESIAN_POINT ( 'NONE',  ( 70.00000000000001421, 19.00000000000000000, -46.50000000000000000 ) ) ;
#1095 = DIRECTION ( 'NONE',  ( 0.000000000000000000, 0.000000000000000000, -1.000000000000000000 ) ) ;
#1096 = ORIENTED_EDGE ( 'NONE', *, *, #839, .T. ) ;
#1097 = AXIS2_PLACEMENT_3D ( 'NONE', #2082, #1011, #124 ) ;
#1098 = EDGE_CURVE ( 'NONE', #2975, #3047, #3206, .T. ) ;
#1099 = EDGE_CURVE ( 'NONE', #2563, #2920, #1949, .T. ) ;
#1100 = CARTESIAN_POINT ( 'NONE',  ( -14.00000000000001243, 19.00000000000000000, 42.50000000000000000 ) ) ;
#1101 = ORIENTED_EDGE ( 'NONE', *, *, #2722, .F. ) ;
#1102 = DIRECTION ( 'NONE',  ( 0.000000000000000000, 1.000000000000000000, 0.000000000000000000 ) ) ;
#1103 = FACE_BOUND ( 'NONE', #452, .T. ) ;
#1104 = ORIENTED_EDGE ( 'NONE', *, *, #1750, .F. ) ;
#1105 = VERTEX_POINT ( 'NONE', #406 ) ;
#1106 = DIRECTION ( 'NONE',  ( 1.067522139062651164E-16, -0.000000000000000000, 1.000000000000000000 ) ) ;
#1107 = DIRECTION ( 'NONE',  ( 0.000000000000000000, 0.000000000000000000, -1.000000000000000000 ) ) ;
#1108 = DIRECTION ( 'NONE',  ( 4.987329993433323355E-16, 0.000000000000000000, 1.000000000000000000 ) ) ;
#1109 = VECTOR ( 'NONE', #1174, 1000.000000000000000 ) ;
#1110 = PLANE ( 'NONE',  #2710 ) ;
#1111 = LINE ( 'NONE', #2797, #2266 ) ;
#1112 = DIRECTION ( 'NONE',  ( 0.000000000000000000, 1.000000000000000000, -0.000000000000000000 ) ) ;
#1113 = VECTOR ( 'NONE', #1247, 1000.000000000000000 ) ;
#1114 = VERTEX_POINT ( 'NONE', #1789 ) ;
#1115 = EDGE_CURVE ( 'NONE', #161, #3005, #3399, .T. ) ;
#1116 = VECTOR ( 'NONE', #1904, 1000.000000000000000 ) ;
#1117 = CARTESIAN_POINT ( 'NONE',  ( -81.00000000000001421, 19.00000000000000000, -48.50000000000000711 ) ) ;
#1118 = CARTESIAN_POINT ( 'NONE',  ( -79.99999999999975842, 0.000000000000000000, -66.59999999999989484 ) ) ;
#1119 = FACE_BOUND ( 'NONE', #2405, .T. ) ;
#1120 = ORIENTED_EDGE ( 'NONE', *, *, #1339, .T. ) ;
#1121 = ORIENTED_EDGE ( 'NONE', *, *, #1750, .T. ) ;
#1122 = EDGE_CURVE ( 'NONE', #2371, #727, #949, .T. ) ;
#1123 = LINE ( 'NONE', #1944, #612 ) ;
#1124 = VECTOR ( 'NONE', #195, 1000.000000000000000 ) ;
#1125 = DIRECTION ( 'NONE',  ( 0.000000000000000000, 1.000000000000000000, -0.000000000000000000 ) ) ;
#1126 = CARTESIAN_POINT ( 'NONE',  ( 45.00000000000002132, 0.000000000000000000, 90.00000000000004263 ) ) ;
#1127 = ADVANCED_FACE ( 'NONE', ( #1774 ), #1502, .F. ) ;
#1128 = DIRECTION ( 'NONE',  ( 0.000000000000000000, 0.000000000000000000, -1.000000000000000000 ) ) ;
#1129 = DIRECTION ( 'NONE',  ( 0.000000000000000000, 0.000000000000000000, 1.000000000000000000 ) ) ;
#1130 = FACE_OUTER_BOUND ( 'NONE', #3155, .T. ) ;
#1131 = EDGE_CURVE ( 'NONE', #2872, #2029, #518, .T. ) ;
#1132 = ORIENTED_EDGE ( 'NONE', *, *, #765, .T. ) ;
#1133 = CARTESIAN_POINT ( 'NONE',  ( 90.00000000000001421, 9.000000000000000000, -64.99999999999988631 ) ) ;
#1134 = CIRCLE ( 'NONE', #3136, 1.000000000000000888 ) ;
#1135 = FACE_OUTER_BOUND ( 'NONE', #2195, .T. ) ;
#1136 =( NAMED_UNIT ( * ) SI_UNIT ( $, .STERADIAN. ) SOLID_ANGLE_UNIT ( ) );
#1137 = ORIENTED_EDGE ( 'NONE', *, *, #1099, .F. ) ;
#1138 = VERTEX_POINT ( 'NONE', #1052 ) ;
#1139 = CIRCLE ( 'NONE', #341, 1.600000000000004086 ) ;
#1140 = CARTESIAN_POINT ( 'NONE',  ( 79.99999999999977263, 0.000000000000000000, 66.60000000000003695 ) ) ;
#1141 = DIRECTION ( 'NONE',  ( -0.000000000000000000, -1.000000000000000000, -0.000000000000000000 ) ) ;
#1142 = CARTESIAN_POINT ( 'NONE',  ( 66.00000000000002842, 19.00000000000000000, 46.50000000000000000 ) ) ;
#1143 = ADVANCED_FACE ( 'NONE', ( #1809 ), #1303, .F. ) ;
#1144 = CARTESIAN_POINT ( 'NONE',  ( 11.50000000000001066, 19.00000000000000000, 46.50000000000000711 ) ) ;
#1145 = FACE_OUTER_BOUND ( 'NONE', #533, .T. ) ;
#1146 = DIRECTION ( 'NONE',  ( -4.987329993433323355E-16, 0.000000000000000000, -1.000000000000000000 ) ) ;
#1147 = ORIENTED_EDGE ( 'NONE', *, *, #2056, .F. ) ;
#1148 = CIRCLE ( 'NONE', #3320, 1.600000000000004086 ) ;
#1149 = DIRECTION ( 'NONE',  ( -1.000000000000000000, 0.000000000000000000, -0.000000000000000000 ) ) ;
#1150 = AXIS2_PLACEMENT_3D ( 'NONE', #952, #970, #3154 ) ;
#1151 =( NAMED_UNIT ( * ) PLANE_ANGLE_UNIT ( ) SI_UNIT ( $, .RADIAN. ) );
#1152 = EDGE_CURVE ( 'NONE', #1786, #548, #445, .T. ) ;
#1153 = ORIENTED_EDGE ( 'NONE', *, *, #3135, .F. ) ;
#1154 = EDGE_LOOP ( 'NONE', ( #1826, #2602, #1633, #1120, #736, #2558, #2449, #402 ) ) ;
#1155 = DIRECTION ( 'NONE',  ( 0.000000000000000000, 0.000000000000000000, -1.000000000000000000 ) ) ;
#1156 = CARTESIAN_POINT ( 'NONE',  ( 71.00000000000002842, 9.000000000000000000, -45.50000000000000000 ) ) ;
#1157 = DIRECTION ( 'NONE',  ( -1.000000000000000000, 0.000000000000000000, 0.000000000000000000 ) ) ;
#1158 = VERTEX_POINT ( 'NONE', #2403 ) ;
#1159 = DIRECTION ( 'NONE',  ( -0.000000000000000000, 1.000000000000000000, -0.000000000000000000 ) ) ;
#1160 = CARTESIAN_POINT ( 'NONE',  ( 45.00000000000002132, 0.000000000000000000, 90.00000000000004263 ) ) ;
#1161 = EDGE_CURVE ( 'NONE', #2681, #1788, #2073, .T. ) ;
#1162 = DIRECTION ( 'NONE',  ( 0.000000000000000000, 0.000000000000000000, 1.000000000000000000 ) ) ;
#1163 = AXIS2_PLACEMENT_3D ( 'NONE', #1209, #893, #1497 ) ;
#1164 = EDGE_CURVE ( 'NONE', #1276, #1569, #1878, .T. ) ;
#1165 = VECTOR ( 'NONE', #2398, 1000.000000000000000 ) ;
#1166 = CARTESIAN_POINT ( 'NONE',  ( -79.99999999999975842, 0.000000000000000000, -64.99999999999988631 ) ) ;
#1167 = ORIENTED_EDGE ( 'NONE', *, *, #1379, .T. ) ;
#1168 = VECTOR ( 'NONE', #3336, 1000.000000000000000 ) ;
#1169 = DIRECTION ( 'NONE',  ( -1.000000000000000000, -0.000000000000000000, -0.000000000000000000 ) ) ;
#1170 = DIRECTION ( 'NONE',  ( -0.000000000000000000, 1.000000000000000000, -0.000000000000000000 ) ) ;
#1171 = ORIENTED_EDGE ( 'NONE', *, *, #1122, .F. ) ;
#1172 = VERTEX_POINT ( 'NONE', #1539 ) ;
#1173 = DIRECTION ( 'NONE',  ( 0.000000000000000000, 0.000000000000000000, 1.000000000000000000 ) ) ;
#1174 = DIRECTION ( 'NONE',  ( -0.000000000000000000, 1.000000000000000000, -0.000000000000000000 ) ) ;
#1175 = EDGE_CURVE ( 'NONE', #31, #80, #3481, .T. ) ;
#1176 = CARTESIAN_POINT ( 'NONE',  ( -64.99999999999972999, 9.000000000000000000, 81.60000000000003695 ) ) ;
#1177 = ORIENTED_EDGE ( 'NONE', *, *, #3288, .T. ) ;
#1178 = AXIS2_PLACEMENT_3D ( 'NONE', #3276, #1361, #1594 ) ;
#1179 = VECTOR ( 'NONE', #47, 1000.000000000000000 ) ;
#1180 = CARTESIAN_POINT ( 'NONE',  ( -64.99999999999975842, 9.000000000000000000, -90.00000000000007105 ) ) ;
#1181 = DIRECTION ( 'NONE',  ( -0.000000000000000000, 1.000000000000000000, 0.000000000000000000 ) ) ;
#1182 = CARTESIAN_POINT ( 'NONE',  ( -14.00000000000001243, 19.00000000000000000, 38.50000000000000000 ) ) ;
#1183 = EDGE_CURVE ( 'NONE', #3047, #172, #790, .T. ) ;
#1184 = DIRECTION ( 'NONE',  ( 0.000000000000000000, 1.000000000000000000, 0.000000000000000000 ) ) ;
#1185 = VERTEX_POINT ( 'NONE', #1608 ) ;
#1186 = VECTOR ( 'NONE', #1063, 1000.000000000000000 ) ;
#1187 = LINE ( 'NONE', #639, #1403 ) ;
#1188 = EDGE_LOOP ( 'NONE', ( #3487, #1167, #3028, #800, #2372, #2315, #57, #2699 ) ) ;
#1189 = DIRECTION ( 'NONE',  ( -0.000000000000000000, -1.000000000000000000, 0.000000000000000000 ) ) ;
#1190 = CARTESIAN_POINT ( 'NONE',  ( 5.999999999999994671, 19.00000000000000000, -46.50000000000000000 ) ) ;
#1191 = ADVANCED_FACE ( 'NONE', ( #502 ), #2110, .T. ) ;
#1192 = CARTESIAN_POINT ( 'NONE',  ( 10.99999999999999467, 19.00000000000000000, -51.50000000000000000 ) ) ;
#1193 = CARTESIAN_POINT ( 'NONE',  ( 75.00000000000004263, 9.000000000000000000, 51.50000000000000000 ) ) ;
#1194 = EDGE_LOOP ( 'NONE', ( #2209, #1239 ) ) ;
#1195 = ORIENTED_EDGE ( 'NONE', *, *, #2580, .T. ) ;
#1196 = DIRECTION ( 'NONE',  ( -0.000000000000000000, -1.000000000000000000, -0.000000000000000000 ) ) ;
#1197 = LINE ( 'NONE', #2294, #1719 ) ;
#1198 = DIRECTION ( 'NONE',  ( 1.000000000000000000, 0.000000000000000000, 1.387778780781446070E-15 ) ) ;
#1199 = ADVANCED_FACE ( 'NONE', ( #2091 ), #2347, .F. ) ;
#1200 = DIRECTION ( 'NONE',  ( 1.982541115402065110E-16, 0.000000000000000000, -1.000000000000000000 ) ) ;
#1201 = ORIENTED_EDGE ( 'NONE', *, *, #2761, .T. ) ;
#1202 = VERTEX_POINT ( 'NONE', #3448 ) ;
#1203 = CIRCLE ( 'NONE', #753, 25.00000000000001421 ) ;
#1204 = EDGE_CURVE ( 'NONE', #3235, #3165, #189, .T. ) ;
#1205 = LINE ( 'NONE', #853, #2354 ) ;
#1206 = EDGE_LOOP ( 'NONE', ( #3515, #1851, #3164, #292, #2971, #3034, #3325, #2293 ) ) ;
#1207 = VECTOR ( 'NONE', #471, 1000.000000000000000 ) ;
#1208 = DIRECTION ( 'NONE',  ( -0.000000000000000000, -1.000000000000000000, -0.000000000000000000 ) ) ;
#1209 = CARTESIAN_POINT ( 'NONE',  ( 66.00000000000005684, 19.00000000000000000, -46.50000000000000000 ) ) ;
#1210 = DIRECTION ( 'NONE',  ( -0.000000000000000000, -1.000000000000000000, -0.000000000000000000 ) ) ;
#1211 = DIRECTION ( 'NONE',  ( 0.000000000000000000, 0.000000000000000000, -1.000000000000000000 ) ) ;
#1212 = ORIENTED_EDGE ( 'NONE', *, *, #200, .T. ) ;
#1213 = EDGE_LOOP ( 'NONE', ( #238, #507, #3345, #2070 ) ) ;
#1214 = DIRECTION ( 'NONE',  ( 4.987329993433323355E-16, 0.000000000000000000, 1.000000000000000000 ) ) ;
#1215 = DIRECTION ( 'NONE',  ( 0.000000000000000000, 0.000000000000000000, -1.000000000000000000 ) ) ;
#1216 = PLANE ( 'NONE',  #3109 ) ;
#1217 = LINE ( 'NONE', #988, #3491 ) ;
#1218 = ORIENTED_EDGE ( 'NONE', *, *, #3386, .F. ) ;
#1219 = VECTOR ( 'NONE', #1915, 1000.000000000000000 ) ;
#1220 = AXIS2_PLACEMENT_3D ( 'NONE', #66, #2566, #1162 ) ;
#1221 = DIRECTION ( 'NONE',  ( 0.000000000000000000, 0.000000000000000000, 1.000000000000000000 ) ) ;
#1222 = ORIENTED_EDGE ( 'NONE', *, *, #2279, .F. ) ;
#1223 = CARTESIAN_POINT ( 'NONE',  ( -15.00000000000001421, 9.000000000000000000, 43.50000000000000711 ) ) ;
#1224 = CARTESIAN_POINT ( 'NONE',  ( -64.99999999999975842, 9.000000000000000000, -78.39999999999989200 ) ) ;
#1225 = DIRECTION ( 'NONE',  ( 0.000000000000000000, 1.000000000000000000, 0.000000000000000000 ) ) ;
#1226 = EDGE_CURVE ( 'NONE', #68, #3303, #984, .T. ) ;
#1227 = CARTESIAN_POINT ( 'NONE',  ( -76.00000000000001421, 19.00000000000000000, -42.50000000000000000 ) ) ;
#1228 = ORIENTED_EDGE ( 'NONE', *, *, #1581, .F. ) ;
#1229 = VERTEX_POINT ( 'NONE', #773 ) ;
#1230 = LINE ( 'NONE', #648, #1398 ) ;
#1231 = DIRECTION ( 'NONE',  ( 0.000000000000000000, 0.000000000000000000, -1.000000000000000000 ) ) ;
#1232 = AXIS2_PLACEMENT_3D ( 'NONE', #626, #384, #3373 ) ;
#1233 = VECTOR ( 'NONE', #3361, 1000.000000000000000 ) ;
#1234 = CARTESIAN_POINT ( 'NONE',  ( 0.9999999999999920064, 19.00000000000000000, -50.49999999999999289 ) ) ;
#1235 = EDGE_CURVE ( 'NONE', #2791, #1229, #2918, .T. ) ;
#1236 = CARTESIAN_POINT ( 'NONE',  ( -71.00000000000001421, 19.00000000000000000, 48.50000000000001421 ) ) ;
#1237 = ADVANCED_FACE ( 'NONE', ( #755 ), #2365, .F. ) ;
#1238 = FACE_OUTER_BOUND ( 'NONE', #524, .T. ) ;
#1239 = ORIENTED_EDGE ( 'NONE', *, *, #509, .F. ) ;
#1240 = ORIENTED_EDGE ( 'NONE', *, *, #2664, .F. ) ;
#1241 = ORIENTED_EDGE ( 'NONE', *, *, #1606, .F. ) ;
#1242 = CARTESIAN_POINT ( 'NONE',  ( -9.000000000000007105, 19.00000000000000000, -48.50000000000000711 ) ) ;
#1243 = VERTEX_POINT ( 'NONE', #1555 ) ;
#1244 = DIRECTION ( 'NONE',  ( 1.000000000000000000, -0.000000000000000000, -0.000000000000000000 ) ) ;
#1245 = DIRECTION ( 'NONE',  ( 1.000000000000000000, -0.000000000000000000, 0.000000000000000000 ) ) ;
#1246 = VECTOR ( 'NONE', #785, 1000.000000000000000 ) ;
#1247 = DIRECTION ( 'NONE',  ( -0.000000000000000000, -1.000000000000000000, -0.000000000000000000 ) ) ;
#1248 =( NAMED_UNIT ( * ) PLANE_ANGLE_UNIT ( ) SI_UNIT ( $, .RADIAN. ) );
#1249 = VERTEX_POINT ( 'NONE', #1020 ) ;
#1250 = ORIENTED_EDGE ( 'NONE', *, *, #3501, .T. ) ;
#1251 = DIRECTION ( 'NONE',  ( -0.000000000000000000, -0.000000000000000000, -1.000000000000000000 ) ) ;
#1252 = DIRECTION ( 'NONE',  ( -0.000000000000000000, -1.000000000000000000, -0.000000000000000000 ) ) ;
#1253 = EDGE_CURVE ( 'NONE', #2434, #88, #3203, .T. ) ;
#1254 = DIRECTION ( 'NONE',  ( -1.000000000000000000, 0.000000000000000000, 0.000000000000000000 ) ) ;
#1255 = CARTESIAN_POINT ( 'NONE',  ( -64.99999999999975842, 0.000000000000000000, -81.59999999999989484 ) ) ;
#1256 = CARTESIAN_POINT ( 'NONE',  ( 65.00000000000000000, 9.000000000000000000, 65.00000000000002842 ) ) ;
#1257 = VERTEX_POINT ( 'NONE', #1858 ) ;
#1258 = ORIENTED_EDGE ( 'NONE', *, *, #2152, .F. ) ;
#1259 = CARTESIAN_POINT ( 'NONE',  ( -44.99999999999999289, 9.000000000000000000, -55.00000000000007105 ) ) ;
#1260 = AXIS2_PLACEMENT_3D ( 'NONE', #720, #2127, #173 ) ;
#1261 = VERTEX_POINT ( 'NONE', #1572 ) ;
#1262 = FACE_OUTER_BOUND ( 'NONE', #1679, .T. ) ;
#1263 = EDGE_CURVE ( 'NONE', #3340, #1202, #2669, .T. ) ;
#1264 = LINE ( 'NONE', #734, #1567 ) ;
#1265 = ORIENTED_EDGE ( 'NONE', *, *, #1387, .T. ) ;
#1266 = VERTEX_POINT ( 'NONE', #229 ) ;
#1267 = ORIENTED_EDGE ( 'NONE', *, *, #2619, .F. ) ;
#1268 = CARTESIAN_POINT ( 'NONE',  ( 76.00000000000002842, 19.00000000000000000, -41.50000000000000000 ) ) ;
#1269 = AXIS2_PLACEMENT_3D ( 'NONE', #1705, #635, #3053 ) ;
#1270 = CARTESIAN_POINT ( 'NONE',  ( -81.00000000000000000, 19.00000000000000000, 38.50000000000000000 ) ) ;
#1271 = EDGE_CURVE ( 'NONE', #1276, #2434, #2117, .T. ) ;
#1272 = PLANE ( 'NONE',  #951 ) ;
#1273 = LINE ( 'NONE', #1776, #2817 ) ;
#1274 = ORIENTED_EDGE ( 'NONE', *, *, #35, .F. ) ;
#1275 = ADVANCED_FACE ( 'NONE', ( #842 ), #537, .F. ) ;
#1276 = VERTEX_POINT ( 'NONE', #3533 ) ;
#1277 = AXIS2_PLACEMENT_3D ( 'NONE', #3258, #3274, #813 ) ;
#1278 = LINE ( 'NONE', #2375, #2239 ) ;
#1279 = ADVANCED_FACE ( 'NONE', ( #2721 ), #3009, .F. ) ;
#1280 = ORIENTED_EDGE ( 'NONE', *, *, #2129, .T. ) ;
#1281 = AXIS2_PLACEMENT_3D ( 'NONE', #339, #1159, #3380 ) ;
#1282 = DIRECTION ( 'NONE',  ( -0.000000000000000000, -1.000000000000000000, -0.000000000000000000 ) ) ;
#1283 = CARTESIAN_POINT ( 'NONE',  ( 75.00000000000001421, 19.00000000000000000, -51.50000000000006395 ) ) ;
#1284 = CIRCLE ( 'NONE', #311, 1.000000000000000888 ) ;
#1285 = ORIENTED_EDGE ( 'NONE', *, *, #3293, .T. ) ;
#1286 = CARTESIAN_POINT ( 'NONE',  ( -34.99999999999997868, 0.000000000000000000, 55.00000000000004974 ) ) ;
#1287 = AXIS2_PLACEMENT_3D ( 'NONE', #2696, #3514, #1351 ) ;
#1288 = CARTESIAN_POINT ( 'NONE',  ( -90.00000000000000000, 9.000000000000000000, 65.00000000000002842 ) ) ;
#1289 = DIRECTION ( 'NONE',  ( 0.000000000000000000, 0.000000000000000000, -1.000000000000000000 ) ) ;
#1290 = EDGE_LOOP ( 'NONE', ( #2144, #443, #2123, #3160 ) ) ;
#1291 = CARTESIAN_POINT ( 'NONE',  ( 71.00000000000002842, 9.000000000000000000, -41.50000000000000000 ) ) ;
#1292 = VECTOR ( 'NONE', #1302, 1000.000000000000000 ) ;
#1293 = CARTESIAN_POINT ( 'NONE',  ( -79.99999999999975842, 0.000000000000000000, -63.39999999999988489 ) ) ;
#1294 = ORIENTED_EDGE ( 'NONE', *, *, #2024, .F. ) ;
#1295 = ORIENTED_EDGE ( 'NONE', *, *, #2528, .T. ) ;
#1296 = CARTESIAN_POINT ( 'NONE',  ( -81.00000000000000000, 19.00000000000000000, 38.50000000000000000 ) ) ;
#1297 = ORIENTED_EDGE ( 'NONE', *, *, #1791, .T. ) ;
#1298 = PLANE ( 'NONE',  #962 ) ;
#1299 = DIRECTION ( 'NONE',  ( 0.000000000000000000, 0.000000000000000000, 1.000000000000000000 ) ) ;
#1300 = ORIENTED_EDGE ( 'NONE', *, *, #2056, .T. ) ;
#1301 = ORIENTED_EDGE ( 'NONE', *, *, #2807, .F. ) ;
#1302 = DIRECTION ( 'NONE',  ( -0.000000000000000000, -0.000000000000000000, -1.000000000000000000 ) ) ;
#1303 = PLANE ( 'NONE',  #2350 ) ;
#1304 = PLANE ( 'NONE',  #3228 ) ;
#1305 = AXIS2_PLACEMENT_3D ( 'NONE', #3341, #397, #3125 ) ;
#1306 = ORIENTED_EDGE ( 'NONE', *, *, #1459, .F. ) ;
#1307 = CARTESIAN_POINT ( 'NONE',  ( -8.999999999999998224, 19.00000000000000000, 38.50000000000000000 ) ) ;
#1308 = EDGE_CURVE ( 'NONE', #1027, #2563, #1413, .T. ) ;
#1309 = CARTESIAN_POINT ( 'NONE',  ( -81.00000000000001421, 19.00000000000000000, -38.49999999999999289 ) ) ;
#1310 = VERTEX_POINT ( 'NONE', #609 ) ;
#1311 = ORIENTED_EDGE ( 'NONE', *, *, #498, .T. ) ;
#1312 = EDGE_CURVE ( 'NONE', #198, #3404, #2233, .T. ) ;
#1313 = CARTESIAN_POINT ( 'NONE',  ( -34.99999999999999289, 0.000000000000000000, -65.00000000000007105 ) ) ;
#1314 = VERTEX_POINT ( 'NONE', #281 ) ;
#1315 = FACE_OUTER_BOUND ( 'NONE', #2352, .T. ) ;
#1316 = EDGE_CURVE ( 'NONE', #3445, #764, #1088, .T. ) ;
#1317 = CARTESIAN_POINT ( 'NONE',  ( 7.500000000000011546, 19.00000000000000000, 45.50000000000000000 ) ) ;
#1318 = EDGE_LOOP ( 'NONE', ( #837, #2645, #2906, #2955 ) ) ;
#1319 = EDGE_LOOP ( 'NONE', ( #1101, #98, #2643, #3194 ) ) ;
#1320 = ORIENTED_EDGE ( 'NONE', *, *, #991, .T. ) ;
#1321 = DIRECTION ( 'NONE',  ( 0.000000000000000000, -1.000000000000000000, -0.000000000000000000 ) ) ;
#1322 = DIRECTION ( 'NONE',  ( 1.000000000000000000, -0.000000000000000000, -0.000000000000000000 ) ) ;
#1323 = AXIS2_PLACEMENT_3D ( 'NONE', #1117, #849, #885 ) ;
#1324 = DIRECTION ( 'NONE',  ( -0.000000000000000000, 1.000000000000000000, -0.000000000000000000 ) ) ;
#1325 = AXIS2_PLACEMENT_3D ( 'NONE', #2332, #1488, #3419 ) ;
#1326 = CARTESIAN_POINT ( 'NONE',  ( 90.00000000000001421, 9.000000000000000000, -64.99999999999988631 ) ) ;
#1327 = VERTEX_POINT ( 'NONE', #3253 ) ;
#1328 = ADVANCED_FACE ( 'NONE', ( #3271 ), #1625, .F. ) ;
#1329 = CARTESIAN_POINT ( 'NONE',  ( -9.000000000000007105, 19.00000000000000000, -38.50000000000000000 ) ) ;
#1330 = VERTEX_POINT ( 'NONE', #1892 ) ;
#1331 = DIRECTION ( 'NONE',  ( 0.000000000000000000, 0.000000000000000000, -1.000000000000000000 ) ) ;
#1332 = CARTESIAN_POINT ( 'NONE',  ( 5.999999999999994671, 19.00000000000000000, -45.50000000000000000 ) ) ;
#1333 = ORIENTED_EDGE ( 'NONE', *, *, #2766, .F. ) ;
#1334 = VECTOR ( 'NONE', #1994, 1000.000000000000000 ) ;
#1335 = EDGE_LOOP ( 'NONE', ( #2630, #495, #2571, #653 ) ) ;
#1336 = LINE ( 'NONE', #3008, #377 ) ;
#1337 = DIRECTION ( 'NONE',  ( 0.000000000000000000, 0.000000000000000000, -1.000000000000000000 ) ) ;
#1338 = AXIS2_PLACEMENT_3D ( 'NONE', #1702, #2040, #1720 ) ;
#1339 = EDGE_CURVE ( 'NONE', #1138, #1027, #2702, .T. ) ;
#1340 = LINE ( 'NONE', #1071, #602 ) ;
#1341 = ORIENTED_EDGE ( 'NONE', *, *, #854, .T. ) ;
#1342 = VECTOR ( 'NONE', #1431, 1000.000000000000000 ) ;
#1343 = LINE ( 'NONE', #1647, #1849 ) ;
#1344 = CARTESIAN_POINT ( 'NONE',  ( -76.00000000000000000, 9.000000000000000000, 38.50000000000000000 ) ) ;
#1345 = LINE ( 'NONE', #3506, #407 ) ;
#1346 = VERTEX_POINT ( 'NONE', #2197 ) ;
#1347 = ADVANCED_FACE ( 'NONE', ( #2490 ), #557, .F. ) ;
#1348 = CARTESIAN_POINT ( 'NONE',  ( 5.999999999999994671, 9.000000000000000000, -46.50000000000000000 ) ) ;
#1349 = AXIS2_PLACEMENT_3D ( 'NONE', #1005, #448, #3191 ) ;
#1350 = DIRECTION ( 'NONE',  ( 0.000000000000000000, 0.000000000000000000, 1.000000000000000000 ) ) ;
#1351 = DIRECTION ( 'NONE',  ( 1.000000000000000000, 0.000000000000000000, 1.387778780781446070E-15 ) ) ;
#1352 = ORIENTED_EDGE ( 'NONE', *, *, #2129, .F. ) ;
#1353 = ORIENTED_EDGE ( 'NONE', *, *, #2366, .T. ) ;
#1354 = CARTESIAN_POINT ( 'NONE',  ( -44.99999999999997158, 9.000000000000000000, 55.00000000000004974 ) ) ;
#1355 = CARTESIAN_POINT ( 'NONE',  ( 5.999999999999995559, 19.00000000000000000, -41.50000000000000000 ) ) ;
#1356 = DIRECTION ( 'NONE',  ( -0.000000000000000000, 1.000000000000000000, -0.000000000000000000 ) ) ;
#1357 = LINE ( 'NONE', #1144, #481 ) ;
#1358 = DIRECTION ( 'NONE',  ( 1.000000000000000000, 0.000000000000000000, 0.000000000000000000 ) ) ;
#1359 = EDGE_CURVE ( 'NONE', #963, #2791, #171, .T. ) ;
#1360 = VECTOR ( 'NONE', #1441, 1000.000000000000000 ) ;
#1361 = DIRECTION ( 'NONE',  ( -0.000000000000000000, -1.000000000000000000, 0.000000000000000000 ) ) ;
#1362 = ORIENTED_EDGE ( 'NONE', *, *, #920, .T. ) ;
#1363 = LINE ( 'NONE', #2999, #2005 ) ;
#1364 = EDGE_LOOP ( 'NONE', ( #2929, #1746, #1444, #2026 ) ) ;
#1365 = CARTESIAN_POINT ( 'NONE',  ( -14.00000000000001243, 19.00000000000000000, -38.50000000000000000 ) ) ;
#1366 = VECTOR ( 'NONE', #221, 1000.000000000000000 ) ;
#1367 = FACE_BOUND ( 'NONE', #1188, .T. ) ;
#1368 = ORIENTED_EDGE ( 'NONE', *, *, #3031, .F. ) ;
#1369 = ORIENTED_EDGE ( 'NONE', *, *, #2357, .T. ) ;
#1370 = LINE ( 'NONE', #823, #2499 ) ;
#1371 = DIRECTION ( 'NONE',  ( 0.000000000000000000, 0.000000000000000000, -1.000000000000000000 ) ) ;
#1372 = EDGE_CURVE ( 'NONE', #2335, #241, #2595, .T. ) ;
#1373 = LINE ( 'NONE', #1879, #940 ) ;
#1374 = ORIENTED_EDGE ( 'NONE', *, *, #2507, .F. ) ;
#1375 = ORIENTED_EDGE ( 'NONE', *, *, #2516, .T. ) ;
#1376 = VECTOR ( 'NONE', #155, 1000.000000000000000 ) ;
#1377 = PLANE ( 'NONE',  #654 ) ;
#1378 = DIRECTION ( 'NONE',  ( 0.000000000000000000, -1.000000000000000000, 0.000000000000000000 ) ) ;
#1379 = EDGE_CURVE ( 'NONE', #1456, #1551, #882, .T. ) ;
#1380 = CARTESIAN_POINT ( 'NONE',  ( -81.00000000000001421, 19.00000000000000000, -47.50000000000000711 ) ) ;
#1381 = ORIENTED_EDGE ( 'NONE', *, *, #3505, .T. ) ;
#1382 = VECTOR ( 'NONE', #2892, 1000.000000000000000 ) ;
#1383 = AXIS2_PLACEMENT_3D ( 'NONE', #7, #2990, #1107 ) ;
#1384 = EDGE_CURVE ( 'NONE', #2823, #162, #859, .T. ) ;
#1385 = FACE_OUTER_BOUND ( 'NONE', #2963, .T. ) ;
#1386 = CARTESIAN_POINT ( 'NONE',  ( -10.00000000000000888, 9.000000000000000000, -48.50000000000000711 ) ) ;
#1387 = EDGE_CURVE ( 'NONE', #2823, #1105, #2310, .T. ) ;
#1388 = FACE_BOUND ( 'NONE', #2577, .T. ) ;
#1389 = ORIENTED_EDGE ( 'NONE', *, *, #578, .T. ) ;
#1390 = ORIENTED_EDGE ( 'NONE', *, *, #946, .F. ) ;
#1391 = CARTESIAN_POINT ( 'NONE',  ( 71.00000000000002842, 19.00000000000000000, -41.50000000000000000 ) ) ;
#1392 = CARTESIAN_POINT ( 'NONE',  ( 70.00000000000001421, 9.000000000000000000, -45.50000000000000000 ) ) ;
#1393 = DIRECTION ( 'NONE',  ( 0.000000000000000000, -1.000000000000000000, 0.000000000000000000 ) ) ;
#1394 = VECTOR ( 'NONE', #909, 1000.000000000000000 ) ;
#1395 = ORIENTED_EDGE ( 'NONE', *, *, #3367, .F. ) ;
#1396 = EDGE_LOOP ( 'NONE', ( #3438, #1988 ) ) ;
#1397 = LINE ( 'NONE', #2780, #1739 ) ;
#1398 = VECTOR ( 'NONE', #3065, 1000.000000000000000 ) ;
#1399 = FACE_OUTER_BOUND ( 'NONE', #3396, .T. ) ;
#1400 = LINE ( 'NONE', #847, #1233 ) ;
#1401 = AXIS2_PLACEMENT_3D ( 'NONE', #2778, #318, #3108 ) ;
#1402 = ORIENTED_EDGE ( 'NONE', *, *, #678, .F. ) ;
#1403 = VECTOR ( 'NONE', #2822, 1000.000000000000000 ) ;
#1404 = DIRECTION ( 'NONE',  ( -0.000000000000000000, 1.000000000000000000, -0.000000000000000000 ) ) ;
#1405 = FACE_OUTER_BOUND ( 'NONE', #13, .T. ) ;
#1406 = VECTOR ( 'NONE', #2883, 1000.000000000000000 ) ;
#1407 = CIRCLE ( 'NONE', #1178, 1.000000000000000888 ) ;
#1408 = CARTESIAN_POINT ( 'NONE',  ( 6.999999999999994671, 9.000000000000000000, -45.50000000000000000 ) ) ;
#1409 = EDGE_LOOP ( 'NONE', ( #89, #1678, #501, #772 ) ) ;
#1410 = VERTEX_POINT ( 'NONE', #2217 ) ;
#1411 = DIRECTION ( 'NONE',  ( 0.000000000000000000, -0.000000000000000000, 1.000000000000000000 ) ) ;
#1412 = CIRCLE ( 'NONE', #1009, 1.600000000000004086 ) ;
#1413 = LINE ( 'NONE', #1355, #2922 ) ;
#1414 = CARTESIAN_POINT ( 'NONE',  ( -9.000000000000007105, 19.00000000000000000, -38.50000000000000000 ) ) ;
#1415 = ORIENTED_EDGE ( 'NONE', *, *, #3359, .T. ) ;
#1416 = LINE ( 'NONE', #303, #2940 ) ;
#1417 = CARTESIAN_POINT ( 'NONE',  ( -76.00000000000000000, 19.00000000000000000, 42.50000000000000000 ) ) ;
#1418 = ORIENTED_EDGE ( 'NONE', *, *, #2245, .T. ) ;
#1419 = ADVANCED_FACE ( 'NONE', ( #591 ), #1945, .F. ) ;
#1420 = CARTESIAN_POINT ( 'NONE',  ( -79.99999999999974420, 0.000000000000000000, 66.60000000000002274 ) ) ;
#1421 = ORIENTED_EDGE ( 'NONE', *, *, #1990, .F. ) ;
#1422 = CIRCLE ( 'NONE', #1305, 1.000000000000000888 ) ;
#1423 = CARTESIAN_POINT ( 'NONE',  ( 66.00000000000005684, 19.00000000000000000, -46.50000000000000000 ) ) ;
#1424 = FACE_OUTER_BOUND ( 'NONE', #484, .T. ) ;
#1425 = EDGE_LOOP ( 'NONE', ( #1274, #2697, #2959, #1805, #1637, #3174, #2036, #1374 ) ) ;
#1426 = VERTEX_POINT ( 'NONE', #317 ) ;
#1427 = VECTOR ( 'NONE', #1601, 1000.000000000000000 ) ;
#1428 = ADVANCED_FACE ( 'NONE', ( #1069 ), #1981, .F. ) ;
#1429 = DIRECTION ( 'NONE',  ( 0.000000000000000000, 0.000000000000000000, -1.000000000000000000 ) ) ;
#1430 = CARTESIAN_POINT ( 'NONE',  ( -71.00000000000001421, 19.00000000000000000, -43.50000000000001421 ) ) ;
#1431 = DIRECTION ( 'NONE',  ( -1.734723475976805615E-16, -0.000000000000000000, -1.000000000000000000 ) ) ;
#1432 = EDGE_CURVE ( 'NONE', #1410, #1553, #2810, .T. ) ;
#1433 = VERTEX_POINT ( 'NONE', #3375 ) ;
#1434 = VERTEX_POINT ( 'NONE', #2588 ) ;
#1435 = FACE_OUTER_BOUND ( 'NONE', #104, .T. ) ;
#1436 = CARTESIAN_POINT ( 'NONE',  ( 5.999999999999995559, 19.00000000000000000, -41.50000000000000000 ) ) ;
#1437 = PLANE ( 'NONE',  #3279 ) ;
#1438 = FACE_OUTER_BOUND ( 'NONE', #2079, .T. ) ;
#1439 = ORIENTED_EDGE ( 'NONE', *, *, #2766, .T. ) ;
#1440 = CIRCLE ( 'NONE', #3436, 1.000000000000000888 ) ;
#1441 = DIRECTION ( 'NONE',  ( 0.000000000000000000, 1.000000000000000000, -0.000000000000000000 ) ) ;
#1442 = AXIS2_PLACEMENT_3D ( 'NONE', #1006, #1813, #2314 ) ;
#1443 = FILL_AREA_STYLE ('',( #1728 ) ) ;
#1444 = ORIENTED_EDGE ( 'NONE', *, *, #1473, .F. ) ;
#1445 = ORIENTED_EDGE ( 'NONE', *, *, #1372, .F. ) ;
#1446 = CARTESIAN_POINT ( 'NONE',  ( 5.999999999999995559, 19.00000000000000000, -41.50000000000000000 ) ) ;
#1447 = LINE ( 'NONE', #2542, #1334 ) ;
#1448 = DIRECTION ( 'NONE',  ( -0.000000000000000000, 1.000000000000000000, -0.000000000000000000 ) ) ;
#1449 = VERTEX_POINT ( 'NONE', #1697 ) ;
#1450 = DIRECTION ( 'NONE',  ( 0.000000000000000000, 0.000000000000000000, 1.000000000000000000 ) ) ;
#1451 = CARTESIAN_POINT ( 'NONE',  ( -79.99999999999975842, 0.000000000000000000, -66.59999999999989484 ) ) ;
#1452 = FACE_OUTER_BOUND ( 'NONE', #2400, .T. ) ;
#1453 = AXIS2_PLACEMENT_3D ( 'NONE', #2055, #3416, #1574 ) ;
#1454 = VECTOR ( 'NONE', #2049, 1000.000000000000000 ) ;
#1455 = CARTESIAN_POINT ( 'NONE',  ( 75.00000000000002842, 19.00000000000000000, -50.50000000000006395 ) ) ;
#1456 = VERTEX_POINT ( 'NONE', #1156 ) ;
#1457 = VERTEX_POINT ( 'NONE', #1224 ) ;
#1458 = PRESENTATION_LAYER_ASSIGNMENT (  '', '', ( #3004 ) ) ;
#1459 = EDGE_CURVE ( 'NONE', #2920, #2893, #3107, .T. ) ;
#1460 = DIRECTION ( 'NONE',  ( -1.000000000000000000, 0.000000000000000000, 0.000000000000000000 ) ) ;
#1461 = FACE_OUTER_BOUND ( 'NONE', #2837, .T. ) ;
#1462 = EDGE_LOOP ( 'NONE', ( #274, #3318 ) ) ;
#1463 = LINE ( 'NONE', #941, #2261 ) ;
#1464 = CIRCLE ( 'NONE', #950, 1.000000000000000888 ) ;
#1465 = CARTESIAN_POINT ( 'NONE',  ( -10.00000000000000888, 19.00000000000000000, -47.50000000000000711 ) ) ;
#1466 = EDGE_CURVE ( 'NONE', #1771, #1938, #2288, .T. ) ;
#1467 = FACE_OUTER_BOUND ( 'NONE', #875, .T. ) ;
#1468 = DIRECTION ( 'NONE',  ( 0.000000000000000000, 1.000000000000000000, -0.000000000000000000 ) ) ;
#1469 = EDGE_LOOP ( 'NONE', ( #3245, #2480 ) ) ;
#1470 = CARTESIAN_POINT ( 'NONE',  ( -81.00000000000000000, 19.00000000000000000, 48.50000000000001421 ) ) ;
#1471 = CARTESIAN_POINT ( 'NONE',  ( 45.00000000000002132, 0.000000000000000000, 90.00000000000004263 ) ) ;
#1472 = CARTESIAN_POINT ( 'NONE',  ( -76.00000000000001421, 9.000000000000000000, -38.49999999999999289 ) ) ;
#1473 = EDGE_CURVE ( 'NONE', #548, #1771, #2078, .T. ) ;
#1474 = CARTESIAN_POINT ( 'NONE',  ( -81.00000000000000000, 19.00000000000000000, 48.50000000000001421 ) ) ;
#1475 = ORIENTED_EDGE ( 'NONE', *, *, #1339, .F. ) ;
#1476 = VECTOR ( 'NONE', #1282, 1000.000000000000000 ) ;
#1477 = CARTESIAN_POINT ( 'NONE',  ( -19.00000000000001776, 19.00000000000000000, -48.50000000000000711 ) ) ;
#1478 = VERTEX_POINT ( 'NONE', #3342 ) ;
#1479 = DIRECTION ( 'NONE',  ( 0.000000000000000000, 0.000000000000000000, 1.000000000000000000 ) ) ;
#1480 = CARTESIAN_POINT ( 'NONE',  ( -79.99999999999975842, 9.000000000000000000, -64.99999999999988631 ) ) ;
#1481 = PLANE ( 'NONE',  #2546 ) ;
#1482 = CARTESIAN_POINT ( 'NONE',  ( 66.00000000000005684, 19.00000000000000000, -46.50000000000000000 ) ) ;
#1483 = VERTEX_POINT ( 'NONE', #677 ) ;
#1484 = ORIENTED_EDGE ( 'NONE', *, *, #864, .T. ) ;
#1485 = FACE_OUTER_BOUND ( 'NONE', #3356, .T. ) ;
#1486 = FACE_BOUND ( 'NONE', #1469, .T. ) ;
#1487 = CARTESIAN_POINT ( 'NONE',  ( 5.999999999999995559, 9.000000000000000000, -41.50000000000000000 ) ) ;
#1488 = DIRECTION ( 'NONE',  ( 0.000000000000000000, 1.000000000000000000, -0.000000000000000000 ) ) ;
#1489 = VERTEX_POINT ( 'NONE', #660 ) ;
#1490 = AXIS2_PLACEMENT_3D ( 'NONE', #1644, #1371, #2757 ) ;
#1491 = ADVANCED_FACE ( 'NONE', ( #2844 ), #3391, .F. ) ;
#1492 = AXIS2_PLACEMENT_3D ( 'NONE', #1901, #1617, #1919 ) ;
#1493 = FACE_OUTER_BOUND ( 'NONE', #2656, .T. ) ;
#1494 = ORIENTED_EDGE ( 'NONE', *, *, #2761, .F. ) ;
#1495 = AXIS2_PLACEMENT_3D ( 'NONE', #2889, #2620, #3437 ) ;
#1496 = DIRECTION ( 'NONE',  ( 0.000000000000000000, 1.000000000000000000, -0.000000000000000000 ) ) ;
#1497 = DIRECTION ( 'NONE',  ( -2.775557561562893323E-15, 0.000000000000000000, -1.000000000000000000 ) ) ;
#1498 = CYLINDRICAL_SURFACE ( 'NONE', #2713, 1.600000000000004086 ) ;
#1499 = DIRECTION ( 'NONE',  ( 0.000000000000000000, -1.000000000000000000, 0.000000000000000000 ) ) ;
#1500 = ORIENTED_EDGE ( 'NONE', *, *, #182, .T. ) ;
#1501 = ORIENTED_EDGE ( 'NONE', *, *, #3139, .F. ) ;
#1502 = CYLINDRICAL_SURFACE ( 'NONE', #1091, 1.000000000000000888 ) ;
#1503 = ADVANCED_FACE ( 'NONE', ( #627 ), #2573, .F. ) ;
#1504 = PLANE ( 'NONE',  #1852 ) ;
#1505 = DIRECTION ( 'NONE',  ( 0.000000000000000000, 0.000000000000000000, 1.000000000000000000 ) ) ;
#1506 = EDGE_LOOP ( 'NONE', ( #2582, #3147, #855, #857, #2107, #2675, #3020, #1560 ) ) ;
#1507 = VECTOR ( 'NONE', #2762, 1000.000000000000000 ) ;
#1508 = EDGE_LOOP ( 'NONE', ( #3209, #62, #1735, #1019 ) ) ;
#1509 = CIRCLE ( 'NONE', #1338, 1.600000000000004086 ) ;
#1510 = CYLINDRICAL_SURFACE ( 'NONE', #3210, 1.000000000000000888 ) ;
#1511 = ORIENTED_EDGE ( 'NONE', *, *, #935, .F. ) ;
#1512 = VECTOR ( 'NONE', #440, 1000.000000000000000 ) ;
#1513 = DIRECTION ( 'NONE',  ( 1.000000000000000000, -0.000000000000000000, 0.000000000000000000 ) ) ;
#1514 = EDGE_CURVE ( 'NONE', #1938, #1786, #2426, .T. ) ;
#1515 = FACE_OUTER_BOUND ( 'NONE', #226, .T. ) ;
#1516 = DIRECTION ( 'NONE',  ( 0.000000000000000000, 0.000000000000000000, -1.000000000000000000 ) ) ;
#1517 =( LENGTH_UNIT ( ) NAMED_UNIT ( * ) SI_UNIT ( .MILLI., .METRE. ) );
#1518 = ORIENTED_EDGE ( 'NONE', *, *, #2664, .T. ) ;
#1519 = ORIENTED_EDGE ( 'NONE', *, *, #2279, .T. ) ;
#1520 = CARTESIAN_POINT ( 'NONE',  ( -76.00000000000001421, 9.000000000000000000, -43.50000000000000711 ) ) ;
#1521 = DIRECTION ( 'NONE',  ( -1.000000000000000000, 0.000000000000000000, -0.000000000000000000 ) ) ;
#1522 = AXIS2_PLACEMENT_3D ( 'NONE', #3394, #113, #1211 ) ;
#1523 = DIRECTION ( 'NONE',  ( 0.000000000000000000, 0.000000000000000000, 1.000000000000000000 ) ) ;
#1524 = DIRECTION ( 'NONE',  ( -1.541976423090495387E-16, 0.000000000000000000, -1.000000000000000000 ) ) ;
#1525 = DIRECTION ( 'NONE',  ( -0.000000000000000000, -0.000000000000000000, 1.000000000000000000 ) ) ;
#1526 = ORIENTED_EDGE ( 'NONE', *, *, #3112, .T. ) ;
#1527 = ORIENTED_EDGE ( 'NONE', *, *, #819, .F. ) ;
#1528 = EDGE_CURVE ( 'NONE', #683, #1943, #14, .T. ) ;
#1529 = PLANE ( 'NONE',  #1097 ) ;
#1530 = EDGE_CURVE ( 'NONE', #2592, #1657, #3126, .T. ) ;
#1531 = EDGE_LOOP ( 'NONE', ( #187, #2016, #1096, #489 ) ) ;
#1532 = DIRECTION ( 'NONE',  ( 0.000000000000000000, 0.000000000000000000, 1.000000000000000000 ) ) ;
#1533 = VECTOR ( 'NONE', #2536, 1000.000000000000000 ) ;
#1534 = LINE ( 'NONE', #400, #887 ) ;
#1535 = ORIENTED_EDGE ( 'NONE', *, *, #365, .F. ) ;
#1536 = EDGE_CURVE ( 'NONE', #1243, #764, #959, .T. ) ;
#1537 = ORIENTED_EDGE ( 'NONE', *, *, #19, .F. ) ;
#1538 = ORIENTED_EDGE ( 'NONE', *, *, #761, .F. ) ;
#1539 = CARTESIAN_POINT ( 'NONE',  ( -71.00000000000001421, 19.00000000000000000, 43.50000000000000711 ) ) ;
#1540 = EDGE_CURVE ( 'NONE', #2090, #1856, #3144, .T. ) ;
#1541 = CARTESIAN_POINT ( 'NONE',  ( 76.00000000000002842, 19.00000000000000000, -51.50000000000007105 ) ) ;
#1542 = FACE_OUTER_BOUND ( 'NONE', #3057, .T. ) ;
#1543 = FACE_OUTER_BOUND ( 'NONE', #1948, .T. ) ;
#1544 = ORIENTED_EDGE ( 'NONE', *, *, #668, .T. ) ;
#1545 = EDGE_LOOP ( 'NONE', ( #2362, #675 ) ) ;
#1546 = LINE ( 'NONE', #1242, #2870 ) ;
#1547 = AXIS2_PLACEMENT_3D ( 'NONE', #3322, #824, #877 ) ;
#1548 = EDGE_LOOP ( 'NONE', ( #975, #2488, #1658, #2511 ) ) ;
#1549 = LINE ( 'NONE', #3199, #41 ) ;
#1550 = CARTESIAN_POINT ( 'NONE',  ( -19.00000000000001776, 9.000000000000000000, 48.50000000000000711 ) ) ;
#1551 = VERTEX_POINT ( 'NONE', #335 ) ;
#1552 = VECTOR ( 'NONE', #2463, 1000.000000000000000 ) ;
#1553 = VERTEX_POINT ( 'NONE', #1430 ) ;
#1554 = LINE ( 'NONE', #2900, #143 ) ;
#1555 = CARTESIAN_POINT ( 'NONE',  ( 66.00000000000004263, 9.000000000000000000, -51.50000000000000000 ) ) ;
#1556 = CARTESIAN_POINT ( 'NONE',  ( -76.00000000000001421, 19.00000000000000000, -43.50000000000000711 ) ) ;
#1557 = ORIENTED_EDGE ( 'NONE', *, *, #414, .T. ) ;
#1558 = CARTESIAN_POINT ( 'NONE',  ( -79.99999999999974420, 9.000000000000000000, 65.00000000000001421 ) ) ;
#1559 = DIRECTION ( 'NONE',  ( 0.000000000000000000, 0.000000000000000000, -1.000000000000000000 ) ) ;
#1560 = ORIENTED_EDGE ( 'NONE', *, *, #3021, .F. ) ;
#1561 = ORIENTED_EDGE ( 'NONE', *, *, #2289, .F. ) ;
#1562 = CARTESIAN_POINT ( 'NONE',  ( -64.99999999999972999, 0.000000000000000000, 81.60000000000003695 ) ) ;
#1563 = ORIENTED_EDGE ( 'NONE', *, *, #1070, .F. ) ;
#1564 = AXIS2_PLACEMENT_3D ( 'NONE', #900, #3067, #2532 ) ;
#1565 = DIRECTION ( 'NONE',  ( 0.000000000000000000, 0.000000000000000000, -1.000000000000000000 ) ) ;
#1566 = LINE ( 'NONE', #1768, #2657 ) ;
#1567 = VECTOR ( 'NONE', #168, 1000.000000000000000 ) ;
#1568 = ORIENTED_EDGE ( 'NONE', *, *, #2983, .F. ) ;
#1569 = VERTEX_POINT ( 'NONE', #2525 ) ;
#1570 = VERTEX_POINT ( 'NONE', #59 ) ;
#1571 = VECTOR ( 'NONE', #1516, 1000.000000000000000 ) ;
#1572 = CARTESIAN_POINT ( 'NONE',  ( 64.99999999999975842, 0.000000000000000000, 90.00000000000007105 ) ) ;
#1573 = EDGE_CURVE ( 'NONE', #787, #754, #2885, .T. ) ;
#1574 = DIRECTION ( 'NONE',  ( -1.000000000000000000, 0.000000000000000000, -0.000000000000000000 ) ) ;
#1575 = ORIENTED_EDGE ( 'NONE', *, *, #920, .F. ) ;
#1576 = EDGE_CURVE ( 'NONE', #580, #3488, #1447, .T. ) ;
#1577 = LINE ( 'NONE', #3503, #205 ) ;
#1578 = CARTESIAN_POINT ( 'NONE',  ( -9.999999999999996447, 9.000000000000000000, 48.50000000000000711 ) ) ;
#1579 = ORIENTED_EDGE ( 'NONE', *, *, #3366, .T. ) ;
#1580 = ORIENTED_EDGE ( 'NONE', *, *, #3127, .T. ) ;
#1581 = EDGE_CURVE ( 'NONE', #1138, #2666, #643, .T. ) ;
#1582 = LINE ( 'NONE', #766, #1953 ) ;
#1583 = ORIENTED_EDGE ( 'NONE', *, *, #2938, .F. ) ;
#1584 = DIRECTION ( 'NONE',  ( -0.000000000000000000, -1.000000000000000000, -0.000000000000000000 ) ) ;
#1585 = LINE ( 'NONE', #2192, #3452 ) ;
#1586 = ORIENTED_EDGE ( 'NONE', *, *, #1092, .F. ) ;
#1587 = ORIENTED_EDGE ( 'NONE', *, *, #568, .F. ) ;
#1588 = ORIENTED_EDGE ( 'NONE', *, *, #2709, .F. ) ;
#1589 = CARTESIAN_POINT ( 'NONE',  ( 65.00000000000000000, 9.000000000000000000, 65.00000000000002842 ) ) ;
#1590 = DIRECTION ( 'NONE',  ( 1.000000000000000000, -0.000000000000000000, -0.000000000000000000 ) ) ;
#1591 = CIRCLE ( 'NONE', #1933, 1.000000000000000888 ) ;
#1592 = ADVANCED_FACE ( 'NONE', ( #2825 ), #369, .F. ) ;
#1593 = CARTESIAN_POINT ( 'NONE',  ( 79.99999999999975842, 0.000000000000000000, -66.59999999999989484 ) ) ;
#1594 = DIRECTION ( 'NONE',  ( 0.000000000000000000, 0.000000000000000000, -1.000000000000000000 ) ) ;
#1595 = VERTEX_POINT ( 'NONE', #1784 ) ;
#1596 = EDGE_CURVE ( 'NONE', #1202, #1266, #3504, .T. ) ;
#1597 = CIRCLE ( 'NONE', #802, 1.000000000000000888 ) ;
#1598 = ORIENTED_EDGE ( 'NONE', *, *, #2909, .F. ) ;
#1599 = CARTESIAN_POINT ( 'NONE',  ( 66.00000000000002842, 19.00000000000000000, 46.50000000000000000 ) ) ;
#1600 = ORIENTED_EDGE ( 'NONE', *, *, #2021, .T. ) ;
#1601 = DIRECTION ( 'NONE',  ( -0.000000000000000000, -0.000000000000000000, 1.000000000000000000 ) ) ;
#1602 = ADVANCED_FACE ( 'NONE', ( #1515 ), #2878, .F. ) ;
#1603 = DIRECTION ( 'NONE',  ( 0.000000000000000000, 1.000000000000000000, 0.000000000000000000 ) ) ;
#1604 = VERTEX_POINT ( 'NONE', #1630 ) ;
#1605 = ORIENTED_EDGE ( 'NONE', *, *, #1164, .T. ) ;
#1606 = EDGE_CURVE ( 'NONE', #1229, #2614, #2220, .T. ) ;
#1607 = FACE_OUTER_BOUND ( 'NONE', #328, .T. ) ;
#1608 = CARTESIAN_POINT ( 'NONE',  ( 10.99999999999999645, 9.000000000000000000, -46.50000000000000000 ) ) ;
#1609 = FACE_OUTER_BOUND ( 'NONE', #315, .T. ) ;
#1610 = CIRCLE ( 'NONE', #351, 10.00000000000000178 ) ;
#1611 = EDGE_CURVE ( 'NONE', #38, #2622, #2994, .T. ) ;
#1612 = CARTESIAN_POINT ( 'NONE',  ( 1.500000000000013989, 19.00000000000000000, 51.50000000000000711 ) ) ;
#1613 = FACE_OUTER_BOUND ( 'NONE', #1838, .T. ) ;
#1614 = VECTOR ( 'NONE', #1525, 1000.000000000000000 ) ;
#1615 = DIRECTION ( 'NONE',  ( -0.000000000000000000, -1.000000000000000000, 0.000000000000000000 ) ) ;
#1616 = ORIENTED_EDGE ( 'NONE', *, *, #1014, .F. ) ;
#1617 = DIRECTION ( 'NONE',  ( 0.000000000000000000, 1.000000000000000000, -0.000000000000000000 ) ) ;
#1618 = LINE ( 'NONE', #512, #48 ) ;
#1619 = CARTESIAN_POINT ( 'NONE',  ( 11.50000000000000888, 9.000000000000000000, 51.50000000000000711 ) ) ;
#1620 = ORIENTED_EDGE ( 'NONE', *, *, #2136, .T. ) ;
#1621 = AXIS2_PLACEMENT_3D ( 'NONE', #1480, #1714, #2032 ) ;
#1622 = ORIENTED_EDGE ( 'NONE', *, *, #2316, .T. ) ;
#1623 = ADVANCED_FACE ( 'NONE', ( #2724 ), #1110, .F. ) ;
#1624 = DIRECTION ( 'NONE',  ( 1.000000000000000000, 0.000000000000000000, -0.000000000000000000 ) ) ;
#1625 = CYLINDRICAL_SURFACE ( 'NONE', #1547, 1.600000000000004086 ) ;
#1626 = AXIS2_PLACEMENT_3D ( 'NONE', #1126, #2703, #8 ) ;
#1627 = CYLINDRICAL_SURFACE ( 'NONE', #2143, 1.600000000000004086 ) ;
#1628 = EDGE_LOOP ( 'NONE', ( #1012, #2649, #781, #3011 ) ) ;
#1629 = AXIS2_PLACEMENT_3D ( 'NONE', #2212, #1923, #786 ) ;
#1630 = CARTESIAN_POINT ( 'NONE',  ( -80.00000000000000000, 19.00000000000000000, 48.50000000000001421 ) ) ;
#1631 = DIRECTION ( 'NONE',  ( 3.469446951953616654E-16, 0.000000000000000000, 1.000000000000000000 ) ) ;
#1632 = LINE ( 'NONE', #273, #2954 ) ;
#1633 = ORIENTED_EDGE ( 'NONE', *, *, #1778, .T. ) ;
#1634 = VECTOR ( 'NONE', #2435, 1000.000000000000000 ) ;
#1635 = AXIS2_PLACEMENT_3D ( 'NONE', #2153, #1615, #1076 ) ;
#1636 = CARTESIAN_POINT ( 'NONE',  ( 76.00000000000004263, 19.00000000000000000, 50.49999999999999289 ) ) ;
#1637 = ORIENTED_EDGE ( 'NONE', *, *, #2366, .F. ) ;
#1638 = EDGE_CURVE ( 'NONE', #3286, #727, #71, .T. ) ;
#1639 = DIRECTION ( 'NONE',  ( 0.000000000000000000, 1.000000000000000000, -0.000000000000000000 ) ) ;
#1640 = FACE_BOUND ( 'NONE', #1194, .T. ) ;
#1641 = VERTEX_POINT ( 'NONE', #10 ) ;
#1642 = ORIENTED_EDGE ( 'NONE', *, *, #227, .F. ) ;
#1643 = DIRECTION ( 'NONE',  ( -0.000000000000000000, 1.000000000000000000, -0.000000000000000000 ) ) ;
#1644 = CARTESIAN_POINT ( 'NONE',  ( -64.99999999999975842, 9.000000000000000000, 90.00000000000007105 ) ) ;
#1645 = EDGE_CURVE ( 'NONE', #3312, #589, #542, .T. ) ;
#1646 = CARTESIAN_POINT ( 'NONE',  ( -9.000000000000007105, 9.000000000000000000, -38.50000000000000000 ) ) ;
#1647 = CARTESIAN_POINT ( 'NONE',  ( -14.00000000000001243, 19.00000000000000000, 38.50000000000000000 ) ) ;
#1648 = DIRECTION ( 'NONE',  ( 1.000000000000000000, 0.000000000000000000, -0.000000000000000000 ) ) ;
#1649 = EDGE_CURVE ( 'NONE', #2980, #1595, #1397, .T. ) ;
#1650 = VECTOR ( 'NONE', #2572, 1000.000000000000000 ) ;
#1651 = CARTESIAN_POINT ( 'NONE',  ( -19.00000000000001776, 9.000000000000000000, -43.50000000000000711 ) ) ;
#1652 = ORIENTED_EDGE ( 'NONE', *, *, #1866, .T. ) ;
#1653 = EDGE_CURVE ( 'NONE', #2090, #2916, #2202, .T. ) ;
#1654 = CARTESIAN_POINT ( 'NONE',  ( 90.00000000000002842, 0.000000000000000000, 65.00000000000002842 ) ) ;
#1655 = LINE ( 'NONE', #1939, #1366 ) ;
#1656 = DIRECTION ( 'NONE',  ( 0.000000000000000000, 0.000000000000000000, 1.000000000000000000 ) ) ;
#1657 = VERTEX_POINT ( 'NONE', #3273 ) ;
#1658 = ORIENTED_EDGE ( 'NONE', *, *, #1820, .F. ) ;
#1659 = CARTESIAN_POINT ( 'NONE',  ( 64.99999999999978684, 9.000000000000000000, 81.60000000000003695 ) ) ;
#1660 = CARTESIAN_POINT ( 'NONE',  ( 64.99999999999978684, 0.000000000000000000, 80.00000000000002842 ) ) ;
#1661 = CARTESIAN_POINT ( 'NONE',  ( 70.00000000000002842, 19.00000000000000000, 45.50000000000000000 ) ) ;
#1662 = ORIENTED_EDGE ( 'NONE', *, *, #3401, .F. ) ;
#1663 = DIRECTION ( 'NONE',  ( 0.000000000000000000, 1.000000000000000000, -0.000000000000000000 ) ) ;
#1664 = CARTESIAN_POINT ( 'NONE',  ( 10.99999999999999467, 19.00000000000000000, -51.50000000000000000 ) ) ;
#1665 = DIRECTION ( 'NONE',  ( 0.000000000000000000, 0.000000000000000000, 1.000000000000000000 ) ) ;
#1666 = CARTESIAN_POINT ( 'NONE',  ( 76.00000000000004263, 19.00000000000000000, 51.50000000000000000 ) ) ;
#1667 = ORIENTED_EDGE ( 'NONE', *, *, #3467, .T. ) ;
#1668 = VECTOR ( 'NONE', #72, 1000.000000000000000 ) ;
#1669 = CARTESIAN_POINT ( 'NONE',  ( -15.00000000000001421, 19.00000000000000000, 43.50000000000000711 ) ) ;
#1670 = CARTESIAN_POINT ( 'NONE',  ( -44.99999999999997158, 0.000000000000000000, 55.00000000000004974 ) ) ;
#1671 = LINE ( 'NONE', #3056, #2759 ) ;
#1672 = VERTEX_POINT ( 'NONE', #1682 ) ;
#1673 = ORIENTED_EDGE ( 'NONE', *, *, #1183, .F. ) ;
#1674 = LINE ( 'NONE', #2774, #1691 ) ;
#1675 = DIRECTION ( 'NONE',  ( 0.000000000000000000, -0.000000000000000000, -1.000000000000000000 ) ) ;
#1676 = LINE ( 'NONE', #573, #1686 ) ;
#1677 = AXIS2_PLACEMENT_3D ( 'NONE', #385, #110, #2047 ) ;
#1678 = ORIENTED_EDGE ( 'NONE', *, *, #288, .F. ) ;
#1679 = EDGE_LOOP ( 'NONE', ( #2327, #141, #3071, #3201 ) ) ;
#1680 = ADVANCED_BREP_SHAPE_REPRESENTATION ( 'plate3', ( #2719, #1807 ), #608 ) ;
#1681 = EDGE_CURVE ( 'NONE', #438, #3221, #1343, .T. ) ;
#1682 = CARTESIAN_POINT ( 'NONE',  ( -8.999999999999996447, 9.000000000000000000, 47.50000000000000711 ) ) ;
#1683 = VECTOR ( 'NONE', #1773, 1000.000000000000000 ) ;
#1684 = FACE_OUTER_BOUND ( 'NONE', #539, .T. ) ;
#1685 = EDGE_CURVE ( 'NONE', #1158, #2363, #3538, .T. ) ;
#1686 = VECTOR ( 'NONE', #808, 1000.000000000000000 ) ;
#1687 = EDGE_LOOP ( 'NONE', ( #1706, #458 ) ) ;
#1688 = ADVANCED_FACE ( 'NONE', ( #285 ), #1377, .F. ) ;
#1689 = CARTESIAN_POINT ( 'NONE',  ( 71.00000000000002842, 9.000000000000000000, 45.50000000000000000 ) ) ;
#1690 = CARTESIAN_POINT ( 'NONE',  ( 34.99999999999999289, 0.000000000000000000, 55.00000000000003553 ) ) ;
#1691 = VECTOR ( 'NONE', #2508, 1000.000000000000000 ) ;
#1692 = VECTOR ( 'NONE', #780, 1000.000000000000000 ) ;
#1693 = SURFACE_STYLE_FILL_AREA ( #1443 ) ;
#1694 = ORIENTED_EDGE ( 'NONE', *, *, #2709, .T. ) ;
#1695 = ORIENTED_EDGE ( 'NONE', *, *, #3293, .F. ) ;
#1696 = CARTESIAN_POINT ( 'NONE',  ( -14.00000000000001243, 19.00000000000000000, -38.50000000000000000 ) ) ;
#1697 = CARTESIAN_POINT ( 'NONE',  ( -15.00000000000001421, 19.00000000000000000, -43.50000000000000711 ) ) ;
#1698 = CYLINDRICAL_SURFACE ( 'NONE', #2599, 1.000000000000000888 ) ;
#1699 = ORIENTED_EDGE ( 'NONE', *, *, #376, .T. ) ;
#1700 = CARTESIAN_POINT ( 'NONE',  ( -10.00000000000000888, 19.00000000000000000, -48.50000000000000711 ) ) ;
#1701 = DIRECTION ( 'NONE',  ( -1.000000000000000000, 0.000000000000000000, 1.734723475976808327E-16 ) ) ;
#1702 = CARTESIAN_POINT ( 'NONE',  ( -79.99999999999975842, 0.000000000000000000, -64.99999999999988631 ) ) ;
#1703 = EDGE_CURVE ( 'NONE', #2338, #38, #540, .T. ) ;
#1704 = AXIS2_PLACEMENT_3D ( 'NONE', #2450, #2982, #3528 ) ;
#1705 = CARTESIAN_POINT ( 'NONE',  ( 2.500000000000013323, 19.00000000000000000, 50.50000000000000000 ) ) ;
#1706 = ORIENTED_EDGE ( 'NONE', *, *, #2993, .T. ) ;
#1707 = CARTESIAN_POINT ( 'NONE',  ( -45.00000000000000711, 0.000000000000000000, -90.00000000000008527 ) ) ;
#1708 = DIRECTION ( 'NONE',  ( 0.000000000000000000, 0.000000000000000000, 1.000000000000000000 ) ) ;
#1709 = EDGE_LOOP ( 'NONE', ( #731, #657, #178, #3175 ) ) ;
#1710 = EDGE_LOOP ( 'NONE', ( #1600, #1104, #866, #1007 ) ) ;
#1711 = AXIS2_PLACEMENT_3D ( 'NONE', #2672, #3523, #794 ) ;
#1712 = EDGE_CURVE ( 'NONE', #355, #1815, #845, .T. ) ;
#1713 = CARTESIAN_POINT ( 'NONE',  ( -76.00000000000000000, 19.00000000000000000, 43.50000000000000711 ) ) ;
#1714 = DIRECTION ( 'NONE',  ( 0.000000000000000000, 1.000000000000000000, 0.000000000000000000 ) ) ;
#1715 = DIRECTION ( 'NONE',  ( 0.000000000000000000, 0.000000000000000000, -1.000000000000000000 ) ) ;
#1716 = ORIENTED_EDGE ( 'NONE', *, *, #2104, .T. ) ;
#1717 = CARTESIAN_POINT ( 'NONE',  ( -9.000000000000007105, 9.000000000000000000, -47.50000000000000711 ) ) ;
#1718 = CARTESIAN_POINT ( 'NONE',  ( 5.999999999999995559, 19.00000000000000000, -41.50000000000000000 ) ) ;
#1719 = VECTOR ( 'NONE', #2018, 1000.000000000000000 ) ;
#1720 = DIRECTION ( 'NONE',  ( 0.000000000000000000, 0.000000000000000000, 1.000000000000000000 ) ) ;
#1721 = EDGE_CURVE ( 'NONE', #3413, #851, #2459, .T. ) ;
#1722 = CARTESIAN_POINT ( 'NONE',  ( -76.00000000000000000, 9.000000000000000000, 42.50000000000000000 ) ) ;
#1723 = EDGE_LOOP ( 'NONE', ( #301, #444, #3051, #2083 ) ) ;
#1724 = VECTOR ( 'NONE', #917, 1000.000000000000000 ) ;
#1725 = EDGE_CURVE ( 'NONE', #1930, #1085, #1416, .T. ) ;
#1726 = LINE ( 'NONE', #2246, #1533 ) ;
#1727 = AXIS2_PLACEMENT_3D ( 'NONE', #2904, #2568, #1505 ) ;
#1728 = FILL_AREA_STYLE_COLOUR ( '', #196 ) ;
#1729 = EDGE_CURVE ( 'NONE', #80, #1261, #1931, .T. ) ;
#1730 = ORIENTED_EDGE ( 'NONE', *, *, #1359, .T. ) ;
#1731 = CARTESIAN_POINT ( 'NONE',  ( -89.99999999999997158, 9.000000000000000000, -64.99999999999988631 ) ) ;
#1732 = DIRECTION ( 'NONE',  ( -0.000000000000000000, -1.000000000000000000, -0.000000000000000000 ) ) ;
#1733 = DIRECTION ( 'NONE',  ( -1.000000000000000000, 0.000000000000000000, -1.387778780781445873E-15 ) ) ;
#1734 = DIRECTION ( 'NONE',  ( 0.000000000000000000, 0.000000000000000000, -1.000000000000000000 ) ) ;
#1735 = ORIENTED_EDGE ( 'NONE', *, *, #2058, .F. ) ;
#1736 = ADVANCED_FACE ( 'NONE', ( #575 ), #862, .T. ) ;
#1737 = CARTESIAN_POINT ( 'NONE',  ( -8.999999999999996447, 19.00000000000000000, 48.50000000000000711 ) ) ;
#1738 = PLANE ( 'NONE',  #2007 ) ;
#1739 = VECTOR ( 'NONE', #2495, 1000.000000000000000 ) ;
#1740 = CARTESIAN_POINT ( 'NONE',  ( -44.99999999999997868, 0.000000000000000000, 90.00000000000005684 ) ) ;
#1741 = AXIS2_PLACEMENT_3D ( 'NONE', #2020, #3117, #121 ) ;
#1742 = VECTOR ( 'NONE', #2130, 1000.000000000000000 ) ;
#1743 = DIRECTION ( 'NONE',  ( 1.000000000000000000, 0.000000000000000000, -4.987329993433323355E-16 ) ) ;
#1744 = ORIENTED_EDGE ( 'NONE', *, *, #2241, .F. ) ;
#1745 = SURFACE_SIDE_STYLE ('',( #1693 ) ) ;
#1746 = ORIENTED_EDGE ( 'NONE', *, *, #1466, .F. ) ;
#1747 = FACE_OUTER_BOUND ( 'NONE', #2231, .T. ) ;
#1748 = VECTOR ( 'NONE', #3447, 1000.000000000000000 ) ;
#1749 = DIRECTION ( 'NONE',  ( 1.000000000000000000, 0.000000000000000000, 0.000000000000000000 ) ) ;
#1750 = EDGE_CURVE ( 'NONE', #3111, #2371, #1357, .T. ) ;
#1751 = LINE ( 'NONE', #1192, #367 ) ;
#1752 = PLANE ( 'NONE',  #262 ) ;
#1753 = ORIENTED_EDGE ( 'NONE', *, *, #85, .F. ) ;
#1754 = VERTEX_POINT ( 'NONE', #880 ) ;
#1755 = DIRECTION ( 'NONE',  ( 0.000000000000000000, 0.000000000000000000, -1.000000000000000000 ) ) ;
#1756 = CARTESIAN_POINT ( 'NONE',  ( 6.999999999999994671, 19.00000000000000000, -45.50000000000000000 ) ) ;
#1757 = CARTESIAN_POINT ( 'NONE',  ( -79.99999999999975842, 9.000000000000000000, -66.59999999999989484 ) ) ;
#1758 = EDGE_CURVE ( 'NONE', #2872, #1040, #2813, .T. ) ;
#1759 = DIRECTION ( 'NONE',  ( 0.000000000000000000, 0.000000000000000000, 1.000000000000000000 ) ) ;
#1760 = VERTEX_POINT ( 'NONE', #964 ) ;
#1761 = EDGE_CURVE ( 'NONE', #3445, #3312, #1998, .T. ) ;
#1762 = AXIS2_PLACEMENT_3D ( 'NONE', #2931, #1013, #1565 ) ;
#1763 = DIRECTION ( 'NONE',  ( -0.000000000000000000, -0.000000000000000000, -1.000000000000000000 ) ) ;
#1764 = EDGE_LOOP ( 'NONE', ( #2738, #1535 ) ) ;
#1765 = EDGE_CURVE ( 'NONE', #630, #1772, #1230, .T. ) ;
#1766 = CARTESIAN_POINT ( 'NONE',  ( -34.99999999999999289, 9.000000000000000000, -65.00000000000007105 ) ) ;
#1767 = CARTESIAN_POINT ( 'NONE',  ( 66.00000000000005684, 9.000000000000000000, -46.50000000000000000 ) ) ;
#1768 = CARTESIAN_POINT ( 'NONE',  ( 1.500000000000012657, 9.000000000000000000, 41.49999999999999289 ) ) ;
#1769 = VECTOR ( 'NONE', #2503, 1000.000000000000000 ) ;
#1770 = FACE_OUTER_BOUND ( 'NONE', #1318, .T. ) ;
#1771 = VERTEX_POINT ( 'NONE', #1717 ) ;
#1772 = VERTEX_POINT ( 'NONE', #2276 ) ;
#1773 = DIRECTION ( 'NONE',  ( 1.000000000000000000, -0.000000000000000000, -0.000000000000000000 ) ) ;
#1774 = FACE_OUTER_BOUND ( 'NONE', #2356, .T. ) ;
#1775 = CARTESIAN_POINT ( 'NONE',  ( 11.50000000000001066, 19.00000000000000000, 46.50000000000000711 ) ) ;
#1776 = CARTESIAN_POINT ( 'NONE',  ( 45.00000000000002132, 9.000000000000000000, 90.00000000000004263 ) ) ;
#1777 = EDGE_LOOP ( 'NONE', ( #306, #3141, #2749, #9 ) ) ;
#1778 = EDGE_CURVE ( 'NONE', #2065, #1138, #2529, .T. ) ;
#1779 = VECTOR ( 'NONE', #902, 1000.000000000000000 ) ;
#1780 = CARTESIAN_POINT ( 'NONE',  ( -81.00000000000001421, 19.00000000000000000, -48.50000000000000711 ) ) ;
#1781 = VERTEX_POINT ( 'NONE', #631 ) ;
#1782 = CIRCLE ( 'NONE', #236, 25.00000000000001421 ) ;
#1783 = DIRECTION ( 'NONE',  ( -0.000000000000000000, 1.000000000000000000, -0.000000000000000000 ) ) ;
#1784 = CARTESIAN_POINT ( 'NONE',  ( 66.00000000000002842, 9.000000000000000000, 51.50000000000000000 ) ) ;
#1785 = CARTESIAN_POINT ( 'NONE',  ( 76.00000000000004263, 19.00000000000000000, 51.50000000000000000 ) ) ;
#1786 = VERTEX_POINT ( 'NONE', #1700 ) ;
#1787 = ORIENTED_EDGE ( 'NONE', *, *, #3456, .T. ) ;
#1788 = VERTEX_POINT ( 'NONE', #357 ) ;
#1789 = CARTESIAN_POINT ( 'NONE',  ( -76.00000000000000000, 9.000000000000000000, 38.50000000000000000 ) ) ;
#1790 = CARTESIAN_POINT ( 'NONE',  ( 11.50000000000001243, 9.000000000000000000, 51.50000000000000711 ) ) ;
#1791 = EDGE_CURVE ( 'NONE', #1085, #1050, #2370, .T. ) ;
#1792 = LINE ( 'NONE', #987, #1827 ) ;
#1793 = DIRECTION ( 'NONE',  ( 0.000000000000000000, 1.000000000000000000, 0.000000000000000000 ) ) ;
#1794 = ORIENTED_EDGE ( 'NONE', *, *, #1765, .T. ) ;
#1795 = AXIS2_PLACEMENT_3D ( 'NONE', #2183, #1663, #1128 ) ;
#1796 = VERTEX_POINT ( 'NONE', #3363 ) ;
#1797 = VECTOR ( 'NONE', #446, 1000.000000000000000 ) ;
#1798 = EDGE_CURVE ( 'NONE', #594, #3353, #63, .T. ) ;
#1799 = LINE ( 'NONE', #437, #2531 ) ;
#1800 = ORIENTED_EDGE ( 'NONE', *, *, #522, .F. ) ;
#1801 = VECTOR ( 'NONE', #2627, 1000.000000000000000 ) ;
#1802 = CARTESIAN_POINT ( 'NONE',  ( 1.500000000000013989, 19.00000000000000000, 51.50000000000000711 ) ) ;
#1803 = EDGE_CURVE ( 'NONE', #636, #1114, #2038, .T. ) ;
#1804 = CARTESIAN_POINT ( 'NONE',  ( 64.99999999999975842, 9.000000000000000000, -90.00000000000007105 ) ) ;
#1805 = ORIENTED_EDGE ( 'NONE', *, *, #2632, .F. ) ;
#1806 = ORIENTED_EDGE ( 'NONE', *, *, #535, .F. ) ;
#1807 = AXIS2_PLACEMENT_3D ( 'NONE', #1934, #1665, #49 ) ;
#1808 = LINE ( 'NONE', #536, #1634 ) ;
#1809 = FACE_OUTER_BOUND ( 'NONE', #366, .T. ) ;
#1810 = CARTESIAN_POINT ( 'NONE',  ( 64.99999999999978684, 9.000000000000000000, 80.00000000000002842 ) ) ;
#1811 = AXIS2_PLACEMENT_3D ( 'NONE', #561, #2745, #2763 ) ;
#1812 = DIRECTION ( 'NONE',  ( 0.000000000000000000, -0.000000000000000000, 1.000000000000000000 ) ) ;
#1813 = DIRECTION ( 'NONE',  ( 0.000000000000000000, -1.000000000000000000, 0.000000000000000000 ) ) ;
#1814 = ORIENTED_EDGE ( 'NONE', *, *, #2866, .F. ) ;
#1815 = VERTEX_POINT ( 'NONE', #666 ) ;
#1816 = FACE_OUTER_BOUND ( 'NONE', #2235, .T. ) ;
#1817 = ORIENTED_EDGE ( 'NONE', *, *, #1115, .T. ) ;
#1818 = CARTESIAN_POINT ( 'NONE',  ( -15.00000000000001421, 19.00000000000000000, -42.50000000000000000 ) ) ;
#1819 = CARTESIAN_POINT ( 'NONE',  ( -71.00000000000001421, 9.000000000000000000, 48.50000000000001421 ) ) ;
#1820 = EDGE_CURVE ( 'NONE', #1886, #1202, #135, .T. ) ;
#1821 = ORIENTED_EDGE ( 'NONE', *, *, #1204, .F. ) ;
#1822 = EDGE_LOOP ( 'NONE', ( #209, #1500, #1973, #479 ) ) ;
#1823 = ORIENTED_EDGE ( 'NONE', *, *, #1014, .T. ) ;
#1824 = DIRECTION ( 'NONE',  ( 0.000000000000000000, 0.000000000000000000, 1.000000000000000000 ) ) ;
#1825 = LINE ( 'NONE', #1790, #2312 ) ;
#1826 = ORIENTED_EDGE ( 'NONE', *, *, #973, .T. ) ;
#1827 = VECTOR ( 'NONE', #1169, 1000.000000000000000 ) ;
#1828 = LINE ( 'NONE', #1307, #3296 ) ;
#1829 = EDGE_CURVE ( 'NONE', #3286, #1984, #3096, .T. ) ;
#1830 = CARTESIAN_POINT ( 'NONE',  ( -14.00000000000001243, 9.000000000000000000, -43.50000000000000711 ) ) ;
#1831 = ORIENTED_EDGE ( 'NONE', *, *, #634, .F. ) ;
#1832 = ORIENTED_EDGE ( 'NONE', *, *, #1573, .T. ) ;
#1833 = CARTESIAN_POINT ( 'NONE',  ( -64.99999999999975842, 0.000000000000000000, -79.99999999999988631 ) ) ;
#1834 = AXIS2_PLACEMENT_3D ( 'NONE', #43, #572, #2775 ) ;
#1835 = ADVANCED_FACE ( 'NONE', ( #3132 ), #3082, .F. ) ;
#1836 = CARTESIAN_POINT ( 'NONE',  ( -14.00000000000001243, 19.00000000000000000, -43.50000000000000711 ) ) ;
#1837 = DIRECTION ( 'NONE',  ( -0.000000000000000000, 1.000000000000000000, -0.000000000000000000 ) ) ;
#1838 = EDGE_LOOP ( 'NONE', ( #1538, #919, #1353, #2636 ) ) ;
#1839 = ORIENTED_EDGE ( 'NONE', *, *, #270, .F. ) ;
#1840 = VERTEX_POINT ( 'NONE', #948 ) ;
#1841 = CARTESIAN_POINT ( 'NONE',  ( -64.99999999999975842, 9.000000000000000000, 90.00000000000005684 ) ) ;
#1842 = EDGE_CURVE ( 'NONE', #2015, #2363, #2830, .T. ) ;
#1843 = PLANE ( 'NONE',  #2022 ) ;
#1844 = ORIENTED_EDGE ( 'NONE', *, *, #3401, .T. ) ;
#1845 = CARTESIAN_POINT ( 'NONE',  ( 64.99999999999975842, 0.000000000000000000, -78.39999999999989200 ) ) ;
#1846 = CARTESIAN_POINT ( 'NONE',  ( 0.000000000000000000, 19.00000000000000000, 0.000000000000000000 ) ) ;
#1847 = ORIENTED_EDGE ( 'NONE', *, *, #3007, .T. ) ;
#1848 = ORIENTED_EDGE ( 'NONE', *, *, #2171, .F. ) ;
#1849 = VECTOR ( 'NONE', #3294, 1000.000000000000000 ) ;
#1850 = CARTESIAN_POINT ( 'NONE',  ( 66.00000000000002842, 9.000000000000000000, 46.50000000000000000 ) ) ;
#1851 = ORIENTED_EDGE ( 'NONE', *, *, #946, .T. ) ;
#1852 = AXIS2_PLACEMENT_3D ( 'NONE', #1775, #408, #1198 ) ;
#1853 = CARTESIAN_POINT ( 'NONE',  ( -71.00000000000001421, 19.00000000000000000, -48.50000000000000711 ) ) ;
#1854 = LINE ( 'NONE', #240, #1116 ) ;
#1855 = EDGE_LOOP ( 'NONE', ( #2925, #545, #3508, #2856 ) ) ;
#1856 = VERTEX_POINT ( 'NONE', #2328 ) ;
#1857 = EDGE_LOOP ( 'NONE', ( #1352, #980 ) ) ;
#1858 = CARTESIAN_POINT ( 'NONE',  ( -71.00000000000001421, 19.00000000000000000, 48.50000000000001421 ) ) ;
#1859 = ADVANCED_FACE ( 'NONE', ( #1435 ), #2017, .F. ) ;
#1860 = DIRECTION ( 'NONE',  ( -1.387778780781444689E-15, 0.000000000000000000, -1.000000000000000000 ) ) ;
#1861 = VERTEX_POINT ( 'NONE', #1180 ) ;
#1862 = LINE ( 'NONE', #2960, #435 ) ;
#1863 = VECTOR ( 'NONE', #2941, 1000.000000000000000 ) ;
#1864 = DIRECTION ( 'NONE',  ( 0.000000000000000000, 0.000000000000000000, -1.000000000000000000 ) ) ;
#1865 = ORIENTED_EDGE ( 'NONE', *, *, #2500, .T. ) ;
#1866 = EDGE_CURVE ( 'NONE', #2613, #1771, #2564, .T. ) ;
#1867 = ORIENTED_EDGE ( 'NONE', *, *, #65, .F. ) ;
#1868 = AXIS2_PLACEMENT_3D ( 'NONE', #1558, #2112, #2096 ) ;
#1869 = CARTESIAN_POINT ( 'NONE',  ( -64.99999999999972999, 9.000000000000000000, 80.00000000000002842 ) ) ;
#1870 = ADVANCED_FACE ( 'NONE', ( #1485 ), #2578, .F. ) ;
#1871 = ORIENTED_EDGE ( 'NONE', *, *, #2978, .F. ) ;
#1872 = LINE ( 'NONE', #1045, #1246 ) ;
#1873 = FACE_BOUND ( 'NONE', #3516, .T. ) ;
#1874 = ADVANCED_FACE ( 'NONE', ( #1985 ), #1216, .F. ) ;
#1875 = ORIENTED_EDGE ( 'NONE', *, *, #2548, .T. ) ;
#1876 = ORIENTED_EDGE ( 'NONE', *, *, #111, .F. ) ;
#1877 = DIRECTION ( 'NONE',  ( 0.000000000000000000, -1.000000000000000000, 0.000000000000000000 ) ) ;
#1878 = LINE ( 'NONE', #1288, #1376 ) ;
#1879 = CARTESIAN_POINT ( 'NONE',  ( -14.00000000000001243, 9.000000000000000000, -42.50000000000000000 ) ) ;
#1880 = DIRECTION ( 'NONE',  ( -0.000000000000000000, 1.000000000000000000, -0.000000000000000000 ) ) ;
#1881 = CARTESIAN_POINT ( 'NONE',  ( 64.99999999999975842, 9.000000000000000000, -64.99999999999988631 ) ) ;
#1882 = AXIS2_PLACEMENT_3D ( 'NONE', #3354, #3072, #904 ) ;
#1883 = ORIENTED_EDGE ( 'NONE', *, *, #2603, .F. ) ;
#1884 = EDGE_CURVE ( 'NONE', #1924, #1772, #2798, .T. ) ;
#1885 = LINE ( 'NONE', #1026, #583 ) ;
#1886 = VERTEX_POINT ( 'NONE', #83 ) ;
#1887 = CARTESIAN_POINT ( 'NONE',  ( -64.99999999999975842, 0.000000000000000000, 90.00000000000007105 ) ) ;
#1888 = VECTOR ( 'NONE', #3347, 1000.000000000000000 ) ;
#1889 = LINE ( 'NONE', #2985, #719 ) ;
#1890 = ORIENTED_EDGE ( 'NONE', *, *, #1010, .F. ) ;
#1891 = PLANE ( 'NONE',  #2089 ) ;
#1892 = CARTESIAN_POINT ( 'NONE',  ( -79.99999999999974420, 0.000000000000000000, 66.60000000000002274 ) ) ;
#1893 = PLANE ( 'NONE',  #1626 ) ;
#1894 = AXIS2_PLACEMENT_3D ( 'NONE', #3313, #1404, #2818 ) ;
#1895 = DIRECTION ( 'NONE',  ( 0.000000000000000000, 1.000000000000000000, -0.000000000000000000 ) ) ;
#1896 = LINE ( 'NONE', #2995, #3485 ) ;
#1897 = CIRCLE ( 'NONE', #2698, 25.00000000000001421 ) ;
#1898 = ADVANCED_FACE ( 'NONE', ( #2240 ), #1437, .F. ) ;
#1899 = CARTESIAN_POINT ( 'NONE',  ( -15.00000000000001421, 9.000000000000000000, 43.50000000000000711 ) ) ;
#1900 = ORIENTED_EDGE ( 'NONE', *, *, #2853, .T. ) ;
#1901 = CARTESIAN_POINT ( 'NONE',  ( -64.99999999999975842, 9.000000000000000000, -64.99999999999988631 ) ) ;
#1902 = LINE ( 'NONE', #2678, #222 ) ;
#1903 = ADVANCED_FACE ( 'NONE', ( #2311 ), #3084, .F. ) ;
#1904 = DIRECTION ( 'NONE',  ( 1.000000000000000000, -0.000000000000000000, -0.000000000000000000 ) ) ;
#1905 = ORIENTED_EDGE ( 'NONE', *, *, #3386, .T. ) ;
#1906 = VECTOR ( 'NONE', #929, 1000.000000000000000 ) ;
#1907 = ORIENTED_EDGE ( 'NONE', *, *, #3100, .T. ) ;
#1908 = EDGE_CURVE ( 'NONE', #3421, #491, #1509, .T. ) ;
#1909 = CARTESIAN_POINT ( 'NONE',  ( -19.00000000000001776, 9.000000000000000000, 43.50000000000000711 ) ) ;
#1910 = DIRECTION ( 'NONE',  ( 1.000000000000000000, 0.000000000000000000, 0.000000000000000000 ) ) ;
#1911 = CIRCLE ( 'NONE', #74, 1.000000000000000888 ) ;
#1912 = CARTESIAN_POINT ( 'NONE',  ( 0.9999999999999915623, 9.000000000000000000, -51.50000000000000000 ) ) ;
#1913 = ADVANCED_FACE ( 'NONE', ( #1452 ), #392, .F. ) ;
#1914 = AXIS2_PLACEMENT_3D ( 'NONE', #2342, #2897, #2361 ) ;
#1915 = DIRECTION ( 'NONE',  ( -1.000000000000000000, 0.000000000000000000, 1.387778780781444492E-15 ) ) ;
#1916 = PLANE ( 'NONE',  #2465 ) ;
#1917 = CARTESIAN_POINT ( 'NONE',  ( -44.99999999999997158, 0.000000000000000000, 55.00000000000004974 ) ) ;
#1918 = ORIENTED_EDGE ( 'NONE', *, *, #449, .F. ) ;
#1919 = DIRECTION ( 'NONE',  ( 0.000000000000000000, 0.000000000000000000, -1.000000000000000000 ) ) ;
#1920 = APPLICATION_CONTEXT ( 'automotive_design' ) ;
#1921 = VECTOR ( 'NONE', #3327, 1000.000000000000000 ) ;
#1922 = DIRECTION ( 'NONE',  ( 0.000000000000000000, 0.000000000000000000, -1.000000000000000000 ) ) ;
#1923 = DIRECTION ( 'NONE',  ( 0.000000000000000000, -1.000000000000000000, 0.000000000000000000 ) ) ;
#1924 = VERTEX_POINT ( 'NONE', #2816 ) ;
#1925 = ORIENTED_EDGE ( 'NONE', *, *, #1122, .T. ) ;
#1926 = CARTESIAN_POINT ( 'NONE',  ( -64.99999999999972999, 9.000000000000000000, 78.40000000000001990 ) ) ;
#1927 = DIRECTION ( 'NONE',  ( -0.000000000000000000, 1.000000000000000000, -0.000000000000000000 ) ) ;
#1928 = ADVANCED_FACE ( 'NONE', ( #2834 ), #359, .F. ) ;
#1929 = CARTESIAN_POINT ( 'NONE',  ( 5.999999999999994671, 19.00000000000000000, -45.50000000000000000 ) ) ;
#1930 = VERTEX_POINT ( 'NONE', #3134 ) ;
#1931 = LINE ( 'NONE', #3326, #307 ) ;
#1932 = CARTESIAN_POINT ( 'NONE',  ( -64.99999999999975842, 0.000000000000000000, -78.39999999999989200 ) ) ;
#1933 = AXIS2_PLACEMENT_3D ( 'NONE', #3460, #977, #2120 ) ;
#1934 = CARTESIAN_POINT ( 'NONE',  ( 0.000000000000000000, 0.000000000000000000, 0.000000000000000000 ) ) ;
#1935 = FACE_OUTER_BOUND ( 'NONE', #2502, .T. ) ;
#1936 = EDGE_LOOP ( 'NONE', ( #181, #1586, #1642, #1568 ) ) ;
#1937 = FACE_OUTER_BOUND ( 'NONE', #3104, .T. ) ;
#1938 = VERTEX_POINT ( 'NONE', #2278 ) ;
#1939 = CARTESIAN_POINT ( 'NONE',  ( 66.00000000000002842, 19.00000000000000000, 51.50000000000000000 ) ) ;
#1940 = DIRECTION ( 'NONE',  ( -3.469446951953616161E-16, 0.000000000000000000, -1.000000000000000000 ) ) ;
#1941 = ADVANCED_FACE ( 'NONE', ( #3383 ), #687, .F. ) ;
#1942 = EDGE_LOOP ( 'NONE', ( #2882, #2771, #927, #2160 ) ) ;
#1943 = VERTEX_POINT ( 'NONE', #1757 ) ;
#1944 = CARTESIAN_POINT ( 'NONE',  ( -75.00000000000000000, 19.00000000000000000, 43.50000000000000711 ) ) ;
#1945 = PLANE ( 'NONE',  #249 ) ;
#1946 = LINE ( 'NONE', #1912, #251 ) ;
#1947 = ORIENTED_EDGE ( 'NONE', *, *, #2475, .F. ) ;
#1948 = EDGE_LOOP ( 'NONE', ( #2099, #2605, #1132, #1875 ) ) ;
#1949 = CIRCLE ( 'NONE', #2412, 1.000000000000000888 ) ;
#1950 = CARTESIAN_POINT ( 'NONE',  ( -65.00000000000000000, 9.000000000000000000, 65.00000000000002842 ) ) ;
#1951 = CARTESIAN_POINT ( 'NONE',  ( 0.9999999999999965583, 9.000000000000000000, -41.50000000000000000 ) ) ;
#1952 = ADVANCED_FACE ( 'NONE', ( #2852 ), #1504, .F. ) ;
#1953 = VECTOR ( 'NONE', #2676, 1000.000000000000000 ) ;
#1954 = VERTEX_POINT ( 'NONE', #1487 ) ;
#1955 = AXIS2_PLACEMENT_3D ( 'NONE', #2424, #1058, #1864 ) ;
#1956 = LINE ( 'NONE', #2767, #2066 ) ;
#1957 = DIRECTION ( 'NONE',  ( 1.000000000000000000, 0.000000000000000000, 1.541976423090495387E-16 ) ) ;
#1958 = FACE_OUTER_BOUND ( 'NONE', #207, .T. ) ;
#1959 = VERTEX_POINT ( 'NONE', #617 ) ;
#1960 = ORIENTED_EDGE ( 'NONE', *, *, #333, .F. ) ;
#1961 = DIRECTION ( 'NONE',  ( -0.000000000000000000, -1.000000000000000000, -0.000000000000000000 ) ) ;
#1962 = CARTESIAN_POINT ( 'NONE',  ( 66.00000000000005684, 19.00000000000000000, -46.50000000000000000 ) ) ;
#1963 = FACE_OUTER_BOUND ( 'NONE', #890, .T. ) ;
#1964 = VECTOR ( 'NONE', #2167, 1000.000000000000000 ) ;
#1965 = ORIENTED_EDGE ( 'NONE', *, *, #1653, .F. ) ;
#1966 = CARTESIAN_POINT ( 'NONE',  ( 71.00000000000002842, 19.00000000000000000, 46.50000000000000000 ) ) ;
#1967 = AXIS2_PLACEMENT_3D ( 'NONE', #3114, #117, #1755 ) ;
#1968 = CARTESIAN_POINT ( 'NONE',  ( 35.00000000000001421, 0.000000000000000000, 65.00000000000002842 ) ) ;
#1969 = CARTESIAN_POINT ( 'NONE',  ( 79.99999999999975842, 0.000000000000000000, -64.99999999999988631 ) ) ;
#1970 = AXIS2_PLACEMENT_3D ( 'NONE', #3427, #1029, #3215 ) ;
#1971 = ADVANCED_FACE ( 'NONE', ( #3099 ), #650, .F. ) ;
#1972 = CARTESIAN_POINT ( 'NONE',  ( -79.99999999999974420, 0.000000000000000000, 65.00000000000001421 ) ) ;
#1973 = ORIENTED_EDGE ( 'NONE', *, *, #216, .F. ) ;
#1974 = CYLINDRICAL_SURFACE ( 'NONE', #1882, 1.000000000000000888 ) ;
#1975 = AXIS2_PLACEMENT_3D ( 'NONE', #2479, #1112, #95 ) ;
#1976 = CIRCLE ( 'NONE', #1868, 1.600000000000004086 ) ;
#1977 = CARTESIAN_POINT ( 'NONE',  ( -64.99999999999975842, 9.000000000000000000, -90.00000000000007105 ) ) ;
#1978 = ORIENTED_EDGE ( 'NONE', *, *, #343, .T. ) ;
#1979 = ORIENTED_EDGE ( 'NONE', *, *, #622, .F. ) ;
#1980 = CARTESIAN_POINT ( 'NONE',  ( 5.999999999999995559, 9.000000000000000000, -41.50000000000000000 ) ) ;
#1981 = PLANE ( 'NONE',  #2651 ) ;
#1982 = EDGE_CURVE ( 'NONE', #1604, #2035, #3400, .T. ) ;
#1983 = FACE_OUTER_BOUND ( 'NONE', #1080, .T. ) ;
#1984 = VERTEX_POINT ( 'NONE', #138 ) ;
#1985 = FACE_OUTER_BOUND ( 'NONE', #945, .T. ) ;
#1986 = DIRECTION ( 'NONE',  ( -0.000000000000000000, -1.000000000000000000, -0.000000000000000000 ) ) ;
#1987 = CARTESIAN_POINT ( 'NONE',  ( 11.50000000000001066, 19.00000000000000000, 46.50000000000000711 ) ) ;
#1988 = ORIENTED_EDGE ( 'NONE', *, *, #747, .F. ) ;
#1989 = CARTESIAN_POINT ( 'NONE',  ( -64.99999999999975842, 9.000000000000000000, -79.99999999999988631 ) ) ;
#1990 = EDGE_CURVE ( 'NONE', #972, #1754, #3338, .T. ) ;
#1991 = ORIENTED_EDGE ( 'NONE', *, *, #1649, .T. ) ;
#1992 = AXIS2_PLACEMENT_3D ( 'NONE', #2431, #2693, #1331 ) ;
#1993 = LINE ( 'NONE', #1731, #2105 ) ;
#1994 = DIRECTION ( 'NONE',  ( -1.000000000000000000, -0.000000000000000000, -0.000000000000000000 ) ) ;
#1995 = DIRECTION ( 'NONE',  ( 0.000000000000000000, 0.000000000000000000, -1.000000000000000000 ) ) ;
#1996 = DIRECTION ( 'NONE',  ( -1.000000000000000000, -0.000000000000000000, 1.541976423090495387E-16 ) ) ;
#1997 = ORIENTED_EDGE ( 'NONE', *, *, #1645, .T. ) ;
#1998 = LINE ( 'NONE', #374, #3507 ) ;
#1999 = FACE_OUTER_BOUND ( 'NONE', #2644, .T. ) ;
#2000 = AXIS2_PLACEMENT_3D ( 'NONE', #1589, #1252, #2384 ) ;
#2001 = DIRECTION ( 'NONE',  ( -1.000000000000000000, 0.000000000000000000, -0.000000000000000000 ) ) ;
#2002 = ADVANCED_FACE ( 'NONE', ( #503 ), #1843, .F. ) ;
#2003 = DIRECTION ( 'NONE',  ( 0.000000000000000000, 1.000000000000000000, 0.000000000000000000 ) ) ;
#2004 = ORIENTED_EDGE ( 'NONE', *, *, #1576, .F. ) ;
#2005 = VECTOR ( 'NONE', #547, 1000.000000000000000 ) ;
#2006 = EDGE_CURVE ( 'NONE', #1553, #2418, #428, .T. ) ;
#2007 = AXIS2_PLACEMENT_3D ( 'NONE', #2832, #1215, #427 ) ;
#2008 = DIRECTION ( 'NONE',  ( -1.000000000000000000, 0.000000000000000000, -0.000000000000000000 ) ) ;
#2009 = EDGE_LOOP ( 'NONE', ( #664, #1561, #2905, #2782 ) ) ;
#2010 = CARTESIAN_POINT ( 'NONE',  ( 64.99999999999975842, 9.000000000000000000, -78.39999999999989200 ) ) ;
#2011 = DIRECTION ( 'NONE',  ( 1.000000000000000000, -0.000000000000000000, 0.000000000000000000 ) ) ;
#2012 = PLANE ( 'NONE',  #715 ) ;
#2013 = EDGE_CURVE ( 'NONE', #2087, #1641, #2942, .T. ) ;
#2014 = DIRECTION ( 'NONE',  ( 0.000000000000000000, 0.000000000000000000, 1.000000000000000000 ) ) ;
#2015 = VERTEX_POINT ( 'NONE', #1270 ) ;
#2016 = ORIENTED_EDGE ( 'NONE', *, *, #2081, .T. ) ;
#2017 = PLANE ( 'NONE',  #2653 ) ;
#2018 = DIRECTION ( 'NONE',  ( -0.000000000000000000, 1.000000000000000000, -0.000000000000000000 ) ) ;
#2019 = VECTOR ( 'NONE', #2793, 1000.000000000000000 ) ;
#2020 = CARTESIAN_POINT ( 'NONE',  ( -9.000000000000007105, 19.00000000000000000, -48.50000000000000711 ) ) ;
#2021 = EDGE_CURVE ( 'NONE', #2622, #2371, #1825, .T. ) ;
#2022 = AXIS2_PLACEMENT_3D ( 'NONE', #1556, #1860, #211 ) ;
#2023 = VECTOR ( 'NONE', #1322, 1000.000000000000000 ) ;
#2024 = EDGE_CURVE ( 'NONE', #241, #2335, #2140, .T. ) ;
#2025 = DIRECTION ( 'NONE',  ( 0.000000000000000000, -1.000000000000000000, 0.000000000000000000 ) ) ;
#2026 = ORIENTED_EDGE ( 'NONE', *, *, #1152, .F. ) ;
#2027 = AXIS2_PLACEMENT_3D ( 'NONE', #551, #1603, #2142 ) ;
#2028 = CARTESIAN_POINT ( 'NONE',  ( -64.99999999999975842, 9.000000000000000000, -90.00000000000007105 ) ) ;
#2029 = VERTEX_POINT ( 'NONE', #739 ) ;
#2030 = CARTESIAN_POINT ( 'NONE',  ( -45.00000000000000711, 0.000000000000000000, -90.00000000000008527 ) ) ;
#2031 = CIRCLE ( 'NONE', #2667, 1.000000000000000888 ) ;
#2032 = DIRECTION ( 'NONE',  ( 0.000000000000000000, 0.000000000000000000, 1.000000000000000000 ) ) ;
#2033 = CARTESIAN_POINT ( 'NONE',  ( -15.00000000000001421, 19.00000000000000000, -43.50000000000000711 ) ) ;
#2034 = CARTESIAN_POINT ( 'NONE',  ( -14.00000000000001243, 9.000000000000000000, 42.50000000000000000 ) ) ;
#2035 = VERTEX_POINT ( 'NONE', #775 ) ;
#2036 = ORIENTED_EDGE ( 'NONE', *, *, #2164, .F. ) ;
#2037 = VECTOR ( 'NONE', #3484, 1000.000000000000000 ) ;
#2038 = LINE ( 'NONE', #81, #422 ) ;
#2039 = CARTESIAN_POINT ( 'NONE',  ( 6.500000000000011546, 19.00000000000000000, 46.50000000000000000 ) ) ;
#2040 = DIRECTION ( 'NONE',  ( 0.000000000000000000, 1.000000000000000000, 0.000000000000000000 ) ) ;
#2041 = CARTESIAN_POINT ( 'NONE',  ( -71.00000000000001421, 19.00000000000000000, 48.50000000000001421 ) ) ;
#2042 = ORIENTED_EDGE ( 'NONE', *, *, #2457, .T. ) ;
#2043 = VECTOR ( 'NONE', #750, 1000.000000000000000 ) ;
#2044 = LINE ( 'NONE', #1562, #698 ) ;
#2045 = ORIENTED_EDGE ( 'NONE', *, *, #1982, .F. ) ;
#2046 = DIRECTION ( 'NONE',  ( -0.000000000000000000, -1.000000000000000000, -0.000000000000000000 ) ) ;
#2047 = DIRECTION ( 'NONE',  ( 0.000000000000000000, 0.000000000000000000, 1.000000000000000000 ) ) ;
#2048 = EDGE_CURVE ( 'NONE', #1433, #3303, #2958, .T. ) ;
#2049 = DIRECTION ( 'NONE',  ( -0.000000000000000000, -0.000000000000000000, 1.000000000000000000 ) ) ;
#2050 = VECTOR ( 'NONE', #1460, 1000.000000000000000 ) ;
#2051 = ORIENTED_EDGE ( 'NONE', *, *, #2909, .T. ) ;
#2052 = ORIENTED_EDGE ( 'NONE', *, *, #1084, .F. ) ;
#2053 = CARTESIAN_POINT ( 'NONE',  ( 11.50000000000001243, 19.00000000000000000, 51.50000000000000711 ) ) ;
#2054 = DIRECTION ( 'NONE',  ( 0.000000000000000000, 0.000000000000000000, -1.000000000000000000 ) ) ;
#2055 = CARTESIAN_POINT ( 'NONE',  ( -9.000000000000007105, 19.00000000000000000, -38.50000000000000000 ) ) ;
#2056 = EDGE_CURVE ( 'NONE', #162, #3131, #3225, .T. ) ;
#2057 = CARTESIAN_POINT ( 'NONE',  ( -14.00000000000001243, 19.00000000000000000, 42.50000000000000000 ) ) ;
#2058 = EDGE_CURVE ( 'NONE', #1672, #3340, #599, .T. ) ;
#2059 = CARTESIAN_POINT ( 'NONE',  ( -79.99999999999974420, 0.000000000000000000, 65.00000000000001421 ) ) ;
#2060 = ORIENTED_EDGE ( 'NONE', *, *, #854, .F. ) ;
#2061 = ADVANCED_FACE ( 'NONE', ( #966 ), #174, .F. ) ;
#2062 = ORIENTED_EDGE ( 'NONE', *, *, #1884, .T. ) ;
#2063 = AXIS2_PLACEMENT_3D ( 'NONE', #3159, #674, #415 ) ;
#2064 = CARTESIAN_POINT ( 'NONE',  ( 64.99999999999975842, 9.000000000000000000, -90.00000000000007105 ) ) ;
#2065 = VERTEX_POINT ( 'NONE', #1234 ) ;
#2066 = VECTOR ( 'NONE', #33, 1000.000000000000000 ) ;
#2067 = DIRECTION ( 'NONE',  ( -1.000000000000000000, 0.000000000000000000, -0.000000000000000000 ) ) ;
#2068 = DIRECTION ( 'NONE',  ( -1.000000000000000000, 0.000000000000000000, -1.067522139062651041E-16 ) ) ;
#2069 = CARTESIAN_POINT ( 'NONE',  ( 66.00000000000002842, 19.00000000000000000, 46.50000000000000000 ) ) ;
#2070 = ORIENTED_EDGE ( 'NONE', *, *, #2185, .F. ) ;
#2071 = EDGE_LOOP ( 'NONE', ( #3048, #1667, #2213, #179, #1511, #2283, #784, #776 ) ) ;
#2072 = LINE ( 'NONE', #3202, #1292 ) ;
#2073 = LINE ( 'NONE', #2901, #3543 ) ;
#2074 = LINE ( 'NONE', #483, #1742 ) ;
#2075 = LINE ( 'NONE', #1423, #3368 ) ;
#2076 = DIRECTION ( 'NONE',  ( -1.000000000000000000, -0.000000000000000000, -0.000000000000000000 ) ) ;
#2077 = ORIENTED_EDGE ( 'NONE', *, *, #3219, .T. ) ;
#2078 = CIRCLE ( 'NONE', #598, 1.000000000000000888 ) ;
#2079 = EDGE_LOOP ( 'NONE', ( #1333, #3372, #2200, #534 ) ) ;
#2080 = AXIS2_PLACEMENT_3D ( 'NONE', #2991, #2472, #300 ) ;
#2081 = EDGE_CURVE ( 'NONE', #589, #1456, #2330, .T. ) ;
#2082 = CARTESIAN_POINT ( 'NONE',  ( -71.00000000000001421, 19.00000000000000000, -43.50000000000001421 ) ) ;
#2083 = ORIENTED_EDGE ( 'NONE', *, *, #2694, .T. ) ;
#2084 = AXIS2_PLACEMENT_3D ( 'NONE', #1083, #295, #2432 ) ;
#2085 = LINE ( 'NONE', #1836, #2515 ) ;
#2086 = CARTESIAN_POINT ( 'NONE',  ( 2.500000000000013323, 9.000000000000000000, 51.50000000000000711 ) ) ;
#2087 = VERTEX_POINT ( 'NONE', #1035 ) ;
#2088 = ORIENTED_EDGE ( 'NONE', *, *, #2964, .F. ) ;
#2089 = AXIS2_PLACEMENT_3D ( 'NONE', #3518, #806, #1624 ) ;
#2090 = VERTEX_POINT ( 'NONE', #2670 ) ;
#2091 = FACE_OUTER_BOUND ( 'NONE', #2009, .T. ) ;
#2092 = ADVANCED_FACE ( 'NONE', ( #3204 ), #2937, .F. ) ;
#2093 = VECTOR ( 'NONE', #3224, 1000.000000000000000 ) ;
#2094 = DIRECTION ( 'NONE',  ( 0.000000000000000000, 1.000000000000000000, 0.000000000000000000 ) ) ;
#2095 = CIRCLE ( 'NONE', #1277, 1.000000000000000888 ) ;
#2096 = DIRECTION ( 'NONE',  ( 0.000000000000000000, 0.000000000000000000, 1.000000000000000000 ) ) ;
#2097 = EDGE_CURVE ( 'NONE', #3256, #3235, #1021, .T. ) ;
#2098 = CARTESIAN_POINT ( 'NONE',  ( 71.00000000000002842, 9.000000000000000000, 41.50000000000000711 ) ) ;
#2099 = ORIENTED_EDGE ( 'NONE', *, *, #2215, .F. ) ;
#2100 = ORIENTED_EDGE ( 'NONE', *, *, #1077, .T. ) ;
#2101 = CARTESIAN_POINT ( 'NONE',  ( 45.00000000000000711, 0.000000000000000000, -65.00000000000005684 ) ) ;
#2102 = ORIENTED_EDGE ( 'NONE', *, *, #3262, .F. ) ;
#2103 = CARTESIAN_POINT ( 'NONE',  ( -19.00000000000001776, 19.00000000000000000, -43.50000000000000711 ) ) ;
#2104 = EDGE_CURVE ( 'NONE', #416, #2592, #757, .T. ) ;
#2105 = VECTOR ( 'NONE', #1961, 1000.000000000000000 ) ;
#2106 = CARTESIAN_POINT ( 'NONE',  ( 70.00000000000001421, 19.00000000000000000, -45.50000000000000000 ) ) ;
#2107 = ORIENTED_EDGE ( 'NONE', *, *, #689, .F. ) ;
#2108 = ORIENTED_EDGE ( 'NONE', *, *, #3196, .F. ) ;
#2109 = LINE ( 'NONE', #2383, #3236 ) ;
#2110 = CYLINDRICAL_SURFACE ( 'NONE', #2000, 25.00000000000001421 ) ;
#2111 = CARTESIAN_POINT ( 'NONE',  ( 76.00000000000004263, 9.000000000000000000, 41.49999999999999289 ) ) ;
#2112 = DIRECTION ( 'NONE',  ( 0.000000000000000000, 1.000000000000000000, 0.000000000000000000 ) ) ;
#2113 = DIRECTION ( 'NONE',  ( -1.000000000000000000, 0.000000000000000000, -0.000000000000000000 ) ) ;
#2114 = ORIENTED_EDGE ( 'NONE', *, *, #3359, .F. ) ;
#2115 = ORIENTED_EDGE ( 'NONE', *, *, #3196, .T. ) ;
#2116 = DIRECTION ( 'NONE',  ( 0.000000000000000000, 1.000000000000000000, 0.000000000000000000 ) ) ;
#2117 = CIRCLE ( 'NONE', #1383, 25.00000000000001421 ) ;
#2118 = ORIENTED_EDGE ( 'NONE', *, *, #2632, .T. ) ;
#2119 = ADVANCED_FACE ( 'NONE', ( #1003 ), #1304, .F. ) ;
#2120 = DIRECTION ( 'NONE',  ( 0.000000000000000000, 0.000000000000000000, -1.000000000000000000 ) ) ;
#2121 = CIRCLE ( 'NONE', #1036, 1.600000000000004086 ) ;
#2122 = DIRECTION ( 'NONE',  ( -0.000000000000000000, 1.000000000000000000, -0.000000000000000000 ) ) ;
#2123 = ORIENTED_EDGE ( 'NONE', *, *, #2357, .F. ) ;
#2124 = VECTOR ( 'NONE', #3492, 1000.000000000000000 ) ;
#2125 = ORIENTED_EDGE ( 'NONE', *, *, #482, .F. ) ;
#2126 = CARTESIAN_POINT ( 'NONE',  ( 35.00000000000000000, 0.000000000000000000, -55.00000000000005684 ) ) ;
#2127 = DIRECTION ( 'NONE',  ( -1.000000000000000000, 0.000000000000000000, 0.000000000000000000 ) ) ;
#2128 = EDGE_CURVE ( 'NONE', #1840, #23, #2074, .T. ) ;
#2129 = EDGE_CURVE ( 'NONE', #928, #3404, #3509, .T. ) ;
#2130 = DIRECTION ( 'NONE',  ( -0.000000000000000000, -1.000000000000000000, -0.000000000000000000 ) ) ;
#2131 = CARTESIAN_POINT ( 'NONE',  ( 7.500000000000009770, 19.00000000000000000, 46.50000000000000000 ) ) ;
#2132 = EDGE_CURVE ( 'NONE', #148, #2029, #3010, .T. ) ;
#2133 = DIRECTION ( 'NONE',  ( 0.000000000000000000, 0.000000000000000000, -1.000000000000000000 ) ) ;
#2134 = EDGE_LOOP ( 'NONE', ( #2108, #821, #284, #1218 ) ) ;
#2135 = ORIENTED_EDGE ( 'NONE', *, *, #2442, .F. ) ;
#2136 = EDGE_CURVE ( 'NONE', #1781, #2563, #843, .T. ) ;
#2137 = AXIS2_PLACEMENT_3D ( 'NONE', #2341, #150, #3425 ) ;
#2138 = CARTESIAN_POINT ( 'NONE',  ( 10.99999999999999467, 9.000000000000000000, -51.50000000000000000 ) ) ;
#2139 = EDGE_LOOP ( 'NONE', ( #3075, #2353, #570, #2665 ) ) ;
#2140 = CIRCLE ( 'NONE', #2194, 1.600000000000004086 ) ;
#2141 = CARTESIAN_POINT ( 'NONE',  ( -75.00000000000000000, 9.000000000000000000, 42.50000000000000000 ) ) ;
#2142 = DIRECTION ( 'NONE',  ( 0.000000000000000000, 0.000000000000000000, 1.000000000000000000 ) ) ;
#2143 = AXIS2_PLACEMENT_3D ( 'NONE', #230, #3045, #2422 ) ;
#2144 = ORIENTED_EDGE ( 'NONE', *, *, #3490, .T. ) ;
#2145 = ORIENTED_EDGE ( 'NONE', *, *, #1761, .F. ) ;
#2146 = FACE_OUTER_BOUND ( 'NONE', #1364, .T. ) ;
#2147 = DIRECTION ( 'NONE',  ( 1.000000000000000000, 0.000000000000000000, 0.000000000000000000 ) ) ;
#2148 = CARTESIAN_POINT ( 'NONE',  ( -19.00000000000001776, 19.00000000000000000, 48.50000000000000711 ) ) ;
#2149 = ORIENTED_EDGE ( 'NONE', *, *, #1729, .F. ) ;
#2150 = DIRECTION ( 'NONE',  ( 1.067522139062651164E-16, 0.000000000000000000, -1.000000000000000000 ) ) ;
#2151 = AXIS2_PLACEMENT_3D ( 'NONE', #523, #2186, #1095 ) ;
#2152 = EDGE_CURVE ( 'NONE', #2268, #2090, #2491, .T. ) ;
#2153 = CARTESIAN_POINT ( 'NONE',  ( 2.500000000000013323, 9.000000000000000000, 50.50000000000000000 ) ) ;
#2154 = ORIENTED_EDGE ( 'NONE', *, *, #2245, .F. ) ;
#2155 = DIRECTION ( 'NONE',  ( 0.000000000000000000, -1.000000000000000000, 0.000000000000000000 ) ) ;
#2156 = ORIENTED_EDGE ( 'NONE', *, *, #1778, .F. ) ;
#2157 = CARTESIAN_POINT ( 'NONE',  ( 71.00000000000002842, 19.00000000000000000, -45.50000000000000000 ) ) ;
#2158 = CARTESIAN_POINT ( 'NONE',  ( 45.00000000000000711, 9.000000000000000000, -90.00000000000009948 ) ) ;
#2159 = ORIENTED_EDGE ( 'NONE', *, *, #1798, .T. ) ;
#2160 = ORIENTED_EDGE ( 'NONE', *, *, #957, .F. ) ;
#2161 = AXIS2_PLACEMENT_3D ( 'NONE', #3495, #70, #159 ) ;
#2162 = CARTESIAN_POINT ( 'NONE',  ( 45.00000000000002842, 0.000000000000000000, 65.00000000000002842 ) ) ;
#2163 = CARTESIAN_POINT ( 'NONE',  ( -79.99999999999974420, 0.000000000000000000, 63.40000000000001279 ) ) ;
#2164 = EDGE_CURVE ( 'NONE', #2519, #3340, #283, .T. ) ;
#2165 = DIRECTION ( 'NONE',  ( 1.000000000000000000, 0.000000000000000000, 0.000000000000000000 ) ) ;
#2166 = EDGE_CURVE ( 'NONE', #3006, #2065, #1911, .T. ) ;
#2167 = DIRECTION ( 'NONE',  ( -0.000000000000000000, -1.000000000000000000, -0.000000000000000000 ) ) ;
#2168 = CARTESIAN_POINT ( 'NONE',  ( 11.50000000000001243, 19.00000000000000000, 51.50000000000000711 ) ) ;
#2169 = LINE ( 'NONE', #1899, #554 ) ;
#2170 = ORIENTED_EDGE ( 'NONE', *, *, #3181, .T. ) ;
#2171 = EDGE_CURVE ( 'NONE', #2065, #1346, #1676, .T. ) ;
#2172 = EDGE_CURVE ( 'NONE', #1346, #2666, #1946, .T. ) ;
#2173 = CARTESIAN_POINT ( 'NONE',  ( -81.00000000000001421, 19.00000000000000000, -38.49999999999999289 ) ) ;
#2174 = DIRECTION ( 'NONE',  ( -0.000000000000000000, -1.000000000000000000, -0.000000000000000000 ) ) ;
#2175 = VECTOR ( 'NONE', #738, 1000.000000000000000 ) ;
#2176 = FACE_BOUND ( 'NONE', #345, .T. ) ;
#2177 = ORIENTED_EDGE ( 'NONE', *, *, #3018, .T. ) ;
#2178 = ORIENTED_EDGE ( 'NONE', *, *, #69, .T. ) ;
#2179 = DIRECTION ( 'NONE',  ( 0.000000000000000000, 1.000000000000000000, -0.000000000000000000 ) ) ;
#2180 = DIRECTION ( 'NONE',  ( 0.000000000000000000, 0.000000000000000000, 1.000000000000000000 ) ) ;
#2181 = LINE ( 'NONE', #2492, #2888 ) ;
#2182 = VECTOR ( 'NONE', #275, 1000.000000000000000 ) ;
#2183 = CARTESIAN_POINT ( 'NONE',  ( 7.500000000000011546, 9.000000000000000000, 45.50000000000000000 ) ) ;
#2184 = DIRECTION ( 'NONE',  ( -0.000000000000000000, 1.000000000000000000, -0.000000000000000000 ) ) ;
#2185 = EDGE_CURVE ( 'NONE', #433, #2681, #1373, .T. ) ;
#2186 = DIRECTION ( 'NONE',  ( 0.000000000000000000, -1.000000000000000000, 0.000000000000000000 ) ) ;
#2187 = ORIENTED_EDGE ( 'NONE', *, *, #3510, .T. ) ;
#2188 = CARTESIAN_POINT ( 'NONE',  ( 1.999999999999991340, 19.00000000000000000, -51.50000000000000000 ) ) ;
#2189 = DIRECTION ( 'NONE',  ( 0.000000000000000000, 0.000000000000000000, -1.000000000000000000 ) ) ;
#2190 = EDGE_CURVE ( 'NONE', #1760, #2522, #2181, .T. ) ;
#2191 = VECTOR ( 'NONE', #1895, 1000.000000000000000 ) ;
#2192 = CARTESIAN_POINT ( 'NONE',  ( -14.00000000000001243, 9.000000000000000000, 38.50000000000000000 ) ) ;
#2193 = ORIENTED_EDGE ( 'NONE', *, *, #1791, .F. ) ;
#2194 = AXIS2_PLACEMENT_3D ( 'NONE', #2886, #3482, #1523 ) ;
#2195 = EDGE_LOOP ( 'NONE', ( #3241, #2523, #844, #2333 ) ) ;
#2196 = CARTESIAN_POINT ( 'NONE',  ( -64.99999999999975842, 0.000000000000000000, 90.00000000000005684 ) ) ;
#2197 = CARTESIAN_POINT ( 'NONE',  ( 0.9999999999999920064, 9.000000000000000000, -50.49999999999999289 ) ) ;
#2198 = AXIS2_PLACEMENT_3D ( 'NONE', #2633, #3168, #1089 ) ;
#2199 = DIRECTION ( 'NONE',  ( 0.000000000000000000, -1.000000000000000000, -0.000000000000000000 ) ) ;
#2200 = ORIENTED_EDGE ( 'NONE', *, *, #689, .T. ) ;
#2201 = MECHANICAL_DESIGN_GEOMETRIC_PRESENTATION_REPRESENTATION (  '', ( #3004 ), #2299 ) ;
#2202 = LINE ( 'NONE', #1966, #186 ) ;
#2203 = CARTESIAN_POINT ( 'NONE',  ( 45.00000000000000711, 0.000000000000000000, -90.00000000000009948 ) ) ;
#2204 = CARTESIAN_POINT ( 'NONE',  ( 75.00000000000001421, 9.000000000000000000, -51.50000000000006395 ) ) ;
#2205 = EDGE_LOOP ( 'NONE', ( #2926, #3184, #1831, #2962 ) ) ;
#2206 = AXIS2_PLACEMENT_3D ( 'NONE', #2989, #1877, #517 ) ;
#2207 = ADVANCED_FACE ( 'NONE', ( #559 ), #1627, .F. ) ;
#2208 = CARTESIAN_POINT ( 'NONE',  ( -71.00000000000001421, 19.00000000000000000, -48.50000000000000711 ) ) ;
#2209 = ORIENTED_EDGE ( 'NONE', *, *, #2694, .F. ) ;
#2210 = VECTOR ( 'NONE', #1880, 1000.000000000000000 ) ;
#2211 = CARTESIAN_POINT ( 'NONE',  ( 64.99999999999975842, 0.000000000000000000, -90.00000000000007105 ) ) ;
#2212 = CARTESIAN_POINT ( 'NONE',  ( 64.99999999999975842, 9.000000000000000000, -64.99999999999988631 ) ) ;
#2213 = ORIENTED_EDGE ( 'NONE', *, *, #3415, .F. ) ;
#2214 = ORIENTED_EDGE ( 'NONE', *, *, #105, .F. ) ;
#2215 = EDGE_CURVE ( 'NONE', #2737, #1796, #860, .T. ) ;
#2216 = DIRECTION ( 'NONE',  ( -1.000000000000000000, -0.000000000000000000, 1.541976423090495387E-16 ) ) ;
#2217 = CARTESIAN_POINT ( 'NONE',  ( -75.00000000000001421, 19.00000000000000000, -43.50000000000000711 ) ) ;
#2218 = DIRECTION ( 'NONE',  ( -0.000000000000000000, -1.000000000000000000, -0.000000000000000000 ) ) ;
#2219 = ORIENTED_EDGE ( 'NONE', *, *, #596, .T. ) ;
#2220 = LINE ( 'NONE', #3257, #1507 ) ;
#2221 = DIRECTION ( 'NONE',  ( -0.000000000000000000, 1.000000000000000000, 0.000000000000000000 ) ) ;
#2222 = AXIS2_PLACEMENT_3D ( 'NONE', #2808, #2843, #1479 ) ;
#2223 = ORIENTED_EDGE ( 'NONE', *, *, #3426, .T. ) ;
#2224 = VECTOR ( 'NONE', #36, 1000.000000000000000 ) ;
#2225 = CARTESIAN_POINT ( 'NONE',  ( -44.99999999999997158, 0.000000000000000000, 65.00000000000004263 ) ) ;
#2226 = EDGE_CURVE ( 'NONE', #1788, #2613, #3240, .T. ) ;
#2227 = PLANE ( 'NONE',  #2685 ) ;
#2228 = CARTESIAN_POINT ( 'NONE',  ( 90.00000000000001421, 0.000000000000000000, -64.99999999999988631 ) ) ;
#2229 = VERTEX_POINT ( 'NONE', #26 ) ;
#2230 = ADVANCED_FACE ( 'NONE', ( #1609 ), #2758, .F. ) ;
#2231 = EDGE_LOOP ( 'NONE', ( #2527, #2187, #1583, #1794 ) ) ;
#2232 = CARTESIAN_POINT ( 'NONE',  ( 64.99999999999975842, 0.000000000000000000, -64.99999999999988631 ) ) ;
#2233 = LINE ( 'NONE', #2163, #3430 ) ;
#2234 = LINE ( 'NONE', #3323, #1342 ) ;
#2235 = EDGE_LOOP ( 'NONE', ( #3454, #1395, #744, #2704 ) ) ;
#2236 = DIRECTION ( 'NONE',  ( -0.000000000000000000, -1.000000000000000000, -0.000000000000000000 ) ) ;
#2237 = DIRECTION ( 'NONE',  ( -0.000000000000000000, 1.000000000000000000, -0.000000000000000000 ) ) ;
#2238 = ADVANCED_FACE ( 'NONE', ( #825 ), #1893, .F. ) ;
#2239 = VECTOR ( 'NONE', #3178, 1000.000000000000000 ) ;
#2240 = FACE_OUTER_BOUND ( 'NONE', #3234, .T. ) ;
#2241 = EDGE_CURVE ( 'NONE', #1886, #2519, #592, .T. ) ;
#2242 = CARTESIAN_POINT ( 'NONE',  ( -19.00000000000001776, 9.000000000000000000, -48.50000000000000711 ) ) ;
#2243 = EDGE_LOOP ( 'NONE', ( #2178, #1823, #2145, #3299 ) ) ;
#2244 = ORIENTED_EDGE ( 'NONE', *, *, #3415, .T. ) ;
#2245 = EDGE_CURVE ( 'NONE', #2755, #1276, #2438, .T. ) ;
#2246 = CARTESIAN_POINT ( 'NONE',  ( -76.00000000000001421, 19.00000000000000000, -38.49999999999999289 ) ) ;
#2247 = ORIENTED_EDGE ( 'NONE', *, *, #2746, .T. ) ;
#2248 = EDGE_LOOP ( 'NONE', ( #2118, #5, #3089, #1699 ) ) ;
#2249 = CARTESIAN_POINT ( 'NONE',  ( 75.00000000000002842, 9.000000000000000000, -50.50000000000006395 ) ) ;
#2250 = CARTESIAN_POINT ( 'NONE',  ( -9.000000000000007105, 19.00000000000000000, -47.50000000000000711 ) ) ;
#2251 = CARTESIAN_POINT ( 'NONE',  ( -81.00000000000000000, 19.00000000000000000, 47.50000000000001421 ) ) ;
#2252 = AXIS2_PLACEMENT_3D ( 'NONE', #3290, #3307, #3025 ) ;
#2253 = ORIENTED_EDGE ( 'NONE', *, *, #1115, .F. ) ;
#2254 = CARTESIAN_POINT ( 'NONE',  ( -64.99999999999975842, 9.000000000000000000, -90.00000000000007105 ) ) ;
#2255 = VECTOR ( 'NONE', #3151, 1000.000000000000000 ) ;
#2256 = CARTESIAN_POINT ( 'NONE',  ( 35.00000000000001421, 9.000000000000000000, 65.00000000000002842 ) ) ;
#2257 = CIRCLE ( 'NONE', #2716, 1.000000000000000888 ) ;
#2258 = EDGE_CURVE ( 'NONE', #1595, #3472, #1340, .T. ) ;
#2259 = DIRECTION ( 'NONE',  ( 0.000000000000000000, 1.000000000000000000, 0.000000000000000000 ) ) ;
#2260 = ORIENTED_EDGE ( 'NONE', *, *, #2802, .T. ) ;
#2261 = VECTOR ( 'NONE', #876, 1000.000000000000000 ) ;
#2262 = ORIENTED_EDGE ( 'NONE', *, *, #2467, .F. ) ;
#2263 = PRODUCT_DEFINITION_FORMATION_WITH_SPECIFIED_SOURCE ( 'ANY', '', #2606, .NOT_KNOWN. ) ;
#2264 = PLANE ( 'NONE',  #447 ) ;
#2265 = CIRCLE ( 'NONE', #1635, 1.000000000000000888 ) ;
#2266 = VECTOR ( 'NONE', #1378, 1000.000000000000000 ) ;
#2267 = PLANE ( 'NONE',  #760 ) ;
#2268 = VERTEX_POINT ( 'NONE', #2723 ) ;
#2269 = ORIENTED_EDGE ( 'NONE', *, *, #1175, .F. ) ;
#2270 = PLANE ( 'NONE',  #2608 ) ;
#2271 = CARTESIAN_POINT ( 'NONE',  ( 7.500000000000011546, 19.00000000000000000, 45.50000000000000000 ) ) ;
#2272 = CARTESIAN_POINT ( 'NONE',  ( 76.00000000000004263, 9.000000000000000000, 51.50000000000000000 ) ) ;
#2273 = DIRECTION ( 'NONE',  ( -0.000000000000000000, 1.000000000000000000, -0.000000000000000000 ) ) ;
#2274 = EDGE_LOOP ( 'NONE', ( #2453, #3230, #796, #506 ) ) ;
#2275 = ADVANCED_FACE ( 'NONE', ( #268 ), #2458, .F. ) ;
#2276 = CARTESIAN_POINT ( 'NONE',  ( -76.00000000000001421, 9.000000000000000000, -38.49999999999999289 ) ) ;
#2277 = DIRECTION ( 'NONE',  ( 0.000000000000000000, 1.000000000000000000, 0.000000000000000000 ) ) ;
#2278 = CARTESIAN_POINT ( 'NONE',  ( -9.000000000000007105, 19.00000000000000000, -47.50000000000000711 ) ) ;
#2279 = EDGE_CURVE ( 'NONE', #3423, #3256, #3093, .T. ) ;
#2280 = CIRCLE ( 'NONE', #2397, 1.000000000000000888 ) ;
#2281 = ADVANCED_FACE ( 'NONE', ( #1467 ), #1481, .F. ) ;
#2282 = CARTESIAN_POINT ( 'NONE',  ( -34.99999999999997158, 9.000000000000000000, 65.00000000000004263 ) ) ;
#2283 = ORIENTED_EDGE ( 'NONE', *, *, #1473, .T. ) ;
#2284 = EDGE_CURVE ( 'NONE', #1815, #2268, #79, .T. ) ;
#2285 = DIRECTION ( 'NONE',  ( 0.000000000000000000, 0.000000000000000000, -1.000000000000000000 ) ) ;
#2286 = ORIENTED_EDGE ( 'NONE', *, *, #338, .F. ) ;
#2287 = LINE ( 'NONE', #2030, #3177 ) ;
#2288 = LINE ( 'NONE', #2250, #1109 ) ;
#2289 = EDGE_CURVE ( 'NONE', #2229, #574, #1751, .T. ) ;
#2290 = CARTESIAN_POINT ( 'NONE',  ( -80.00000000000001421, 9.000000000000000000, -47.50000000000000711 ) ) ;
#2291 = DIRECTION ( 'NONE',  ( 0.000000000000000000, 0.000000000000000000, -1.000000000000000000 ) ) ;
#2292 = EDGE_LOOP ( 'NONE', ( #123, #3304, #2154, #613 ) ) ;
#2293 = ORIENTED_EDGE ( 'NONE', *, *, #85, .T. ) ;
#2294 = CARTESIAN_POINT ( 'NONE',  ( 76.00000000000002842, 19.00000000000000000, -50.50000000000006395 ) ) ;
#2295 = VECTOR ( 'NONE', #3414, 1000.000000000000000 ) ;
#2296 = DIRECTION ( 'NONE',  ( 1.000000000000000000, -0.000000000000000000, -0.000000000000000000 ) ) ;
#2297 = PLANE ( 'NONE',  #3156 ) ;
#2298 = ORIENTED_EDGE ( 'NONE', *, *, #2284, .F. ) ;
#2299 =( GEOMETRIC_REPRESENTATION_CONTEXT ( 3 ) GLOBAL_UNCERTAINTY_ASSIGNED_CONTEXT ( ( #466 ) ) GLOBAL_UNIT_ASSIGNED_CONTEXT ( ( #90, #1151, #1136 ) ) REPRESENTATION_CONTEXT ( 'NONE', 'WORKASPACE' ) );
#2300 = DIRECTION ( 'NONE',  ( -0.000000000000000000, -0.000000000000000000, 1.000000000000000000 ) ) ;
#2301 = ORIENTED_EDGE ( 'NONE', *, *, #2777, .T. ) ;
#2302 = CARTESIAN_POINT ( 'NONE',  ( 76.00000000000004263, 19.00000000000000000, 41.49999999999999289 ) ) ;
#2303 = CARTESIAN_POINT ( 'NONE',  ( -14.00000000000001243, 19.00000000000000000, 43.50000000000000711 ) ) ;
#2304 = DIRECTION ( 'NONE',  ( 0.000000000000000000, 0.000000000000000000, 1.000000000000000000 ) ) ;
#2305 = PLANE ( 'NONE',  #434 ) ;
#2306 = VERTEX_POINT ( 'NONE', #3392 ) ;
#2307 = ORIENTED_EDGE ( 'NONE', *, *, #255, .T. ) ;
#2308 = DIRECTION ( 'NONE',  ( -0.000000000000000000, -1.000000000000000000, -0.000000000000000000 ) ) ;
#2309 = DIRECTION ( 'NONE',  ( 1.982541115402065110E-16, 0.000000000000000000, -1.000000000000000000 ) ) ;
#2310 = CIRCLE ( 'NONE', #3105, 1.600000000000004086 ) ;
#2311 = FACE_OUTER_BOUND ( 'NONE', #154, .T. ) ;
#2312 = VECTOR ( 'NONE', #3449, 1000.000000000000000 ) ;
#2313 = VECTOR ( 'NONE', #2826, 1000.000000000000000 ) ;
#2314 = DIRECTION ( 'NONE',  ( 0.000000000000000000, 0.000000000000000000, -1.000000000000000000 ) ) ;
#2315 = ORIENTED_EDGE ( 'NONE', *, *, #227, .T. ) ;
#2316 = EDGE_CURVE ( 'NONE', #971, #3063, #3128, .T. ) ;
#2317 = DIRECTION ( 'NONE',  ( -0.000000000000000000, 1.000000000000000000, -0.000000000000000000 ) ) ;
#2318 = ADVANCED_FACE ( 'NONE', ( #1983 ), #3344, .F. ) ;
#2319 = CARTESIAN_POINT ( 'NONE',  ( -14.00000000000001243, 19.00000000000000000, -42.50000000000000000 ) ) ;
#2320 = VECTOR ( 'NONE', #1000, 1000.000000000000000 ) ;
#2321 = CIRCLE ( 'NONE', #1522, 25.00000000000021672 ) ;
#2322 = DIRECTION ( 'NONE',  ( 0.000000000000000000, 0.000000000000000000, -1.000000000000000000 ) ) ;
#2323 = DIRECTION ( 'NONE',  ( 0.000000000000000000, 0.000000000000000000, 1.000000000000000000 ) ) ;
#2324 = LINE ( 'NONE', #3014, #3517 ) ;
#2325 = ORIENTED_EDGE ( 'NONE', *, *, #1226, .F. ) ;
#2326 = EDGE_CURVE ( 'NONE', #3027, #2613, #943, .T. ) ;
#2327 = ORIENTED_EDGE ( 'NONE', *, *, #1703, .F. ) ;
#2328 = CARTESIAN_POINT ( 'NONE',  ( 70.00000000000002842, 9.000000000000000000, 46.50000000000000000 ) ) ;
#2329 = CARTESIAN_POINT ( 'NONE',  ( 70.00000000000002842, 19.00000000000000000, 45.50000000000000000 ) ) ;
#2330 = LINE ( 'NONE', #2902, #2998 ) ;
#2331 = CARTESIAN_POINT ( 'NONE',  ( -79.99999999999975842, 9.000000000000000000, -63.39999999999988489 ) ) ;
#2332 = CARTESIAN_POINT ( 'NONE',  ( -75.00000000000000000, 19.00000000000000000, 42.50000000000000000 ) ) ;
#2333 = ORIENTED_EDGE ( 'NONE', *, *, #338, .T. ) ;
#2334 = ORIENTED_EDGE ( 'NONE', *, *, #40, .T. ) ;
#2335 = VERTEX_POINT ( 'NONE', #2811 ) ;
#2336 = FACE_OUTER_BOUND ( 'NONE', #1723, .T. ) ;
#2337 = EDGE_CURVE ( 'NONE', #2417, #1449, #44, .T. ) ;
#2338 = VERTEX_POINT ( 'NONE', #910 ) ;
#2339 = ADVANCED_FACE ( 'NONE', ( #94 ), #2012, .F. ) ;
#2340 = FACE_OUTER_BOUND ( 'NONE', #2344, .T. ) ;
#2341 = CARTESIAN_POINT ( 'NONE',  ( -9.999999999999996447, 19.00000000000000000, 47.50000000000000711 ) ) ;
#2342 = CARTESIAN_POINT ( 'NONE',  ( -34.99999999999997158, 0.000000000000000000, 65.00000000000004263 ) ) ;
#2343 = CIRCLE ( 'NONE', #2800, 1.000000000000000888 ) ;
#2344 = EDGE_LOOP ( 'NONE', ( #1306, #809, #242, #2864 ) ) ;
#2345 = ORIENTED_EDGE ( 'NONE', *, *, #119, .T. ) ;
#2346 = ORIENTED_EDGE ( 'NONE', *, *, #365, .T. ) ;
#2347 = PLANE ( 'NONE',  #1260 ) ;
#2348 = CARTESIAN_POINT ( 'NONE',  ( 76.00000000000002842, 9.000000000000000000, -41.50000000000000000 ) ) ;
#2349 = DIRECTION ( 'NONE',  ( -1.000000000000000000, 0.000000000000000000, 3.965082230804129234E-16 ) ) ;
#2350 = AXIS2_PLACEMENT_3D ( 'NONE', #3239, #1321, #3166 ) ;
#2351 = CARTESIAN_POINT ( 'NONE',  ( 6.500000000000011546, 9.000000000000000000, 45.50000000000000000 ) ) ;
#2352 = EDGE_LOOP ( 'NONE', ( #3463, #1744, #1588, #629 ) ) ;
#2353 = ORIENTED_EDGE ( 'NONE', *, *, #1721, .T. ) ;
#2354 = VECTOR ( 'NONE', #1940, 1000.000000000000000 ) ;
#2355 = DIRECTION ( 'NONE',  ( 0.000000000000000000, 0.000000000000000000, 1.000000000000000000 ) ) ;
#2356 = EDGE_LOOP ( 'NONE', ( #1258, #838, #2933, #461 ) ) ;
#2357 = EDGE_CURVE ( 'NONE', #3385, #2872, #3376, .T. ) ;
#2358 = AXIS2_PLACEMENT_3D ( 'NONE', #16, #2025, #3137 ) ;
#2359 = PLANE ( 'NONE',  #218 ) ;
#2360 = APPLICATION_CONTEXT ( 'automotive_design' ) ;
#2361 = DIRECTION ( 'NONE',  ( -6.938893903907227392E-16, 0.000000000000000000, -1.000000000000000000 ) ) ;
#2362 = ORIENTED_EDGE ( 'NONE', *, *, #1908, .T. ) ;
#2363 = VERTEX_POINT ( 'NONE', #2251 ) ;
#2364 = ORIENTED_EDGE ( 'NONE', *, *, #1092, .T. ) ;
#2365 = CYLINDRICAL_SURFACE ( 'NONE', #346, 1.600000000000004086 ) ;
#2366 = EDGE_CURVE ( 'NONE', #1672, #3498, #2234, .T. ) ;
#2367 = CARTESIAN_POINT ( 'NONE',  ( -71.00000000000001421, 19.00000000000000000, -43.50000000000001421 ) ) ;
#2368 = LINE ( 'NONE', #1291, #670 ) ;
#2369 = LINE ( 'NONE', #2041, #2873 ) ;
#2370 = CIRCLE ( 'NONE', #1967, 9.999999999999994671 ) ;
#2371 = VERTEX_POINT ( 'NONE', #3079 ) ;
#2372 = ORIENTED_EDGE ( 'NONE', *, *, #3426, .F. ) ;
#2373 = EDGE_CURVE ( 'NONE', #1041, #1657, #1284, .T. ) ;
#2374 = VECTOR ( 'NONE', #792, 1000.000000000000000 ) ;
#2375 = CARTESIAN_POINT ( 'NONE',  ( 76.00000000000002842, 9.000000000000000000, -51.50000000000007105 ) ) ;
#2376 = ORIENTED_EDGE ( 'NONE', *, *, #797, .T. ) ;
#2377 = CIRCLE ( 'NONE', #2027, 1.600000000000004086 ) ;
#2378 = DIRECTION ( 'NONE',  ( 0.000000000000000000, 1.000000000000000000, 0.000000000000000000 ) ) ;
#2379 = DIRECTION ( 'NONE',  ( 0.000000000000000000, 1.000000000000000000, 0.000000000000000000 ) ) ;
#2380 = VERTEX_POINT ( 'NONE', #878 ) ;
#2381 = ORIENTED_EDGE ( 'NONE', *, *, #302, .T. ) ;
#2382 = VECTOR ( 'NONE', #3043, 1000.000000000000000 ) ;
#2383 = CARTESIAN_POINT ( 'NONE',  ( 11.50000000000001066, 19.00000000000000000, 46.50000000000000711 ) ) ;
#2384 = DIRECTION ( 'NONE',  ( 0.000000000000000000, 0.000000000000000000, -1.000000000000000000 ) ) ;
#2385 = DIRECTION ( 'NONE',  ( -1.000000000000000000, 0.000000000000000000, -0.000000000000000000 ) ) ;
#2386 = VERTEX_POINT ( 'NONE', #1176 ) ;
#2387 = AXIS2_PLACEMENT_3D ( 'NONE', #2725, #2221, #323 ) ;
#2388 = CARTESIAN_POINT ( 'NONE',  ( 6.500000000000011546, 9.000000000000000000, 45.50000000000000000 ) ) ;
#2389 = ADVANCED_FACE ( 'NONE', ( #1963 ), #3062, .F. ) ;
#2390 = CARTESIAN_POINT ( 'NONE',  ( 79.99999999999977263, 0.000000000000000000, 63.40000000000002700 ) ) ;
#2391 = ORIENTED_EDGE ( 'NONE', *, *, #2978, .T. ) ;
#2392 = ORIENTED_EDGE ( 'NONE', *, *, #2812, .T. ) ;
#2393 = CARTESIAN_POINT ( 'NONE',  ( -9.000000000000007105, 19.00000000000000000, -38.50000000000000000 ) ) ;
#2394 = ORIENTED_EDGE ( 'NONE', *, *, #761, .T. ) ;
#2395 = DIRECTION ( 'NONE',  ( 0.000000000000000000, 0.000000000000000000, -1.000000000000000000 ) ) ;
#2396 = ADVANCED_FACE ( 'NONE', ( #2544 ), #1698, .T. ) ;
#2397 = AXIS2_PLACEMENT_3D ( 'NONE', #2877, #1783, #3214 ) ;
#2398 = DIRECTION ( 'NONE',  ( -0.000000000000000000, 1.000000000000000000, -0.000000000000000000 ) ) ;
#2399 = ORIENTED_EDGE ( 'NONE', *, *, #3021, .T. ) ;
#2400 = EDGE_LOOP ( 'NONE', ( #332, #769, #2733, #2934 ) ) ;
#2401 = EDGE_CURVE ( 'NONE', #1796, #289, #194, .T. ) ;
#2402 = ORIENTED_EDGE ( 'NONE', *, *, #2021, .F. ) ;
#2403 = CARTESIAN_POINT ( 'NONE',  ( -81.00000000000000000, 9.000000000000000000, 47.50000000000001421 ) ) ;
#2404 = CARTESIAN_POINT ( 'NONE',  ( 66.00000000000002842, 19.00000000000000000, 51.50000000000000000 ) ) ;
#2405 = EDGE_LOOP ( 'NONE', ( #3247, #3473, #1171, #2402, #361, #3412, #1947, #75 ) ) ;
#2406 = EDGE_CURVE ( 'NONE', #1310, #3413, #658, .T. ) ;
#2407 = CARTESIAN_POINT ( 'NONE',  ( -71.00000000000001421, 19.00000000000000000, 43.50000000000000711 ) ) ;
#2408 = DIRECTION ( 'NONE',  ( -0.000000000000000000, -1.000000000000000000, 0.000000000000000000 ) ) ;
#2409 = EDGE_LOOP ( 'NONE', ( #593, #870, #2394, #3541, #2392, #2115, #516, #1694 ) ) ;
#2410 = ORIENTED_EDGE ( 'NONE', *, *, #3278, .T. ) ;
#2411 = CARTESIAN_POINT ( 'NONE',  ( 34.99999999999999289, 9.000000000000000000, 55.00000000000003553 ) ) ;
#2412 = AXIS2_PLACEMENT_3D ( 'NONE', #1756, #3150, #391 ) ;
#2413 = ORIENTED_EDGE ( 'NONE', *, *, #35, .T. ) ;
#2414 = PLANE ( 'NONE',  #2161 ) ;
#2415 = CIRCLE ( 'NONE', #1492, 25.00000000000021672 ) ;
#2416 = DIRECTION ( 'NONE',  ( 0.000000000000000000, 1.000000000000000000, 0.000000000000000000 ) ) ;
#2417 = VERTEX_POINT ( 'NONE', #3411 ) ;
#2418 = VERTEX_POINT ( 'NONE', #751 ) ;
#2419 = ADVANCED_FACE ( 'NONE', ( #457 ), #1498, .F. ) ;
#2420 = CARTESIAN_POINT ( 'NONE',  ( 45.00000000000002132, 9.000000000000000000, 90.00000000000004263 ) ) ;
#2421 = DIRECTION ( 'NONE',  ( 1.301042606982604335E-16, 0.000000000000000000, 1.000000000000000000 ) ) ;
#2422 = DIRECTION ( 'NONE',  ( 0.000000000000000000, 0.000000000000000000, 1.000000000000000000 ) ) ;
#2423 = CARTESIAN_POINT ( 'NONE',  ( 79.99999999999977263, 9.000000000000000000, 63.40000000000002700 ) ) ;
#2424 = CARTESIAN_POINT ( 'NONE',  ( 71.00000000000002842, 19.00000000000000000, 41.50000000000000000 ) ) ;
#2425 = ORIENTED_EDGE ( 'NONE', *, *, #1084, .T. ) ;
#2426 = CIRCLE ( 'NONE', #712, 1.000000000000000888 ) ;
#2427 = DIRECTION ( 'NONE',  ( -0.000000000000000000, -0.000000000000000000, -1.000000000000000000 ) ) ;
#2428 = ORIENTED_EDGE ( 'NONE', *, *, #255, .F. ) ;
#2429 = EDGE_CURVE ( 'NONE', #1657, #1327, #2589, .T. ) ;
#2430 = AXIS2_PLACEMENT_3D ( 'NONE', #405, #3397, #685 ) ;
#2431 = CARTESIAN_POINT ( 'NONE',  ( 35.00000000000000000, 9.000000000000000000, -65.00000000000005684 ) ) ;
#2432 = DIRECTION ( 'NONE',  ( 0.000000000000000000, 0.000000000000000000, 1.000000000000000000 ) ) ;
#2433 = VERTEX_POINT ( 'NONE', #996 ) ;
#2434 = VERTEX_POINT ( 'NONE', #130 ) ;
#2435 = DIRECTION ( 'NONE',  ( 1.000000000000000000, -0.000000000000000000, -0.000000000000000000 ) ) ;
#2436 = CARTESIAN_POINT ( 'NONE',  ( 64.99999999999978684, 0.000000000000000000, 81.60000000000003695 ) ) ;
#2437 = EDGE_CURVE ( 'NONE', #3332, #673, #206, .T. ) ;
#2438 = LINE ( 'NONE', #3308, #426 ) ;
#2439 = EDGE_LOOP ( 'NONE', ( #3022, #3497, #267, #2576 ) ) ;
#2440 = CARTESIAN_POINT ( 'NONE',  ( 79.99999999999977263, 0.000000000000000000, 63.40000000000002700 ) ) ;
#2441 = FACE_OUTER_BOUND ( 'NONE', #2674, .T. ) ;
#2442 = EDGE_CURVE ( 'NONE', #2035, #1314, #474, .T. ) ;
#2443 = AXIS2_PLACEMENT_3D ( 'NONE', #1666, #2497, #30 ) ;
#2444 = VECTOR ( 'NONE', #3469, 1000.000000000000000 ) ;
#2445 = APPLICATION_PROTOCOL_DEFINITION ( 'draft international standard', 'automotive_design', 1998, #2360 ) ;
#2446 = CARTESIAN_POINT ( 'NONE',  ( -76.00000000000001421, 19.00000000000000000, -38.49999999999999289 ) ) ;
#2447 = VERTEX_POINT ( 'NONE', #1804 ) ;
#2448 = DIRECTION ( 'NONE',  ( 0.000000000000000000, 1.000000000000000000, 0.000000000000000000 ) ) ;
#2449 = ORIENTED_EDGE ( 'NONE', *, *, #1459, .T. ) ;
#2450 = CARTESIAN_POINT ( 'NONE',  ( 75.00000000000002842, 19.00000000000000000, -50.50000000000006395 ) ) ;
#2451 = DIRECTION ( 'NONE',  ( 0.000000000000000000, 0.000000000000000000, -1.000000000000000000 ) ) ;
#2452 = ORIENTED_EDGE ( 'NONE', *, *, #258, .F. ) ;
#2453 = ORIENTED_EDGE ( 'NONE', *, *, #309, .F. ) ;
#2454 = AXIS2_PLACEMENT_3D ( 'NONE', #256, #1102, #1350 ) ;
#2455 = CYLINDRICAL_SURFACE ( 'NONE', #492, 1.600000000000004086 ) ;
#2456 = CARTESIAN_POINT ( 'NONE',  ( -19.00000000000001776, 19.00000000000000000, 43.50000000000000711 ) ) ;
#2457 = EDGE_CURVE ( 'NONE', #727, #787, #3478, .T. ) ;
#2458 = CYLINDRICAL_SURFACE ( 'NONE', #3282, 1.600000000000004086 ) ;
#2459 = LINE ( 'NONE', #2440, #934 ) ;
#2460 = LINE ( 'NONE', #1094, #4 ) ;
#2461 = CYLINDRICAL_SURFACE ( 'NONE', #2151, 9.999999999999994671 ) ;
#2462 = EDGE_LOOP ( 'NONE', ( #314, #1867, #1587, #423 ) ) ;
#2463 = DIRECTION ( 'NONE',  ( -1.000000000000000000, -0.000000000000000000, -0.000000000000000000 ) ) ;
#2464 = DIRECTION ( 'NONE',  ( -0.000000000000000000, -1.000000000000000000, -0.000000000000000000 ) ) ;
#2465 = AXIS2_PLACEMENT_3D ( 'NONE', #3012, #1231, #1521 ) ;
#2466 = FACE_OUTER_BOUND ( 'NONE', #153, .T. ) ;
#2467 = EDGE_CURVE ( 'NONE', #1483, #279, #3001, .T. ) ;
#2468 = ORIENTED_EDGE ( 'NONE', *, *, #1312, .F. ) ;
#2469 = ORIENTED_EDGE ( 'NONE', *, *, #564, .F. ) ;
#2470 = CARTESIAN_POINT ( 'NONE',  ( 90.00000000000002842, 9.000000000000000000, 65.00000000000002842 ) ) ;
#2471 = DIRECTION ( 'NONE',  ( 0.000000000000000000, 1.000000000000000000, -0.000000000000000000 ) ) ;
#2472 = DIRECTION ( 'NONE',  ( 0.000000000000000000, -0.000000000000000000, 1.000000000000000000 ) ) ;
#2473 = AXIS2_PLACEMENT_3D ( 'NONE', #1313, #2155, #529 ) ;
#2474 = ORIENTED_EDGE ( 'NONE', *, *, #3393, .F. ) ;
#2475 = EDGE_CURVE ( 'NONE', #1040, #148, #1566, .T. ) ;
#2476 = CARTESIAN_POINT ( 'NONE',  ( 66.00000000000004263, 19.00000000000000000, -51.50000000000000000 ) ) ;
#2477 = CARTESIAN_POINT ( 'NONE',  ( -44.99999999999997158, 9.000000000000000000, 65.00000000000004263 ) ) ;
#2478 = AXIS2_PLACEMENT_3D ( 'NONE', #2256, #667, #2054 ) ;
#2479 = CARTESIAN_POINT ( 'NONE',  ( 35.00000000000001421, 0.000000000000000000, 65.00000000000002842 ) ) ;
#2480 = ORIENTED_EDGE ( 'NONE', *, *, #3284, .T. ) ;
#2481 = EDGE_CURVE ( 'NONE', #3526, #1041, #1534, .T. ) ;
#2482 = PLANE ( 'NONE',  #2358 ) ;
#2483 = CARTESIAN_POINT ( 'NONE',  ( 66.00000000000002842, 19.00000000000000000, 51.50000000000000000 ) ) ;
#2484 = AXIS2_PLACEMENT_3D ( 'NONE', #3061, #2471, #245 ) ;
#2485 = FACE_BOUND ( 'NONE', #468, .T. ) ;
#2486 = EDGE_LOOP ( 'NONE', ( #511, #2910, #134, #3292 ) ) ;
#2487 = VECTOR ( 'NONE', #2296, 1000.000000000000000 ) ;
#2488 = ORIENTED_EDGE ( 'NONE', *, *, #1263, .T. ) ;
#2489 = FACE_OUTER_BOUND ( 'NONE', #96, .T. ) ;
#2490 = FACE_OUTER_BOUND ( 'NONE', #2951, .T. ) ;
#2491 = CIRCLE ( 'NONE', #3339, 1.000000000000000888 ) ;
#2492 = CARTESIAN_POINT ( 'NONE',  ( -45.00000000000000711, 9.000000000000000000, -90.00000000000008527 ) ) ;
#2493 = ORIENTED_EDGE ( 'NONE', *, *, #463, .T. ) ;
#2494 = AXIS2_PLACEMENT_3D ( 'NONE', #3444, #2379, #3462 ) ;
#2495 = DIRECTION ( 'NONE',  ( 0.000000000000000000, 0.000000000000000000, 1.000000000000000000 ) ) ;
#2496 = DIRECTION ( 'NONE',  ( 0.000000000000000000, 1.000000000000000000, 0.000000000000000000 ) ) ;
#2497 = DIRECTION ( 'NONE',  ( -1.000000000000000000, 0.000000000000000000, 0.000000000000000000 ) ) ;
#2498 = ORIENTED_EDGE ( 'NONE', *, *, #494, .F. ) ;
#2499 = VECTOR ( 'NONE', #6, 1000.000000000000000 ) ;
#2500 = EDGE_CURVE ( 'NONE', #499, #3512, #960, .T. ) ;
#2501 = CARTESIAN_POINT ( 'NONE',  ( 64.99999999999978684, 9.000000000000000000, 78.40000000000001990 ) ) ;
#2502 = EDGE_LOOP ( 'NONE', ( #3080, #1341, #1519, #569 ) ) ;
#2503 = DIRECTION ( 'NONE',  ( -0.000000000000000000, -1.000000000000000000, -0.000000000000000000 ) ) ;
#2504 = DIRECTION ( 'NONE',  ( -0.000000000000000000, -1.000000000000000000, -0.000000000000000000 ) ) ;
#2505 = ORIENTED_EDGE ( 'NONE', *, *, #1761, .T. ) ;
#2506 = EDGE_LOOP ( 'NONE', ( #2062, #681, #1979, #3475 ) ) ;
#2507 = EDGE_CURVE ( 'NONE', #116, #2519, #2642, .T. ) ;
#2508 = DIRECTION ( 'NONE',  ( 0.000000000000000000, 0.000000000000000000, 1.000000000000000000 ) ) ;
#2509 = DIRECTION ( 'NONE',  ( 1.000000000000000000, 0.000000000000000000, -0.000000000000000000 ) ) ;
#2510 = CARTESIAN_POINT ( 'NONE',  ( -76.00000000000000000, 19.00000000000000000, 38.50000000000000000 ) ) ;
#2511 = ORIENTED_EDGE ( 'NONE', *, *, #2241, .T. ) ;
#2512 = EDGE_CURVE ( 'NONE', #2916, #2980, #979, .T. ) ;
#2513 = CARTESIAN_POINT ( 'NONE',  ( 70.00000000000001421, 19.00000000000000000, -45.50000000000000000 ) ) ;
#2514 = DIRECTION ( 'NONE',  ( -1.000000000000000000, 0.000000000000000000, 3.469446951953616654E-16 ) ) ;
#2515 = VECTOR ( 'NONE', #1244, 1000.000000000000000 ) ;
#2516 = EDGE_CURVE ( 'NONE', #2539, #389, #1264, .T. ) ;
#2517 = ORIENTED_EDGE ( 'NONE', *, *, #356, .T. ) ;
#2518 = FACE_OUTER_BOUND ( 'NONE', #990, .T. ) ;
#2519 = VERTEX_POINT ( 'NONE', #714 ) ;
#2520 = VERTEX_POINT ( 'NONE', #2086 ) ;
#2521 = FACE_OUTER_BOUND ( 'NONE', #3459, .T. ) ;
#2522 = VERTEX_POINT ( 'NONE', #151 ) ;
#2523 = ORIENTED_EDGE ( 'NONE', *, *, #65, .T. ) ;
#2524 = CARTESIAN_POINT ( 'NONE',  ( 79.99999999999975842, 9.000000000000000000, -66.59999999999989484 ) ) ;
#2525 = CARTESIAN_POINT ( 'NONE',  ( -90.00000000000000000, 0.000000000000000000, 65.00000000000002842 ) ) ;
#2526 = CARTESIAN_POINT ( 'NONE',  ( 64.99999999999975842, 9.000000000000000000, -79.99999999999988631 ) ) ;
#2527 = ORIENTED_EDGE ( 'NONE', *, *, #55, .T. ) ;
#2528 = EDGE_CURVE ( 'NONE', #3157, #3332, #3145, .T. ) ;
#2529 = LINE ( 'NONE', #615, #828 ) ;
#2530 = LINE ( 'NONE', #3050, #2727 ) ;
#2531 = VECTOR ( 'NONE', #2624, 1000.000000000000000 ) ;
#2532 = DIRECTION ( 'NONE',  ( 0.000000000000000000, 0.000000000000000000, 1.000000000000000000 ) ) ;
#2533 = VECTOR ( 'NONE', #2259, 1000.000000000000000 ) ;
#2534 = LINE ( 'NONE', #1133, #921 ) ;
#2535 = ORIENTED_EDGE ( 'NONE', *, *, #634, .T. ) ;
#2536 = DIRECTION ( 'NONE',  ( 1.000000000000000000, -0.000000000000000000, -0.000000000000000000 ) ) ;
#2537 = DIRECTION ( 'NONE',  ( 0.000000000000000000, 1.000000000000000000, -0.000000000000000000 ) ) ;
#2538 = EDGE_CURVE ( 'NONE', #2997, #355, #184, .T. ) ;
#2539 = VERTEX_POINT ( 'NONE', #1283 ) ;
#2540 = ORIENTED_EDGE ( 'NONE', *, *, #482, .T. ) ;
#2541 = LINE ( 'NONE', #1696, #2783 ) ;
#2542 = CARTESIAN_POINT ( 'NONE',  ( -64.99999999999975842, 0.000000000000000000, -90.00000000000007105 ) ) ;
#2543 = EDGE_CURVE ( 'NONE', #23, #3157, #487, .T. ) ;
#2544 = FACE_OUTER_BOUND ( 'NONE', #1508, .T. ) ;
#2545 = EDGE_LOOP ( 'NONE', ( #1580, #2381, #1439, #1066, #2898, #425, #771, #1212 ) ) ;
#2546 = AXIS2_PLACEMENT_3D ( 'NONE', #1142, #2561, #1715 ) ;
#2547 = DIRECTION ( 'NONE',  ( -0.000000000000000000, 1.000000000000000000, -0.000000000000000000 ) ) ;
#2548 = EDGE_CURVE ( 'NONE', #289, #1796, #21, .T. ) ;
#2549 = DIRECTION ( 'NONE',  ( 1.000000000000000000, 0.000000000000000000, -0.000000000000000000 ) ) ;
#2550 = AXIS2_PLACEMENT_3D ( 'NONE', #1977, #1708, #3302 ) ;
#2551 = ADVANCED_FACE ( 'NONE', ( #1015 ), #3200, .F. ) ;
#2552 = CARTESIAN_POINT ( 'NONE',  ( -75.00000000000001421, 9.000000000000000000, -43.50000000000000711 ) ) ;
#2553 = VERTEX_POINT ( 'NONE', #3249 ) ;
#2554 = CIRCLE ( 'NONE', #3405, 9.999999999999994671 ) ;
#2555 = ADVANCED_FACE ( 'NONE', ( #2753 ), #2969, .F. ) ;
#2556 = FACE_OUTER_BOUND ( 'NONE', #2439, .T. ) ;
#2557 = VECTOR ( 'NONE', #2150, 1000.000000000000000 ) ;
#2558 = ORIENTED_EDGE ( 'NONE', *, *, #1099, .T. ) ;
#2559 = CARTESIAN_POINT ( 'NONE',  ( -15.00000000000001421, 19.00000000000000000, 42.50000000000000000 ) ) ;
#2560 = DIRECTION ( 'NONE',  ( 0.000000000000000000, 0.000000000000000000, -1.000000000000000000 ) ) ;
#2561 = DIRECTION ( 'NONE',  ( 1.000000000000000000, 0.000000000000000000, 0.000000000000000000 ) ) ;
#2562 = CARTESIAN_POINT ( 'NONE',  ( -75.00000000000000000, 9.000000000000000000, 43.50000000000000711 ) ) ;
#2563 = VERTEX_POINT ( 'NONE', #1332 ) ;
#2564 = LINE ( 'NONE', #390, #3058 ) ;
#2565 = DIRECTION ( 'NONE',  ( 0.000000000000000000, 0.000000000000000000, -1.000000000000000000 ) ) ;
#2566 = DIRECTION ( 'NONE',  ( -0.000000000000000000, 1.000000000000000000, -0.000000000000000000 ) ) ;
#2567 = AXIS2_PLACEMENT_3D ( 'NONE', #2232, #3321, #2949 ) ;
#2568 = DIRECTION ( 'NONE',  ( -0.000000000000000000, 1.000000000000000000, -0.000000000000000000 ) ) ;
#2569 = ORIENTED_EDGE ( 'NONE', *, *, #2512, .F. ) ;
#2570 = PRESENTATION_STYLE_ASSIGNMENT (( #330 ) ) ;
#2571 = ORIENTED_EDGE ( 'NONE', *, *, #3350, .F. ) ;
#2572 = DIRECTION ( 'NONE',  ( 0.000000000000000000, 1.000000000000000000, 0.000000000000000000 ) ) ;
#2573 = PLANE ( 'NONE',  #1163 ) ;
#2574 = DIRECTION ( 'NONE',  ( 0.000000000000000000, 0.000000000000000000, 1.000000000000000000 ) ) ;
#2575 = LINE ( 'NONE', #926, #321 ) ;
#2576 = ORIENTED_EDGE ( 'NONE', *, *, #243, .T. ) ;
#2577 = EDGE_LOOP ( 'NONE', ( #1527, #1048, #350, #907, #2135, #260, #2992, #2102 ) ) ;
#2578 = PLANE ( 'NONE',  #2430 ) ;
#2579 = CARTESIAN_POINT ( 'NONE',  ( 1.999999999999991340, 9.000000000000000000, -51.50000000000000000 ) ) ;
#2580 = EDGE_CURVE ( 'NONE', #220, #68, #1854, .T. ) ;
#2581 = CYLINDRICAL_SURFACE ( 'NONE', #1727, 1.600000000000004086 ) ;
#2582 = ORIENTED_EDGE ( 'NONE', *, *, #2655, .F. ) ;
#2583 = AXIS2_PLACEMENT_3D ( 'NONE', #2059, #1793, #122 ) ;
#2584 = ADVANCED_FACE ( 'NONE', ( #514 ), #20, .F. ) ;
#2585 = FACE_OUTER_BOUND ( 'NONE', #515, .T. ) ;
#2586 = ORIENTED_EDGE ( 'NONE', *, *, #409, .F. ) ;
#2587 = CARTESIAN_POINT ( 'NONE',  ( 71.00000000000002842, 19.00000000000000000, -41.50000000000000000 ) ) ;
#2588 = CARTESIAN_POINT ( 'NONE',  ( 64.99999999999975842, 0.000000000000000000, -78.39999999999989200 ) ) ;
#2589 = LINE ( 'NONE', #2862, #2831 ) ;
#2590 = CARTESIAN_POINT ( 'NONE',  ( 35.00000000000001421, 9.000000000000000000, 55.00000000000003553 ) ) ;
#2591 = ORIENTED_EDGE ( 'NONE', *, *, #864, .F. ) ;
#2592 = VERTEX_POINT ( 'NONE', #836 ) ;
#2593 = CARTESIAN_POINT ( 'NONE',  ( 1.500000000000012657, 19.00000000000000000, 41.49999999999999289 ) ) ;
#2594 = PLANE ( 'NONE',  #2752 ) ;
#2595 = CIRCLE ( 'NONE', #2252, 1.600000000000004086 ) ;
#2596 = DIRECTION ( 'NONE',  ( 0.000000000000000000, -1.000000000000000000, 0.000000000000000000 ) ) ;
#2597 = AXIS2_PLACEMENT_3D ( 'NONE', #2648, #192, #1289 ) ;
#2598 = ADVANCED_FACE ( 'NONE', ( #1047 ), #2735, .F. ) ;
#2599 = AXIS2_PLACEMENT_3D ( 'NONE', #2794, #336, #1995 ) ;
#2600 = DIRECTION ( 'NONE',  ( 0.000000000000000000, 0.000000000000000000, -1.000000000000000000 ) ) ;
#2601 = ORIENTED_EDGE ( 'NONE', *, *, #3278, .F. ) ;
#2602 = ORIENTED_EDGE ( 'NONE', *, *, #2166, .T. ) ;
#2603 = EDGE_CURVE ( 'NONE', #279, #1483, #2377, .T. ) ;
#2604 = DIRECTION ( 'NONE',  ( 0.000000000000000000, -1.000000000000000000, 0.000000000000000000 ) ) ;
#2605 = ORIENTED_EDGE ( 'NONE', *, *, #791, .F. ) ;
#2606 = PRODUCT ( 'plate3', 'plate3', '', ( #3032 ) ) ;
#2607 = LINE ( 'NONE', #149, #2043 ) ;
#2608 = AXIS2_PLACEMENT_3D ( 'NONE', #1713, #334, #3060 ) ;
#2609 = CIRCLE ( 'NONE', #84, 25.00000000000021672 ) ;
#2610 = CARTESIAN_POINT ( 'NONE',  ( -14.00000000000001243, 19.00000000000000000, -38.50000000000000000 ) ) ;
#2611 = CARTESIAN_POINT ( 'NONE',  ( 64.99999999999978684, 0.000000000000000000, 80.00000000000002842 ) ) ;
#2612 = ADVANCED_FACE ( 'NONE', ( #2176, #1367, #1388, #820, #1103, #1640, #3529, #1065, #2485, #1873, #3285, #3266, #2466, #768, #2, #1119, #3233 ), #3003, .F. ) ;
#2613 = VERTEX_POINT ( 'NONE', #803 ) ;
#2614 = VERTEX_POINT ( 'NONE', #2158 ) ;
#2615 = CARTESIAN_POINT ( 'NONE',  ( 1.500000000000013989, 9.000000000000000000, 51.50000000000000711 ) ) ;
#2616 = LINE ( 'NONE', #2039, #2295 ) ;
#2617 = DIRECTION ( 'NONE',  ( 0.000000000000000000, 0.000000000000000000, -1.000000000000000000 ) ) ;
#2618 = PLANE ( 'NONE',  #688 ) ;
#2619 = EDGE_CURVE ( 'NONE', #1086, #31, #1889, .T. ) ;
#2620 = DIRECTION ( 'NONE',  ( 0.000000000000000000, 1.000000000000000000, 0.000000000000000000 ) ) ;
#2621 = ORIENTED_EDGE ( 'NONE', *, *, #2983, .T. ) ;
#2622 = VERTEX_POINT ( 'NONE', #1619 ) ;
#2623 = VECTOR ( 'NONE', #2464, 1000.000000000000000 ) ;
#2624 = DIRECTION ( 'NONE',  ( -0.000000000000000000, -0.000000000000000000, -1.000000000000000000 ) ) ;
#2625 = ORIENTED_EDGE ( 'NONE', *, *, #3534, .F. ) ;
#2626 = DIRECTION ( 'NONE',  ( 0.000000000000000000, 1.000000000000000000, 0.000000000000000000 ) ) ;
#2627 = DIRECTION ( 'NONE',  ( -1.000000000000000000, -0.000000000000000000, -0.000000000000000000 ) ) ;
#2628 = ORIENTED_EDGE ( 'NONE', *, *, #32, .F. ) ;
#2629 = ORIENTED_EDGE ( 'NONE', *, *, #3139, .T. ) ;
#2630 = ORIENTED_EDGE ( 'NONE', *, *, #152, .F. ) ;
#2631 = CARTESIAN_POINT ( 'NONE',  ( -64.99999999999975842, 9.000000000000000000, 90.00000000000007105 ) ) ;
#2632 = EDGE_CURVE ( 'NONE', #3498, #1570, #1585, .T. ) ;
#2633 = CARTESIAN_POINT ( 'NONE',  ( -79.99999999999974420, 9.000000000000000000, 65.00000000000001421 ) ) ;
#2634 = PLANE ( 'NONE',  #2671 ) ;
#2635 = CYLINDRICAL_SURFACE ( 'NONE', #1442, 1.000000000000000888 ) ;
#2636 = ORIENTED_EDGE ( 'NONE', *, *, #376, .F. ) ;
#2637 = ORIENTED_EDGE ( 'NONE', *, *, #2185, .T. ) ;
#2638 = CARTESIAN_POINT ( 'NONE',  ( 79.99999999999977263, 0.000000000000000000, 65.00000000000002842 ) ) ;
#2639 = ORIENTED_EDGE ( 'NONE', *, *, #2190, .F. ) ;
#2640 = CARTESIAN_POINT ( 'NONE',  ( -75.00000000000000000, 19.00000000000000000, 42.50000000000000000 ) ) ;
#2641 = EDGE_CURVE ( 'NONE', #1105, #2823, #78, .T. ) ;
#2642 = LINE ( 'NONE', #1550, #1454 ) ;
#2643 = ORIENTED_EDGE ( 'NONE', *, *, #935, .T. ) ;
#2644 = EDGE_LOOP ( 'NONE', ( #3095, #1297, #2345, #1730, #2743, #2004, #2947, #1918, #3102, #2754, #2100, #879, #1250, #278, #1295, #2125, #2052, #2214, #2890, #1402 ) ) ;
#2645 = ORIENTED_EDGE ( 'NONE', *, *, #2132, .T. ) ;
#2646 = DIRECTION ( 'NONE',  ( -0.000000000000000000, -0.000000000000000000, 1.000000000000000000 ) ) ;
#2647 = ADVANCED_FACE ( 'NONE', ( #259 ), #2950, .T. ) ;
#2648 = CARTESIAN_POINT ( 'NONE',  ( -9.999999999999996447, 9.000000000000000000, 47.50000000000000711 ) ) ;
#2649 = ORIENTED_EDGE ( 'NONE', *, *, #2802, .F. ) ;
#2650 = LINE ( 'NONE', #1344, #2037 ) ;
#2651 = AXIS2_PLACEMENT_3D ( 'NONE', #2303, #2011, #2322 ) ;
#2652 = LINE ( 'NONE', #197, #1863 ) ;
#2653 = AXIS2_PLACEMENT_3D ( 'NONE', #2254, #1450, #3346 ) ;
#2654 = ORIENTED_EDGE ( 'NONE', *, *, #2104, .F. ) ;
#2655 = EDGE_CURVE ( 'NONE', #2380, #2418, #1187, .T. ) ;
#2656 = EDGE_LOOP ( 'NONE', ( #2399, #2654, #3287, #584 ) ) ;
#2657 = VECTOR ( 'NONE', #2663, 1000.000000000000000 ) ;
#2658 = FACE_OUTER_BOUND ( 'NONE', #3420, .T. ) ;
#2659 = EDGE_CURVE ( 'NONE', #1086, #1261, #2789, .T. ) ;
#2660 = ORIENTED_EDGE ( 'NONE', *, *, #1308, .F. ) ;
#2661 = AXIS2_PLACEMENT_3D ( 'NONE', #313, #2504, #3355 ) ;
#2662 = CARTESIAN_POINT ( 'NONE',  ( 75.00000000000004263, 19.00000000000000000, 51.50000000000000000 ) ) ;
#2663 = DIRECTION ( 'NONE',  ( 1.301042606982604335E-16, 0.000000000000000000, 1.000000000000000000 ) ) ;
#2664 = EDGE_CURVE ( 'NONE', #2952, #1781, #2257, .T. ) ;
#2665 = ORIENTED_EDGE ( 'NONE', *, *, #231, .F. ) ;
#2666 = VERTEX_POINT ( 'NONE', #364 ) ;
#2667 = AXIS2_PLACEMENT_3D ( 'NONE', #2740, #244, #1087 ) ;
#2668 = ORIENTED_EDGE ( 'NONE', *, *, #2812, .F. ) ;
#2669 = LINE ( 'NONE', #2956, #2930 ) ;
#2670 = CARTESIAN_POINT ( 'NONE',  ( 70.00000000000002842, 19.00000000000000000, 46.50000000000000000 ) ) ;
#2671 = AXIS2_PLACEMENT_3D ( 'NONE', #3205, #2921, #3222 ) ;
#2672 = CARTESIAN_POINT ( 'NONE',  ( -8.999999999999998224, 19.00000000000000000, 38.50000000000000000 ) ) ;
#2673 = LINE ( 'NONE', #795, #2093 ) ;
#2674 = EDGE_LOOP ( 'NONE', ( #1965, #470, #748, #2569 ) ) ;
#2675 = ORIENTED_EDGE ( 'NONE', *, *, #2373, .T. ) ;
#2676 = DIRECTION ( 'NONE',  ( -0.000000000000000000, -1.000000000000000000, -0.000000000000000000 ) ) ;
#2677 = ORIENTED_EDGE ( 'NONE', *, *, #302, .F. ) ;
#2678 = CARTESIAN_POINT ( 'NONE',  ( 10.99999999999999467, 9.000000000000000000, -46.50000000000000000 ) ) ;
#2679 = AXIS2_PLACEMENT_3D ( 'NONE', #2103, #1513, #995 ) ;
#2680 = DIRECTION ( 'NONE',  ( -0.000000000000000000, -1.000000000000000000, -0.000000000000000000 ) ) ;
#2681 = VERTEX_POINT ( 'NONE', #2804 ) ;
#2682 = ORIENTED_EDGE ( 'NONE', *, *, #2731, .F. ) ;
#2683 = ORIENTED_EDGE ( 'NONE', *, *, #243, .F. ) ;
#2684 = CARTESIAN_POINT ( 'NONE',  ( 45.00000000000002842, 0.000000000000000000, 65.00000000000002842 ) ) ;
#2685 = AXIS2_PLACEMENT_3D ( 'NONE', #3315, #872, #1957 ) ;
#2686 = DIRECTION ( 'NONE',  ( 0.000000000000000000, 0.000000000000000000, 1.000000000000000000 ) ) ;
#2687 = CARTESIAN_POINT ( 'NONE',  ( 64.99999999999975842, 0.000000000000000000, -79.99999999999988631 ) ) ;
#2688 = ADVANCED_FACE ( 'NONE', ( #1461 ), #3316, .F. ) ;
#2689 = PLANE ( 'NONE',  #1955 ) ;
#2690 = ORIENTED_EDGE ( 'NONE', *, *, #419, .T. ) ;
#2691 = CARTESIAN_POINT ( 'NONE',  ( 6.999999999999994671, 9.000000000000000000, -46.50000000000000000 ) ) ;
#2692 = ORIENTED_EDGE ( 'NONE', *, *, #1649, .F. ) ;
#2693 = DIRECTION ( 'NONE',  ( -0.000000000000000000, -1.000000000000000000, 0.000000000000000000 ) ) ;
#2694 = EDGE_CURVE ( 'NONE', #1959, #851, #1001, .T. ) ;
#2695 = VECTOR ( 'NONE', #493, 1000.000000000000000 ) ;
#2696 = CARTESIAN_POINT ( 'NONE',  ( 6.500000000000011546, 19.00000000000000000, 41.50000000000000000 ) ) ;
#2697 = ORIENTED_EDGE ( 'NONE', *, *, #531, .T. ) ;
#2698 = AXIS2_PLACEMENT_3D ( 'NONE', #1256, #102, #2600 ) ;
#2699 = ORIENTED_EDGE ( 'NONE', *, *, #2048, .F. ) ;
#2700 = ADVANCED_FACE ( 'NONE', ( #1424 ), #2770, .T. ) ;
#2701 = PLANE ( 'NONE',  #319 ) ;
#2702 = LINE ( 'NONE', #265, #1032 ) ;
#2703 = DIRECTION ( 'NONE',  ( 1.000000000000000000, 0.000000000000000000, 1.982541115402065110E-16 ) ) ;
#2704 = ORIENTED_EDGE ( 'NONE', *, *, #527, .T. ) ;
#2705 = DIRECTION ( 'NONE',  ( 1.000000000000000000, 0.000000000000000000, 0.000000000000000000 ) ) ;
#2706 = PLANE ( 'NONE',  #1711 ) ;
#2707 = CARTESIAN_POINT ( 'NONE',  ( -79.99999999999974420, 9.000000000000000000, 63.40000000000001279 ) ) ;
#2708 = VERTEX_POINT ( 'NONE', #2228 ) ;
#2709 = EDGE_CURVE ( 'NONE', #1249, #1886, #2841, .T. ) ;
#2710 = AXIS2_PLACEMENT_3D ( 'NONE', #322, #28, #2744 ) ;
#2711 = DIRECTION ( 'NONE',  ( 1.000000000000000000, 0.000000000000000000, 1.541976423090495387E-16 ) ) ;
#2712 = ORIENTED_EDGE ( 'NONE', *, *, #798, .T. ) ;
#2713 = AXIS2_PLACEMENT_3D ( 'NONE', #2611, #1837, #1299 ) ;
#2714 = CARTESIAN_POINT ( 'NONE',  ( -15.00000000000001421, 9.000000000000000000, 42.50000000000000000 ) ) ;
#2715 = DIRECTION ( 'NONE',  ( 0.000000000000000000, 1.000000000000000000, 0.000000000000000000 ) ) ;
#2716 = AXIS2_PLACEMENT_3D ( 'NONE', #1408, #2537, #2285 ) ;
#2717 = ORIENTED_EDGE ( 'NONE', *, *, #2171, .T. ) ;
#2718 = ORIENTED_EDGE ( 'NONE', *, *, #1387, .F. ) ;
#2719 = MANIFOLD_SOLID_BREP ( 'Fillet2', #2953 ) ;
#2720 = DIRECTION ( 'NONE',  ( -0.000000000000000000, 1.000000000000000000, -0.000000000000000000 ) ) ;
#2721 = FACE_OUTER_BOUND ( 'NONE', #2765, .T. ) ;
#2722 = EDGE_CURVE ( 'NONE', #1786, #647, #3074, .T. ) ;
#2723 = CARTESIAN_POINT ( 'NONE',  ( 71.00000000000002842, 19.00000000000000000, 45.50000000000000000 ) ) ;
#2724 = FACE_OUTER_BOUND ( 'NONE', #1319, .T. ) ;
#2725 = CARTESIAN_POINT ( 'NONE',  ( 75.00000000000004263, 19.00000000000000000, 50.49999999999999289 ) ) ;
#2726 = VECTOR ( 'NONE', #132, 1000.000000000000000 ) ;
#2727 = VECTOR ( 'NONE', #64, 1000.000000000000000 ) ;
#2728 = SHAPE_DEFINITION_REPRESENTATION ( #142, #1680 ) ;
#2729 = CARTESIAN_POINT ( 'NONE',  ( -44.99999999999997868, 0.000000000000000000, 90.00000000000005684 ) ) ;
#2730 = ORIENTED_EDGE ( 'NONE', *, *, #568, .T. ) ;
#2731 = EDGE_CURVE ( 'NONE', #3421, #683, #587, .T. ) ;
#2732 = DIRECTION ( 'NONE',  ( 0.000000000000000000, 0.000000000000000000, 1.000000000000000000 ) ) ;
#2733 = ORIENTED_EDGE ( 'NONE', *, *, #832, .T. ) ;
#2734 = LINE ( 'NONE', #530, #745 ) ;
#2735 = PLANE ( 'NONE',  #1287 ) ;
#2736 = ADVANCED_FACE ( 'NONE', ( #1958 ), #2267, .F. ) ;
#2737 = VERTEX_POINT ( 'NONE', #656 ) ;
#2738 = ORIENTED_EDGE ( 'NONE', *, *, #1528, .F. ) ;
#2739 = CIRCLE ( 'NONE', #850, 1.000000000000000888 ) ;
#2740 = CARTESIAN_POINT ( 'NONE',  ( 2.500000000000013323, 19.00000000000000000, 50.50000000000000000 ) ) ;
#2741 = DIRECTION ( 'NONE',  ( -0.000000000000000000, 1.000000000000000000, -0.000000000000000000 ) ) ;
#2742 = DIRECTION ( 'NONE',  ( -0.000000000000000000, 1.000000000000000000, -0.000000000000000000 ) ) ;
#2743 = ORIENTED_EDGE ( 'NONE', *, *, #32, .T. ) ;
#2744 = DIRECTION ( 'NONE',  ( 1.000000000000000000, 0.000000000000000000, -0.000000000000000000 ) ) ;
#2745 = DIRECTION ( 'NONE',  ( -0.000000000000000000, 1.000000000000000000, -0.000000000000000000 ) ) ;
#2746 = EDGE_CURVE ( 'NONE', #38, #3111, #1205, .T. ) ;
#2747 = DIRECTION ( 'NONE',  ( 0.000000000000000000, 1.000000000000000000, 0.000000000000000000 ) ) ;
#2748 = AXIS2_PLACEMENT_3D ( 'NONE', #2714, #3264, #3038 ) ;
#2749 = ORIENTED_EDGE ( 'NONE', *, *, #2731, .T. ) ;
#2750 = LINE ( 'NONE', #2393, #115 ) ;
#2751 = DIRECTION ( 'NONE',  ( 0.000000000000000000, 0.000000000000000000, -1.000000000000000000 ) ) ;
#2752 = AXIS2_PLACEMENT_3D ( 'NONE', #137, #914, #2868 ) ;
#2753 = FACE_OUTER_BOUND ( 'NONE', #3442, .T. ) ;
#2754 = ORIENTED_EDGE ( 'NONE', *, *, #2659, .F. ) ;
#2755 = VERTEX_POINT ( 'NONE', #3040 ) ;
#2756 = CARTESIAN_POINT ( 'NONE',  ( 66.00000000000002842, 19.00000000000000000, 51.50000000000000000 ) ) ;
#2757 = DIRECTION ( 'NONE',  ( -1.000000000000000000, 0.000000000000000000, -0.000000000000000000 ) ) ;
#2758 = PLANE ( 'NONE',  #2080 ) ;
#2759 = VECTOR ( 'NONE', #3407, 1000.000000000000000 ) ;
#2760 = ORIENTED_EDGE ( 'NONE', *, *, #2337, .T. ) ;
#2761 = EDGE_CURVE ( 'NONE', #68, #3212, #1671, .T. ) ;
#2762 = DIRECTION ( 'NONE',  ( -0.000000000000000000, -0.000000000000000000, -1.000000000000000000 ) ) ;
#2763 = DIRECTION ( 'NONE',  ( 0.000000000000000000, 0.000000000000000000, 1.000000000000000000 ) ) ;
#2764 = FACE_OUTER_BOUND ( 'NONE', #2409, .T. ) ;
#2765 = EDGE_LOOP ( 'NONE', ( #2269, #1267, #1062, #2149 ) ) ;
#2766 = EDGE_CURVE ( 'NONE', #3526, #3362, #2858, .T. ) ;
#2767 = CARTESIAN_POINT ( 'NONE',  ( 79.99999999999975842, 0.000000000000000000, -63.39999999999988489 ) ) ;
#2768 = CARTESIAN_POINT ( 'NONE',  ( -81.00000000000001421, 9.000000000000000000, -48.50000000000000711 ) ) ;
#2769 = AXIS2_PLACEMENT_3D ( 'NONE', #2610, #1245, #420 ) ;
#2770 = CYLINDRICAL_SURFACE ( 'NONE', #2661, 25.00000000000021672 ) ;
#2771 = ORIENTED_EDGE ( 'NONE', *, *, #645, .T. ) ;
#2772 = AXIS2_PLACEMENT_3D ( 'NONE', #722, #3220, #3189 ) ;
#2773 = EDGE_LOOP ( 'NONE', ( #1421, #588, #56, #625 ) ) ;
#2774 = CARTESIAN_POINT ( 'NONE',  ( 66.00000000000002842, 19.00000000000000000, 46.50000000000000000 ) ) ;
#2775 = DIRECTION ( 'NONE',  ( -1.000000000000000000, 0.000000000000000000, -0.000000000000000000 ) ) ;
#2776 = AXIS2_PLACEMENT_3D ( 'NONE', #611, #1448, #354 ) ;
#2777 = EDGE_CURVE ( 'NONE', #3303, #788, #1278, .T. ) ;
#2778 = CARTESIAN_POINT ( 'NONE',  ( -34.99999999999997158, 0.000000000000000000, 65.00000000000004263 ) ) ;
#2779 = ORIENTED_EDGE ( 'NONE', *, *, #3393, .T. ) ;
#2780 = CARTESIAN_POINT ( 'NONE',  ( 66.00000000000002842, 9.000000000000000000, 46.50000000000000000 ) ) ;
#2781 = CARTESIAN_POINT ( 'NONE',  ( 64.99999999999978684, 9.000000000000000000, 80.00000000000002842 ) ) ;
#2782 = ORIENTED_EDGE ( 'NONE', *, *, #413, .T. ) ;
#2783 = VECTOR ( 'NONE', #2792, 1000.000000000000000 ) ;
#2784 = VECTOR ( 'NONE', #3297, 1000.000000000000000 ) ;
#2785 = CARTESIAN_POINT ( 'NONE',  ( 45.00000000000002842, 9.000000000000000000, 65.00000000000002842 ) ) ;
#2786 = ORIENTED_EDGE ( 'NONE', *, *, #2401, .F. ) ;
#2787 = DIRECTION ( 'NONE',  ( 0.000000000000000000, 0.000000000000000000, -1.000000000000000000 ) ) ;
#2788 = ADVANCED_FACE ( 'NONE', ( #2336 ), #202, .F. ) ;
#2789 = LINE ( 'NONE', #604, #546 ) ;
#2790 = ORIENTED_EDGE ( 'NONE', *, *, #2429, .T. ) ;
#2791 = VERTEX_POINT ( 'NONE', #2101 ) ;
#2792 = DIRECTION ( 'NONE',  ( -0.000000000000000000, -1.000000000000000000, -0.000000000000000000 ) ) ;
#2793 = DIRECTION ( 'NONE',  ( 2.775557561562892929E-15, -0.000000000000000000, 1.000000000000000000 ) ) ;
#2794 = CARTESIAN_POINT ( 'NONE',  ( -9.999999999999996447, 19.00000000000000000, 47.50000000000000711 ) ) ;
#2795 = ORIENTED_EDGE ( 'NONE', *, *, #3219, .F. ) ;
#2796 = CARTESIAN_POINT ( 'NONE',  ( -19.00000000000001776, 19.00000000000000000, -43.50000000000000711 ) ) ;
#2797 = CARTESIAN_POINT ( 'NONE',  ( 2.500000000000013323, 19.00000000000000000, 51.50000000000000711 ) ) ;
#2798 = LINE ( 'NONE', #1472, #2487 ) ;
#2799 = EDGE_CURVE ( 'NONE', #1266, #1672, #147, .T. ) ;
#2800 = AXIS2_PLACEMENT_3D ( 'NONE', #969, #603, #3152 ) ;
#2801 = CARTESIAN_POINT ( 'NONE',  ( -64.99999999999975842, 9.000000000000000000, 90.00000000000007105 ) ) ;
#2802 = EDGE_CURVE ( 'NONE', #1641, #2087, #2121, .T. ) ;
#2803 = DIRECTION ( 'NONE',  ( 3.965082230804129234E-16, 0.000000000000000000, 1.000000000000000000 ) ) ;
#2804 = CARTESIAN_POINT ( 'NONE',  ( -14.00000000000001243, 9.000000000000000000, -42.50000000000000000 ) ) ;
#2805 = ORIENTED_EDGE ( 'NONE', *, *, #678, .T. ) ;
#2806 = ORIENTED_EDGE ( 'NONE', *, *, #3262, .T. ) ;
#2807 = EDGE_CURVE ( 'NONE', #2335, #2386, #2044, .T. ) ;
#2808 = CARTESIAN_POINT ( 'NONE',  ( -76.00000000000001421, 19.00000000000000000, -43.50000000000000711 ) ) ;
#2809 = VECTOR ( 'NONE', #2936, 1000.000000000000000 ) ;
#2810 = LINE ( 'NONE', #3078, #126 ) ;
#2811 = CARTESIAN_POINT ( 'NONE',  ( -64.99999999999972999, 0.000000000000000000, 81.60000000000003695 ) ) ;
#2812 = EDGE_CURVE ( 'NONE', #3221, #2988, #746, .T. ) ;
#2813 = LINE ( 'NONE', #2593, #655 ) ;
#2814 = FACE_BOUND ( 'NONE', #1545, .T. ) ;
#2815 = VECTOR ( 'NONE', #2300, 1000.000000000000000 ) ;
#2816 = CARTESIAN_POINT ( 'NONE',  ( -81.00000000000001421, 9.000000000000000000, -38.49999999999999289 ) ) ;
#2817 = VECTOR ( 'NONE', #1200, 1000.000000000000000 ) ;
#2818 = DIRECTION ( 'NONE',  ( 0.000000000000000000, 0.000000000000000000, 1.000000000000000000 ) ) ;
#2819 = ORIENTED_EDGE ( 'NONE', *, *, #1379, .F. ) ;
#2820 = ORIENTED_EDGE ( 'NONE', *, *, #2289, .T. ) ;
#2821 = DIRECTION ( 'NONE',  ( 2.775557561562892929E-15, -0.000000000000000000, 1.000000000000000000 ) ) ;
#2822 = DIRECTION ( 'NONE',  ( 1.000000000000000000, 0.000000000000000000, -1.387778780781444492E-15 ) ) ;
#2823 = VERTEX_POINT ( 'NONE', #3197 ) ;
#2824 = CARTESIAN_POINT ( 'NONE',  ( -34.99999999999999289, 9.000000000000000000, -55.00000000000007105 ) ) ;
#2825 = FACE_OUTER_BOUND ( 'NONE', #717, .T. ) ;
#2826 = DIRECTION ( 'NONE',  ( 0.000000000000000000, 0.000000000000000000, -1.000000000000000000 ) ) ;
#2827 = VECTOR ( 'NONE', #2308, 1000.000000000000000 ) ;
#2828 = DIRECTION ( 'NONE',  ( -1.000000000000000000, 0.000000000000000000, -0.000000000000000000 ) ) ;
#2829 = EDGE_LOOP ( 'NONE', ( #2301, #2364, #1494, #3493 ) ) ;
#2830 = LINE ( 'NONE', #1470, #1906 ) ;
#2831 = VECTOR ( 'NONE', #2932, 1000.000000000000000 ) ;
#2832 = CARTESIAN_POINT ( 'NONE',  ( 71.00000000000002842, 19.00000000000000000, -46.50000000000000000 ) ) ;
#2833 = ADVANCED_FACE ( 'NONE', ( #2658 ), #1510, .T. ) ;
#2834 = FACE_OUTER_BOUND ( 'NONE', #2248, .T. ) ;
#2835 = AXIS2_PLACEMENT_3D ( 'NONE', #1317, #2416, #3496 ) ;
#2836 = LINE ( 'NONE', #410, #61 ) ;
#2837 = EDGE_LOOP ( 'NONE', ( #3378, #2683, #2805, #1800 ) ) ;
#2838 = VECTOR ( 'NONE', #298, 1000.000000000000000 ) ;
#2839 = ADVANCED_FACE ( 'NONE', ( #1816 ), #3387, .F. ) ;
#2840 = VECTOR ( 'NONE', #1358, 1000.000000000000000 ) ;
#2841 = LINE ( 'NONE', #37, #1168 ) ;
#2842 = ORIENTED_EDGE ( 'NONE', *, *, #2172, .F. ) ;
#2843 = DIRECTION ( 'NONE',  ( -1.000000000000000000, 0.000000000000000000, 0.000000000000000000 ) ) ;
#2844 = FACE_OUTER_BOUND ( 'NONE', #2274, .T. ) ;
#2845 = ADVANCED_FACE ( 'NONE', ( #2585 ), #937, .T. ) ;
#2846 = CARTESIAN_POINT ( 'NONE',  ( -76.00000000000000000, 9.000000000000000000, 42.50000000000000000 ) ) ;
#2847 = CARTESIAN_POINT ( 'NONE',  ( 1.500000000000012657, 19.00000000000000000, 41.49999999999999289 ) ) ;
#2848 = ORIENTED_EDGE ( 'NONE', *, *, #3018, .F. ) ;
#2849 = ORIENTED_EDGE ( 'NONE', *, *, #2807, .T. ) ;
#2850 = CARTESIAN_POINT ( 'NONE',  ( 6.500000000000011546, 9.000000000000000000, 46.50000000000000000 ) ) ;
#2851 = DIRECTION ( 'NONE',  ( 0.000000000000000000, 0.000000000000000000, 1.000000000000000000 ) ) ;
#2852 = FACE_OUTER_BOUND ( 'NONE', #325, .T. ) ;
#2853 = EDGE_CURVE ( 'NONE', #2447, #2614, #453, .T. ) ;
#2854 = CIRCLE ( 'NONE', #2567, 25.00000000000021672 ) ;
#2855 = DIRECTION ( 'NONE',  ( -1.000000000000000000, -0.000000000000000000, -0.000000000000000000 ) ) ;
#2856 = ORIENTED_EDGE ( 'NONE', *, *, #765, .F. ) ;
#2857 = EDGE_LOOP ( 'NONE', ( #956, #2621, #2223, #472 ) ) ;
#2858 = LINE ( 'NONE', #1780, #294 ) ;
#2859 = VERTEX_POINT ( 'NONE', #3122 ) ;
#2860 = CYLINDRICAL_SURFACE ( 'NONE', #2968, 1.000000000000000888 ) ;
#2861 = CARTESIAN_POINT ( 'NONE',  ( 70.00000000000002842, 9.000000000000000000, 46.50000000000000000 ) ) ;
#2862 = CARTESIAN_POINT ( 'NONE',  ( -80.00000000000001421, 19.00000000000000000, -48.50000000000000711 ) ) ;
#2863 = CARTESIAN_POINT ( 'NONE',  ( -8.999999999999994671, 9.000000000000000000, 38.50000000000000711 ) ) ;
#2864 = ORIENTED_EDGE ( 'NONE', *, *, #413, .F. ) ;
#2865 = ORIENTED_EDGE ( 'NONE', *, *, #797, .F. ) ;
#2866 = EDGE_CURVE ( 'NONE', #3027, #1938, #1546, .T. ) ;
#2867 = DIRECTION ( 'NONE',  ( -0.000000000000000000, -1.000000000000000000, -0.000000000000000000 ) ) ;
#2868 = DIRECTION ( 'NONE',  ( 0.000000000000000000, -0.000000000000000000, -1.000000000000000000 ) ) ;
#2869 = CARTESIAN_POINT ( 'NONE',  ( -80.00000000000000000, 19.00000000000000000, 48.50000000000001421 ) ) ;
#2870 = VECTOR ( 'NONE', #1763, 1000.000000000000000 ) ;
#2871 = FACE_OUTER_BOUND ( 'NONE', #1855, .T. ) ;
#2872 = VERTEX_POINT ( 'NONE', #992 ) ;
#2873 = VECTOR ( 'NONE', #671, 1000.000000000000000 ) ;
#2874 = ADVANCED_FACE ( 'NONE', ( #1493 ), #1529, .F. ) ;
#2875 = DIRECTION ( 'NONE',  ( -0.000000000000000000, 1.000000000000000000, -0.000000000000000000 ) ) ;
#2876 = VERTEX_POINT ( 'NONE', #3140 ) ;
#2877 = CARTESIAN_POINT ( 'NONE',  ( -80.00000000000000000, 19.00000000000000000, 47.50000000000001421 ) ) ;
#2878 = PLANE ( 'NONE',  #3055 ) ;
#2879 = EDGE_CURVE ( 'NONE', #2447, #580, #692, .T. ) ;
#2880 = CARTESIAN_POINT ( 'NONE',  ( -44.99999999999997868, 0.000000000000000000, 90.00000000000005684 ) ) ;
#2881 = ORIENTED_EDGE ( 'NONE', *, *, #3330, .T. ) ;
#2882 = ORIENTED_EDGE ( 'NONE', *, *, #2013, .F. ) ;
#2883 = DIRECTION ( 'NONE',  ( -0.000000000000000000, -1.000000000000000000, -0.000000000000000000 ) ) ;
#2884 = CARTESIAN_POINT ( 'NONE',  ( 90.00000000000002842, 9.000000000000000000, 65.00000000000002842 ) ) ;
#2885 = CIRCLE ( 'NONE', #1049, 1.000000000000000888 ) ;
#2886 = CARTESIAN_POINT ( 'NONE',  ( -64.99999999999972999, 0.000000000000000000, 80.00000000000002842 ) ) ;
#2887 = CARTESIAN_POINT ( 'NONE',  ( -76.00000000000000000, 19.00000000000000000, 38.50000000000000000 ) ) ;
#2888 = VECTOR ( 'NONE', #1055, 1000.000000000000000 ) ;
#2889 = CARTESIAN_POINT ( 'NONE',  ( 79.99999999999977263, 0.000000000000000000, 65.00000000000002842 ) ) ;
#2890 = ORIENTED_EDGE ( 'NONE', *, *, #3470, .F. ) ;
#2891 = ORIENTED_EDGE ( 'NONE', *, *, #2226, .T. ) ;
#2892 = DIRECTION ( 'NONE',  ( -0.000000000000000000, -1.000000000000000000, -0.000000000000000000 ) ) ;
#2893 = VERTEX_POINT ( 'NONE', #710 ) ;
#2894 = CARTESIAN_POINT ( 'NONE',  ( -8.999999999999998224, 19.00000000000000000, 38.50000000000000000 ) ) ;
#2895 = AXIS2_PLACEMENT_3D ( 'NONE', #646, #1734, #2828 ) ;
#2896 = EDGE_CURVE ( 'NONE', #1314, #499, #1799, .T. ) ;
#2897 = DIRECTION ( 'NONE',  ( 0.000000000000000000, 1.000000000000000000, -0.000000000000000000 ) ) ;
#2898 = ORIENTED_EDGE ( 'NONE', *, *, #2938, .T. ) ;
#2899 = ORIENTED_EDGE ( 'NONE', *, *, #111, .T. ) ;
#2900 = CARTESIAN_POINT ( 'NONE',  ( -19.00000000000001776, 9.000000000000000000, 43.50000000000000711 ) ) ;
#2901 = CARTESIAN_POINT ( 'NONE',  ( -14.00000000000001243, 9.000000000000000000, -38.50000000000000000 ) ) ;
#2902 = CARTESIAN_POINT ( 'NONE',  ( 71.00000000000002842, 9.000000000000000000, -45.50000000000000000 ) ) ;
#2903 = DIRECTION ( 'NONE',  ( 1.000000000000000000, 0.000000000000000000, -0.000000000000000000 ) ) ;
#2904 = CARTESIAN_POINT ( 'NONE',  ( 64.99999999999975842, 0.000000000000000000, -79.99999999999988631 ) ) ;
#2905 = ORIENTED_EDGE ( 'NONE', *, *, #455, .F. ) ;
#2906 = ORIENTED_EDGE ( 'NONE', *, *, #1131, .F. ) ;
#2907 = EDGE_CURVE ( 'NONE', #1426, #2859, #163, .T. ) ;
#2908 = DIRECTION ( 'NONE',  ( 0.000000000000000000, 0.000000000000000000, -1.000000000000000000 ) ) ;
#2909 = EDGE_CURVE ( 'NONE', #2015, #2876, #3246, .T. ) ;
#2910 = ORIENTED_EDGE ( 'NONE', *, *, #1183, .T. ) ;
#2911 = LINE ( 'NONE', #2587, #682 ) ;
#2912 = CARTESIAN_POINT ( 'NONE',  ( -76.00000000000000000, 9.000000000000000000, 43.50000000000000711 ) ) ;
#2913 = VECTOR ( 'NONE', #3017, 1000.000000000000000 ) ;
#2914 = ORIENTED_EDGE ( 'NONE', *, *, #1271, .T. ) ;
#2915 = EDGE_CURVE ( 'NONE', #1861, #2755, #2415, .T. ) ;
#2916 = VERTEX_POINT ( 'NONE', #1599 ) ;
#2917 = ORIENTED_EDGE ( 'NONE', *, *, #883, .F. ) ;
#2918 = LINE ( 'NONE', #462, #2175 ) ;
#2919 = EDGE_CURVE ( 'NONE', #574, #1030, #3527, .T. ) ;
#2920 = VERTEX_POINT ( 'NONE', #817 ) ;
#2921 = DIRECTION ( 'NONE',  ( -1.000000000000000000, 0.000000000000000000, 0.000000000000000000 ) ) ;
#2922 = VECTOR ( 'NONE', #807, 1000.000000000000000 ) ;
#2923 = EDGE_CURVE ( 'NONE', #1172, #3208, #1079, .T. ) ;
#2924 = DIRECTION ( 'NONE',  ( 1.000000000000000000, -0.000000000000000000, -0.000000000000000000 ) ) ;
#2925 = ORIENTED_EDGE ( 'NONE', *, *, #3434, .F. ) ;
#2926 = ORIENTED_EDGE ( 'NONE', *, *, #1536, .T. ) ;
#2927 = VECTOR ( 'NONE', #1170, 1000.000000000000000 ) ;
#2928 = DIRECTION ( 'NONE',  ( 0.000000000000000000, 0.000000000000000000, 1.000000000000000000 ) ) ;
#2929 = ORIENTED_EDGE ( 'NONE', *, *, #1514, .F. ) ;
#2930 = VECTOR ( 'NONE', #210, 1000.000000000000000 ) ;
#2931 = CARTESIAN_POINT ( 'NONE',  ( 71.00000000000002842, 19.00000000000000000, -41.50000000000000000 ) ) ;
#2932 = DIRECTION ( 'NONE',  ( -0.000000000000000000, 1.000000000000000000, 0.000000000000000000 ) ) ;
#2933 = ORIENTED_EDGE ( 'NONE', *, *, #3007, .F. ) ;
#2934 = ORIENTED_EDGE ( 'NONE', *, *, #3123, .F. ) ;
#2935 = ORIENTED_EDGE ( 'NONE', *, *, #2879, .T. ) ;
#2936 = DIRECTION ( 'NONE',  ( -0.000000000000000000, -1.000000000000000000, -0.000000000000000000 ) ) ;
#2937 = PLANE ( 'NONE',  #1453 ) ;
#2938 = EDGE_CURVE ( 'NONE', #630, #3483, #783, .T. ) ;
#2939 = CARTESIAN_POINT ( 'NONE',  ( 71.00000000000002842, 19.00000000000000000, 45.50000000000000000 ) ) ;
#2940 = VECTOR ( 'NONE', #269, 1000.000000000000000 ) ;
#2941 = DIRECTION ( 'NONE',  ( -1.000000000000000000, -0.000000000000000000, 7.632783294297965415E-15 ) ) ;
#2942 = CIRCLE ( 'NONE', #2772, 1.600000000000004086 ) ;
#2943 = ORIENTED_EDGE ( 'NONE', *, *, #3112, .F. ) ;
#2944 = EDGE_LOOP ( 'NONE', ( #3193, #412, #1806, #396 ) ) ;
#2945 = VECTOR ( 'NONE', #894, 1000.000000000000000 ) ;
#2946 = DIRECTION ( 'NONE',  ( 0.000000000000000000, 0.000000000000000000, -1.000000000000000000 ) ) ;
#2947 = ORIENTED_EDGE ( 'NONE', *, *, #356, .F. ) ;
#2948 = AXIS2_PLACEMENT_3D ( 'NONE', #567, #2715, #1656 ) ;
#2949 = DIRECTION ( 'NONE',  ( 0.000000000000000000, 0.000000000000000000, -1.000000000000000000 ) ) ;
#2950 = CYLINDRICAL_SURFACE ( 'NONE', #253, 25.00000000000021672 ) ;
#2951 = EDGE_LOOP ( 'NONE', ( #2540, #404, #1017, #203 ) ) ;
#2952 = VERTEX_POINT ( 'NONE', #2691 ) ;
#2953 = CLOSED_SHELL ( 'NONE', ( #3275, #3494, #1835, #1328, #2389, #1903, #1913, #2207, #2688, #1279, #2612, #2700, #1859, #2647, #266, #1736, #1347, #1191, #1602, #1054, #190, #905, #3069, #2419, #2275, #1237, #2788, #3186, #1018, #901, #478, #1199, #2230, #3169, #164, #2736, #1592, #2092, #1971, #1623, #441, #1143, #128, #3244, #651, #436, #223, #2339, #3176, #610, #1941, #756, #1928, #1428, #1275, #3477, #1503, #1064, #430, #3544, #2119, #1688, #1898, #2598, #3439, #370, #976, #1952, #867, #146, #2061, #3542, #2839, #3298, #826, #2281, #3371, #324, #2002, #2874, #1870, #3052, #3328, #1419, #282, #3280, #2396, #2845, #1491, #700, #379, #167, #2555, #3158, #1127, #3213, #526, #2551, #2833, #2584, #2238, #1874, #641, #721, #897, #733, #3402, #3037, #968, #2318 ) ) ;
#2954 = VECTOR ( 'NONE', #505, 1000.000000000000000 ) ;
#2955 = ORIENTED_EDGE ( 'NONE', *, *, #1758, .T. ) ;
#2956 = CARTESIAN_POINT ( 'NONE',  ( -9.999999999999996447, 19.00000000000000000, 48.50000000000000711 ) ) ;
#2957 = EDGE_CURVE ( 'NONE', #208, #2386, #3382, .T. ) ;
#2958 = LINE ( 'NONE', #2348, #774 ) ;
#2959 = ORIENTED_EDGE ( 'NONE', *, *, #3456, .F. ) ;
#2960 = CARTESIAN_POINT ( 'NONE',  ( -19.00000000000001776, 19.00000000000000000, -48.50000000000000711 ) ) ;
#2961 = DIRECTION ( 'NONE',  ( -0.000000000000000000, 1.000000000000000000, 0.000000000000000000 ) ) ;
#2962 = ORIENTED_EDGE ( 'NONE', *, *, #3317, .T. ) ;
#2963 = EDGE_LOOP ( 'NONE', ( #707, #185, #2391, #2779, #831, #1557, #3124, #1285 ) ) ;
#2964 = EDGE_CURVE ( 'NONE', #2522, #1085, #833, .T. ) ;
#2965 = DIRECTION ( 'NONE',  ( 0.000000000000000000, 1.000000000000000000, -0.000000000000000000 ) ) ;
#2966 = ORIENTED_EDGE ( 'NONE', *, *, #3064, .T. ) ;
#2967 = LINE ( 'NONE', #18, #2623 ) ;
#2968 = AXIS2_PLACEMENT_3D ( 'NONE', #2559, #1496, #1173 ) ;
#2969 = CYLINDRICAL_SURFACE ( 'NONE', #2835, 1.000000000000000888 ) ;
#2970 = EDGE_LOOP ( 'NONE', ( #2262, #1883 ) ) ;
#2971 = ORIENTED_EDGE ( 'NONE', *, *, #2284, .T. ) ;
#2972 = CARTESIAN_POINT ( 'NONE',  ( 64.99999999999975842, 9.000000000000000000, 90.00000000000007105 ) ) ;
#2973 = DIRECTION ( 'NONE',  ( -0.000000000000000000, -1.000000000000000000, 0.000000000000000000 ) ) ;
#2974 = CARTESIAN_POINT ( 'NONE',  ( 64.99999999999975842, 0.000000000000000000, -81.59999999999989484 ) ) ;
#2975 = VERTEX_POINT ( 'NONE', #2411 ) ;
#2976 = EDGE_CURVE ( 'NONE', #3362, #1924, #3545, .T. ) ;
#2977 = DIRECTION ( 'NONE',  ( 0.000000000000000000, 0.000000000000000000, 1.000000000000000000 ) ) ;
#2978 = EDGE_CURVE ( 'NONE', #1604, #1257, #565, .T. ) ;
#2979 = FACE_OUTER_BOUND ( 'NONE', #2462, .T. ) ;
#2980 = VERTEX_POINT ( 'NONE', #1850 ) ;
#2981 = LINE ( 'NONE', #1348, #176 ) ;
#2982 = DIRECTION ( 'NONE',  ( 0.000000000000000000, -1.000000000000000000, 0.000000000000000000 ) ) ;
#2983 = EDGE_CURVE ( 'NONE', #2539, #3537, #1363, .T. ) ;
#2984 = CIRCLE ( 'NONE', #3153, 1.000000000000000888 ) ;
#2985 = CARTESIAN_POINT ( 'NONE',  ( 45.00000000000002132, 0.000000000000000000, 90.00000000000004263 ) ) ;
#2986 = EDGE_LOOP ( 'NONE', ( #383, #475 ) ) ;
#2987 = AXIS2_PLACEMENT_3D ( 'NONE', #3173, #3403, #1759 ) ;
#2988 = VERTEX_POINT ( 'NONE', #1100 ) ;
#2989 = CARTESIAN_POINT ( 'NONE',  ( -10.00000000000000888, 19.00000000000000000, -47.50000000000000711 ) ) ;
#2990 = DIRECTION ( 'NONE',  ( 0.000000000000000000, 1.000000000000000000, -0.000000000000000000 ) ) ;
#2991 = CARTESIAN_POINT ( 'NONE',  ( 10.99999999999999467, 19.00000000000000000, -51.50000000000000000 ) ) ;
#2992 = ORIENTED_EDGE ( 'NONE', *, *, #1004, .F. ) ;
#2993 = EDGE_CURVE ( 'NONE', #1754, #972, #981, .T. ) ;
#2994 = LINE ( 'NONE', #1072, #1964 ) ;
#2995 = CARTESIAN_POINT ( 'NONE',  ( -64.99999999999972999, 0.000000000000000000, 78.40000000000001990 ) ) ;
#2996 = CARTESIAN_POINT ( 'NONE',  ( -19.00000000000001776, 9.000000000000000000, -43.50000000000000711 ) ) ;
#2997 = VERTEX_POINT ( 'NONE', #1636 ) ;
#2998 = VECTOR ( 'NONE', #157, 1000.000000000000000 ) ;
#2999 = CARTESIAN_POINT ( 'NONE',  ( 75.00000000000001421, 19.00000000000000000, -51.50000000000006395 ) ) ;
#3000 = EDGE_LOOP ( 'NONE', ( #1871, #886, #619, #2795 ) ) ;
#3001 = CIRCLE ( 'NONE', #1970, 1.600000000000004086 ) ;
#3002 = DIRECTION ( 'NONE',  ( 0.000000000000000000, 0.000000000000000000, -1.000000000000000000 ) ) ;
#3003 = PLANE ( 'NONE',  #1629 ) ;
#3004 = STYLED_ITEM ( 'NONE', ( #2570 ), #2719 ) ;
#3005 = VERTEX_POINT ( 'NONE', #1654 ) ;
#3006 = VERTEX_POINT ( 'NONE', #2188 ) ;
#3007 = EDGE_CURVE ( 'NONE', #1856, #3165, #2984, .T. ) ;
#3008 = CARTESIAN_POINT ( 'NONE',  ( -90.00000000000000000, 0.000000000000000000, 65.00000000000002842 ) ) ;
#3009 = PLANE ( 'NONE',  #1834 ) ;
#3010 = LINE ( 'NONE', #3291, #136 ) ;
#3011 = ORIENTED_EDGE ( 'NONE', *, *, #1044, .T. ) ;
#3012 = CARTESIAN_POINT ( 'NONE',  ( 0.9999999999999965583, 19.00000000000000000, -41.50000000000000000 ) ) ;
#3013 = AXIS2_PLACEMENT_3D ( 'NONE', #1436, #1701, #304 ) ;
#3014 = CARTESIAN_POINT ( 'NONE',  ( -76.00000000000001421, 19.00000000000000000, -42.50000000000000000 ) ) ;
#3015 = ORIENTED_EDGE ( 'NONE', *, *, #2528, .F. ) ;
#3016 = DIRECTION ( 'NONE',  ( 0.000000000000000000, 0.000000000000000000, 1.000000000000000000 ) ) ;
#3017 = DIRECTION ( 'NONE',  ( -0.000000000000000000, -0.000000000000000000, 1.000000000000000000 ) ) ;
#3018 = EDGE_CURVE ( 'NONE', #1478, #3027, #2750, .T. ) ;
#3019 = DIRECTION ( 'NONE',  ( -1.000000000000000000, -0.000000000000000000, -0.000000000000000000 ) ) ;
#3020 = ORIENTED_EDGE ( 'NONE', *, *, #1530, .F. ) ;
#3021 = EDGE_CURVE ( 'NONE', #2418, #2592, #1885, .T. ) ;
#3022 = ORIENTED_EDGE ( 'NONE', *, *, #2190, .T. ) ;
#3023 = AXIS2_PLACEMENT_3D ( 'NONE', #958, #2378, #1532 ) ;
#3024 = CARTESIAN_POINT ( 'NONE',  ( -44.99999999999999289, 0.000000000000000000, -55.00000000000007105 ) ) ;
#3025 = DIRECTION ( 'NONE',  ( 0.000000000000000000, 0.000000000000000000, 1.000000000000000000 ) ) ;
#3026 = DIRECTION ( 'NONE',  ( 0.000000000000000000, 0.000000000000000000, 1.000000000000000000 ) ) ;
#3027 = VERTEX_POINT ( 'NONE', #1329 ) ;
#3028 = ORIENTED_EDGE ( 'NONE', *, *, #69, .F. ) ;
#3029 = DIRECTION ( 'NONE',  ( -0.000000000000000000, -1.000000000000000000, -0.000000000000000000 ) ) ;
#3030 = CARTESIAN_POINT ( 'NONE',  ( 79.99999999999975842, 0.000000000000000000, -66.59999999999989484 ) ) ;
#3031 = EDGE_CURVE ( 'NONE', #2952, #1185, #2981, .T. ) ;
#3032 = PRODUCT_CONTEXT ( 'NONE', #1920, 'mechanical' ) ;
#3033 = CARTESIAN_POINT ( 'NONE',  ( 79.99999999999977263, 0.000000000000000000, 65.00000000000002842 ) ) ;
#3034 = ORIENTED_EDGE ( 'NONE', *, *, #2152, .T. ) ;
#3035 = EDGE_CURVE ( 'NONE', #1249, #116, #1582, .T. ) ;
#3036 = DIRECTION ( 'NONE',  ( 4.163336342344333240E-14, 0.000000000000000000, -1.000000000000000000 ) ) ;
#3037 = ADVANCED_FACE ( 'NONE', ( #219 ), #3511, .F. ) ;
#3038 = DIRECTION ( 'NONE',  ( 0.000000000000000000, 0.000000000000000000, -1.000000000000000000 ) ) ;
#3039 = CIRCLE ( 'NONE', #3091, 1.600000000000004086 ) ;
#3040 = CARTESIAN_POINT ( 'NONE',  ( -89.99999999999997158, 9.000000000000000000, -64.99999999999988631 ) ) ;
#3041 = ORIENTED_EDGE ( 'NONE', *, *, #2048, .T. ) ;
#3042 = VECTOR ( 'NONE', #395, 1000.000000000000000 ) ;
#3043 = DIRECTION ( 'NONE',  ( 1.000000000000000000, 0.000000000000000000, 1.541976423090495387E-16 ) ) ;
#3044 = DIRECTION ( 'NONE',  ( 0.000000000000000000, -1.000000000000000000, 0.000000000000000000 ) ) ;
#3045 = DIRECTION ( 'NONE',  ( -0.000000000000000000, 1.000000000000000000, -0.000000000000000000 ) ) ;
#3046 = CIRCLE ( 'NONE', #1495, 1.600000000000004086 ) ;
#3047 = VERTEX_POINT ( 'NONE', #2785 ) ;
#3048 = ORIENTED_EDGE ( 'NONE', *, *, #1161, .F. ) ;
#3049 = DIRECTION ( 'NONE',  ( -0.000000000000000000, -1.000000000000000000, -0.000000000000000000 ) ) ;
#3050 = CARTESIAN_POINT ( 'NONE',  ( -81.00000000000000000, 9.000000000000000000, 48.50000000000001421 ) ) ;
#3051 = ORIENTED_EDGE ( 'NONE', *, *, #231, .T. ) ;
#3052 = ADVANCED_FACE ( 'NONE', ( #1438 ), #310, .F. ) ;
#3053 = DIRECTION ( 'NONE',  ( 0.000000000000000000, 0.000000000000000000, -1.000000000000000000 ) ) ;
#3054 = CARTESIAN_POINT ( 'NONE',  ( 71.00000000000002842, 9.000000000000000000, 46.50000000000000000 ) ) ;
#3055 = AXIS2_PLACEMENT_3D ( 'NONE', #978, #2068, #695 ) ;
#3056 = CARTESIAN_POINT ( 'NONE',  ( 76.00000000000002842, 19.00000000000000000, -51.50000000000007105 ) ) ;
#3057 = EDGE_LOOP ( 'NONE', ( #1563, #874, #373, #3216 ) ) ;
#3058 = VECTOR ( 'NONE', #898, 1000.000000000000000 ) ;
#3059 = ORIENTED_EDGE ( 'NONE', *, *, #1576, .T. ) ;
#3060 = DIRECTION ( 'NONE',  ( 1.000000000000000000, 0.000000000000000000, -0.000000000000000000 ) ) ;
#3061 = CARTESIAN_POINT ( 'NONE',  ( 35.00000000000000000, 0.000000000000000000, -65.00000000000005684 ) ) ;
#3062 = CYLINDRICAL_SURFACE ( 'NONE', #2776, 1.600000000000004086 ) ;
#3063 = VERTEX_POINT ( 'NONE', #1722 ) ;
#3064 = EDGE_CURVE ( 'NONE', #3212, #2539, #1440, .T. ) ;
#3065 = DIRECTION ( 'NONE',  ( -0.000000000000000000, -1.000000000000000000, -0.000000000000000000 ) ) ;
#3066 = CARTESIAN_POINT ( 'NONE',  ( 34.99999999999997158, 0.000000000000000000, -55.00000000000005684 ) ) ;
#3067 = DIRECTION ( 'NONE',  ( -0.000000000000000000, 1.000000000000000000, -0.000000000000000000 ) ) ;
#3068 = CIRCLE ( 'NONE', #3348, 1.000000000000000888 ) ;
#3069 = ADVANCED_FACE ( 'NONE', ( #1937 ), #87, .F. ) ;
#3070 = CYLINDRICAL_SURFACE ( 'NONE', #1269, 1.000000000000000888 ) ;
#3071 = ORIENTED_EDGE ( 'NONE', *, *, #1, .T. ) ;
#3072 = DIRECTION ( 'NONE',  ( 0.000000000000000000, -1.000000000000000000, -0.000000000000000000 ) ) ;
#3073 = EDGE_CURVE ( 'NONE', #1330, #198, #1148, .T. ) ;
#3074 = LINE ( 'NONE', #1477, #1668 ) ;
#3075 = ORIENTED_EDGE ( 'NONE', *, *, #3288, .F. ) ;
#3076 = ORIENTED_EDGE ( 'NONE', *, *, #973, .F. ) ;
#3077 = DIRECTION ( 'NONE',  ( -1.734723475976808080E-16, 0.000000000000000000, -1.000000000000000000 ) ) ;
#3078 = CARTESIAN_POINT ( 'NONE',  ( -76.00000000000001421, 19.00000000000000000, -43.50000000000000711 ) ) ;
#3079 = CARTESIAN_POINT ( 'NONE',  ( 11.50000000000001066, 9.000000000000000000, 46.50000000000000711 ) ) ;
#3080 = ORIENTED_EDGE ( 'NONE', *, *, #2538, .F. ) ;
#3081 = ORIENTED_EDGE ( 'NONE', *, *, #2512, .T. ) ;
#3082 = CYLINDRICAL_SURFACE ( 'NONE', #1281, 1.600000000000004086 ) ;
#3083 = FACE_BOUND ( 'NONE', #165, .T. ) ;
#3084 = CYLINDRICAL_SURFACE ( 'NONE', #1564, 1.600000000000004086 ) ;
#3085 = DIRECTION ( 'NONE',  ( 0.000000000000000000, 0.000000000000000000, -1.000000000000000000 ) ) ;
#3086 = VERTEX_POINT ( 'NONE', #2242 ) ;
#3087 = DIRECTION ( 'NONE',  ( 0.000000000000000000, 1.000000000000000000, 0.000000000000000000 ) ) ;
#3088 = DIRECTION ( 'NONE',  ( 0.000000000000000000, 0.000000000000000000, -1.000000000000000000 ) ) ;
#3089 = ORIENTED_EDGE ( 'NONE', *, *, #1681, .F. ) ;
#3090 = CARTESIAN_POINT ( 'NONE',  ( 45.00000000000000711, 0.000000000000000000, -90.00000000000009948 ) ) ;
#3091 = AXIS2_PLACEMENT_3D ( 'NONE', #649, #2277, #2851 ) ;
#3092 = DIRECTION ( 'NONE',  ( 1.000000000000000000, 0.000000000000000000, -1.387778780781444492E-15 ) ) ;
#3093 = LINE ( 'NONE', #2272, #2313 ) ;
#3094 = PLANE ( 'NONE',  #2895 ) ;
#3095 = ORIENTED_EDGE ( 'NONE', *, *, #1725, .T. ) ;
#3096 = LINE ( 'NONE', #2850, #884 ) ;
#3097 = FACE_OUTER_BOUND ( 'NONE', #2243, .T. ) ;
#3098 = AXIS2_PLACEMENT_3D ( 'NONE', #2638, #2875, #1221 ) ;
#3099 = FACE_OUTER_BOUND ( 'NONE', #3, .T. ) ;
#3100 = EDGE_CURVE ( 'NONE', #1410, #2380, #582, .T. ) ;
#3101 = CARTESIAN_POINT ( 'NONE',  ( 0.9999999999999915623, 19.00000000000000000, -51.50000000000000000 ) ) ;
#3102 = ORIENTED_EDGE ( 'NONE', *, *, #3330, .F. ) ;
#3103 = EDGE_CURVE ( 'NONE', #3319, #2708, #2534, .T. ) ;
#3104 = EDGE_LOOP ( 'NONE', ( #1890, #1445, #2849, #1484 ) ) ;
#3105 = AXIS2_PLACEMENT_3D ( 'NONE', #1660, #299, #3520 ) ;
#3106 = DIRECTION ( 'NONE',  ( 0.000000000000000000, -1.000000000000000000, 0.000000000000000000 ) ) ;
#3107 = LINE ( 'NONE', #1190, #417 ) ;
#3108 = DIRECTION ( 'NONE',  ( 0.000000000000000000, 0.000000000000000000, -1.000000000000000000 ) ) ;
#3109 = AXIS2_PLACEMENT_3D ( 'NONE', #1740, #378, #633 ) ;
#3110 = DIRECTION ( 'NONE',  ( 1.000000000000000000, 0.000000000000000000, -1.301042606982604335E-16 ) ) ;
#3111 = VERTEX_POINT ( 'NONE', #1987 ) ;
#3112 = EDGE_CURVE ( 'NONE', #953, #1840, #1610, .T. ) ;
#3113 = VERTEX_POINT ( 'NONE', #1669 ) ;
#3114 = CARTESIAN_POINT ( 'NONE',  ( -34.99999999999999289, 0.000000000000000000, -65.00000000000007105 ) ) ;
#3115 = VECTOR ( 'NONE', #2218, 1000.000000000000000 ) ;
#3116 = CARTESIAN_POINT ( 'NONE',  ( -81.00000000000001421, 9.000000000000000000, -47.50000000000000711 ) ) ;
#3117 = DIRECTION ( 'NONE',  ( -1.000000000000000000, 0.000000000000000000, 0.000000000000000000 ) ) ;
#3118 = AXIS2_PLACEMENT_3D ( 'NONE', #54, #623, #348 ) ;
#3119 = FACE_OUTER_BOUND ( 'NONE', #394, .T. ) ;
#3120 = ORIENTED_EDGE ( 'NONE', *, *, #3501, .F. ) ;
#3121 = CIRCLE ( 'NONE', #1349, 1.600000000000004086 ) ;
#3122 = CARTESIAN_POINT ( 'NONE',  ( 34.99999999999997158, 9.000000000000000000, -55.00000000000005684 ) ) ;
#3123 = EDGE_CURVE ( 'NONE', #1330, #928, #652, .T. ) ;
#3124 = ORIENTED_EDGE ( 'NONE', *, *, #52, .T. ) ;
#3125 = DIRECTION ( 'NONE',  ( 0.000000000000000000, 0.000000000000000000, -1.000000000000000000 ) ) ;
#3126 = LINE ( 'NONE', #129, #3389 ) ;
#3127 = EDGE_CURVE ( 'NONE', #416, #1327, #3369, .T. ) ;
#3128 = LINE ( 'NONE', #2846, #3343 ) ;
#3129 = CARTESIAN_POINT ( 'NONE',  ( 64.99999999999975842, 0.000000000000000000, -79.99999999999988631 ) ) ;
#3130 = ORIENTED_EDGE ( 'NONE', *, *, #3367, .T. ) ;
#3131 = VERTEX_POINT ( 'NONE', #2501 ) ;
#3132 = FACE_OUTER_BOUND ( 'NONE', #2773, .T. ) ;
#3133 = FACE_BOUND ( 'NONE', #2986, .T. ) ;
#3134 = CARTESIAN_POINT ( 'NONE',  ( -45.00000000000000711, 0.000000000000000000, -90.00000000000008527 ) ) ;
#3135 = EDGE_CURVE ( 'NONE', #491, #3421, #528, .T. ) ;
#3136 = AXIS2_PLACEMENT_3D ( 'NONE', #922, #3106, #659 ) ;
#3137 = DIRECTION ( 'NONE',  ( 0.000000000000000000, -0.000000000000000000, -1.000000000000000000 ) ) ;
#3138 = ORIENTED_EDGE ( 'NONE', *, *, #2722, .T. ) ;
#3139 = EDGE_CURVE ( 'NONE', #3157, #953, #618, .T. ) ;
#3140 = CARTESIAN_POINT ( 'NONE',  ( -80.99999999999998579, 9.000000000000000000, 38.50000000000000711 ) ) ;
#3141 = ORIENTED_EDGE ( 'NONE', *, *, #1908, .F. ) ;
#3142 = EDGE_CURVE ( 'NONE', #1754, #1483, #1956, .T. ) ;
#3143 = CARTESIAN_POINT ( 'NONE',  ( 10.99999999999999467, 19.00000000000000000, -46.50000000000000000 ) ) ;
#3144 = LINE ( 'NONE', #2861, #1394 ) ;
#3145 = LINE ( 'NONE', #3183, #3172 ) ;
#3146 =( NAMED_UNIT ( * ) SI_UNIT ( $, .STERADIAN. ) SOLID_ANGLE_UNIT ( ) );
#3147 = ORIENTED_EDGE ( 'NONE', *, *, #749, .T. ) ;
#3148 = ORIENTED_EDGE ( 'NONE', *, *, #2429, .F. ) ;
#3149 = LINE ( 'NONE', #737, #550 ) ;
#3150 = DIRECTION ( 'NONE',  ( 0.000000000000000000, -1.000000000000000000, -0.000000000000000000 ) ) ;
#3151 = DIRECTION ( 'NONE',  ( -1.000000000000000000, 0.000000000000000000, 1.387778780781444492E-15 ) ) ;
#3152 = DIRECTION ( 'NONE',  ( 0.000000000000000000, 0.000000000000000000, -1.000000000000000000 ) ) ;
#3153 = AXIS2_PLACEMENT_3D ( 'NONE', #254, #2965, #2946 ) ;
#3154 = DIRECTION ( 'NONE',  ( 0.000000000000000000, 0.000000000000000000, -1.000000000000000000 ) ) ;
#3155 = EDGE_LOOP ( 'NONE', ( #3041, #2325, #73, #2690 ) ) ;
#3156 = AXIS2_PLACEMENT_3D ( 'NONE', #1474, #3453, #160 ) ;
#3157 = VERTEX_POINT ( 'NONE', #2225 ) ;
#3158 = ADVANCED_FACE ( 'NONE', ( #601 ), #3070, .T. ) ;
#3159 = CARTESIAN_POINT ( 'NONE',  ( -80.00000000000000000, 19.00000000000000000, 47.50000000000001421 ) ) ;
#3160 = ORIENTED_EDGE ( 'NONE', *, *, #709, .T. ) ;
#3161 = DIRECTION ( 'NONE',  ( 0.000000000000000000, 0.000000000000000000, 1.000000000000000000 ) ) ;
#3162 = CARTESIAN_POINT ( 'NONE',  ( 7.500000000000009770, 19.00000000000000000, 46.50000000000000000 ) ) ;
#3163 = ORIENTED_EDGE ( 'NONE', *, *, #272, .F. ) ;
#3164 = ORIENTED_EDGE ( 'NONE', *, *, #2538, .T. ) ;
#3165 = VERTEX_POINT ( 'NONE', #1689 ) ;
#3166 = DIRECTION ( 'NONE',  ( 0.000000000000000000, 0.000000000000000000, -1.000000000000000000 ) ) ;
#3167 = VECTOR ( 'NONE', #1927, 1000.000000000000000 ) ;
#3168 = DIRECTION ( 'NONE',  ( 0.000000000000000000, 1.000000000000000000, 0.000000000000000000 ) ) ;
#3169 = ADVANCED_FACE ( 'NONE', ( #2518 ), #50, .F. ) ;
#3170 = CARTESIAN_POINT ( 'NONE',  ( 76.00000000000002842, 9.000000000000000000, -50.50000000000006395 ) ) ;
#3171 = EDGE_CURVE ( 'NONE', #2434, #673, #3300, .T. ) ;
#3172 = VECTOR ( 'NONE', #696, 1000.000000000000000 ) ;
#3173 = CARTESIAN_POINT ( 'NONE',  ( 64.99999999999975842, 0.000000000000000000, -79.99999999999988631 ) ) ;
#3174 = ORIENTED_EDGE ( 'NONE', *, *, #2058, .T. ) ;
#3175 = ORIENTED_EDGE ( 'NONE', *, *, #2467, .T. ) ;
#3176 = ADVANCED_FACE ( 'NONE', ( #1385 ), #2482, .F. ) ;
#3177 = VECTOR ( 'NONE', #607, 1000.000000000000000 ) ;
#3178 = DIRECTION ( 'NONE',  ( -0.000000000000000000, -0.000000000000000000, -1.000000000000000000 ) ) ;
#3179 = EDGE_LOOP ( 'NONE', ( #2425, #133, #3479, #1605 ) ) ;
#3180 = CYLINDRICAL_SURFACE ( 'NONE', #97, 1.000000000000000888 ) ;
#3181 = EDGE_CURVE ( 'NONE', #589, #220, #177, .T. ) ;
#3182 = CIRCLE ( 'NONE', #1060, 1.600000000000004086 ) ;
#3183 = CARTESIAN_POINT ( 'NONE',  ( -44.99999999999997868, 0.000000000000000000, 90.00000000000005684 ) ) ;
#3184 = ORIENTED_EDGE ( 'NONE', *, *, #1316, .F. ) ;
#3185 = ORIENTED_EDGE ( 'NONE', *, *, #684, .F. ) ;
#3186 = ADVANCED_FACE ( 'NONE', ( #1543 ), #742, .F. ) ;
#3187 = LINE ( 'NONE', #3217, #2320 ) ;
#3188 = DIRECTION ( 'NONE',  ( 0.000000000000000000, -1.000000000000000000, 0.000000000000000000 ) ) ;
#3189 = DIRECTION ( 'NONE',  ( 0.000000000000000000, 0.000000000000000000, 1.000000000000000000 ) ) ;
#3190 = ORIENTED_EDGE ( 'NONE', *, *, #2957, .T. ) ;
#3191 = DIRECTION ( 'NONE',  ( 0.000000000000000000, 0.000000000000000000, 1.000000000000000000 ) ) ;
#3192 = CARTESIAN_POINT ( 'NONE',  ( -19.00000000000001776, 19.00000000000000000, 43.50000000000000711 ) ) ;
#3193 = ORIENTED_EDGE ( 'NONE', *, *, #3524, .T. ) ;
#3194 = ORIENTED_EDGE ( 'NONE', *, *, #871, .F. ) ;
#3195 = VECTOR ( 'NONE', #3077, 1000.000000000000000 ) ;
#3196 = EDGE_CURVE ( 'NONE', #2988, #3113, #586, .T. ) ;
#3197 = CARTESIAN_POINT ( 'NONE',  ( 64.99999999999978684, 0.000000000000000000, 81.60000000000003695 ) ) ;
#3198 = ORIENTED_EDGE ( 'NONE', *, *, #1204, .T. ) ;
#3199 = CARTESIAN_POINT ( 'NONE',  ( 90.00000000000000000, 0.000000000000000000, 65.00000000000002842 ) ) ;
#3200 = CYLINDRICAL_SURFACE ( 'NONE', #661, 1.000000000000000888 ) ;
#3201 = ORIENTED_EDGE ( 'NONE', *, *, #1611, .F. ) ;
#3202 = CARTESIAN_POINT ( 'NONE',  ( -76.00000000000000000, 19.00000000000000000, 38.50000000000000000 ) ) ;
#3203 = LINE ( 'NONE', #1841, #2809 ) ;
#3204 = FACE_OUTER_BOUND ( 'NONE', #51, .T. ) ;
#3205 = CARTESIAN_POINT ( 'NONE',  ( 6.500000000000011546, 19.00000000000000000, 46.50000000000000000 ) ) ;
#3206 = CIRCLE ( 'NONE', #2478, 10.00000000000000178 ) ;
#3207 = PLANE ( 'NONE',  #145 ) ;
#3208 = VERTEX_POINT ( 'NONE', #690 ) ;
#3209 = ORIENTED_EDGE ( 'NONE', *, *, #1596, .F. ) ;
#3210 = AXIS2_PLACEMENT_3D ( 'NONE', #954, #2604, #2908 ) ;
#3211 = DIRECTION ( 'NONE',  ( 0.000000000000000000, 0.000000000000000000, -1.000000000000000000 ) ) ;
#3212 = VERTEX_POINT ( 'NONE', #380 ) ;
#3213 = ADVANCED_FACE ( 'NONE', ( #3119 ), #2635, .T. ) ;
#3214 = DIRECTION ( 'NONE',  ( 0.000000000000000000, 0.000000000000000000, -1.000000000000000000 ) ) ;
#3215 = DIRECTION ( 'NONE',  ( 0.000000000000000000, 0.000000000000000000, 1.000000000000000000 ) ) ;
#3216 = ORIENTED_EDGE ( 'NONE', *, *, #709, .F. ) ;
#3217 = CARTESIAN_POINT ( 'NONE',  ( -44.99999999999997868, 9.000000000000000000, 90.00000000000005684 ) ) ;
#3218 = CARTESIAN_POINT ( 'NONE',  ( 71.00000000000002842, 9.000000000000000000, 41.50000000000000000 ) ) ;
#3219 = EDGE_CURVE ( 'NONE', #1257, #1314, #2369, .T. ) ;
#3220 = DIRECTION ( 'NONE',  ( 0.000000000000000000, 1.000000000000000000, 0.000000000000000000 ) ) ;
#3221 = VERTEX_POINT ( 'NONE', #3384 ) ;
#3222 = DIRECTION ( 'NONE',  ( 0.000000000000000000, 0.000000000000000000, 1.000000000000000000 ) ) ;
#3223 = AXIS2_PLACEMENT_3D ( 'NONE', #1392, #1125, #1337 ) ;
#3224 = DIRECTION ( 'NONE',  ( -0.000000000000000000, 1.000000000000000000, -0.000000000000000000 ) ) ;
#3225 = CIRCLE ( 'NONE', #131, 1.600000000000004086 ) ;
#3226 = ORIENTED_EDGE ( 'NONE', *, *, #2326, .F. ) ;
#3227 = ORIENTED_EDGE ( 'NONE', *, *, #40, .F. ) ;
#3228 = AXIS2_PLACEMENT_3D ( 'NONE', #1541, #1254, #3433 ) ;
#3229 = CARTESIAN_POINT ( 'NONE',  ( -76.00000000000001421, 19.00000000000000000, -43.50000000000000711 ) ) ;
#3230 = ORIENTED_EDGE ( 'NONE', *, *, #3510, .F. ) ;
#3231 = CYLINDRICAL_SURFACE ( 'NONE', #1704, 1.000000000000000888 ) ;
#3232 = EDGE_CURVE ( 'NONE', #31, #3047, #1273, .T. ) ;
#3233 = FACE_BOUND ( 'NONE', #1506, .T. ) ;
#3234 = EDGE_LOOP ( 'NONE', ( #1201, #2966, #1375, #2535, #2505, #1997, #2170, #1195 ) ) ;
#3235 = VERTEX_POINT ( 'NONE', #2098 ) ;
#3236 = VECTOR ( 'NONE', #3465, 1000.000000000000000 ) ;
#3237 = AXIS2_PLACEMENT_3D ( 'NONE', #3033, #2273, #2014 ) ;
#3238 = PLANE ( 'NONE',  #835 ) ;
#3239 = CARTESIAN_POINT ( 'NONE',  ( 0.000000000000000000, 19.00000000000000000, 0.000000000000000000 ) ) ;
#3240 = LINE ( 'NONE', #1646, #2374 ) ;
#3241 = ORIENTED_EDGE ( 'NONE', *, *, #2907, .T. ) ;
#3242 = DIRECTION ( 'NONE',  ( -0.000000000000000000, -1.000000000000000000, -0.000000000000000000 ) ) ;
#3243 = DIRECTION ( 'NONE',  ( 0.000000000000000000, 1.000000000000000000, -0.000000000000000000 ) ) ;
#3244 = ADVANCED_FACE ( 'NONE', ( #1238 ), #2297, .F. ) ;
#3245 = ORIENTED_EDGE ( 'NONE', *, *, #3073, .T. ) ;
#3246 = LINE ( 'NONE', #1296, #403 ) ;
#3247 = ORIENTED_EDGE ( 'NONE', *, *, #1829, .F. ) ;
#3248 = CARTESIAN_POINT ( 'NONE',  ( -71.00000000000001421, 9.000000000000000000, 43.50000000000001421 ) ) ;
#3249 = CARTESIAN_POINT ( 'NONE',  ( -64.99999999999975842, 0.000000000000000000, -90.00000000000007105 ) ) ;
#3250 = EDGE_CURVE ( 'NONE', #3113, #1249, #450, .T. ) ;
#3251 = ORIENTED_EDGE ( 'NONE', *, *, #2166, .F. ) ;
#3252 = CARTESIAN_POINT ( 'NONE',  ( 75.00000000000004263, 19.00000000000000000, 51.50000000000000000 ) ) ;
#3253 = CARTESIAN_POINT ( 'NONE',  ( -80.00000000000001421, 19.00000000000000000, -48.50000000000000711 ) ) ;
#3254 = AXIS2_PLACEMENT_3D ( 'NONE', #1236, #2787, #1149 ) ;
#3255 = DIRECTION ( 'NONE',  ( 0.000000000000000000, 0.000000000000000000, 1.000000000000000000 ) ) ;
#3256 = VERTEX_POINT ( 'NONE', #431 ) ;
#3257 = CARTESIAN_POINT ( 'NONE',  ( 45.00000000000000711, 9.000000000000000000, -90.00000000000009948 ) ) ;
#3258 = CARTESIAN_POINT ( 'NONE',  ( -80.00000000000000000, 9.000000000000000000, 47.50000000000001421 ) ) ;
#3259 = DIRECTION ( 'NONE',  ( 0.000000000000000000, 0.000000000000000000, -1.000000000000000000 ) ) ;
#3260 = EDGE_LOOP ( 'NONE', ( #1043, #1177 ) ) ;
#3261 = VECTOR ( 'NONE', #2547, 1000.000000000000000 ) ;
#3262 = EDGE_CURVE ( 'NONE', #1114, #2876, #2836, .T. ) ;
#3263 = CARTESIAN_POINT ( 'NONE',  ( -76.00000000000000000, 19.00000000000000000, 43.50000000000000711 ) ) ;
#3264 = DIRECTION ( 'NONE',  ( 0.000000000000000000, 1.000000000000000000, -0.000000000000000000 ) ) ;
#3265 = VECTOR ( 'NONE', #2711, 1000.000000000000000 ) ;
#3266 = FACE_BOUND ( 'NONE', #1396, .T. ) ;
#3267 = ORIENTED_EDGE ( 'NONE', *, *, #1175, .T. ) ;
#3268 = AXIS2_PLACEMENT_3D ( 'NONE', #3101, #1743, #1146 ) ;
#3269 = ORIENTED_EDGE ( 'NONE', *, *, #449, .T. ) ;
#3270 = DIRECTION ( 'NONE',  ( 0.000000000000000000, 0.000000000000000000, 1.000000000000000000 ) ) ;
#3271 = FACE_OUTER_BOUND ( 'NONE', #424, .T. ) ;
#3272 = DIRECTION ( 'NONE',  ( -0.000000000000000000, 1.000000000000000000, -0.000000000000000000 ) ) ;
#3273 = CARTESIAN_POINT ( 'NONE',  ( -80.00000000000001421, 9.000000000000000000, -48.50000000000000711 ) ) ;
#3274 = DIRECTION ( 'NONE',  ( -0.000000000000000000, -1.000000000000000000, 0.000000000000000000 ) ) ;
#3275 = ADVANCED_FACE ( 'NONE', ( #2871 ), #2581, .F. ) ;
#3276 = CARTESIAN_POINT ( 'NONE',  ( 1.999999999999991784, 9.000000000000000000, -50.49999999999999289 ) ) ;
#3277 = ORIENTED_EDGE ( 'NONE', *, *, #2457, .F. ) ;
#3278 = EDGE_CURVE ( 'NONE', #80, #161, #1897, .T. ) ;
#3279 = AXIS2_PLACEMENT_3D ( 'NONE', #342, #3365, #3329 ) ;
#3280 = ADVANCED_FACE ( 'NONE', ( #393 ), #706, .F. ) ;
#3281 = DIRECTION ( 'NONE',  ( 1.000000000000000000, -0.000000000000000000, -0.000000000000000000 ) ) ;
#3282 = AXIS2_PLACEMENT_3D ( 'NONE', #3536, #3272, #2304 ) ;
#3283 = LINE ( 'NONE', #566, #1427 ) ;
#3284 = EDGE_CURVE ( 'NONE', #198, #1330, #816, .T. ) ;
#3285 = FACE_BOUND ( 'NONE', #1857, .T. ) ;
#3286 = VERTEX_POINT ( 'NONE', #2351 ) ;
#3287 = ORIENTED_EDGE ( 'NONE', *, *, #200, .F. ) ;
#3288 = EDGE_CURVE ( 'NONE', #3413, #1310, #3046, .T. ) ;
#3289 = CARTESIAN_POINT ( 'NONE',  ( 0.000000000000000000, 19.00000000000000000, 0.000000000000000000 ) ) ;
#3290 = CARTESIAN_POINT ( 'NONE',  ( -64.99999999999972999, 0.000000000000000000, 80.00000000000002842 ) ) ;
#3291 = CARTESIAN_POINT ( 'NONE',  ( 1.500000000000013767, 19.00000000000000000, 50.50000000000000000 ) ) ;
#3292 = ORIENTED_EDGE ( 'NONE', *, *, #2619, .T. ) ;
#3293 = EDGE_CURVE ( 'NONE', #636, #2015, #1217, .T. ) ;
#3294 = DIRECTION ( 'NONE',  ( -1.000000000000000000, -0.000000000000000000, -0.000000000000000000 ) ) ;
#3295 = LINE ( 'NONE', #29, #1179 ) ;
#3296 = VECTOR ( 'NONE', #175, 1000.000000000000000 ) ;
#3297 = DIRECTION ( 'NONE',  ( -0.000000000000000000, -0.000000000000000000, 1.000000000000000000 ) ) ;
#3298 = ADVANCED_FACE ( 'NONE', ( #725 ), #2689, .F. ) ;
#3299 = ORIENTED_EDGE ( 'NONE', *, *, #1316, .T. ) ;
#3300 = LINE ( 'NONE', #2801, #873 ) ;
#3301 = CARTESIAN_POINT ( 'NONE',  ( -19.00000000000001776, 19.00000000000000000, -43.50000000000000711 ) ) ;
#3302 = DIRECTION ( 'NONE',  ( 1.000000000000000000, 0.000000000000000000, -0.000000000000000000 ) ) ;
#3303 = VERTEX_POINT ( 'NONE', #3540 ) ;
#3304 = ORIENTED_EDGE ( 'NONE', *, *, #1164, .F. ) ;
#3305 = VECTOR ( 'NONE', #2046, 1000.000000000000000 ) ;
#3306 = DIRECTION ( 'NONE',  ( 0.000000000000000000, 1.000000000000000000, -0.000000000000000000 ) ) ;
#3307 = DIRECTION ( 'NONE',  ( 0.000000000000000000, 1.000000000000000000, 0.000000000000000000 ) ) ;
#3308 = CARTESIAN_POINT ( 'NONE',  ( -90.00000000000000000, 9.000000000000000000, 65.00000000000002842 ) ) ;
#3309 = EDGE_LOOP ( 'NONE', ( #1265, #3314 ) ) ;
#3310 = DIRECTION ( 'NONE',  ( 7.632783294297965415E-15, -0.000000000000000000, 1.000000000000000000 ) ) ;
#3311 = FACE_OUTER_BOUND ( 'NONE', #1710, .T. ) ;
#3312 = VERTEX_POINT ( 'NONE', #250 ) ;
#3313 = CARTESIAN_POINT ( 'NONE',  ( -64.99999999999972999, 0.000000000000000000, 80.00000000000002842 ) ) ;
#3314 = ORIENTED_EDGE ( 'NONE', *, *, #2641, .T. ) ;
#3315 = CARTESIAN_POINT ( 'NONE',  ( -44.99999999999999289, 0.000000000000000000, -55.00000000000007105 ) ) ;
#3316 = PLANE ( 'NONE',  #2550 ) ;
#3317 = EDGE_CURVE ( 'NONE', #389, #1243, #1345, .T. ) ;
#3318 = ORIENTED_EDGE ( 'NONE', *, *, #2024, .T. ) ;
#3319 = VERTEX_POINT ( 'NONE', #1326 ) ;
#3320 = AXIS2_PLACEMENT_3D ( 'NONE', #1972, #1184, #3351 ) ;
#3321 = DIRECTION ( 'NONE',  ( 0.000000000000000000, 1.000000000000000000, -0.000000000000000000 ) ) ;
#3322 = CARTESIAN_POINT ( 'NONE',  ( -79.99999999999975842, 0.000000000000000000, -64.99999999999988631 ) ) ;
#3323 = CARTESIAN_POINT ( 'NONE',  ( -8.999999999999998224, 9.000000000000000000, 38.50000000000000000 ) ) ;
#3324 = AXIS2_PLACEMENT_3D ( 'NONE', #2446, #1559, #2113 ) ;
#3325 = ORIENTED_EDGE ( 'NONE', *, *, #1653, .T. ) ;
#3326 = CARTESIAN_POINT ( 'NONE',  ( 64.99999999999975842, 9.000000000000000000, 90.00000000000007105 ) ) ;
#3327 = DIRECTION ( 'NONE',  ( -1.000000000000000000, 0.000000000000000000, 0.000000000000000000 ) ) ;
#3328 = ADVANCED_FACE ( 'NONE', ( #3525 ), #233, .F. ) ;
#3329 = DIRECTION ( 'NONE',  ( 0.000000000000000000, 0.000000000000000000, -1.000000000000000000 ) ) ;
#3330 = EDGE_CURVE ( 'NONE', #1261, #3005, #1782, .T. ) ;
#3331 = CARTESIAN_POINT ( 'NONE',  ( -44.99999999999997158, 9.000000000000000000, 65.00000000000004263 ) ) ;
#3332 = VERTEX_POINT ( 'NONE', #2729 ) ;
#3333 = EDGE_LOOP ( 'NONE', ( #758, #1616, #2819, #459 ) ) ;
#3334 = DIRECTION ( 'NONE',  ( 0.000000000000000000, 0.000000000000000000, 1.000000000000000000 ) ) ;
#3335 = VECTOR ( 'NONE', #1732, 1000.000000000000000 ) ;
#3336 = DIRECTION ( 'NONE',  ( -0.000000000000000000, -0.000000000000000000, 1.000000000000000000 ) ) ;
#3337 = ORIENTED_EDGE ( 'NONE', *, *, #1581, .T. ) ;
#3338 = CIRCLE ( 'NONE', #191, 1.600000000000004086 ) ;
#3339 = AXIS2_PLACEMENT_3D ( 'NONE', #1661, #2199, #3026 ) ;
#3340 = VERTEX_POINT ( 'NONE', #1578 ) ;
#3341 = CARTESIAN_POINT ( 'NONE',  ( -80.00000000000001421, 19.00000000000000000, -47.50000000000000711 ) ) ;
#3342 = CARTESIAN_POINT ( 'NONE',  ( -14.00000000000001243, 19.00000000000000000, -38.50000000000000000 ) ) ;
#3343 = VECTOR ( 'NONE', #679, 1000.000000000000000 ) ;
#3344 = CYLINDRICAL_SURFACE ( 'NONE', #1401, 10.00000000000000178 ) ;
#3345 = ORIENTED_EDGE ( 'NONE', *, *, #3467, .F. ) ;
#3346 = DIRECTION ( 'NONE',  ( 1.000000000000000000, 0.000000000000000000, -0.000000000000000000 ) ) ;
#3347 = DIRECTION ( 'NONE',  ( -1.000000000000000000, 0.000000000000000000, -1.387778780781446070E-15 ) ) ;
#3348 = AXIS2_PLACEMENT_3D ( 'NONE', #830, #1468, #2291 ) ;
#3349 = CIRCLE ( 'NONE', #264, 1.600000000000004086 ) ;
#3350 = EDGE_CURVE ( 'NONE', #2520, #148, #2265, .T. ) ;
#3351 = DIRECTION ( 'NONE',  ( 0.000000000000000000, 0.000000000000000000, 1.000000000000000000 ) ) ;
#3352 = ORIENTED_EDGE ( 'NONE', *, *, #258, .T. ) ;
#3353 = VERTEX_POINT ( 'NONE', #2996 ) ;
#3354 = CARTESIAN_POINT ( 'NONE',  ( -80.00000000000001421, 19.00000000000000000, -47.50000000000000711 ) ) ;
#3355 = DIRECTION ( 'NONE',  ( 0.000000000000000000, 0.000000000000000000, -1.000000000000000000 ) ) ;
#3356 = EDGE_LOOP ( 'NONE', ( #217, #2790, #763, #1716 ) ) ;
#3357 = PLANE ( 'NONE',  #1232 ) ;
#3358 = DIRECTION ( 'NONE',  ( -0.000000000000000000, -1.000000000000000000, 0.000000000000000000 ) ) ;
#3359 = EDGE_CURVE ( 'NONE', #3319, #2447, #2609, .T. ) ;
#3360 = DIRECTION ( 'NONE',  ( -0.000000000000000000, 1.000000000000000000, -0.000000000000000000 ) ) ;
#3361 = DIRECTION ( 'NONE',  ( -1.000000000000000000, 0.000000000000000000, -1.387778780781445873E-15 ) ) ;
#3362 = VERTEX_POINT ( 'NONE', #1309 ) ;
#3363 = CARTESIAN_POINT ( 'NONE',  ( 64.99999999999975842, 9.000000000000000000, -81.59999999999989484 ) ) ;
#3364 = CARTESIAN_POINT ( 'NONE',  ( 1.500000000000015099, 9.000000000000000000, 41.49999999999999289 ) ) ;
#3365 = DIRECTION ( 'NONE',  ( 0.000000000000000000, -1.000000000000000000, 0.000000000000000000 ) ) ;
#3366 = EDGE_CURVE ( 'NONE', #1105, #3131, #2673, .T. ) ;
#3367 = EDGE_CURVE ( 'NONE', #1815, #3235, #1039, .T. ) ;
#3368 = VECTOR ( 'NONE', #2821, 1000.000000000000000 ) ;
#3369 = LINE ( 'NONE', #2208, #1724 ) ;
#3370 = ORIENTED_EDGE ( 'NONE', *, *, #2316, .F. ) ;
#3371 = ADVANCED_FACE ( 'NONE', ( #3471 ), #3207, .T. ) ;
#3372 = ORIENTED_EDGE ( 'NONE', *, *, #2481, .T. ) ;
#3373 = DIRECTION ( 'NONE',  ( -1.067522139062651041E-16, 0.000000000000000000, -1.000000000000000000 ) ) ;
#3374 = VECTOR ( 'NONE', #2973, 1000.000000000000000 ) ;
#3375 = CARTESIAN_POINT ( 'NONE',  ( 71.00000000000002842, 9.000000000000000000, -41.50000000000000000 ) ) ;
#3376 = LINE ( 'NONE', #924, #3398 ) ;
#3377 = CARTESIAN_POINT ( 'NONE',  ( 0.000000000000000000, 19.00000000000000000, 0.000000000000000000 ) ) ;
#3378 = ORIENTED_EDGE ( 'NONE', *, *, #578, .F. ) ;
#3379 = ORIENTED_EDGE ( 'NONE', *, *, #1685, .T. ) ;
#3380 = DIRECTION ( 'NONE',  ( 0.000000000000000000, 0.000000000000000000, 1.000000000000000000 ) ) ;
#3381 = LINE ( 'NONE', #1471, #469 ) ;
#3382 = CIRCLE ( 'NONE', #3547, 1.600000000000004086 ) ;
#3383 = FACE_OUTER_BOUND ( 'NONE', #1548, .T. ) ;
#3384 = CARTESIAN_POINT ( 'NONE',  ( -14.00000000000001243, 19.00000000000000000, 38.50000000000000000 ) ) ;
#3385 = VERTEX_POINT ( 'NONE', #814 ) ;
#3386 = EDGE_CURVE ( 'NONE', #3113, #432, #2169, .T. ) ;
#3387 = PLANE ( 'NONE',  #120 ) ;
#3388 = ORIENTED_EDGE ( 'NONE', *, *, #1098, .F. ) ;
#3389 = VECTOR ( 'NONE', #77, 1000.000000000000000 ) ;
#3390 = LINE ( 'NONE', #1140, #257 ) ;
#3391 = CYLINDRICAL_SURFACE ( 'NONE', #1677, 1.000000000000000888 ) ;
#3392 = CARTESIAN_POINT ( 'NONE',  ( -89.99999999999997158, 0.000000000000000000, -64.99999999999988631 ) ) ;
#3393 = EDGE_CURVE ( 'NONE', #1257, #1172, #1632, .T. ) ;
#3394 = CARTESIAN_POINT ( 'NONE',  ( -64.99999999999975842, 0.000000000000000000, -64.99999999999988631 ) ) ;
#3395 = ORIENTED_EDGE ( 'NONE', *, *, #1842, .F. ) ;
#3396 = EDGE_LOOP ( 'NONE', ( #2468, #212, #3440, #1280 ) ) ;
#3397 = DIRECTION ( 'NONE',  ( 0.000000000000000000, -0.000000000000000000, 1.000000000000000000 ) ) ;
#3398 = VECTOR ( 'NONE', #1733, 1000.000000000000000 ) ;
#3399 = LINE ( 'NONE', #2884, #109 ) ;
#3400 = LINE ( 'NONE', #2869, #363 ) ;
#3401 = EDGE_CURVE ( 'NONE', #1346, #1030, #1407, .T. ) ;
#3402 = ADVANCED_FACE ( 'NONE', ( #2979 ), #2461, .F. ) ;
#3403 = DIRECTION ( 'NONE',  ( -0.000000000000000000, 1.000000000000000000, -0.000000000000000000 ) ) ;
#3404 = VERTEX_POINT ( 'NONE', #2707 ) ;
#3405 = AXIS2_PLACEMENT_3D ( 'NONE', #1766, #1189, #1155 ) ;
#3406 = VECTOR ( 'NONE', #2924, 1000.000000000000000 ) ;
#3407 = DIRECTION ( 'NONE',  ( -0.000000000000000000, -0.000000000000000000, -1.000000000000000000 ) ) ;
#3408 = ORIENTED_EDGE ( 'NONE', *, *, #2853, .F. ) ;
#3409 = FACE_OUTER_BOUND ( 'NONE', #793, .T. ) ;
#3410 = DIRECTION ( 'NONE',  ( -0.000000000000000000, -1.000000000000000000, 0.000000000000000000 ) ) ;
#3411 = CARTESIAN_POINT ( 'NONE',  ( -15.00000000000001421, 9.000000000000000000, -43.50000000000000711 ) ) ;
#3412 = ORIENTED_EDGE ( 'NONE', *, *, #3350, .T. ) ;
#3413 = VERTEX_POINT ( 'NONE', #2390 ) ;
#3414 = DIRECTION ( 'NONE',  ( 0.000000000000000000, 0.000000000000000000, -1.000000000000000000 ) ) ;
#3415 = EDGE_CURVE ( 'NONE', #3353, #2417, #488, .T. ) ;
#3416 = DIRECTION ( 'NONE',  ( 0.000000000000000000, 0.000000000000000000, -1.000000000000000000 ) ) ;
#3417 = CARTESIAN_POINT ( 'NONE',  ( 7.500000000000009770, 9.000000000000000000, 46.50000000000000000 ) ) ;
#3418 = VECTOR ( 'NONE', #1208, 1000.000000000000000 ) ;
#3419 = DIRECTION ( 'NONE',  ( 0.000000000000000000, 0.000000000000000000, 1.000000000000000000 ) ) ;
#3420 = EDGE_LOOP ( 'NONE', ( #3251, #691, #1662, #1848 ) ) ;
#3421 = VERTEX_POINT ( 'NONE', #1293 ) ;
#3422 = CARTESIAN_POINT ( 'NONE',  ( 76.00000000000004263, 19.00000000000000000, 41.49999999999999289 ) ) ;
#3423 = VERTEX_POINT ( 'NONE', #467 ) ;
#3424 = PLANE ( 'NONE',  #740 ) ;
#3425 = DIRECTION ( 'NONE',  ( 0.000000000000000000, 0.000000000000000000, -1.000000000000000000 ) ) ;
#3426 = EDGE_CURVE ( 'NONE', #3537, #1243, #2652, .T. ) ;
#3427 = CARTESIAN_POINT ( 'NONE',  ( 79.99999999999975842, 9.000000000000000000, -64.99999999999988631 ) ) ;
#3428 = ORIENTED_EDGE ( 'NONE', *, *, #1046, .T. ) ;
#3429 = VERTEX_POINT ( 'NONE', #2034 ) ;
#3430 = VECTOR ( 'NONE', #2741, 1000.000000000000000 ) ;
#3431 = ORIENTED_EDGE ( 'NONE', *, *, #1729, .T. ) ;
#3432 = DIRECTION ( 'NONE',  ( 0.000000000000000000, 0.000000000000000000, 1.000000000000000000 ) ) ;
#3433 = DIRECTION ( 'NONE',  ( 0.000000000000000000, 0.000000000000000000, 1.000000000000000000 ) ) ;
#3434 = EDGE_CURVE ( 'NONE', #2737, #1434, #3182, .T. ) ;
#3435 = CARTESIAN_POINT ( 'NONE',  ( 6.500000000000011546, 19.00000000000000000, 41.50000000000000000 ) ) ;
#3436 = AXIS2_PLACEMENT_3D ( 'NONE', #1455, #326, #3036 ) ;
#3437 = DIRECTION ( 'NONE',  ( 0.000000000000000000, 0.000000000000000000, 1.000000000000000000 ) ) ;
#3438 = ORIENTED_EDGE ( 'NONE', *, *, #1044, .F. ) ;
#3439 = ADVANCED_FACE ( 'NONE', ( #1770 ), #1752, .F. ) ;
#3440 = ORIENTED_EDGE ( 'NONE', *, *, #3123, .T. ) ;
#3441 = CARTESIAN_POINT ( 'NONE',  ( -14.00000000000001243, 19.00000000000000000, 43.50000000000000711 ) ) ;
#3442 = EDGE_LOOP ( 'NONE', ( #411, #3277, #552, #2917 ) ) ;
#3443 = DIRECTION ( 'NONE',  ( -1.000000000000000000, 0.000000000000000000, 0.000000000000000000 ) ) ;
#3444 = CARTESIAN_POINT ( 'NONE',  ( 64.99999999999975842, 9.000000000000000000, -79.99999999999988631 ) ) ;
#3445 = VERTEX_POINT ( 'NONE', #1482 ) ;
#3446 = ORIENTED_EDGE ( 'NONE', *, *, #343, .F. ) ;
#3447 = DIRECTION ( 'NONE',  ( 1.000000000000000000, 0.000000000000000000, 0.000000000000000000 ) ) ;
#3448 = CARTESIAN_POINT ( 'NONE',  ( -9.999999999999996447, 19.00000000000000000, 48.50000000000000711 ) ) ;
#3449 = DIRECTION ( 'NONE',  ( -3.469446951953616161E-16, 0.000000000000000000, -1.000000000000000000 ) ) ;
#3450 = VECTOR ( 'NONE', #2122, 1000.000000000000000 ) ;
#3451 = DIRECTION ( 'NONE',  ( -0.000000000000000000, -0.000000000000000000, 1.000000000000000000 ) ) ;
#3452 = VECTOR ( 'NONE', #3019, 1000.000000000000000 ) ;
#3453 = DIRECTION ( 'NONE',  ( 1.000000000000000000, -0.000000000000000000, 0.000000000000000000 ) ) ;
#3454 = ORIENTED_EDGE ( 'NONE', *, *, #2097, .T. ) ;
#3455 = EDGE_LOOP ( 'NONE', ( #1137, #1031, #1240, #1839 ) ) ;
#3456 = EDGE_CURVE ( 'NONE', #1570, #3429, #2575, .T. ) ;
#3457 = VECTOR ( 'NONE', #701, 1000.000000000000000 ) ;
#3458 = DIRECTION ( 'NONE',  ( 1.387778780781444689E-15, -0.000000000000000000, 1.000000000000000000 ) ) ;
#3459 = EDGE_LOOP ( 'NONE', ( #3120, #1381, #2899, #125 ) ) ;
#3460 = CARTESIAN_POINT ( 'NONE',  ( -15.00000000000001421, 19.00000000000000000, -42.50000000000000000 ) ) ;
#3461 = AXIS2_PLACEMENT_3D ( 'NONE', #1968, #271, #846 ) ;
#3462 = DIRECTION ( 'NONE',  ( 0.000000000000000000, 0.000000000000000000, 1.000000000000000000 ) ) ;
#3463 = ORIENTED_EDGE ( 'NONE', *, *, #2507, .T. ) ;
#3464 = ORIENTED_EDGE ( 'NONE', *, *, #3035, .F. ) ;
#3465 = DIRECTION ( 'NONE',  ( -1.000000000000000000, 0.000000000000000000, -1.387778780781446070E-15 ) ) ;
#3466 = CARTESIAN_POINT ( 'NONE',  ( 79.99999999999975842, 0.000000000000000000, -64.99999999999988631 ) ) ;
#3467 = EDGE_CURVE ( 'NONE', #2681, #2417, #3068, .T. ) ;
#3468 = DIRECTION ( 'NONE',  ( -0.000000000000000000, -1.000000000000000000, -0.000000000000000000 ) ) ;
#3469 = DIRECTION ( 'NONE',  ( 0.000000000000000000, -1.000000000000000000, 0.000000000000000000 ) ) ;
#3470 = EDGE_CURVE ( 'NONE', #2553, #2306, #2321, .T. ) ;
#3471 = FACE_OUTER_BOUND ( 'NONE', #1206, .T. ) ;
#3472 = VERTEX_POINT ( 'NONE', #1193 ) ;
#3473 = ORIENTED_EDGE ( 'NONE', *, *, #1638, .T. ) ;
#3474 = DIRECTION ( 'NONE',  ( 1.000000000000000000, -0.000000000000000000, -0.000000000000000000 ) ) ;
#3475 = ORIENTED_EDGE ( 'NONE', *, *, #2976, .T. ) ;
#3476 = DIRECTION ( 'NONE',  ( 0.000000000000000000, -1.000000000000000000, 0.000000000000000000 ) ) ;
#3477 = ADVANCED_FACE ( 'NONE', ( #2764 ), #2305, .F. ) ;
#3478 = LINE ( 'NONE', #3162, #1165 ) ;
#3479 = ORIENTED_EDGE ( 'NONE', *, *, #1271, .F. ) ;
#3480 = LINE ( 'NONE', #1520, #3457 ) ;
#3481 = LINE ( 'NONE', #2631, #290 ) ;
#3482 = DIRECTION ( 'NONE',  ( 0.000000000000000000, 1.000000000000000000, 0.000000000000000000 ) ) ;
#3483 = VERTEX_POINT ( 'NONE', #1227 ) ;
#3484 = DIRECTION ( 'NONE',  ( -0.000000000000000000, -0.000000000000000000, -1.000000000000000000 ) ) ;
#3485 = VECTOR ( 'NONE', #541, 1000.000000000000000 ) ;
#3486 = DIRECTION ( 'NONE',  ( 0.000000000000000000, -0.000000000000000000, 1.000000000000000000 ) ) ;
#3487 = ORIENTED_EDGE ( 'NONE', *, *, #839, .F. ) ;
#3488 = VERTEX_POINT ( 'NONE', #305 ) ;
#3489 = AXIS2_PLACEMENT_3D ( 'NONE', #799, #2116, #2732 ) ;
#3490 = EDGE_CURVE ( 'NONE', #1984, #1040, #1400, .T. ) ;
#3491 = VECTOR ( 'NONE', #2076, 1000.000000000000000 ) ;
#3492 = DIRECTION ( 'NONE',  ( -0.000000000000000000, -1.000000000000000000, -0.000000000000000000 ) ) ;
#3493 = ORIENTED_EDGE ( 'NONE', *, *, #1226, .T. ) ;
#3494 = ADVANCED_FACE ( 'NONE', ( #372 ), #911, .F. ) ;
#3495 = CARTESIAN_POINT ( 'NONE',  ( -19.00000000000001776, 19.00000000000000000, 48.50000000000000711 ) ) ;
#3496 = DIRECTION ( 'NONE',  ( 0.000000000000000000, 0.000000000000000000, 1.000000000000000000 ) ) ;
#3497 = ORIENTED_EDGE ( 'NONE', *, *, #2964, .T. ) ;
#3498 = VERTEX_POINT ( 'NONE', #2863 ) ;
#3499 = DIRECTION ( 'NONE',  ( -1.000000000000000000, -0.000000000000000000, -0.000000000000000000 ) ) ;
#3500 = CARTESIAN_POINT ( 'NONE',  ( 1.500000000000012657, 19.00000000000000000, 41.49999999999999289 ) ) ;
#3501 = EDGE_CURVE ( 'NONE', #752, #23, #401, .T. ) ;
#3502 = DIRECTION ( 'NONE',  ( -0.000000000000000000, 1.000000000000000000, -0.000000000000000000 ) ) ;
#3503 = CARTESIAN_POINT ( 'NONE',  ( 76.00000000000004263, 19.00000000000000000, 50.49999999999999289 ) ) ;
#3504 = CIRCLE ( 'NONE', #2137, 1.000000000000000888 ) ;
#3505 = EDGE_CURVE ( 'NONE', #752, #2975, #680, .T. ) ;
#3506 = CARTESIAN_POINT ( 'NONE',  ( 66.00000000000004263, 19.00000000000000000, -51.50000000000000000 ) ) ;
#3507 = VECTOR ( 'NONE', #99, 1000.000000000000000 ) ;
#3508 = ORIENTED_EDGE ( 'NONE', *, *, #2401, .T. ) ;
#3509 = CIRCLE ( 'NONE', #2198, 1.600000000000004086 ) ;
#3510 = EDGE_CURVE ( 'NONE', #1489, #3483, #2324, .T. ) ;
#3511 = CYLINDRICAL_SURFACE ( 'NONE', #2473, 9.999999999999994671 ) ;
#3512 = VERTEX_POINT ( 'NONE', #2562 ) ;
#3513 = DIRECTION ( 'NONE',  ( -1.000000000000000000, -0.000000000000000000, -0.000000000000000000 ) ) ;
#3514 = DIRECTION ( 'NONE',  ( -1.387778780781446070E-15, 0.000000000000000000, 1.000000000000000000 ) ) ;
#3515 = ORIENTED_EDGE ( 'NONE', *, *, #216, .T. ) ;
#3516 = EDGE_LOOP ( 'NONE', ( #2591, #1067 ) ) ;
#3517 = VECTOR ( 'NONE', #12, 1000.000000000000000 ) ;
#3518 = CARTESIAN_POINT ( 'NONE',  ( -81.00000000000000000, 19.00000000000000000, 38.50000000000000000 ) ) ;
#3519 = VECTOR ( 'NONE', #3242, 1000.000000000000000 ) ;
#3520 = DIRECTION ( 'NONE',  ( 0.000000000000000000, 0.000000000000000000, 1.000000000000000000 ) ) ;
#3521 = DIRECTION ( 'NONE',  ( -0.000000000000000000, 1.000000000000000000, 0.000000000000000000 ) ) ;
#3522 = DIRECTION ( 'NONE',  ( -0.000000000000000000, 1.000000000000000000, -0.000000000000000000 ) ) ;
#3523 = DIRECTION ( 'NONE',  ( -1.000000000000000000, 0.000000000000000000, 1.734723475976805862E-16 ) ) ;
#3524 = EDGE_CURVE ( 'NONE', #3086, #3353, #562, .T. ) ;
#3525 = FACE_OUTER_BOUND ( 'NONE', #2506, .T. ) ;
#3526 = VERTEX_POINT ( 'NONE', #1380 ) ;
#3527 = LINE ( 'NONE', #2138, #2182 ) ;
#3528 = DIRECTION ( 'NONE',  ( 0.000000000000000000, 0.000000000000000000, -1.000000000000000000 ) ) ;
#3529 = FACE_BOUND ( 'NONE', #2970, .T. ) ;
#3530 = EDGE_LOOP ( 'NONE', ( #2881, #2253, #2601, #3431 ) ) ;
#3531 = ORIENTED_EDGE ( 'NONE', *, *, #2641, .F. ) ;
#3532 = CARTESIAN_POINT ( 'NONE',  ( -64.99999999999975842, 0.000000000000000000, -79.99999999999988631 ) ) ;
#3533 = CARTESIAN_POINT ( 'NONE',  ( -90.00000000000000000, 9.000000000000000000, 65.00000000000002842 ) ) ;
#3534 = EDGE_CURVE ( 'NONE', #172, #752, #728, .T. ) ;
#3535 = CIRCLE ( 'NONE', #1075, 1.000000000000000888 ) ;
#3536 = CARTESIAN_POINT ( 'NONE',  ( -79.99999999999975842, 0.000000000000000000, -64.99999999999988631 ) ) ;
#3537 = VERTEX_POINT ( 'NONE', #2204 ) ;
#3538 = LINE ( 'NONE', #812, #2191 ) ;
#3539 = PLANE ( 'NONE',  #3013 ) ;
#3540 = CARTESIAN_POINT ( 'NONE',  ( 76.00000000000002842, 9.000000000000000000, -41.50000000000000000 ) ) ;
#3541 = ORIENTED_EDGE ( 'NONE', *, *, #1681, .T. ) ;
#3542 = ADVANCED_FACE ( 'NONE', ( #1935 ), #579, .F. ) ;
#3543 = VECTOR ( 'NONE', #2646, 1000.000000000000000 ) ;
#3544 = ADVANCED_FACE ( 'NONE', ( #1130 ), #3094, .F. ) ;
#3545 = LINE ( 'NONE', #2173, #2695 ) ;
#3546 = DIRECTION ( 'NONE',  ( -1.000000000000000000, 0.000000000000000000, -0.000000000000000000 ) ) ;
#3547 = AXIS2_PLACEMENT_3D ( 'NONE', #1869, #2448, #3016 ) ;
ENDSEC;
END-ISO-10303-21;
