ISO-10303-21;
HEADER;
FILE_DESCRIPTION (( 'STEP AP214' ),
    '1' );
FILE_NAME ('plate1.STEP',
    '2025-12-13T03:01:47',
    ( '' ),
    ( '' ),
    'SwSTEP 2.0',
    'SolidWorks 2025',
    '' );
FILE_SCHEMA (( 'AUTOMOTIVE_DESIGN' ));
ENDSEC;

DATA;
#1 = VERTEX_POINT ( 'NONE', #328 ) ;
#2 = LINE ( 'NONE', #1466, #982 ) ;
#3 = CYLINDRICAL_SURFACE ( 'NONE', #1966, 1.600000000000004086 ) ;
#4 = AXIS2_PLACEMENT_3D ( 'NONE', #3078, #429, #2854 ) ;
#5 = CARTESIAN_POINT ( 'NONE',  ( 64.99999999999978684, 9.000000000000000000, 78.40000000000001990 ) ) ;
#6 = DIRECTION ( 'NONE',  ( 0.000000000000000000, 0.000000000000000000, 1.000000000000000000 ) ) ;
#7 = VERTEX_POINT ( 'NONE', #849 ) ;
#8 = CARTESIAN_POINT ( 'NONE',  ( 65.00000000000000000, 9.000000000000000000, 65.00000000000002842 ) ) ;
#9 = ORIENTED_EDGE ( 'NONE', *, *, #2237, .F. ) ;
#10 = LINE ( 'NONE', #2223, #1838 ) ;
#11 = CARTESIAN_POINT ( 'NONE',  ( 0.000000000000000000, 0.000000000000000000, 0.000000000000000000 ) ) ;
#12 = EDGE_CURVE ( 'NONE', #125, #2158, #2067, .T. ) ;
#13 = ORIENTED_EDGE ( 'NONE', *, *, #1987, .T. ) ;
#14 = FACE_OUTER_BOUND ( 'NONE', #1746, .T. ) ;
#15 = VECTOR ( 'NONE', #777, 1000.000000000000000 ) ;
#16 = CARTESIAN_POINT ( 'NONE',  ( -37.29999999999999716, 9.000000000000000000, 20.25000000000003197 ) ) ;
#17 = AXIS2_PLACEMENT_3D ( 'NONE', #2738, #1557, #2266 ) ;
#18 = LINE ( 'NONE', #996, #2310 ) ;
#19 = EDGE_CURVE ( 'NONE', #2833, #1463, #2899, .T. ) ;
#20 = EDGE_LOOP ( 'NONE', ( #2992, #636, #692, #493, #985 ) ) ;
#21 = CARTESIAN_POINT ( 'NONE',  ( 81.00000000000000000, 0.000000000000000000, 55.75000000000002842 ) ) ;
#22 = ORIENTED_EDGE ( 'NONE', *, *, #994, .F. ) ;
#23 = CARTESIAN_POINT ( 'NONE',  ( -7.746999999999997222, 0.000000000000000000, -71.09500000000005571 ) ) ;
#24 = ORIENTED_EDGE ( 'NONE', *, *, #1807, .F. ) ;
#25 = DIRECTION ( 'NONE',  ( -0.000000000000000000, 1.000000000000000000, -0.000000000000000000 ) ) ;
#26 = EDGE_CURVE ( 'NONE', #2852, #2942, #391, .T. ) ;
#27 = DIRECTION ( 'NONE',  ( -0.000000000000000000, 1.000000000000000000, -0.000000000000000000 ) ) ;
#28 = CARTESIAN_POINT ( 'NONE',  ( 37.29999999999999716, 0.000000000000000000, 22.35000000000002984 ) ) ;
#29 = DIRECTION ( 'NONE',  ( 0.000000000000000000, 0.000000000000000000, 1.000000000000000000 ) ) ;
#30 = EDGE_CURVE ( 'NONE', #2210, #1597, #2902, .T. ) ;
#31 = CARTESIAN_POINT ( 'NONE',  ( 37.29999999999999716, 0.000000000000000000, 53.65000000000003411 ) ) ;
#32 = FACE_OUTER_BOUND ( 'NONE', #113, .T. ) ;
#33 = ORIENTED_EDGE ( 'NONE', *, *, #2956, .F. ) ;
#34 = DIRECTION ( 'NONE',  ( 0.000000000000000000, 0.000000000000000000, 1.000000000000000000 ) ) ;
#35 = EDGE_LOOP ( 'NONE', ( #1267, #1485 ) ) ;
#36 = DIRECTION ( 'NONE',  ( 0.000000000000000000, 0.000000000000000000, 1.000000000000000000 ) ) ;
#37 = CIRCLE ( 'NONE', #1270, 1.094999999999998863 ) ;
#38 = CARTESIAN_POINT ( 'NONE',  ( -26.99999999999999645, 28.99999999999999645, 90.00000000000007105 ) ) ;
#39 = DIRECTION ( 'NONE',  ( -0.000000000000000000, 1.000000000000000000, -0.000000000000000000 ) ) ;
#40 = ORIENTED_EDGE ( 'NONE', *, *, #2219, .F. ) ;
#41 = CARTESIAN_POINT ( 'NONE',  ( -93.00000000000001421, 0.000000000000000000, 48.00000000000007816 ) ) ;
#42 = VECTOR ( 'NONE', #2525, 1000.000000000000000 ) ;
#43 = CARTESIAN_POINT ( 'NONE',  ( 64.99999999999975842, 9.000000000000000000, 90.00000000000007105 ) ) ;
#44 = EDGE_CURVE ( 'NONE', #1612, #2150, #1595, .T. ) ;
#45 = VECTOR ( 'NONE', #412, 1000.000000000000000 ) ;
#46 = CARTESIAN_POINT ( 'NONE',  ( 90.00000000000001421, 9.000000000000000000, 48.00000000000006395 ) ) ;
#47 = ORIENTED_EDGE ( 'NONE', *, *, #520, .F. ) ;
#48 = ADVANCED_FACE ( 'NONE', ( #611 ), #2989, .F. ) ;
#49 = ORIENTED_EDGE ( 'NONE', *, *, #2649, .T. ) ;
#50 = CARTESIAN_POINT ( 'NONE',  ( 90.00000000000000000, 11.75000000000000000, 31.00000000000006395 ) ) ;
#51 = VECTOR ( 'NONE', #2279, 1000.000000000000000 ) ;
#52 = ORIENTED_EDGE ( 'NONE', *, *, #1772, .T. ) ;
#53 = CARTESIAN_POINT ( 'NONE',  ( -79.99999999999975842, 0.000000000000000000, -66.59999999999989484 ) ) ;
#54 = VECTOR ( 'NONE', #1604, 1000.000000000000000 ) ;
#55 = ADVANCED_FACE ( 'NONE', ( #3003 ), #2049, .F. ) ;
#56 = AXIS2_PLACEMENT_3D ( 'NONE', #1440, #1239, #2165 ) ;
#57 = CARTESIAN_POINT ( 'NONE',  ( 79.99999999999975842, 0.000000000000000000, -66.59999999999989484 ) ) ;
#58 = VERTEX_POINT ( 'NONE', #2016 ) ;
#59 = CARTESIAN_POINT ( 'NONE',  ( -81.00000000000000000, 9.000000000000000000, 53.65000000000002700 ) ) ;
#60 = CARTESIAN_POINT ( 'NONE',  ( 16.99999999999999645, 28.99999999999999645, 85.00000000000004263 ) ) ;
#61 = AXIS2_PLACEMENT_3D ( 'NONE', #944, #1897, #2845 ) ;
#62 = AXIS2_PLACEMENT_3D ( 'NONE', #833, #1540, #1524 ) ;
#63 = EDGE_LOOP ( 'NONE', ( #378, #1430, #1274, #567 ) ) ;
#64 = DIRECTION ( 'NONE',  ( -1.000000000000000000, 0.000000000000000000, 1.223790811976583605E-16 ) ) ;
#65 = VERTEX_POINT ( 'NONE', #132 ) ;
#66 = CARTESIAN_POINT ( 'NONE',  ( -7.746999999999997222, 9.000000000000000000, -71.09500000000005571 ) ) ;
#67 = ORIENTED_EDGE ( 'NONE', *, *, #1006, .T. ) ;
#68 = DIRECTION ( 'NONE',  ( -1.000000000000000000, -0.000000000000000000, -0.000000000000000000 ) ) ;
#69 = DIRECTION ( 'NONE',  ( 1.000000000000000000, 0.000000000000000000, 0.000000000000000000 ) ) ;
#70 = ORIENTED_EDGE ( 'NONE', *, *, #354, .T. ) ;
#71 = FACE_OUTER_BOUND ( 'NONE', #1284, .T. ) ;
#72 = EDGE_CURVE ( 'NONE', #2022, #86, #2554, .T. ) ;
#73 = CARTESIAN_POINT ( 'NONE',  ( 64.99999999999975842, 0.000000000000000000, -90.00000000000007105 ) ) ;
#74 = PLANE ( 'NONE',  #1688 ) ;
#75 = EDGE_CURVE ( 'NONE', #2853, #1, #200, .T. ) ;
#76 = LINE ( 'NONE', #2003, #2055 ) ;
#77 = DIRECTION ( 'NONE',  ( 0.000000000000000000, 1.000000000000000000, 0.000000000000000000 ) ) ;
#78 = ORIENTED_EDGE ( 'NONE', *, *, #1684, .F. ) ;
#79 = CARTESIAN_POINT ( 'NONE',  ( -65.00000000000000000, 0.000000000000000000, 65.00000000000002842 ) ) ;
#80 = CARTESIAN_POINT ( 'NONE',  ( 64.99999999999978684, 9.000000000000000000, 80.00000000000002842 ) ) ;
#81 = ORIENTED_EDGE ( 'NONE', *, *, #2664, .T. ) ;
#82 = DIRECTION ( 'NONE',  ( 0.000000000000000000, 0.000000000000000000, 1.000000000000000000 ) ) ;
#83 = EDGE_CURVE ( 'NONE', #58, #793, #376, .T. ) ;
#84 = EDGE_CURVE ( 'NONE', #1777, #955, #2753, .T. ) ;
#85 = DIRECTION ( 'NONE',  ( 0.000000000000000000, 0.000000000000000000, 1.000000000000000000 ) ) ;
#86 = VERTEX_POINT ( 'NONE', #1125 ) ;
#87 = DIRECTION ( 'NONE',  ( 1.000000000000000000, 0.000000000000000000, -1.067522139062651041E-16 ) ) ;
#88 = FACE_BOUND ( 'NONE', #2079, .T. ) ;
#89 = AXIS2_PLACEMENT_3D ( 'NONE', #1401, #1672, #405 ) ;
#90 = CARTESIAN_POINT ( 'NONE',  ( -21.99999999999999645, 9.000000000000000000, 85.00000000000005684 ) ) ;
#91 = CIRCLE ( 'NONE', #865, 2.100000000000004530 ) ;
#92 = CARTESIAN_POINT ( 'NONE',  ( -79.99999999999975842, 9.000000000000000000, -64.99999999999988631 ) ) ;
#93 = EDGE_CURVE ( 'NONE', #2391, #1341, #1299, .T. ) ;
#94 = VECTOR ( 'NONE', #188, 1000.000000000000000 ) ;
#95 = DIRECTION ( 'NONE',  ( 0.000000000000000000, 0.000000000000000000, 1.000000000000000000 ) ) ;
#96 = ORIENTED_EDGE ( 'NONE', *, *, #2283, .T. ) ;
#97 = CARTESIAN_POINT ( 'NONE',  ( -90.00000000000001421, 11.75000000000000000, 31.00000000000006750 ) ) ;
#98 = AXIS2_PLACEMENT_3D ( 'NONE', #1690, #1922, #2426 ) ;
#99 = ORIENTED_EDGE ( 'NONE', *, *, #1589, .T. ) ;
#100 = CARTESIAN_POINT ( 'NONE',  ( 93.00000000000001421, 0.000000000000000000, 48.00000000000006395 ) ) ;
#101 = ORIENTED_EDGE ( 'NONE', *, *, #1161, .F. ) ;
#102 = FACE_BOUND ( 'NONE', #1416, .T. ) ;
#103 = EDGE_CURVE ( 'NONE', #2229, #2022, #76, .T. ) ;
#104 = AXIS2_PLACEMENT_3D ( 'NONE', #2080, #1394, #3016 ) ;
#105 = DIRECTION ( 'NONE',  ( 1.067522139062651164E-16, 0.000000000000000000, -1.000000000000000000 ) ) ;
#106 = ORIENTED_EDGE ( 'NONE', *, *, #1409, .T. ) ;
#107 = AXIS2_PLACEMENT_3D ( 'NONE', #317, #1503, #2211 ) ;
#108 = CARTESIAN_POINT ( 'NONE',  ( 37.29999999999999716, 0.000000000000000000, 20.25000000000003197 ) ) ;
#109 = LINE ( 'NONE', #1042, #2225 ) ;
#110 = VECTOR ( 'NONE', #1497, 1000.000000000000000 ) ;
#111 = DIRECTION ( 'NONE',  ( 1.000000000000000000, -0.000000000000000000, -1.067522139062651041E-16 ) ) ;
#112 = DIRECTION ( 'NONE',  ( 0.000000000000000000, 0.000000000000000000, 1.000000000000000000 ) ) ;
#113 = EDGE_LOOP ( 'NONE', ( #316, #156, #3050, #70 ) ) ;
#114 = DIRECTION ( 'NONE',  ( -1.000000000000000000, 0.000000000000000000, 0.000000000000000000 ) ) ;
#115 = VECTOR ( 'NONE', #438, 1000.000000000000000 ) ;
#116 = EDGE_CURVE ( 'NONE', #2602, #2251, #713, .T. ) ;
#117 = VERTEX_POINT ( 'NONE', #1313 ) ;
#118 = AXIS2_PLACEMENT_3D ( 'NONE', #1663, #2149, #1234 ) ;
#119 = CARTESIAN_POINT ( 'NONE',  ( 81.00000000000000000, 0.000000000000000000, 55.75000000000002842 ) ) ;
#120 = ORIENTED_EDGE ( 'NONE', *, *, #2162, .F. ) ;
#121 = CYLINDRICAL_SURFACE ( 'NONE', #2217, 2.100000000000004530 ) ;
#122 = EDGE_CURVE ( 'NONE', #1977, #1023, #2856, .T. ) ;
#123 = ORIENTED_EDGE ( 'NONE', *, *, #1662, .F. ) ;
#124 = CARTESIAN_POINT ( 'NONE',  ( -90.00000000000000000, 9.000000000000000000, 45.00000000000007105 ) ) ;
#125 = VERTEX_POINT ( 'NONE', #2739 ) ;
#126 = DIRECTION ( 'NONE',  ( -0.000000000000000000, 1.000000000000000000, -0.000000000000000000 ) ) ;
#127 = EDGE_CURVE ( 'NONE', #2472, #1898, #2556, .T. ) ;
#128 = FACE_BOUND ( 'NONE', #241, .T. ) ;
#129 = CYLINDRICAL_SURFACE ( 'NONE', #738, 2.100000000000004530 ) ;
#130 = EDGE_CURVE ( 'NONE', #2540, #2307, #2755, .T. ) ;
#131 = EDGE_CURVE ( 'NONE', #418, #159, #2704, .T. ) ;
#132 = CARTESIAN_POINT ( 'NONE',  ( 90.00000000000001421, 11.75000000000000000, 45.00000000000007816 ) ) ;
#133 = FACE_OUTER_BOUND ( 'NONE', #1281, .T. ) ;
#134 = ORIENTED_EDGE ( 'NONE', *, *, #937, .T. ) ;
#135 = CYLINDRICAL_SURFACE ( 'NONE', #2632, 9.999999999999998224 ) ;
#136 = VERTEX_POINT ( 'NONE', #199 ) ;
#137 = CARTESIAN_POINT ( 'NONE',  ( -90.00000000000001421, 11.75000000000000000, 44.31961232988233945 ) ) ;
#138 = ORIENTED_EDGE ( 'NONE', *, *, #2722, .F. ) ;
#139 = PLANE ( 'NONE',  #1193 ) ;
#140 = ADVANCED_FACE ( 'NONE', ( #1902 ), #698, .F. ) ;
#141 = DIRECTION ( 'NONE',  ( -0.000000000000000000, 1.000000000000000000, -0.000000000000000000 ) ) ;
#142 = ORIENTED_EDGE ( 'NONE', *, *, #1804, .T. ) ;
#143 = CARTESIAN_POINT ( 'NONE',  ( 22.00000000000000355, 9.000000000000000000, 80.00000000000005684 ) ) ;
#144 = DIRECTION ( 'NONE',  ( 0.000000000000000000, 0.000000000000000000, 1.000000000000000000 ) ) ;
#145 = ORIENTED_EDGE ( 'NONE', *, *, #1388, .T. ) ;
#146 = EDGE_CURVE ( 'NONE', #1923, #2540, #1916, .T. ) ;
#147 = DIRECTION ( 'NONE',  ( 0.000000000000000000, 0.000000000000000000, -1.000000000000000000 ) ) ;
#148 = ORIENTED_EDGE ( 'NONE', *, *, #1480, .T. ) ;
#149 = VECTOR ( 'NONE', #1429, 1000.000000000000000 ) ;
#150 = VECTOR ( 'NONE', #512, 1000.000000000000000 ) ;
#151 = DIRECTION ( 'NONE',  ( -0.000000000000000000, -1.000000000000000000, -0.000000000000000000 ) ) ;
#152 = ORIENTED_EDGE ( 'NONE', *, *, #12, .F. ) ;
#153 =( GEOMETRIC_REPRESENTATION_CONTEXT ( 3 ) GLOBAL_UNCERTAINTY_ASSIGNED_CONTEXT ( ( #2985 ) ) GLOBAL_UNIT_ASSIGNED_CONTEXT ( ( #2089, #1679, #1659 ) ) REPRESENTATION_CONTEXT ( 'NONE', 'WORKASPACE' ) );
#154 = EDGE_CURVE ( 'NONE', #1898, #1370, #2775, .T. ) ;
#155 = CARTESIAN_POINT ( 'NONE',  ( -64.99999999999975842, 9.000000000000000000, 90.00000000000007105 ) ) ;
#156 = ORIENTED_EDGE ( 'NONE', *, *, #1542, .F. ) ;
#157 = CARTESIAN_POINT ( 'NONE',  ( -81.00000000000000000, 9.000000000000000000, 22.35000000000003695 ) ) ;
#158 = AXIS2_PLACEMENT_3D ( 'NONE', #252, #2189, #1231 ) ;
#159 = VERTEX_POINT ( 'NONE', #2099 ) ;
#160 = FACE_BOUND ( 'NONE', #295, .T. ) ;
#161 = ORIENTED_EDGE ( 'NONE', *, *, #893, .F. ) ;
#162 = EDGE_CURVE ( 'NONE', #2229, #2081, #37, .T. ) ;
#163 = VECTOR ( 'NONE', #180, 1000.000000000000000 ) ;
#164 = DIRECTION ( 'NONE',  ( -1.000000000000000000, -0.000000000000000000, -1.067522139062651041E-16 ) ) ;
#165 = CARTESIAN_POINT ( 'NONE',  ( 90.00000000000001421, 19.50000000000000000, 28.00000000000007105 ) ) ;
#166 = CIRCLE ( 'NONE', #1444, 2.099999999999997868 ) ;
#167 = CARTESIAN_POINT ( 'NONE',  ( 7.747000000000002551, 0.000000000000000000, -70.00000000000005684 ) ) ;
#168 = DIRECTION ( 'NONE',  ( -1.000000000000000000, 0.000000000000000000, -0.000000000000000000 ) ) ;
#169 = EDGE_LOOP ( 'NONE', ( #462, #2144, #2636, #1585 ) ) ;
#170 = CARTESIAN_POINT ( 'NONE',  ( -21.99999999999999645, 9.000000000000000000, 85.00000000000005684 ) ) ;
#171 = EDGE_CURVE ( 'NONE', #2344, #802, #2803, .T. ) ;
#172 = AXIS2_PLACEMENT_3D ( 'NONE', #79, #1529, #2039 ) ;
#173 = ORIENTED_EDGE ( 'NONE', *, *, #2990, .T. ) ;
#174 = ORIENTED_EDGE ( 'NONE', *, *, #2676, .T. ) ;
#175 = AXIS2_PLACEMENT_3D ( 'NONE', #2098, #1124, #696 ) ;
#176 = DIRECTION ( 'NONE',  ( -0.000000000000000000, 1.000000000000000000, -0.000000000000000000 ) ) ;
#177 = EDGE_CURVE ( 'NONE', #1898, #2472, #509, .T. ) ;
#178 = ADVANCED_FACE ( 'NONE', ( #966 ), #2617, .F. ) ;
#179 = ORIENTED_EDGE ( 'NONE', *, *, #2085, .T. ) ;
#180 = DIRECTION ( 'NONE',  ( 0.000000000000000000, -1.000000000000000000, 0.000000000000000000 ) ) ;
#181 = EDGE_LOOP ( 'NONE', ( #1070, #1799, #1511, #668 ) ) ;
#182 = LINE ( 'NONE', #1667, #2154 ) ;
#183 = CARTESIAN_POINT ( 'NONE',  ( 65.00000000000000000, 19.50000000000000000, 38.00000000000007105 ) ) ;
#184 = DIRECTION ( 'NONE',  ( 0.000000000000000000, 0.000000000000000000, 1.000000000000000000 ) ) ;
#185 = DIRECTION ( 'NONE',  ( -1.067522139062651041E-16, 0.000000000000000000, -1.000000000000000000 ) ) ;
#186 = VERTEX_POINT ( 'NONE', #1414 ) ;
#187 = ORIENTED_EDGE ( 'NONE', *, *, #620, .T. ) ;
#188 = DIRECTION ( 'NONE',  ( -0.000000000000000000, 1.000000000000000000, -0.000000000000000000 ) ) ;
#189 = EDGE_LOOP ( 'NONE', ( #52, #938 ) ) ;
#190 = CARTESIAN_POINT ( 'NONE',  ( 16.99999999999999289, 28.99999999999999645, 90.00000000000007105 ) ) ;
#191 = EDGE_CURVE ( 'NONE', #2150, #1395, #2057, .T. ) ;
#192 = ADVANCED_FACE ( 'NONE', ( #730 ), #423, .F. ) ;
#193 = VERTEX_POINT ( 'NONE', #1641 ) ;
#194 = LINE ( 'NONE', #435, #565 ) ;
#195 = ORIENTED_EDGE ( 'NONE', *, *, #624, .T. ) ;
#196 = DIRECTION ( 'NONE',  ( -0.000000000000000000, 1.000000000000000000, -0.000000000000000000 ) ) ;
#197 = EDGE_CURVE ( 'NONE', #886, #248, #1872, .T. ) ;
#198 = LINE ( 'NONE', #2317, #115 ) ;
#199 = CARTESIAN_POINT ( 'NONE',  ( -93.00000000000001421, 19.50000000000000000, 48.00000000000008527 ) ) ;
#200 = CIRCLE ( 'NONE', #1372, 6.000000000000005329 ) ;
#201 = CARTESIAN_POINT ( 'NONE',  ( -16.99999999999999289, 9.000000000000000000, 85.00000000000004263 ) ) ;
#202 = ORIENTED_EDGE ( 'NONE', *, *, #631, .T. ) ;
#203 = LINE ( 'NONE', #1180, #1088 ) ;
#204 = ADVANCED_FACE ( 'NONE', ( #662 ), #949, .F. ) ;
#205 = EDGE_LOOP ( 'NONE', ( #239, #2108 ) ) ;
#206 = CIRCLE ( 'NONE', #665, 1.600000000000004086 ) ;
#207 = AXIS2_PLACEMENT_3D ( 'NONE', #2907, #771, #6 ) ;
#208 = CARTESIAN_POINT ( 'NONE',  ( -90.00000000000001421, 19.50000000000000000, 48.00000000000008527 ) ) ;
#209 = ORIENTED_EDGE ( 'NONE', *, *, #2947, .F. ) ;
#210 = FACE_OUTER_BOUND ( 'NONE', #1243, .T. ) ;
#211 = VECTOR ( 'NONE', #1958, 1000.000000000000000 ) ;
#212 = EDGE_LOOP ( 'NONE', ( #2053, #482 ) ) ;
#213 = STYLED_ITEM ( 'NONE', ( #1798 ), #927 ) ;
#214 = DIRECTION ( 'NONE',  ( -0.000000000000000000, -1.000000000000000000, -0.000000000000000000 ) ) ;
#215 = PRODUCT_DEFINITION ( 'UNKNOWN', '', #1892, #419 ) ;
#216 = AXIS2_PLACEMENT_3D ( 'NONE', #734, #283, #534 ) ;
#217 = CARTESIAN_POINT ( 'NONE',  ( 37.29999999999999716, 9.000000000000000000, 57.85000000000002984 ) ) ;
#218 = CARTESIAN_POINT ( 'NONE',  ( -64.99999999999972999, 9.000000000000000000, 78.40000000000001990 ) ) ;
#219 = DIRECTION ( 'NONE',  ( 1.000000000000000000, 0.000000000000000000, 1.067522139062651041E-16 ) ) ;
#220 = CARTESIAN_POINT ( 'NONE',  ( 90.00000000000001421, 9.000000000000000000, -64.99999999999988631 ) ) ;
#221 = ORIENTED_EDGE ( 'NONE', *, *, #592, .T. ) ;
#222 = VECTOR ( 'NONE', #1506, 1000.000000000000000 ) ;
#223 = VECTOR ( 'NONE', #1848, 1000.000000000000000 ) ;
#224 = ORIENTED_EDGE ( 'NONE', *, *, #1555, .F. ) ;
#225 = FACE_OUTER_BOUND ( 'NONE', #496, .T. ) ;
#226 = ORIENTED_EDGE ( 'NONE', *, *, #772, .T. ) ;
#227 = EDGE_CURVE ( 'NONE', #1777, #2290, #3072, .T. ) ;
#228 = CARTESIAN_POINT ( 'NONE',  ( 64.99999999999975842, 9.000000000000000000, -79.99999999999988631 ) ) ;
#229 = AXIS2_PLACEMENT_3D ( 'NONE', #2811, #1924, #2357 ) ;
#230 = ORIENTED_EDGE ( 'NONE', *, *, #850, .F. ) ;
#231 = FACE_OUTER_BOUND ( 'NONE', #733, .T. ) ;
#232 = AXIS2_PLACEMENT_3D ( 'NONE', #2092, #1986, #605 ) ;
#233 = LINE ( 'NONE', #1154, #610 ) ;
#234 = DIRECTION ( 'NONE',  ( 0.000000000000000000, 0.000000000000000000, 1.000000000000000000 ) ) ;
#235 = DIRECTION ( 'NONE',  ( -0.000000000000000000, 1.000000000000000000, -0.000000000000000000 ) ) ;
#236 = LINE ( 'NONE', #2700, #222 ) ;
#237 = EDGE_CURVE ( 'NONE', #1023, #1977, #762, .T. ) ;
#238 = ORIENTED_EDGE ( 'NONE', *, *, #3096, .T. ) ;
#239 = ORIENTED_EDGE ( 'NONE', *, *, #1006, .F. ) ;
#240 = DIRECTION ( 'NONE',  ( 0.000000000000000000, 1.000000000000000000, 0.000000000000000000 ) ) ;
#241 = EDGE_LOOP ( 'NONE', ( #2222, #2480 ) ) ;
#242 = DIRECTION ( 'NONE',  ( 0.000000000000000000, 0.000000000000000000, 1.000000000000000000 ) ) ;
#243 = ORIENTED_EDGE ( 'NONE', *, *, #1535, .F. ) ;
#244 = DIRECTION ( 'NONE',  ( -0.000000000000000000, -1.000000000000000000, -0.000000000000000000 ) ) ;
#245 = LINE ( 'NONE', #751, #1068 ) ;
#246 = DIRECTION ( 'NONE',  ( -6.938893903907222461E-16, -0.000000000000000000, 1.000000000000000000 ) ) ;
#247 = DIRECTION ( 'NONE',  ( 0.000000000000000000, 0.000000000000000000, 1.000000000000000000 ) ) ;
#248 = VERTEX_POINT ( 'NONE', #1428 ) ;
#249 = DIRECTION ( 'NONE',  ( 0.000000000000000000, 0.000000000000000000, 1.000000000000000000 ) ) ;
#250 = EDGE_CURVE ( 'NONE', #2188, #125, #2606, .T. ) ;
#251 = ORIENTED_EDGE ( 'NONE', *, *, #520, .T. ) ;
#252 = CARTESIAN_POINT ( 'NONE',  ( 0.000000000000000000, 11.75000000000000000, 0.000000000000000000 ) ) ;
#253 = ORIENTED_EDGE ( 'NONE', *, *, #2793, .T. ) ;
#254 = PLANE ( 'NONE',  #2878 ) ;
#255 = DIRECTION ( 'NONE',  ( 1.067522139062651041E-16, 3.558407130208835242E-16, -1.000000000000000000 ) ) ;
#256 = EDGE_CURVE ( 'NONE', #861, #3103, #2131, .T. ) ;
#257 = VERTEX_POINT ( 'NONE', #2395 ) ;
#258 = DIRECTION ( 'NONE',  ( 1.000000000000000000, -0.000000000000000000, -0.000000000000000000 ) ) ;
#259 = CIRCLE ( 'NONE', #920, 1.600000000000004086 ) ;
#260 = LINE ( 'NONE', #1456, #2955 ) ;
#261 = VECTOR ( 'NONE', #1063, 1000.000000000000000 ) ;
#262 = DIRECTION ( 'NONE',  ( 0.000000000000000000, 1.000000000000000000, 0.000000000000000000 ) ) ;
#263 = EDGE_CURVE ( 'NONE', #951, #2654, #2661, .T. ) ;
#264 = DIRECTION ( 'NONE',  ( 0.000000000000000000, 1.000000000000000000, 0.000000000000000000 ) ) ;
#265 = ADVANCED_FACE ( 'NONE', ( #1699 ), #2677, .F. ) ;
#266 = ORIENTED_EDGE ( 'NONE', *, *, #795, .F. ) ;
#267 = CIRCLE ( 'NONE', #1079, 1.600000000000004086 ) ;
#268 = FACE_OUTER_BOUND ( 'NONE', #2123, .T. ) ;
#269 = ORIENTED_EDGE ( 'NONE', *, *, #1066, .T. ) ;
#270 = CARTESIAN_POINT ( 'NONE',  ( -79.99999999999974420, 0.000000000000000000, 66.60000000000002274 ) ) ;
#271 = EDGE_CURVE ( 'NONE', #515, #117, #1742, .T. ) ;
#272 = AXIS2_PLACEMENT_3D ( 'NONE', #539, #1518, #1995 ) ;
#273 = ORIENTED_EDGE ( 'NONE', *, *, #19, .F. ) ;
#274 = LINE ( 'NONE', #2432, #1834 ) ;
#275 = ADVANCED_FACE ( 'NONE', ( #292 ), #2421, .F. ) ;
#276 = AXIS2_PLACEMENT_3D ( 'NONE', #1271, #760, #1476 ) ;
#277 = PLANE ( 'NONE',  #2561 ) ;
#278 = CIRCLE ( 'NONE', #1091, 1.600000000000004086 ) ;
#279 = FACE_OUTER_BOUND ( 'NONE', #1220, .T. ) ;
#280 = DIRECTION ( 'NONE',  ( -1.000000000000000000, 0.000000000000000000, 1.835686217964875531E-16 ) ) ;
#281 = LINE ( 'NONE', #1711, #110 ) ;
#282 = ORIENTED_EDGE ( 'NONE', *, *, #2438, .T. ) ;
#283 = DIRECTION ( 'NONE',  ( -0.000000000000000000, 1.000000000000000000, -0.000000000000000000 ) ) ;
#284 = ORIENTED_EDGE ( 'NONE', *, *, #1606, .T. ) ;
#285 = CARTESIAN_POINT ( 'NONE',  ( 37.29999999999999716, 9.000000000000000000, 55.75000000000002842 ) ) ;
#286 = VERTEX_POINT ( 'NONE', #1279 ) ;
#287 = CARTESIAN_POINT ( 'NONE',  ( -26.99999999999999645, 9.000000000000000000, 80.00000000000005684 ) ) ;
#288 = EDGE_CURVE ( 'NONE', #3103, #1337, #2451, .T. ) ;
#289 = CARTESIAN_POINT ( 'NONE',  ( -64.99999999999975842, 0.000000000000000000, 90.00000000000005684 ) ) ;
#290 = LINE ( 'NONE', #541, #3006 ) ;
#291 = LINE ( 'NONE', #1224, #1736 ) ;
#292 = FACE_OUTER_BOUND ( 'NONE', #2385, .T. ) ;
#293 = ORIENTED_EDGE ( 'NONE', *, *, #1543, .F. ) ;
#294 = DIRECTION ( 'NONE',  ( 0.000000000000000000, 0.000000000000000000, 1.000000000000000000 ) ) ;
#295 = EDGE_LOOP ( 'NONE', ( #1744, #1158 ) ) ;
#296 = FACE_OUTER_BOUND ( 'NONE', #2339, .T. ) ;
#297 = ADVANCED_FACE ( 'NONE', ( #2409 ), #1225, .F. ) ;
#298 = VECTOR ( 'NONE', #817, 1000.000000000000000 ) ;
#299 = ORIENTED_EDGE ( 'NONE', *, *, #1062, .T. ) ;
#300 = CARTESIAN_POINT ( 'NONE',  ( -64.99999999999975842, 9.000000000000000000, 90.00000000000005684 ) ) ;
#301 = VECTOR ( 'NONE', #3055, 1000.000000000000000 ) ;
#302 = CYLINDRICAL_SURFACE ( 'NONE', #768, 1.600000000000004086 ) ;
#303 = AXIS2_PLACEMENT_3D ( 'NONE', #1610, #321, #2479 ) ;
#304 = CARTESIAN_POINT ( 'NONE',  ( 90.00000000000001421, 19.50000000000000000, 38.00000000000007105 ) ) ;
#305 = VERTEX_POINT ( 'NONE', #2883 ) ;
#306 = FACE_OUTER_BOUND ( 'NONE', #2825, .T. ) ;
#307 = AXIS2_PLACEMENT_3D ( 'NONE', #2274, #1548, #2475 ) ;
#308 = DIRECTION ( 'NONE',  ( -0.000000000000000000, -0.000000000000000000, 1.000000000000000000 ) ) ;
#309 = VECTOR ( 'NONE', #2521, 1000.000000000000000 ) ;
#310 = ORIENTED_EDGE ( 'NONE', *, *, #856, .F. ) ;
#311 = DIRECTION ( 'NONE',  ( 0.000000000000000000, 0.000000000000000000, 1.000000000000000000 ) ) ;
#312 = ORIENTED_EDGE ( 'NONE', *, *, #2260, .F. ) ;
#313 = CARTESIAN_POINT ( 'NONE',  ( 90.00000000000001421, 19.50000000000000000, 28.00000000000007105 ) ) ;
#314 = VECTOR ( 'NONE', #1786, 1000.000000000000000 ) ;
#315 = EDGE_CURVE ( 'NONE', #921, #1830, #2893, .T. ) ;
#316 = ORIENTED_EDGE ( 'NONE', *, *, #2050, .T. ) ;
#317 = CARTESIAN_POINT ( 'NONE',  ( 93.00000000000001421, 19.50000000000000000, 38.00000000000007105 ) ) ;
#318 = CIRCLE ( 'NONE', #2520, 25.00000000000021672 ) ;
#319 = AXIS2_PLACEMENT_3D ( 'NONE', #721, #1150, #1681 ) ;
#320 = EDGE_CURVE ( 'NONE', #798, #2213, #1570, .T. ) ;
#321 = DIRECTION ( 'NONE',  ( -1.000000000000000000, 0.000000000000000000, 1.067522139062651041E-16 ) ) ;
#322 = VERTEX_POINT ( 'NONE', #1988 ) ;
#323 = FACE_OUTER_BOUND ( 'NONE', #3024, .T. ) ;
#324 = AXIS2_PLACEMENT_3D ( 'NONE', #1796, #596, #1060 ) ;
#325 = LINE ( 'NONE', #1296, #2363 ) ;
#326 = AXIS2_PLACEMENT_3D ( 'NONE', #1056, #1594, #1755 ) ;
#327 = DIRECTION ( 'NONE',  ( 0.000000000000000000, 0.000000000000000000, 1.000000000000000000 ) ) ;
#328 = CARTESIAN_POINT ( 'NONE',  ( 90.00000000000001421, 19.50000000000000000, 44.00000000000007105 ) ) ;
#329 = EDGE_CURVE ( 'NONE', #2681, #2852, #1760, .T. ) ;
#330 = CARTESIAN_POINT ( 'NONE',  ( 10.00000000000000000, 28.99999999999999645, -53.49999999999995026 ) ) ;
#331 = VERTEX_POINT ( 'NONE', #2635 ) ;
#332 = DIRECTION ( 'NONE',  ( -6.938893903907222461E-16, -0.000000000000000000, 1.000000000000000000 ) ) ;
#333 = CARTESIAN_POINT ( 'NONE',  ( 64.99999999999978684, 9.000000000000000000, 81.60000000000003695 ) ) ;
#334 = ORIENTED_EDGE ( 'NONE', *, *, #2702, .T. ) ;
#335 = DIRECTION ( 'NONE',  ( 0.000000000000000000, 0.000000000000000000, 1.000000000000000000 ) ) ;
#336 = LINE ( 'NONE', #1494, #3059 ) ;
#337 = VERTEX_POINT ( 'NONE', #1482 ) ;
#338 = LINE ( 'NONE', #3047, #1980 ) ;
#339 = FACE_BOUND ( 'NONE', #779, .T. ) ;
#340 = DIRECTION ( 'NONE',  ( 0.000000000000000000, 0.000000000000000000, 1.000000000000000000 ) ) ;
#341 = CARTESIAN_POINT ( 'NONE',  ( -90.00000000000001421, 19.50000000000000000, 38.00000000000008527 ) ) ;
#342 = ORIENTED_EDGE ( 'NONE', *, *, #1191, .F. ) ;
#343 = CARTESIAN_POINT ( 'NONE',  ( 93.00000000000001421, 19.50000000000000000, 38.00000000000007105 ) ) ;
#344 = EDGE_CURVE ( 'NONE', #1483, #686, #487, .T. ) ;
#345 = ORIENTED_EDGE ( 'NONE', *, *, #2510, .F. ) ;
#346 = CYLINDRICAL_SURFACE ( 'NONE', #3012, 1.600000000000004086 ) ;
#347 = ORIENTED_EDGE ( 'NONE', *, *, #586, .T. ) ;
#348 = FACE_BOUND ( 'NONE', #1238, .T. ) ;
#349 = DIRECTION ( 'NONE',  ( -0.000000000000000000, 1.000000000000000000, -0.000000000000000000 ) ) ;
#350 = ORIENTED_EDGE ( 'NONE', *, *, #1363, .T. ) ;
#351 = CARTESIAN_POINT ( 'NONE',  ( 16.99999999999999645, 28.99999999999999645, 85.00000000000004263 ) ) ;
#352 = VECTOR ( 'NONE', #3040, 1000.000000000000000 ) ;
#353 = CARTESIAN_POINT ( 'NONE',  ( 64.99999999999975842, 9.000000000000000000, -64.99999999999988631 ) ) ;
#354 = EDGE_CURVE ( 'NONE', #826, #1813, #1007, .T. ) ;
#355 = DIRECTION ( 'NONE',  ( 0.000000000000000000, 1.000000000000000000, 0.000000000000000000 ) ) ;
#356 = VECTOR ( 'NONE', #1973, 1000.000000000000000 ) ;
#357 = DIRECTION ( 'NONE',  ( -0.000000000000000000, 1.000000000000000000, -0.000000000000000000 ) ) ;
#358 = CIRCLE ( 'NONE', #974, 2.099999999999997868 ) ;
#359 = DIRECTION ( 'NONE',  ( -1.000000000000000000, 0.000000000000000000, 1.067522139062651041E-16 ) ) ;
#360 = ORIENTED_EDGE ( 'NONE', *, *, #1870, .F. ) ;
#361 = DIRECTION ( 'NONE',  ( 0.000000000000000000, 0.000000000000000000, 1.000000000000000000 ) ) ;
#362 = ORIENTED_EDGE ( 'NONE', *, *, #2699, .F. ) ;
#363 = EDGE_CURVE ( 'NONE', #2758, #286, #1622, .T. ) ;
#364 = DIRECTION ( 'NONE',  ( -0.000000000000000000, 1.000000000000000000, -0.000000000000000000 ) ) ;
#365 = EDGE_LOOP ( 'NONE', ( #2175, #1741, #639, #173, #2552, #13, #2330, #2855 ) ) ;
#366 = LINE ( 'NONE', #2766, #2921 ) ;
#367 = EDGE_CURVE ( 'NONE', #2158, #337, #1458, .T. ) ;
#368 = ORIENTED_EDGE ( 'NONE', *, *, #1235, .F. ) ;
#369 = CARTESIAN_POINT ( 'NONE',  ( -90.00000000000000000, 9.000000000000000000, 65.00000000000002842 ) ) ;
#370 = VERTEX_POINT ( 'NONE', #2171 ) ;
#371 = CARTESIAN_POINT ( 'NONE',  ( 33.29999999999999716, 11.75000000000000000, 45.00000000000007816 ) ) ;
#372 = DIRECTION ( 'NONE',  ( 0.000000000000000000, -0.000000000000000000, -1.000000000000000000 ) ) ;
#373 = CIRCLE ( 'NONE', #2126, 2.099999999999997868 ) ;
#374 = DIRECTION ( 'NONE',  ( 0.000000000000000000, 1.000000000000000000, 0.000000000000000000 ) ) ;
#375 = VECTOR ( 'NONE', #788, 1000.000000000000000 ) ;
#376 = LINE ( 'NONE', #1775, #602 ) ;
#377 = CARTESIAN_POINT ( 'NONE',  ( 90.00000000000000000, 9.000000000000000000, 31.00000000000006395 ) ) ;
#378 = ORIENTED_EDGE ( 'NONE', *, *, #714, .F. ) ;
#379 = DIRECTION ( 'NONE',  ( 0.000000000000000000, 1.000000000000000000, 0.000000000000000000 ) ) ;
#380 = ORIENTED_EDGE ( 'NONE', *, *, #2824, .T. ) ;
#381 = SURFACE_STYLE_USAGE ( .BOTH. , #2764 ) ;
#382 = EDGE_LOOP ( 'NONE', ( #2106, #1631 ) ) ;
#383 = FACE_OUTER_BOUND ( 'NONE', #3029, .T. ) ;
#384 = CYLINDRICAL_SURFACE ( 'NONE', #104, 25.00000000000001421 ) ;
#385 = ORIENTED_EDGE ( 'NONE', *, *, #271, .T. ) ;
#386 = EDGE_CURVE ( 'NONE', #873, #2413, #1496, .T. ) ;
#387 = EDGE_CURVE ( 'NONE', #2756, #1451, #18, .T. ) ;
#388 = FACE_BOUND ( 'NONE', #2667, .T. ) ;
#389 = DIRECTION ( 'NONE',  ( -1.000000000000000000, 0.000000000000000000, -0.000000000000000000 ) ) ;
#390 = EDGE_CURVE ( 'NONE', #2459, #2994, #1709, .T. ) ;
#391 = LINE ( 'NONE', #1808, #1061 ) ;
#392 = CARTESIAN_POINT ( 'NONE',  ( -37.29999999999999716, 0.000000000000000000, 55.75000000000002842 ) ) ;
#393 = EDGE_LOOP ( 'NONE', ( #1178, #1315, #416, #2427 ) ) ;
#394 = DIRECTION ( 'NONE',  ( 0.000000000000000000, 0.000000000000000000, 1.000000000000000000 ) ) ;
#395 = ORIENTED_EDGE ( 'NONE', *, *, #1738, .T. ) ;
#396 = CARTESIAN_POINT ( 'NONE',  ( -64.99999999999972999, 0.000000000000000000, 80.00000000000002842 ) ) ;
#397 = EDGE_LOOP ( 'NONE', ( #3079, #1845 ) ) ;
#398 = FACE_OUTER_BOUND ( 'NONE', #3043, .T. ) ;
#399 = ORIENTED_EDGE ( 'NONE', *, *, #2931, .T. ) ;
#400 = LINE ( 'NONE', #369, #51 ) ;
#401 = ORIENTED_EDGE ( 'NONE', *, *, #1171, .F. ) ;
#402 = CARTESIAN_POINT ( 'NONE',  ( 27.00000000000000355, 28.99999999999999645, 80.00000000000004263 ) ) ;
#403 = EDGE_CURVE ( 'NONE', #828, #584, #1726, .T. ) ;
#404 = DIRECTION ( 'NONE',  ( 0.000000000000000000, 1.000000000000000000, 0.000000000000000000 ) ) ;
#405 = DIRECTION ( 'NONE',  ( 0.000000000000000000, 0.000000000000000000, 1.000000000000000000 ) ) ;
#406 = EDGE_CURVE ( 'NONE', #910, #798, #2752, .T. ) ;
#407 = DIRECTION ( 'NONE',  ( 1.000000000000000000, 0.000000000000000000, 1.067522139062651041E-16 ) ) ;
#408 = ORIENTED_EDGE ( 'NONE', *, *, #1264, .F. ) ;
#409 = AXIS2_PLACEMENT_3D ( 'NONE', #108, #1805, #1122 ) ;
#410 = ORIENTED_EDGE ( 'NONE', *, *, #2182, .T. ) ;
#411 = AXIS2_PLACEMENT_3D ( 'NONE', #904, #1202, #2622 ) ;
#412 = DIRECTION ( 'NONE',  ( -0.000000000000000000, 1.000000000000000000, -0.000000000000000000 ) ) ;
#413 = VERTEX_POINT ( 'NONE', #1054 ) ;
#414 = FACE_BOUND ( 'NONE', #1120, .T. ) ;
#415 = VECTOR ( 'NONE', #1794, 1000.000000000000000 ) ;
#416 = ORIENTED_EDGE ( 'NONE', *, *, #1987, .F. ) ;
#417 = DIRECTION ( 'NONE',  ( -0.000000000000000000, -1.000000000000000000, -0.000000000000000000 ) ) ;
#418 = VERTEX_POINT ( 'NONE', #1575 ) ;
#419 = PRODUCT_DEFINITION_CONTEXT ( 'detailed design', #1019, 'design' ) ;
#420 = DIRECTION ( 'NONE',  ( -0.000000000000000000, 1.000000000000000000, -0.000000000000000000 ) ) ;
#421 = CARTESIAN_POINT ( 'NONE',  ( -81.00000000000000000, 0.000000000000000000, 18.15000000000002700 ) ) ;
#422 = AXIS2_PLACEMENT_3D ( 'NONE', #2628, #2141, #3095 ) ;
#423 = CYLINDRICAL_SURFACE ( 'NONE', #661, 2.100000000000004530 ) ;
#424 = DIRECTION ( 'NONE',  ( -0.000000000000000000, -0.000000000000000000, -1.000000000000000000 ) ) ;
#425 = EDGE_LOOP ( 'NONE', ( #1769, #2805, #1136, #202 ) ) ;
#426 = VECTOR ( 'NONE', #1561, 1000.000000000000000 ) ;
#427 = EDGE_CURVE ( 'NONE', #159, #418, #2660, .T. ) ;
#428 = ORIENTED_EDGE ( 'NONE', *, *, #2932, .T. ) ;
#429 = DIRECTION ( 'NONE',  ( 0.000000000000000000, -1.000000000000000000, -0.000000000000000000 ) ) ;
#430 = ORIENTED_EDGE ( 'NONE', *, *, #2879, .T. ) ;
#431 = CIRCLE ( 'NONE', #1692, 1.600000000000004086 ) ;
#432 = CYLINDRICAL_SURFACE ( 'NONE', #2468, 1.600000000000004086 ) ;
#433 = VECTOR ( 'NONE', #2358, 1000.000000000000000 ) ;
#434 = VERTEX_POINT ( 'NONE', #1754 ) ;
#435 = CARTESIAN_POINT ( 'NONE',  ( -26.99999999999999645, 28.99999999999999645, 80.00000000000005684 ) ) ;
#436 = ORIENTED_EDGE ( 'NONE', *, *, #807, .T. ) ;
#437 = CARTESIAN_POINT ( 'NONE',  ( -90.00000000000001421, 11.75000000000000000, 45.00000000000007105 ) ) ;
#438 = DIRECTION ( 'NONE',  ( 1.000000000000000000, -0.000000000000000000, -1.067522139062651041E-16 ) ) ;
#439 = EDGE_CURVE ( 'NONE', #2727, #2326, #259, .T. ) ;
#440 = CARTESIAN_POINT ( 'NONE',  ( -79.99999999999975842, 9.000000000000000000, -64.99999999999988631 ) ) ;
#441 = CARTESIAN_POINT ( 'NONE',  ( -64.99999999999975842, 9.000000000000000000, -81.59999999999989484 ) ) ;
#442 = ORIENTED_EDGE ( 'NONE', *, *, #2064, .T. ) ;
#443 = ORIENTED_EDGE ( 'NONE', *, *, #2487, .F. ) ;
#444 = DIRECTION ( 'NONE',  ( -6.938893903907202740E-16, -0.000000000000000000, 1.000000000000000000 ) ) ;
#445 = EDGE_LOOP ( 'NONE', ( #2147, #2717, #1197, #622, #269 ) ) ;
#446 = CYLINDRICAL_SURFACE ( 'NONE', #229, 1.600000000000004086 ) ;
#447 = EDGE_CURVE ( 'NONE', #322, #2140, #1179, .T. ) ;
#448 =( NAMED_UNIT ( * ) SI_UNIT ( $, .STERADIAN. ) SOLID_ANGLE_UNIT ( ) );
#449 = EDGE_LOOP ( 'NONE', ( #1350, #2558, #1096, #1037 ) ) ;
#450 = CARTESIAN_POINT ( 'NONE',  ( -10.00000000000000000, 28.99999999999999645, -58.49999999999995026 ) ) ;
#451 = DIRECTION ( 'NONE',  ( 0.000000000000000000, 0.000000000000000000, 1.000000000000000000 ) ) ;
#452 = CARTESIAN_POINT ( 'NONE',  ( 64.99999999999975842, 0.000000000000000000, -78.39999999999989200 ) ) ;
#453 = DIRECTION ( 'NONE',  ( 0.000000000000000000, 0.000000000000000000, 1.000000000000000000 ) ) ;
#454 = ADVANCED_FACE ( 'NONE', ( #573 ), #2245, .F. ) ;
#455 = CARTESIAN_POINT ( 'NONE',  ( 90.00000000000002842, 9.000000000000000000, -64.99999999999988631 ) ) ;
#456 = ORIENTED_EDGE ( 'NONE', *, *, #26, .F. ) ;
#457 = DIRECTION ( 'NONE',  ( -1.000000000000000000, -0.000000000000000000, 2.775557561562890957E-15 ) ) ;
#458 = VERTEX_POINT ( 'NONE', #143 ) ;
#459 = AXIS2_PLACEMENT_3D ( 'NONE', #1177, #2369, #1402 ) ;
#460 = VECTOR ( 'NONE', #814, 1000.000000000000000 ) ;
#461 = CARTESIAN_POINT ( 'NONE',  ( -90.00000000000000000, 9.000000000000000000, 65.00000000000002842 ) ) ;
#462 = ORIENTED_EDGE ( 'NONE', *, *, #973, .T. ) ;
#463 = CARTESIAN_POINT ( 'NONE',  ( -10.00000000000000000, 28.99999999999999645, -53.49999999999995026 ) ) ;
#464 = CARTESIAN_POINT ( 'NONE',  ( 93.00000000000001421, 19.50000000000000000, 48.00000000000007105 ) ) ;
#465 = VECTOR ( 'NONE', #1133, 1000.000000000000000 ) ;
#466 = ORIENTED_EDGE ( 'NONE', *, *, #743, .F. ) ;
#467 = AXIS2_PLACEMENT_3D ( 'NONE', #1484, #757, #2927 ) ;
#468 = DIRECTION ( 'NONE',  ( -0.000000000000000000, -0.000000000000000000, -1.000000000000000000 ) ) ;
#469 = ADVANCED_FACE ( 'NONE', ( #339, #88, #2952, #2771, #607, #2033, #2265, #2497, #590, #388, #1773, #1090, #831, #1360, #1790, #2737, #847, #128, #1539, #1556 ), #1328, .F. ) ;
#470 = DIRECTION ( 'NONE',  ( 0.000000000000000000, 1.000000000000000000, -0.000000000000000000 ) ) ;
#471 = DIRECTION ( 'NONE',  ( 1.000000000000000000, -0.000000000000000000, -1.223790811976583605E-16 ) ) ;
#472 = AXIS2_PLACEMENT_3D ( 'NONE', #2314, #2769, #2494 ) ;
#473 = DIRECTION ( 'NONE',  ( 0.000000000000000000, 0.000000000000000000, 1.000000000000000000 ) ) ;
#474 = DIRECTION ( 'NONE',  ( 0.000000000000000000, 0.000000000000000000, 1.000000000000000000 ) ) ;
#475 = ORIENTED_EDGE ( 'NONE', *, *, #171, .F. ) ;
#476 = CIRCLE ( 'NONE', #1727, 1.094999999999998863 ) ;
#477 = ORIENTED_EDGE ( 'NONE', *, *, #1568, .T. ) ;
#478 = DIRECTION ( 'NONE',  ( 0.000000000000000000, 0.000000000000000000, 1.000000000000000000 ) ) ;
#479 = ORIENTED_EDGE ( 'NONE', *, *, #1409, .F. ) ;
#480 = CARTESIAN_POINT ( 'NONE',  ( 37.29999999999999716, 0.000000000000000000, 55.75000000000002842 ) ) ;
#481 = AXIS2_PLACEMENT_3D ( 'NONE', #463, #1436, #2374 ) ;
#482 = ORIENTED_EDGE ( 'NONE', *, *, #1055, .T. ) ;
#483 = DIRECTION ( 'NONE',  ( 0.000000000000000000, 1.000000000000000000, -0.000000000000000000 ) ) ;
#484 = VECTOR ( 'NONE', #848, 1000.000000000000000 ) ;
#485 = DIRECTION ( 'NONE',  ( 0.000000000000000000, 1.000000000000000000, -0.000000000000000000 ) ) ;
#486 = DIRECTION ( 'NONE',  ( -0.000000000000000000, 1.000000000000000000, -0.000000000000000000 ) ) ;
#487 = LINE ( 'NONE', #2199, #765 ) ;
#488 = EDGE_LOOP ( 'NONE', ( #2042, #2512, #542, #282 ) ) ;
#489 = DIRECTION ( 'NONE',  ( 0.000000000000000000, 1.000000000000000000, 0.000000000000000000 ) ) ;
#490 = EDGE_CURVE ( 'NONE', #2545, #1553, #2814, .T. ) ;
#491 = VERTEX_POINT ( 'NONE', #1346 ) ;
#492 = DIRECTION ( 'NONE',  ( -1.000000000000000000, -0.000000000000000000, -1.067522139062651041E-16 ) ) ;
#493 = ORIENTED_EDGE ( 'NONE', *, *, #531, .F. ) ;
#494 = CARTESIAN_POINT ( 'NONE',  ( 90.00000000000001421, 11.75000000000000178, 44.31961232988233945 ) ) ;
#495 = EDGE_CURVE ( 'NONE', #2495, #901, #1107, .T. ) ;
#496 = EDGE_LOOP ( 'NONE', ( #2352, #1737, #477, #1864 ) ) ;
#497 = LINE ( 'NONE', #1188, #2215 ) ;
#498 = DIRECTION ( 'NONE',  ( -1.067522139062651041E-16, 0.000000000000000000, 1.000000000000000000 ) ) ;
#499 = CARTESIAN_POINT ( 'NONE',  ( -64.99999999999975842, 9.000000000000000000, -78.39999999999989200 ) ) ;
#500 = DIRECTION ( 'NONE',  ( -0.000000000000000000, -1.000000000000000000, -0.000000000000000000 ) ) ;
#501 = EDGE_CURVE ( 'NONE', #2307, #805, #1820, .T. ) ;
#502 = DIRECTION ( 'NONE',  ( -0.000000000000000000, -0.000000000000000000, 1.000000000000000000 ) ) ;
#503 = ORIENTED_EDGE ( 'NONE', *, *, #84, .T. ) ;
#504 = EDGE_CURVE ( 'NONE', #2472, #2933, #2065, .T. ) ;
#505 = EDGE_CURVE ( 'NONE', #1433, #458, #325, .T. ) ;
#506 = DIRECTION ( 'NONE',  ( 0.000000000000000000, 0.000000000000000000, 1.000000000000000000 ) ) ;
#507 = ORIENTED_EDGE ( 'NONE', *, *, #1947, .F. ) ;
#508 = DIRECTION ( 'NONE',  ( -0.000000000000000000, 1.000000000000000000, -0.000000000000000000 ) ) ;
#509 = CIRCLE ( 'NONE', #2252, 1.600000000000004086 ) ;
#510 = EDGE_LOOP ( 'NONE', ( #2887, #1660, #776, #1560, #2608 ) ) ;
#511 = CARTESIAN_POINT ( 'NONE',  ( -16.99999999999999289, 28.99999999999999645, 90.00000000000007105 ) ) ;
#512 = DIRECTION ( 'NONE',  ( -0.000000000000000000, 1.000000000000000000, -0.000000000000000000 ) ) ;
#513 = AXIS2_PLACEMENT_3D ( 'NONE', #2340, #1860, #2118 ) ;
#514 = DIRECTION ( 'NONE',  ( -0.000000000000000000, -1.000000000000000000, -0.000000000000000000 ) ) ;
#515 = VERTEX_POINT ( 'NONE', #73 ) ;
#516 = VECTOR ( 'NONE', #656, 1000.000000000000000 ) ;
#517 = CARTESIAN_POINT ( 'NONE',  ( 37.29999999999999716, 9.000000000000000000, 18.15000000000003411 ) ) ;
#518 = ORIENTED_EDGE ( 'NONE', *, *, #1118, .F. ) ;
#519 = DIRECTION ( 'NONE',  ( 0.000000000000000000, 0.000000000000000000, 1.000000000000000000 ) ) ;
#520 = EDGE_CURVE ( 'NONE', #1629, #1612, #3064, .T. ) ;
#521 = EDGE_CURVE ( 'NONE', #961, #1547, #2611, .T. ) ;
#522 = ORIENTED_EDGE ( 'NONE', *, *, #2649, .F. ) ;
#523 = VECTOR ( 'NONE', #2624, 1000.000000000000000 ) ;
#524 = CARTESIAN_POINT ( 'NONE',  ( 64.99999999999975842, 9.000000000000000000, -64.99999999999988631 ) ) ;
#525 = EDGE_CURVE ( 'NONE', #1861, #735, #3020, .T. ) ;
#526 = AXIS2_PLACEMENT_3D ( 'NONE', #634, #2523, #394 ) ;
#527 = LINE ( 'NONE', #963, #1230 ) ;
#528 = DIRECTION ( 'NONE',  ( -0.000000000000000000, 1.000000000000000000, -0.000000000000000000 ) ) ;
#529 = CIRCLE ( 'NONE', #2925, 1.600000000000004086 ) ;
#530 = CARTESIAN_POINT ( 'NONE',  ( -64.99999999999972999, 9.000000000000000000, 80.00000000000002842 ) ) ;
#531 = EDGE_CURVE ( 'NONE', #2226, #136, #233, .T. ) ;
#532 = DIRECTION ( 'NONE',  ( -1.067522139062651041E-16, 0.000000000000000000, 1.000000000000000000 ) ) ;
#533 = VERTEX_POINT ( 'NONE', #645 ) ;
#534 = DIRECTION ( 'NONE',  ( 0.000000000000000000, 0.000000000000000000, 1.000000000000000000 ) ) ;
#535 = ORIENTED_EDGE ( 'NONE', *, *, #682, .F. ) ;
#536 = CARTESIAN_POINT ( 'NONE',  ( -93.00000000000001421, 0.000000000000000000, 48.00000000000007816 ) ) ;
#537 = PRODUCT_RELATED_PRODUCT_CATEGORY ( 'part', '', ( #2334 ) ) ;
#538 = ORIENTED_EDGE ( 'NONE', *, *, #2110, .F. ) ;
#539 = CARTESIAN_POINT ( 'NONE',  ( 81.00000000000000000, 9.000000000000000000, 55.75000000000002842 ) ) ;
#540 = LINE ( 'NONE', #1945, #2613 ) ;
#541 = CARTESIAN_POINT ( 'NONE',  ( 65.00000000000000000, 11.75000000000000000, 31.68038767011779910 ) ) ;
#542 = ORIENTED_EDGE ( 'NONE', *, *, #1420, .F. ) ;
#543 = DIRECTION ( 'NONE',  ( -1.000000000000000000, -0.000000000000000000, -0.000000000000000000 ) ) ;
#544 = CARTESIAN_POINT ( 'NONE',  ( -79.99999999999975842, 0.000000000000000000, -64.99999999999988631 ) ) ;
#545 = EDGE_CURVE ( 'NONE', #117, #1043, #1014, .T. ) ;
#546 = VERTEX_POINT ( 'NONE', #437 ) ;
#547 = CARTESIAN_POINT ( 'NONE',  ( 93.00000000000001421, 19.50000000000000000, 48.00000000000007105 ) ) ;
#548 = ORIENTED_EDGE ( 'NONE', *, *, #697, .T. ) ;
#549 = CARTESIAN_POINT ( 'NONE',  ( -79.99999999999974420, 0.000000000000000000, 63.40000000000001279 ) ) ;
#550 = ORIENTED_EDGE ( 'NONE', *, *, #521, .T. ) ;
#551 = DIRECTION ( 'NONE',  ( 0.000000000000000000, 1.000000000000000000, 0.000000000000000000 ) ) ;
#552 = VECTOR ( 'NONE', #164, 1000.000000000000000 ) ;
#553 = LINE ( 'NONE', #569, #2309 ) ;
#554 = ORIENTED_EDGE ( 'NONE', *, *, #1480, .F. ) ;
#555 = DIRECTION ( 'NONE',  ( -0.000000000000000000, 1.000000000000000000, -0.000000000000000000 ) ) ;
#556 = ADVANCED_FACE ( 'NONE', ( #1413 ), #3086, .F. ) ;
#557 = EDGE_CURVE ( 'NONE', #2456, #533, #912, .T. ) ;
#558 = VECTOR ( 'NONE', #1895, 1000.000000000000000 ) ;
#559 = CARTESIAN_POINT ( 'NONE',  ( -90.00000000000000000, 11.75000000000000000, 31.00000000000006750 ) ) ;
#560 = DIRECTION ( 'NONE',  ( 0.000000000000000000, 0.000000000000000000, 1.000000000000000000 ) ) ;
#561 = EDGE_LOOP ( 'NONE', ( #2538, #2691, #1217, #2280 ) ) ;
#562 = CARTESIAN_POINT ( 'NONE',  ( 0.000000000000000000, 28.99999999999999645, 0.000000000000000000 ) ) ;
#563 = ORIENTED_EDGE ( 'NONE', *, *, #1490, .F. ) ;
#564 = CARTESIAN_POINT ( 'NONE',  ( 90.00000000000001421, 9.000000000000000000, 28.00000000000007105 ) ) ;
#565 = VECTOR ( 'NONE', #244, 1000.000000000000000 ) ;
#566 = CARTESIAN_POINT ( 'NONE',  ( 37.29999999999999716, 0.000000000000000000, 55.75000000000002842 ) ) ;
#567 = ORIENTED_EDGE ( 'NONE', *, *, #2723, .F. ) ;
#568 = PLANE ( 'NONE',  #107 ) ;
#569 = CARTESIAN_POINT ( 'NONE',  ( -90.00000000000000000, 11.75000000000000000, 45.00000000000007105 ) ) ;
#570 = ORIENTED_EDGE ( 'NONE', *, *, #72, .T. ) ;
#571 = FACE_OUTER_BOUND ( 'NONE', #1449, .T. ) ;
#572 = VECTOR ( 'NONE', #1129, 1000.000000000000000 ) ;
#573 = FACE_OUTER_BOUND ( 'NONE', #20, .T. ) ;
#574 = AXIS2_PLACEMENT_3D ( 'NONE', #544, #2705, #560 ) ;
#575 = ADVANCED_FACE ( 'NONE', ( #2111 ), #932, .F. ) ;
#576 = DIRECTION ( 'NONE',  ( 0.000000000000000000, 0.000000000000000000, 1.000000000000000000 ) ) ;
#577 = AXIS2_PLACEMENT_3D ( 'NONE', #11, #945, #1219 ) ;
#578 = DIRECTION ( 'NONE',  ( 0.000000000000000000, 1.000000000000000000, 0.000000000000000000 ) ) ;
#579 = DIRECTION ( 'NONE',  ( 0.000000000000000000, -1.000000000000000000, 0.000000000000000000 ) ) ;
#580 = VERTEX_POINT ( 'NONE', #897 ) ;
#581 = CARTESIAN_POINT ( 'NONE',  ( 37.29999999999999716, 0.000000000000000000, 22.35000000000002984 ) ) ;
#582 = VERTEX_POINT ( 'NONE', #1884 ) ;
#583 = DIRECTION ( 'NONE',  ( 0.000000000000000000, 0.000000000000000000, 1.000000000000000000 ) ) ;
#584 = VERTEX_POINT ( 'NONE', #1854 ) ;
#585 = LINE ( 'NONE', #2982, #2328 ) ;
#586 = EDGE_CURVE ( 'NONE', #2885, #2942, #91, .T. ) ;
#587 = CARTESIAN_POINT ( 'NONE',  ( 90.00000000000001421, 19.50000000000000000, 28.00000000000007105 ) ) ;
#588 = ORIENTED_EDGE ( 'NONE', *, *, #531, .T. ) ;
#589 = LINE ( 'NONE', #2464, #1093 ) ;
#590 = FACE_BOUND ( 'NONE', #1702, .T. ) ;
#591 = CARTESIAN_POINT ( 'NONE',  ( 33.29999999999999716, 11.75000000000000000, 45.00000000000007816 ) ) ;
#592 = EDGE_CURVE ( 'NONE', #2501, #1043, #2612, .T. ) ;
#593 = VERTEX_POINT ( 'NONE', #217 ) ;
#594 = CYLINDRICAL_SURFACE ( 'NONE', #1712, 1.600000000000004086 ) ;
#595 = ORIENTED_EDGE ( 'NONE', *, *, #1542, .T. ) ;
#596 = DIRECTION ( 'NONE',  ( -1.000000000000000000, 0.000000000000000000, 1.067522139062651041E-16 ) ) ;
#597 = EDGE_CURVE ( 'NONE', #2526, #1337, #1190, .T. ) ;
#598 = ORIENTED_EDGE ( 'NONE', *, *, #2360, .F. ) ;
#599 = SURFACE_STYLE_FILL_AREA ( #841 ) ;
#600 = ORIENTED_EDGE ( 'NONE', *, *, #2892, .T. ) ;
#601 = CARTESIAN_POINT ( 'NONE',  ( 81.00000000000000000, 0.000000000000000000, 55.75000000000002842 ) ) ;
#602 = VECTOR ( 'NONE', #2288, 1000.000000000000000 ) ;
#603 = CYLINDRICAL_SURFACE ( 'NONE', #472, 10.00000000000000178 ) ;
#604 = ORIENTED_EDGE ( 'NONE', *, *, #2487, .T. ) ;
#605 = DIRECTION ( 'NONE',  ( 0.000000000000000000, 0.000000000000000000, 1.000000000000000000 ) ) ;
#606 = AXIS2_PLACEMENT_3D ( 'NONE', #2471, #2234, #64 ) ;
#607 = FACE_BOUND ( 'NONE', #2402, .T. ) ;
#608 = AXIS2_PLACEMENT_3D ( 'NONE', #2001, #2298, #2047 ) ;
#609 = CARTESIAN_POINT ( 'NONE',  ( -33.29999999999999716, 11.75000000000000000, 45.00000000000007105 ) ) ;
#610 = VECTOR ( 'NONE', #3053, 1000.000000000000000 ) ;
#611 = FACE_OUTER_BOUND ( 'NONE', #425, .T. ) ;
#612 = CIRCLE ( 'NONE', #307, 2.100000000000004530 ) ;
#613 = CARTESIAN_POINT ( 'NONE',  ( 65.00000000000000000, 19.50000000000000000, 38.00000000000007105 ) ) ;
#614 = VERTEX_POINT ( 'NONE', #2566 ) ;
#615 = FACE_OUTER_BOUND ( 'NONE', #1677, .T. ) ;
#616 = ORIENTED_EDGE ( 'NONE', *, *, #1426, .T. ) ;
#617 = CARTESIAN_POINT ( 'NONE',  ( 33.29999999999999716, 11.75000000000000000, 45.00000000000007816 ) ) ;
#618 = EDGE_LOOP ( 'NONE', ( #2765, #2751, #138, #1248 ) ) ;
#619 = DIRECTION ( 'NONE',  ( 0.000000000000000000, 0.000000000000000000, 1.000000000000000000 ) ) ;
#620 = EDGE_CURVE ( 'NONE', #159, #2896, #182, .T. ) ;
#621 = ADVANCED_FACE ( 'NONE', ( #1442 ), #2378, .F. ) ;
#622 = ORIENTED_EDGE ( 'NONE', *, *, #2514, .F. ) ;
#623 = FACE_OUTER_BOUND ( 'NONE', #2911, .T. ) ;
#624 = EDGE_CURVE ( 'NONE', #1614, #331, #2789, .T. ) ;
#625 = ORIENTED_EDGE ( 'NONE', *, *, #732, .T. ) ;
#626 = AXIS2_PLACEMENT_3D ( 'NONE', #2527, #1371, #2295 ) ;
#627 = CARTESIAN_POINT ( 'NONE',  ( -65.00000000000000000, 11.75000000000000000, 44.31961232988233945 ) ) ;
#628 = DIRECTION ( 'NONE',  ( -0.000000000000000000, 1.000000000000000000, -0.000000000000000000 ) ) ;
#629 = AXIS2_PLACEMENT_3D ( 'NONE', #736, #2390, #242 ) ;
#630 = DIRECTION ( 'NONE',  ( 0.000000000000000000, 0.000000000000000000, 1.000000000000000000 ) ) ;
#631 = EDGE_CURVE ( 'NONE', #2271, #1433, #2546, .T. ) ;
#632 = FACE_OUTER_BOUND ( 'NONE', #2794, .T. ) ;
#633 = VERTEX_POINT ( 'NONE', #2335 ) ;
#634 = CARTESIAN_POINT ( 'NONE',  ( -90.00000000000001421, 19.50000000000000000, 38.00000000000008527 ) ) ;
#635 = CIRCLE ( 'NONE', #1840, 2.100000000000004530 ) ;
#636 = ORIENTED_EDGE ( 'NONE', *, *, #1421, .T. ) ;
#637 = AXIS2_PLACEMENT_3D ( 'NONE', #351, #1326, #2264 ) ;
#638 = LINE ( 'NONE', #617, #1182 ) ;
#639 = ORIENTED_EDGE ( 'NONE', *, *, #1459, .T. ) ;
#640 = DIRECTION ( 'NONE',  ( 0.000000000000000000, 1.000000000000000000, 0.000000000000000000 ) ) ;
#641 = EDGE_CURVE ( 'NONE', #2241, #1, #1379, .T. ) ;
#642 = ORIENTED_EDGE ( 'NONE', *, *, #986, .F. ) ;
#643 = CARTESIAN_POINT ( 'NONE',  ( -64.99999999999975842, 9.000000000000000000, -90.00000000000007105 ) ) ;
#644 = EDGE_LOOP ( 'NONE', ( #362, #2787, #3062, #148 ) ) ;
#645 = CARTESIAN_POINT ( 'NONE',  ( 81.00000000000000000, 9.000000000000000000, 22.35000000000003695 ) ) ;
#646 = FACE_OUTER_BOUND ( 'NONE', #803, .T. ) ;
#647 = DIRECTION ( 'NONE',  ( 0.000000000000000000, 0.000000000000000000, 1.000000000000000000 ) ) ;
#648 = CARTESIAN_POINT ( 'NONE',  ( 79.99999999999977263, 0.000000000000000000, 66.60000000000003695 ) ) ;
#649 = ORIENTED_EDGE ( 'NONE', *, *, #1926, .F. ) ;
#650 = EDGE_CURVE ( 'NONE', #2081, #86, #1139, .T. ) ;
#651 = ORIENTED_EDGE ( 'NONE', *, *, #427, .T. ) ;
#652 = CARTESIAN_POINT ( 'NONE',  ( 81.00000000000000000, 0.000000000000000000, 18.15000000000002700 ) ) ;
#653 = ORIENTED_EDGE ( 'NONE', *, *, #2718, .T. ) ;
#654 = DIRECTION ( 'NONE',  ( -0.000000000000000000, -1.000000000000000000, -0.000000000000000000 ) ) ;
#655 = ORIENTED_EDGE ( 'NONE', *, *, #1192, .T. ) ;
#656 = DIRECTION ( 'NONE',  ( -1.000000000000000000, -0.000000000000000000, -0.000000000000000000 ) ) ;
#657 = EDGE_LOOP ( 'NONE', ( #819, #2859 ) ) ;
#658 = CARTESIAN_POINT ( 'NONE',  ( -37.29999999999999716, 0.000000000000000000, 20.25000000000003197 ) ) ;
#659 = DIRECTION ( 'NONE',  ( 1.000000000000000000, 0.000000000000000000, 1.067522139062651041E-16 ) ) ;
#660 = ADVANCED_FACE ( 'NONE', ( #2891 ), #277, .F. ) ;
#661 = AXIS2_PLACEMENT_3D ( 'NONE', #1626, #2113, #3087 ) ;
#662 = FACE_OUTER_BOUND ( 'NONE', #1549, .T. ) ;
#663 = PLANE ( 'NONE',  #1472 ) ;
#664 = ORIENTED_EDGE ( 'NONE', *, *, #154, .T. ) ;
#665 = AXIS2_PLACEMENT_3D ( 'NONE', #1527, #1559, #112 ) ;
#666 = CIRCLE ( 'NONE', #1431, 2.099999999999997868 ) ;
#667 = CARTESIAN_POINT ( 'NONE',  ( 93.00000000000001421, 19.50000000000000000, 48.00000000000007105 ) ) ;
#668 = ORIENTED_EDGE ( 'NONE', *, *, #2793, .F. ) ;
#669 = LINE ( 'NONE', #2388, #94 ) ;
#670 = ORIENTED_EDGE ( 'NONE', *, *, #329, .F. ) ;
#671 = DIRECTION ( 'NONE',  ( -0.000000000000000000, 1.000000000000000000, -0.000000000000000000 ) ) ;
#672 = APPLICATION_PROTOCOL_DEFINITION ( 'draft international standard', 'automotive_design', 1998, #1019 ) ;
#673 = VECTOR ( 'NONE', #492, 1000.000000000000000 ) ;
#674 = ORIENTED_EDGE ( 'NONE', *, *, #1793, .T. ) ;
#675 = CYLINDRICAL_SURFACE ( 'NONE', #56, 2.099999999999997868 ) ;
#676 = ORIENTED_EDGE ( 'NONE', *, *, #2260, .T. ) ;
#677 = AXIS2_PLACEMENT_3D ( 'NONE', #2011, #2462, #2967 ) ;
#678 = DIRECTION ( 'NONE',  ( 0.000000000000000000, 1.000000000000000000, 0.000000000000000000 ) ) ;
#679 = FACE_OUTER_BOUND ( 'NONE', #2431, .T. ) ;
#680 = AXIS2_PLACEMENT_3D ( 'NONE', #1944, #551, #36 ) ;
#681 = CARTESIAN_POINT ( 'NONE',  ( -64.99999999999975842, 0.000000000000000000, -79.99999999999988631 ) ) ;
#682 = EDGE_CURVE ( 'NONE', #1335, #2188, #527, .T. ) ;
#683 = DIRECTION ( 'NONE',  ( 0.000000000000000000, 1.000000000000000000, 0.000000000000000000 ) ) ;
#684 = ORIENTED_EDGE ( 'NONE', *, *, #521, .F. ) ;
#685 = AXIS2_PLACEMENT_3D ( 'NONE', #1146, #2136, #2826 ) ;
#686 = VERTEX_POINT ( 'NONE', #1479 ) ;
#687 = CARTESIAN_POINT ( 'NONE',  ( 16.99999999999999289, 9.000000000000000000, 90.00000000000007105 ) ) ;
#688 = VERTEX_POINT ( 'NONE', #1723 ) ;
#689 = VECTOR ( 'NONE', #1989, 1000.000000000000000 ) ;
#690 = DIRECTION ( 'NONE',  ( -0.000000000000000000, 1.000000000000000000, -0.000000000000000000 ) ) ;
#691 = FACE_OUTER_BOUND ( 'NONE', #445, .T. ) ;
#692 = ORIENTED_EDGE ( 'NONE', *, *, #2438, .F. ) ;
#693 = DIRECTION ( 'NONE',  ( 0.000000000000000000, 0.000000000000000000, 1.000000000000000000 ) ) ;
#694 = ORIENTED_EDGE ( 'NONE', *, *, #1029, .T. ) ;
#695 = CARTESIAN_POINT ( 'NONE',  ( -89.99999999999997158, 9.000000000000000000, -64.99999999999988631 ) ) ;
#696 = DIRECTION ( 'NONE',  ( 0.000000000000000000, 0.000000000000000000, -1.000000000000000000 ) ) ;
#697 = EDGE_CURVE ( 'NONE', #2681, #2885, #260, .T. ) ;
#698 = PLANE ( 'NONE',  #2807 ) ;
#699 = LINE ( 'NONE', #455, #149 ) ;
#700 = ORIENTED_EDGE ( 'NONE', *, *, #2591, .F. ) ;
#701 = ADVANCED_FACE ( 'NONE', ( #1223 ), #2880, .F. ) ;
#702 = ORIENTED_EDGE ( 'NONE', *, *, #191, .T. ) ;
#703 = DIRECTION ( 'NONE',  ( 0.000000000000000000, 1.000000000000000000, 0.000000000000000000 ) ) ;
#704 = ORIENTED_EDGE ( 'NONE', *, *, #2723, .T. ) ;
#705 = FACE_OUTER_BOUND ( 'NONE', #3092, .T. ) ;
#706 = CARTESIAN_POINT ( 'NONE',  ( 16.99999999999999645, 28.99999999999999645, 85.00000000000004263 ) ) ;
#707 = EDGE_CURVE ( 'NONE', #1629, #1395, #245, .T. ) ;
#708 = EDGE_CURVE ( 'NONE', #745, #1080, #666, .T. ) ;
#709 = ORIENTED_EDGE ( 'NONE', *, *, #862, .F. ) ;
#710 = FACE_OUTER_BOUND ( 'NONE', #2059, .T. ) ;
#711 = DIRECTION ( 'NONE',  ( -1.000000000000000000, -0.000000000000000000, -2.775557561562890957E-15 ) ) ;
#712 = CARTESIAN_POINT ( 'NONE',  ( -64.99999999999975842, 0.000000000000000000, -79.99999999999988631 ) ) ;
#713 = CIRCLE ( 'NONE', #2951, 1.094999999999998863 ) ;
#714 = EDGE_CURVE ( 'NONE', #2140, #322, #867, .T. ) ;
#715 = DIRECTION ( 'NONE',  ( 1.067522139062651041E-16, 0.000000000000000000, -1.000000000000000000 ) ) ;
#716 = ORIENTED_EDGE ( 'NONE', *, *, #315, .F. ) ;
#717 = ORIENTED_EDGE ( 'NONE', *, *, #1432, .F. ) ;
#718 = AXIS2_PLACEMENT_3D ( 'NONE', #1991, #2250, #1076 ) ;
#719 = AXIS2_PLACEMENT_3D ( 'NONE', #2972, #2285, #2014 ) ;
#720 = ORIENTED_EDGE ( 'NONE', *, *, #2209, .T. ) ;
#721 = CARTESIAN_POINT ( 'NONE',  ( -65.00000000000000000, 19.50000000000000000, 38.00000000000007105 ) ) ;
#722 = AXIS2_PLACEMENT_3D ( 'NONE', #2293, #1829, #857 ) ;
#723 = ORIENTED_EDGE ( 'NONE', *, *, #1645, .F. ) ;
#724 = AXIS2_PLACEMENT_3D ( 'NONE', #21, #2682, #294 ) ;
#725 = CARTESIAN_POINT ( 'NONE',  ( -65.00000000000000000, 9.000000000000000000, 65.00000000000002842 ) ) ;
#726 = DIRECTION ( 'NONE',  ( -0.000000000000000000, 1.000000000000000000, -0.000000000000000000 ) ) ;
#727 = EDGE_CURVE ( 'NONE', #2370, #515, #1676, .T. ) ;
#728 = CARTESIAN_POINT ( 'NONE',  ( 81.00000000000000000, 0.000000000000000000, 53.65000000000002700 ) ) ;
#729 = VECTOR ( 'NONE', #2998, 1000.000000000000000 ) ;
#730 = FACE_OUTER_BOUND ( 'NONE', #1386, .T. ) ;
#731 = ORIENTED_EDGE ( 'NONE', *, *, #707, .T. ) ;
#732 = EDGE_CURVE ( 'NONE', #1830, #1943, #2152, .T. ) ;
#733 = EDGE_LOOP ( 'NONE', ( #2243, #522, #2387, #2743 ) ) ;
#734 = CARTESIAN_POINT ( 'NONE',  ( 64.99999999999978684, 0.000000000000000000, 80.00000000000002842 ) ) ;
#735 = VERTEX_POINT ( 'NONE', #289 ) ;
#736 = CARTESIAN_POINT ( 'NONE',  ( 93.00000000000001421, 19.50000000000000000, 38.00000000000007105 ) ) ;
#737 = AXIS2_PLACEMENT_3D ( 'NONE', #2536, #2006, #361 ) ;
#738 = AXIS2_PLACEMENT_3D ( 'NONE', #1347, #1092, #576 ) ;
#739 = EDGE_LOOP ( 'NONE', ( #1951, #187, #2056, #2312 ) ) ;
#740 = CARTESIAN_POINT ( 'NONE',  ( -26.99999999999999645, 28.99999999999999645, 90.00000000000007105 ) ) ;
#741 = EDGE_CURVE ( 'NONE', #1830, #2505, #1004, .T. ) ;
#742 = CARTESIAN_POINT ( 'NONE',  ( -79.99999999999974420, 0.000000000000000000, 65.00000000000001421 ) ) ;
#743 = EDGE_CURVE ( 'NONE', #193, #2686, #540, .T. ) ;
#744 = CARTESIAN_POINT ( 'NONE',  ( 93.00000000000001421, 0.000000000000000000, 48.00000000000006395 ) ) ;
#745 = VERTEX_POINT ( 'NONE', #2420 ) ;
#746 = DIRECTION ( 'NONE',  ( 0.000000000000000000, 1.000000000000000000, 0.000000000000000000 ) ) ;
#747 = ORIENTED_EDGE ( 'NONE', *, *, #641, .T. ) ;
#748 = DIRECTION ( 'NONE',  ( 1.000000000000000000, 0.000000000000000000, -1.835686217964875284E-16 ) ) ;
#749 = ORIENTED_EDGE ( 'NONE', *, *, #2801, .F. ) ;
#750 = PLANE ( 'NONE',  #934 ) ;
#751 = CARTESIAN_POINT ( 'NONE',  ( -37.29999999999999716, 0.000000000000000000, 22.35000000000002984 ) ) ;
#752 = CARTESIAN_POINT ( 'NONE',  ( -81.00000000000000000, 9.000000000000000000, 57.85000000000002984 ) ) ;
#753 = DIRECTION ( 'NONE',  ( -0.000000000000000000, 1.000000000000000000, -0.000000000000000000 ) ) ;
#754 = ADVANCED_FACE ( 'NONE', ( #1955 ), #3, .F. ) ;
#755 = ADVANCED_FACE ( 'NONE', ( #1912 ), #2646, .F. ) ;
#756 = ORIENTED_EDGE ( 'NONE', *, *, #1589, .F. ) ;
#757 = DIRECTION ( 'NONE',  ( 0.000000000000000000, 1.000000000000000000, 0.000000000000000000 ) ) ;
#758 = ORIENTED_EDGE ( 'NONE', *, *, #911, .T. ) ;
#759 = AXIS2_PLACEMENT_3D ( 'NONE', #868, #2301, #647 ) ;
#760 = DIRECTION ( 'NONE',  ( 0.000000000000000000, 0.000000000000000000, 1.000000000000000000 ) ) ;
#761 = CIRCLE ( 'NONE', #2407, 2.099999999999997868 ) ;
#762 = CIRCLE ( 'NONE', #2658, 1.600000000000004086 ) ;
#763 = ORIENTED_EDGE ( 'NONE', *, *, #851, .F. ) ;
#764 = LINE ( 'NONE', #1722, #2124 ) ;
#765 = VECTOR ( 'NONE', #500, 1000.000000000000000 ) ;
#766 = ADVANCED_FACE ( 'NONE', ( #2445 ), #302, .F. ) ;
#767 = CARTESIAN_POINT ( 'NONE',  ( 64.99999999999975842, 0.000000000000000000, -79.99999999999988631 ) ) ;
#768 = AXIS2_PLACEMENT_3D ( 'NONE', #767, #726, #1467 ) ;
#769 = CARTESIAN_POINT ( 'NONE',  ( 16.99999999999999289, 28.99999999999999645, 90.00000000000007105 ) ) ;
#770 = FACE_OUTER_BOUND ( 'NONE', #1985, .T. ) ;
#771 = DIRECTION ( 'NONE',  ( -1.000000000000000000, 0.000000000000000000, 0.000000000000000000 ) ) ;
#772 = EDGE_CURVE ( 'NONE', #1920, #2370, #1685, .T. ) ;
#773 = VERTEX_POINT ( 'NONE', #2673 ) ;
#774 = VECTOR ( 'NONE', #417, 1000.000000000000000 ) ;
#775 = CARTESIAN_POINT ( 'NONE',  ( -90.00000000000001421, 19.50000000000000000, 32.00000000000007816 ) ) ;
#776 = ORIENTED_EDGE ( 'NONE', *, *, #2284, .F. ) ;
#777 = DIRECTION ( 'NONE',  ( -0.000000000000000000, -1.000000000000000000, -0.000000000000000000 ) ) ;
#778 = AXIS2_PLACEMENT_3D ( 'NONE', #794, #25, #1954 ) ;
#779 = EDGE_LOOP ( 'NONE', ( #1949, #1616 ) ) ;
#780 = DIRECTION ( 'NONE',  ( 0.000000000000000000, 1.000000000000000000, 0.000000000000000000 ) ) ;
#781 = CIRCLE ( 'NONE', #574, 1.600000000000004086 ) ;
#782 = DIRECTION ( 'NONE',  ( 0.000000000000000000, 0.000000000000000000, 1.000000000000000000 ) ) ;
#783 = CYLINDRICAL_SURFACE ( 'NONE', #677, 2.099999999999997868 ) ;
#784 = EDGE_LOOP ( 'NONE', ( #1785, #2638, #1149, #756 ) ) ;
#785 = VECTOR ( 'NONE', #486, 1000.000000000000000 ) ;
#786 =( GEOMETRIC_REPRESENTATION_CONTEXT ( 3 ) GLOBAL_UNCERTAINTY_ASSIGNED_CONTEXT ( ( #3019 ) ) GLOBAL_UNIT_ASSIGNED_CONTEXT ( ( #2643, #1940, #448 ) ) REPRESENTATION_CONTEXT ( 'NONE', 'WORKASPACE' ) );
#787 = DIRECTION ( 'NONE',  ( -1.000000000000000000, -0.000000000000000000, -2.775557561562890957E-15 ) ) ;
#788 = DIRECTION ( 'NONE',  ( -0.000000000000000000, -1.000000000000000000, -0.000000000000000000 ) ) ;
#789 = ORIENTED_EDGE ( 'NONE', *, *, #2031, .T. ) ;
#790 = FACE_BOUND ( 'NONE', #657, .T. ) ;
#791 = EDGE_LOOP ( 'NONE', ( #2964, #684, #676, #1637 ) ) ;
#792 = LINE ( 'NONE', #1032, #1035 ) ;
#793 = VERTEX_POINT ( 'NONE', #2169 ) ;
#794 = CARTESIAN_POINT ( 'NONE',  ( 79.99999999999975842, 0.000000000000000000, -64.99999999999988631 ) ) ;
#795 = EDGE_CURVE ( 'NONE', #1395, #2150, #1327, .T. ) ;
#796 = EDGE_CURVE ( 'NONE', #1359, #2456, #612, .T. ) ;
#797 = FACE_OUTER_BOUND ( 'NONE', #63, .T. ) ;
#798 = VERTEX_POINT ( 'NONE', #2506 ) ;
#799 = CYLINDRICAL_SURFACE ( 'NONE', #1644, 1.600000000000004086 ) ;
#800 = CARTESIAN_POINT ( 'NONE',  ( -64.99999999999975842, 0.000000000000000000, -78.39999999999989200 ) ) ;
#801 = CARTESIAN_POINT ( 'NONE',  ( 37.29999999999999716, 0.000000000000000000, 57.85000000000002984 ) ) ;
#802 = VERTEX_POINT ( 'NONE', #2995 ) ;
#803 = EDGE_LOOP ( 'NONE', ( #2847, #2928, #1145, #2088 ) ) ;
#804 = DIRECTION ( 'NONE',  ( -1.000000000000000000, -0.000000000000000000, -1.067522139062651041E-16 ) ) ;
#805 = VERTEX_POINT ( 'NONE', #137 ) ;
#806 = LINE ( 'NONE', #287, #1084 ) ;
#807 = EDGE_CURVE ( 'NONE', #546, #957, #1354, .T. ) ;
#808 = AXIS2_PLACEMENT_3D ( 'NONE', #870, #818, #2289 ) ;
#809 = VECTOR ( 'NONE', #1867, 1000.000000000000000 ) ;
#810 = FACE_OUTER_BOUND ( 'NONE', #1410, .T. ) ;
#811 = ORIENTED_EDGE ( 'NONE', *, *, #162, .T. ) ;
#812 = LINE ( 'NONE', #2969, #1040 ) ;
#813 = CIRCLE ( 'NONE', #2958, 1.600000000000004086 ) ;
#814 = DIRECTION ( 'NONE',  ( -1.000000000000000000, -0.000000000000000000, -0.000000000000000000 ) ) ;
#815 = CIRCLE ( 'NONE', #467, 1.600000000000004086 ) ;
#816 = LINE ( 'NONE', #1074, #689 ) ;
#817 = DIRECTION ( 'NONE',  ( -0.000000000000000000, 1.000000000000000000, -0.000000000000000000 ) ) ;
#818 = DIRECTION ( 'NONE',  ( 2.775557561562890957E-15, -0.000000000000000000, 1.000000000000000000 ) ) ;
#819 = ORIENTED_EDGE ( 'NONE', *, *, #1555, .T. ) ;
#820 = DIRECTION ( 'NONE',  ( -0.000000000000000000, -1.000000000000000000, -0.000000000000000000 ) ) ;
#821 = ADVANCED_FACE ( 'NONE', ( #1600 ), #346, .F. ) ;
#822 = EDGE_LOOP ( 'NONE', ( #903, #2101, #2710, #2652 ) ) ;
#823 = LINE ( 'NONE', #2306, #261 ) ;
#824 = VERTEX_POINT ( 'NONE', #2238 ) ;
#825 = DIRECTION ( 'NONE',  ( -0.000000000000000000, -0.000000000000000000, 1.000000000000000000 ) ) ;
#826 = VERTEX_POINT ( 'NONE', #1369 ) ;
#827 = CARTESIAN_POINT ( 'NONE',  ( -21.99999999999999645, 28.99999999999999645, 85.00000000000005684 ) ) ;
#828 = VERTEX_POINT ( 'NONE', #874 ) ;
#829 = DIRECTION ( 'NONE',  ( 0.000000000000000000, 0.000000000000000000, 1.000000000000000000 ) ) ;
#830 = CIRCLE ( 'NONE', #526, 10.00000000000000178 ) ;
#831 = FACE_BOUND ( 'NONE', #3033, .T. ) ;
#832 = CIRCLE ( 'NONE', #2579, 2.099999999999997868 ) ;
#833 = CARTESIAN_POINT ( 'NONE',  ( 65.00000000000000000, 9.000000000000000000, 65.00000000000002842 ) ) ;
#834 = EDGE_CURVE ( 'NONE', #2896, #875, #813, .T. ) ;
#835 = AXIS2_PLACEMENT_3D ( 'NONE', #846, #1106, #907 ) ;
#836 = DIRECTION ( 'NONE',  ( 0.000000000000000000, 0.000000000000000000, 1.000000000000000000 ) ) ;
#837 = DIRECTION ( 'NONE',  ( -0.000000000000000000, -0.000000000000000000, -1.000000000000000000 ) ) ;
#838 = ORIENTED_EDGE ( 'NONE', *, *, #2676, .F. ) ;
#839 = CARTESIAN_POINT ( 'NONE',  ( 65.00000000000000000, 19.50000000000000000, 38.00000000000007105 ) ) ;
#840 = ORIENTED_EDGE ( 'NONE', *, *, #2488, .F. ) ;
#841 = FILL_AREA_STYLE ('',( #1814 ) ) ;
#842 = ORIENTED_EDGE ( 'NONE', *, *, #902, .F. ) ;
#843 = DIRECTION ( 'NONE',  ( -0.000000000000000000, 1.000000000000000000, -0.000000000000000000 ) ) ;
#844 = CARTESIAN_POINT ( 'NONE',  ( -21.99999999999999645, 28.99999999999999645, 80.00000000000005684 ) ) ;
#845 = ORIENTED_EDGE ( 'NONE', *, *, #650, .T. ) ;
#846 = CARTESIAN_POINT ( 'NONE',  ( -81.00000000000000000, 0.000000000000000000, 55.75000000000002842 ) ) ;
#847 = FACE_BOUND ( 'NONE', #1114, .T. ) ;
#848 = DIRECTION ( 'NONE',  ( 1.000000000000000000, -0.000000000000000000, -0.000000000000000000 ) ) ;
#849 = CARTESIAN_POINT ( 'NONE',  ( 79.99999999999977263, 0.000000000000000000, 63.40000000000002700 ) ) ;
#850 = EDGE_CURVE ( 'NONE', #7, #2833, #2256, .T. ) ;
#851 = EDGE_CURVE ( 'NONE', #2994, #593, #1625, .T. ) ;
#852 = PLANE ( 'NONE',  #2452 ) ;
#853 = ORIENTED_EDGE ( 'NONE', *, *, #2386, .F. ) ;
#854 = DIRECTION ( 'NONE',  ( 1.000000000000000000, -0.000000000000000000, -1.067522139062651041E-16 ) ) ;
#855 = ORIENTED_EDGE ( 'NONE', *, *, #1303, .F. ) ;
#856 = EDGE_CURVE ( 'NONE', #614, #331, #823, .T. ) ;
#857 = DIRECTION ( 'NONE',  ( 0.000000000000000000, 0.000000000000000000, 1.000000000000000000 ) ) ;
#858 = ORIENTED_EDGE ( 'NONE', *, *, #2509, .F. ) ;
#859 = DIRECTION ( 'NONE',  ( 0.000000000000000000, 0.000000000000000000, 1.000000000000000000 ) ) ;
#860 = DIRECTION ( 'NONE',  ( 1.000000000000000000, 0.000000000000000000, 0.000000000000000000 ) ) ;
#861 = VERTEX_POINT ( 'NONE', #2074 ) ;
#862 = EDGE_CURVE ( 'NONE', #1258, #2818, #1115, .T. ) ;
#863 = VECTOR ( 'NONE', #424, 1000.000000000000000 ) ;
#864 = DIRECTION ( 'NONE',  ( 0.000000000000000000, -1.000000000000000000, 0.000000000000000000 ) ) ;
#865 = AXIS2_PLACEMENT_3D ( 'NONE', #2849, #2837, #948 ) ;
#866 = LINE ( 'NONE', #1297, #1142 ) ;
#867 = CIRCLE ( 'NONE', #2865, 1.094999999999998863 ) ;
#868 = CARTESIAN_POINT ( 'NONE',  ( 7.747000000000002551, 9.000000000000000000, -70.00000000000005684 ) ) ;
#869 = VECTOR ( 'NONE', #2412, 1000.000000000000000 ) ;
#870 = CARTESIAN_POINT ( 'NONE',  ( -21.99999999999999645, 28.99999999999999645, 85.00000000000005684 ) ) ;
#871 = ORIENTED_EDGE ( 'NONE', *, *, #525, .F. ) ;
#872 = DIRECTION ( 'NONE',  ( -6.938893903907212600E-16, 0.000000000000000000, 1.000000000000000000 ) ) ;
#873 = VERTEX_POINT ( 'NONE', #100 ) ;
#874 = CARTESIAN_POINT ( 'NONE',  ( 64.99999999999975842, 9.000000000000000000, -90.00000000000007105 ) ) ;
#875 = VERTEX_POINT ( 'NONE', #333 ) ;
#876 = DIRECTION ( 'NONE',  ( 0.000000000000000000, 1.000000000000000000, -0.000000000000000000 ) ) ;
#877 = VECTOR ( 'NONE', #2577, 1000.000000000000000 ) ;
#878 = CARTESIAN_POINT ( 'NONE',  ( 33.29999999999999716, 11.75000000000000000, 31.00000000000007461 ) ) ;
#879 = EDGE_LOOP ( 'NONE', ( #1500, #1098, #1874, #1028 ) ) ;
#880 = DIRECTION ( 'NONE',  ( -0.000000000000000000, 1.000000000000000000, -0.000000000000000000 ) ) ;
#881 = EDGE_CURVE ( 'NONE', #1187, #686, #2747, .T. ) ;
#882 = DIRECTION ( 'NONE',  ( 0.000000000000000000, 0.000000000000000000, -1.000000000000000000 ) ) ;
#883 = VECTOR ( 'NONE', #332, 1000.000000000000000 ) ;
#884 = DIRECTION ( 'NONE',  ( 1.000000000000000000, 0.000000000000000000, 1.067522139062651041E-16 ) ) ;
#885 = LINE ( 'NONE', #201, #1174 ) ;
#886 = VERTEX_POINT ( 'NONE', #1099 ) ;
#887 = DIRECTION ( 'NONE',  ( -1.000000000000000000, 0.000000000000000000, -6.938893903907212600E-16 ) ) ;
#888 = AXIS2_PLACEMENT_3D ( 'NONE', #3021, #1443, #144 ) ;
#889 = EDGE_LOOP ( 'NONE', ( #395, #1343, #479, #2518 ) ) ;
#890 = DIRECTION ( 'NONE',  ( 0.000000000000000000, 1.000000000000000000, 0.000000000000000000 ) ) ;
#891 = ORIENTED_EDGE ( 'NONE', *, *, #1166, .F. ) ;
#892 = CARTESIAN_POINT ( 'NONE',  ( -90.00000000000000000, 0.000000000000000000, 65.00000000000002842 ) ) ;
#893 = EDGE_CURVE ( 'NONE', #337, #1319, #638, .T. ) ;
#894 = ORIENTED_EDGE ( 'NONE', *, *, #960, .F. ) ;
#895 = CARTESIAN_POINT ( 'NONE',  ( 90.00000000000000000, 0.000000000000000000, 65.00000000000002842 ) ) ;
#896 = ORIENTED_EDGE ( 'NONE', *, *, #727, .T. ) ;
#897 = CARTESIAN_POINT ( 'NONE',  ( 79.99999999999975842, 9.000000000000000000, -66.59999999999989484 ) ) ;
#898 = CARTESIAN_POINT ( 'NONE',  ( 90.00000000000002842, 9.000000000000000000, 65.00000000000002842 ) ) ;
#899 = CARTESIAN_POINT ( 'NONE',  ( -64.99999999999975842, 0.000000000000000000, -81.59999999999989484 ) ) ;
#900 = FACE_BOUND ( 'NONE', #2507, .T. ) ;
#901 = VERTEX_POINT ( 'NONE', #2731 ) ;
#902 = EDGE_CURVE ( 'NONE', #2459, #2640, #358, .T. ) ;
#903 = ORIENTED_EDGE ( 'NONE', *, *, #2931, .F. ) ;
#904 = CARTESIAN_POINT ( 'NONE',  ( -64.99999999999972999, 9.000000000000000000, 80.00000000000002842 ) ) ;
#905 = EDGE_LOOP ( 'NONE', ( #1292, #598, #2670, #284 ) ) ;
#906 = FACE_OUTER_BOUND ( 'NONE', #2485, .T. ) ;
#907 = DIRECTION ( 'NONE',  ( 0.000000000000000000, 0.000000000000000000, 1.000000000000000000 ) ) ;
#908 = ORIENTED_EDGE ( 'NONE', *, *, #1678, .F. ) ;
#909 = FACE_OUTER_BOUND ( 'NONE', #946, .T. ) ;
#910 = VERTEX_POINT ( 'NONE', #2058 ) ;
#911 = EDGE_CURVE ( 'NONE', #2942, #2885, #2010, .T. ) ;
#912 = LINE ( 'NONE', #2127, #809 ) ;
#913 = LINE ( 'NONE', #1624, #1400 ) ;
#914 = EDGE_CURVE ( 'NONE', #1781, #1483, #1304, .T. ) ;
#915 = AXIS2_PLACEMENT_3D ( 'NONE', #2851, #3088, #1144 ) ;
#916 = VECTOR ( 'NONE', #1856, 1000.000000000000000 ) ;
#917 = DIRECTION ( 'NONE',  ( 0.000000000000000000, 1.000000000000000000, 0.000000000000000000 ) ) ;
#918 = DIRECTION ( 'NONE',  ( 1.067522139062651041E-16, 0.000000000000000000, -1.000000000000000000 ) ) ;
#919 = ORIENTED_EDGE ( 'NONE', *, *, #1900, .T. ) ;
#920 = AXIS2_PLACEMENT_3D ( 'NONE', #2531, #2482, #2703 ) ;
#921 = VERTEX_POINT ( 'NONE', #2980 ) ;
#922 = VECTOR ( 'NONE', #2601, 1000.000000000000000 ) ;
#923 = FACE_OUTER_BOUND ( 'NONE', #561, .T. ) ;
#924 = ORIENTED_EDGE ( 'NONE', *, *, #1156, .F. ) ;
#925 = CARTESIAN_POINT ( 'NONE',  ( 90.00000000000001421, 11.75000000000000000, 31.00000000000006395 ) ) ;
#926 = AXIS2_PLACEMENT_3D ( 'NONE', #1745, #2399, #2694 ) ;
#927 = MANIFOLD_SOLID_BREP ( 'Clamp Holes', #967 ) ;
#928 = ORIENTED_EDGE ( 'NONE', *, *, #406, .T. ) ;
#929 = EDGE_CURVE ( 'NONE', #193, #1904, #1918, .T. ) ;
#930 = CARTESIAN_POINT ( 'NONE',  ( -90.00000000000001421, 19.50000000000000000, 38.00000000000008527 ) ) ;
#931 = ORIENTED_EDGE ( 'NONE', *, *, #1606, .F. ) ;
#932 = CYLINDRICAL_SURFACE ( 'NONE', #3007, 1.094999999999998863 ) ;
#933 = DIRECTION ( 'NONE',  ( 0.000000000000000000, 0.000000000000000000, 1.000000000000000000 ) ) ;
#934 = AXIS2_PLACEMENT_3D ( 'NONE', #2715, #1017, #2671 ) ;
#935 = DIRECTION ( 'NONE',  ( 0.000000000000000000, 0.000000000000000000, 1.000000000000000000 ) ) ;
#936 = DIRECTION ( 'NONE',  ( -1.000000000000000000, -0.000000000000000000, -1.067522139062651041E-16 ) ) ;
#937 = EDGE_CURVE ( 'NONE', #1861, #2505, #1647, .T. ) ;
#938 = ORIENTED_EDGE ( 'NONE', *, *, #130, .T. ) ;
#939 = AXIS2_PLACEMENT_3D ( 'NONE', #1113, #887, #872 ) ;
#940 = ORIENTED_EDGE ( 'NONE', *, *, #103, .T. ) ;
#941 = CARTESIAN_POINT ( 'NONE',  ( 79.99999999999975842, 0.000000000000000000, -63.39999999999988489 ) ) ;
#942 = ORIENTED_EDGE ( 'NONE', *, *, #1833, .F. ) ;
#943 = VECTOR ( 'NONE', #2048, 1000.000000000000000 ) ;
#944 = CARTESIAN_POINT ( 'NONE',  ( 37.29999999999999716, 0.000000000000000000, 55.75000000000002842 ) ) ;
#945 = DIRECTION ( 'NONE',  ( 0.000000000000000000, 0.000000000000000000, 1.000000000000000000 ) ) ;
#946 = EDGE_LOOP ( 'NONE', ( #3011, #871, #1618, #2644 ) ) ;
#947 = CARTESIAN_POINT ( 'NONE',  ( -16.99999999999999289, 28.99999999999999645, 90.00000000000007105 ) ) ;
#948 = DIRECTION ( 'NONE',  ( 0.000000000000000000, 0.000000000000000000, 1.000000000000000000 ) ) ;
#949 = CYLINDRICAL_SURFACE ( 'NONE', #1322, 1.600000000000004086 ) ;
#950 = CARTESIAN_POINT ( 'NONE',  ( -79.99999999999974420, 9.000000000000000000, 66.60000000000002274 ) ) ;
#951 = VERTEX_POINT ( 'NONE', #1630 ) ;
#952 = CARTESIAN_POINT ( 'NONE',  ( 22.00000000000000000, 9.000000000000000000, 85.00000000000005684 ) ) ;
#953 = EDGE_CURVE ( 'NONE', #2852, #2681, #2313, .T. ) ;
#954 = ADVANCED_FACE ( 'NONE', ( #1876 ), #956, .F. ) ;
#955 = VERTEX_POINT ( 'NONE', #2355 ) ;
#956 = PLANE ( 'NONE',  #4 ) ;
#957 = VERTEX_POINT ( 'NONE', #2829 ) ;
#958 = DIRECTION ( 'NONE',  ( 1.000000000000000000, 0.000000000000000000, -1.067522139062651041E-16 ) ) ;
#959 = PRODUCT_CONTEXT ( 'NONE', #2032, 'mechanical' ) ;
#960 = EDGE_CURVE ( 'NONE', #2756, #1305, #1767, .T. ) ;
#961 = VERTEX_POINT ( 'NONE', #941 ) ;
#962 = CARTESIAN_POINT ( 'NONE',  ( -37.29999999999999716, 0.000000000000000000, 57.85000000000002984 ) ) ;
#963 = CARTESIAN_POINT ( 'NONE',  ( 65.00000000000000000, 11.75000000000000000, 44.31961232988233945 ) ) ;
#964 = DIRECTION ( 'NONE',  ( 0.000000000000000000, 1.000000000000000000, 0.000000000000000000 ) ) ;
#965 = EDGE_CURVE ( 'NONE', #286, #2758, #1072, .T. ) ;
#966 = FACE_OUTER_BOUND ( 'NONE', #2294, .T. ) ;
#967 = CLOSED_SHELL ( 'NONE', ( #2679, #2861, #2970, #556, #2192, #1832, #621, #1170, #55, #1748, #766, #1047, #2287, #3010, #1108, #821, #754, #204, #1491, #575, #2134, #2987, #755, #660, #469, #1352, #275, #2741, #1579, #1362, #1141, #2077, #2568, #1487, #1101, #3051, #2181, #2120, #1213, #1960, #1704, #1908, #2198, #1997, #2868, #2246, #1298, #2467, #48, #140, #3070, #2132, #954, #297, #1236, #2430, #2898, #2846, #1280, #2346, #2944, #1207, #2035, #2629, #2614, #1946, #1131, #2093, #2343, #2398, #1312, #1089, #1909, #1396, #3099, #2548, #2186, #1715, #1399, #1698, #1673, #454, #701, #2083, #1504, #178, #981, #265, #2021, #192, #1849 ) ) ;
#968 = ORIENTED_EDGE ( 'NONE', *, *, #714, .T. ) ;
#969 = EDGE_LOOP ( 'NONE', ( #2999, #2254 ) ) ;
#970 = DIRECTION ( 'NONE',  ( 0.000000000000000000, 0.000000000000000000, 1.000000000000000000 ) ) ;
#971 = ORIENTED_EDGE ( 'NONE', *, *, #2879, .F. ) ;
#972 = DIRECTION ( 'NONE',  ( 1.000000000000000000, -0.000000000000000000, 6.938893903907202740E-16 ) ) ;
#973 = EDGE_CURVE ( 'NONE', #1337, #2818, #2808, .T. ) ;
#974 = AXIS2_PLACEMENT_3D ( 'NONE', #566, #2713, #583 ) ;
#975 = VERTEX_POINT ( 'NONE', #208 ) ;
#976 = DIRECTION ( 'NONE',  ( -0.000000000000000000, 1.000000000000000000, -0.000000000000000000 ) ) ;
#977 = DIRECTION ( 'NONE',  ( -0.000000000000000000, 1.000000000000000000, -0.000000000000000000 ) ) ;
#978 = DIRECTION ( 'NONE',  ( -1.000000000000000000, 0.000000000000000000, 0.000000000000000000 ) ) ;
#979 = VECTOR ( 'NONE', #141, 1000.000000000000000 ) ;
#980 = CARTESIAN_POINT ( 'NONE',  ( 90.00000000000000000, 11.75000000000000000, 31.00000000000006395 ) ) ;
#981 = ADVANCED_FACE ( 'NONE', ( #225 ), #1406, .F. ) ;
#982 = VECTOR ( 'NONE', #2817, 1000.000000000000000 ) ;
#983 = CARTESIAN_POINT ( 'NONE',  ( 93.00000000000001421, 19.50000000000000000, 28.00000000000007105 ) ) ;
#984 = AXIS2_PLACEMENT_3D ( 'NONE', #2148, #958, #1453 ) ;
#985 = ORIENTED_EDGE ( 'NONE', *, *, #2912, .T. ) ;
#986 = EDGE_CURVE ( 'NONE', #2545, #1080, #669, .T. ) ;
#987 = DIRECTION ( 'NONE',  ( -0.000000000000000000, -1.000000000000000000, -0.000000000000000000 ) ) ;
#988 = ORIENTED_EDGE ( 'NONE', *, *, #772, .F. ) ;
#989 = PLANE ( 'NONE',  #2575 ) ;
#990 = VECTOR ( 'NONE', #804, 1000.000000000000000 ) ;
#991 = APPLICATION_PROTOCOL_DEFINITION ( 'draft international standard', 'automotive_design', 1998, #2032 ) ;
#992 = ORIENTED_EDGE ( 'NONE', *, *, #2718, .F. ) ;
#993 = DIRECTION ( 'NONE',  ( 0.000000000000000000, 0.000000000000000000, -1.000000000000000000 ) ) ;
#994 = EDGE_CURVE ( 'NONE', #2654, #1433, #1162, .T. ) ;
#995 = DIRECTION ( 'NONE',  ( 0.000000000000000000, 1.000000000000000000, 0.000000000000000000 ) ) ;
#996 = CARTESIAN_POINT ( 'NONE',  ( -81.00000000000000000, 0.000000000000000000, 18.15000000000002700 ) ) ;
#997 = VERTEX_POINT ( 'NONE', #1183 ) ;
#998 = CARTESIAN_POINT ( 'NONE',  ( 79.99999999999977263, 0.000000000000000000, 65.00000000000002842 ) ) ;
#999 = EDGE_LOOP ( 'NONE', ( #2019, #1167, #747, #3094 ) ) ;
#1000 = CYLINDRICAL_SURFACE ( 'NONE', #1782, 1.600000000000004086 ) ;
#1001 = EDGE_CURVE ( 'NONE', #957, #2576, #2843, .T. ) ;
#1002 = ORIENTED_EDGE ( 'NONE', *, *, #741, .T. ) ;
#1003 = DIRECTION ( 'NONE',  ( -0.000000000000000000, 1.000000000000000000, -0.000000000000000000 ) ) ;
#1004 = LINE ( 'NONE', #38, #1018 ) ;
#1005 = LINE ( 'NONE', #2184, #2657 ) ;
#1006 = EDGE_CURVE ( 'NONE', #2933, #1370, #2909, .T. ) ;
#1007 = LINE ( 'NONE', #43, #356 ) ;
#1008 = ORIENTED_EDGE ( 'NONE', *, *, #1001, .T. ) ;
#1009 = CYLINDRICAL_SURFACE ( 'NONE', #2208, 25.00000000000001421 ) ;
#1010 = ORIENTED_EDGE ( 'NONE', *, *, #1321, .F. ) ;
#1011 = AXIS2_PLACEMENT_3D ( 'NONE', #92, #2975, #836 ) ;
#1012 = DIRECTION ( 'NONE',  ( -1.000000000000000000, -0.000000000000000000, -0.000000000000000000 ) ) ;
#1013 = CIRCLE ( 'NONE', #1821, 2.099999999999997868 ) ;
#1014 = CIRCLE ( 'NONE', #2760, 25.00000000000021672 ) ;
#1015 = EDGE_CURVE ( 'NONE', #1080, #745, #1021, .T. ) ;
#1016 = ORIENTED_EDGE ( 'NONE', *, *, #1509, .F. ) ;
#1017 = DIRECTION ( 'NONE',  ( 0.000000000000000000, 0.000000000000000000, 1.000000000000000000 ) ) ;
#1018 = VECTOR ( 'NONE', #1969, 1000.000000000000000 ) ;
#1019 = APPLICATION_CONTEXT ( 'automotive_design' ) ;
#1020 = DIRECTION ( 'NONE',  ( 0.000000000000000000, 1.000000000000000000, 0.000000000000000000 ) ) ;
#1021 = CIRCLE ( 'NONE', #2767, 2.099999999999997868 ) ;
#1022 = DIRECTION ( 'NONE',  ( -1.000000000000000000, 0.000000000000000000, -1.067522139062651041E-16 ) ) ;
#1023 = VERTEX_POINT ( 'NONE', #2795 ) ;
#1024 = DIRECTION ( 'NONE',  ( 1.000000000000000000, -0.000000000000000000, -1.067522139062651041E-16 ) ) ;
#1025 = AXIS2_PLACEMENT_3D ( 'NONE', #998, #2872, #311 ) ;
#1026 = CARTESIAN_POINT ( 'NONE',  ( -81.00000000000000000, 0.000000000000000000, 55.75000000000002842 ) ) ;
#1027 = CARTESIAN_POINT ( 'NONE',  ( -90.00000000000001421, 9.000000000000000000, 48.00000000000007816 ) ) ;
#1028 = ORIENTED_EDGE ( 'NONE', *, *, #2784, .T. ) ;
#1029 = EDGE_CURVE ( 'NONE', #1359, #1163, #3061, .T. ) ;
#1030 = CARTESIAN_POINT ( 'NONE',  ( -93.00000000000001421, 19.50000000000000000, 28.00000000000008527 ) ) ;
#1031 = EDGE_LOOP ( 'NONE', ( #1880, #2160 ) ) ;
#1032 = CARTESIAN_POINT ( 'NONE',  ( 79.99999999999975842, 0.000000000000000000, -63.39999999999988489 ) ) ;
#1033 = ORIENTED_EDGE ( 'NONE', *, *, #1666, .T. ) ;
#1034 = CARTESIAN_POINT ( 'NONE',  ( 7.747000000000002551, 0.000000000000000000, -70.00000000000005684 ) ) ;
#1035 = VECTOR ( 'NONE', #1257, 1000.000000000000000 ) ;
#1036 = DIRECTION ( 'NONE',  ( -6.938893903907202740E-16, -0.000000000000000000, 1.000000000000000000 ) ) ;
#1037 = ORIENTED_EDGE ( 'NONE', *, *, #2284, .T. ) ;
#1038 = AXIS2_PLACEMENT_3D ( 'NONE', #2615, #3054, #1855 ) ;
#1039 = CYLINDRICAL_SURFACE ( 'NONE', #835, 2.100000000000004530 ) ;
#1040 = VECTOR ( 'NONE', #1278, 1000.000000000000000 ) ;
#1041 = CARTESIAN_POINT ( 'NONE',  ( 16.99999999999999645, 28.99999999999999645, 85.00000000000004263 ) ) ;
#1042 = CARTESIAN_POINT ( 'NONE',  ( 90.00000000000000000, 9.000000000000000000, 65.00000000000002842 ) ) ;
#1043 = VERTEX_POINT ( 'NONE', #2325 ) ;
#1044 = CARTESIAN_POINT ( 'NONE',  ( -21.99999999999999645, 28.99999999999999645, 85.00000000000005684 ) ) ;
#1045 = ORIENTED_EDGE ( 'NONE', *, *, #1295, .F. ) ;
#1046 = CARTESIAN_POINT ( 'NONE',  ( 81.00000000000000000, 9.000000000000000000, 55.75000000000002842 ) ) ;
#1047 = ADVANCED_FACE ( 'NONE', ( #923 ), #1499, .F. ) ;
#1048 = ORIENTED_EDGE ( 'NONE', *, *, #807, .F. ) ;
#1049 = CARTESIAN_POINT ( 'NONE',  ( -81.00000000000000000, 9.000000000000000000, 20.25000000000003197 ) ) ;
#1050 = ORIENTED_EDGE ( 'NONE', *, *, #1947, .T. ) ;
#1051 = CYLINDRICAL_SURFACE ( 'NONE', #2871, 1.094999999999998863 ) ;
#1052 = ORIENTED_EDGE ( 'NONE', *, *, #2167, .T. ) ;
#1053 = PLANE ( 'NONE',  #1204 ) ;
#1054 = CARTESIAN_POINT ( 'NONE',  ( 90.00000000000001421, 9.000000000000000000, 45.00000000000007105 ) ) ;
#1055 = EDGE_CURVE ( 'NONE', #2356, #633, #815, .T. ) ;
#1056 = CARTESIAN_POINT ( 'NONE',  ( -81.00000000000000000, 0.000000000000000000, 20.25000000000003197 ) ) ;
#1057 = ORIENTED_EDGE ( 'NONE', *, *, #2153, .F. ) ;
#1058 = DIRECTION ( 'NONE',  ( 0.000000000000000000, 0.000000000000000000, 1.000000000000000000 ) ) ;
#1059 = ORIENTED_EDGE ( 'NONE', *, *, #2810, .T. ) ;
#1060 = DIRECTION ( 'NONE',  ( 0.000000000000000000, 0.000000000000000000, 1.000000000000000000 ) ) ;
#1061 = VECTOR ( 'NONE', #357, 1000.000000000000000 ) ;
#1062 = EDGE_CURVE ( 'NONE', #2117, #2875, #3104, .T. ) ;
#1063 = DIRECTION ( 'NONE',  ( 1.000000000000000000, -0.000000000000000000, -1.067522139062651041E-16 ) ) ;
#1064 = ORIENTED_EDGE ( 'NONE', *, *, #122, .T. ) ;
#1065 = FACE_OUTER_BOUND ( 'NONE', #1412, .T. ) ;
#1066 = EDGE_CURVE ( 'NONE', #2213, #1597, #2159, .T. ) ;
#1067 = ORIENTED_EDGE ( 'NONE', *, *, #386, .T. ) ;
#1068 = VECTOR ( 'NONE', #27, 1000.000000000000000 ) ;
#1069 = CARTESIAN_POINT ( 'NONE',  ( -64.99999999999975842, 0.000000000000000000, 90.00000000000007105 ) ) ;
#1070 = ORIENTED_EDGE ( 'NONE', *, *, #682, .T. ) ;
#1071 = DIRECTION ( 'NONE',  ( 1.000000000000000000, 0.000000000000000000, 0.000000000000000000 ) ) ;
#1072 = CIRCLE ( 'NONE', #411, 1.600000000000004086 ) ;
#1073 = CARTESIAN_POINT ( 'NONE',  ( 93.00000000000001421, 19.50000000000000000, 28.00000000000007105 ) ) ;
#1074 = CARTESIAN_POINT ( 'NONE',  ( -33.29999999999999716, 11.75000000000000000, 45.00000000000007105 ) ) ;
#1075 = DIRECTION ( 'NONE',  ( 0.000000000000000000, 0.000000000000000000, -1.000000000000000000 ) ) ;
#1076 = DIRECTION ( 'NONE',  ( 0.000000000000000000, 0.000000000000000000, 1.000000000000000000 ) ) ;
#1077 = ORIENTED_EDGE ( 'NONE', *, *, #354, .F. ) ;
#1078 = DIRECTION ( 'NONE',  ( 0.000000000000000000, 0.000000000000000000, -1.000000000000000000 ) ) ;
#1079 = AXIS2_PLACEMENT_3D ( 'NONE', #1956, #1740, #474 ) ;
#1080 = VERTEX_POINT ( 'NONE', #517 ) ;
#1081 = CARTESIAN_POINT ( 'NONE',  ( -10.00000000000000000, 28.99999999999999645, -53.49999999999995026 ) ) ;
#1082 = ORIENTED_EDGE ( 'NONE', *, *, #1771, .F. ) ;
#1083 = CARTESIAN_POINT ( 'NONE',  ( -81.00000000000000000, 0.000000000000000000, 55.75000000000002842 ) ) ;
#1084 = VECTOR ( 'NONE', #68, 1000.000000000000000 ) ;
#1085 = CARTESIAN_POINT ( 'NONE',  ( -93.00000000000001421, 19.50000000000000000, 28.00000000000008527 ) ) ;
#1086 = EDGE_LOOP ( 'NONE', ( #3105, #1953, #2411, #1896 ) ) ;
#1087 = LINE ( 'NONE', #2030, #1983 ) ;
#1088 = VECTOR ( 'NONE', #3090, 1000.000000000000000 ) ;
#1089 = ADVANCED_FACE ( 'NONE', ( #790, #2205 ), #1976, .F. ) ;
#1090 = FACE_BOUND ( 'NONE', #3005, .T. ) ;
#1091 = AXIS2_PLACEMENT_3D ( 'NONE', #2170, #262, #3098 ) ;
#1092 = DIRECTION ( 'NONE',  ( -0.000000000000000000, 1.000000000000000000, -0.000000000000000000 ) ) ;
#1093 = VECTOR ( 'NONE', #1554, 1000.000000000000000 ) ;
#1094 = CARTESIAN_POINT ( 'NONE',  ( 90.00000000000001421, 19.50000000000000000, 38.00000000000007105 ) ) ;
#1095 = CARTESIAN_POINT ( 'NONE',  ( 0.000000000000000000, 28.99999999999999645, 0.000000000000000000 ) ) ;
#1096 = ORIENTED_EDGE ( 'NONE', *, *, #320, .F. ) ;
#1097 = DIRECTION ( 'NONE',  ( 0.000000000000000000, 0.000000000000000000, 1.000000000000000000 ) ) ;
#1098 = ORIENTED_EDGE ( 'NONE', *, *, #2740, .F. ) ;
#1099 = CARTESIAN_POINT ( 'NONE',  ( -16.99999999999999289, 28.99999999999999645, 85.00000000000004263 ) ) ;
#1100 = VERTEX_POINT ( 'NONE', #775 ) ;
#1101 = ADVANCED_FACE ( 'NONE', ( #2666 ), #1512, .F. ) ;
#1102 = CARTESIAN_POINT ( 'NONE',  ( 10.00000000000000000, 28.99999999999999645, -53.49999999999995026 ) ) ;
#1103 = ORIENTED_EDGE ( 'NONE', *, *, #1666, .F. ) ;
#1104 = DIRECTION ( 'NONE',  ( -0.000000000000000000, 1.000000000000000000, -0.000000000000000000 ) ) ;
#1105 = ORIENTED_EDGE ( 'NONE', *, *, #707, .F. ) ;
#1106 = DIRECTION ( 'NONE',  ( -0.000000000000000000, 1.000000000000000000, -0.000000000000000000 ) ) ;
#1107 = LINE ( 'NONE', #559, #1915 ) ;
#1108 = ADVANCED_FACE ( 'NONE', ( #1717 ), #2639, .F. ) ;
#1109 = CARTESIAN_POINT ( 'NONE',  ( -81.00000000000000000, 0.000000000000000000, 57.85000000000002984 ) ) ;
#1110 = DIRECTION ( 'NONE',  ( 2.775557561562890957E-15, -0.000000000000000000, 1.000000000000000000 ) ) ;
#1111 = CARTESIAN_POINT ( 'NONE',  ( -79.99999999999975842, 0.000000000000000000, -63.39999999999988489 ) ) ;
#1112 = ORIENTED_EDGE ( 'NONE', *, *, #1651, .F. ) ;
#1113 = CARTESIAN_POINT ( 'NONE',  ( 27.00000000000000355, 28.99999999999999645, 80.00000000000004263 ) ) ;
#1114 = EDGE_LOOP ( 'NONE', ( #1837, #273 ) ) ;
#1115 = LINE ( 'NONE', #155, #1519 ) ;
#1116 = ORIENTED_EDGE ( 'NONE', *, *, #893, .T. ) ;
#1117 = FACE_BOUND ( 'NONE', #3083, .T. ) ;
#1118 = EDGE_CURVE ( 'NONE', #773, #1355, #1186, .T. ) ;
#1119 = DIRECTION ( 'NONE',  ( 0.000000000000000000, 0.000000000000000000, 1.000000000000000000 ) ) ;
#1120 = EDGE_LOOP ( 'NONE', ( #811, #2555 ) ) ;
#1121 = AXIS2_PLACEMENT_3D ( 'NONE', #2692, #247, #2648 ) ;
#1122 = DIRECTION ( 'NONE',  ( 0.000000000000000000, 0.000000000000000000, 1.000000000000000000 ) ) ;
#1123 = VECTOR ( 'NONE', #1607, 1000.000000000000000 ) ;
#1124 = DIRECTION ( 'NONE',  ( 1.000000000000000000, 0.000000000000000000, 1.067522139062651041E-16 ) ) ;
#1125 = CARTESIAN_POINT ( 'NONE',  ( 7.747000000000002551, 9.000000000000000000, -71.09500000000005571 ) ) ;
#1126 = VECTOR ( 'NONE', #2757, 1000.000000000000000 ) ;
#1127 = DIRECTION ( 'NONE',  ( 0.000000000000000000, 0.000000000000000000, 1.000000000000000000 ) ) ;
#1128 = EDGE_LOOP ( 'NONE', ( #2179, #2564, #855, #2599 ) ) ;
#1129 = DIRECTION ( 'NONE',  ( 1.000000000000000000, -0.000000000000000000, -0.000000000000000000 ) ) ;
#1130 = EDGE_CURVE ( 'NONE', #7, #1418, #2768, .T. ) ;
#1131 = ADVANCED_FACE ( 'NONE', ( #1731 ), #1462, .F. ) ;
#1132 = EDGE_LOOP ( 'NONE', ( #360, #992, #595, #1366 ) ) ;
#1133 = DIRECTION ( 'NONE',  ( -0.000000000000000000, -0.000000000000000000, 1.000000000000000000 ) ) ;
#1134 = EDGE_LOOP ( 'NONE', ( #428, #942, #2303, #2593 ) ) ;
#1135 = CARTESIAN_POINT ( 'NONE',  ( 7.747000000000002551, 9.000000000000000000, -68.90500000000005798 ) ) ;
#1136 = ORIENTED_EDGE ( 'NONE', *, *, #2537, .F. ) ;
#1137 = LINE ( 'NONE', #2028, #774 ) ;
#1138 = ORIENTED_EDGE ( 'NONE', *, *, #2688, .T. ) ;
#1139 = LINE ( 'NONE', #2082, #150 ) ;
#1140 = CIRCLE ( 'NONE', #172, 25.00000000000001421 ) ;
#1141 = ADVANCED_FACE ( 'NONE', ( #32 ), #1009, .T. ) ;
#1142 = VECTOR ( 'NONE', #2300, 1000.000000000000000 ) ;
#1143 = DIRECTION ( 'NONE',  ( 0.000000000000000000, 1.000000000000000000, 0.000000000000000000 ) ) ;
#1144 = DIRECTION ( 'NONE',  ( 0.000000000000000000, 0.000000000000000000, -1.000000000000000000 ) ) ;
#1145 = ORIENTED_EDGE ( 'NONE', *, *, #1340, .F. ) ;
#1146 = CARTESIAN_POINT ( 'NONE',  ( -7.746999999999997222, 9.000000000000000000, -70.00000000000005684 ) ) ;
#1147 = ORIENTED_EDGE ( 'NONE', *, *, #597, .F. ) ;
#1148 = DIRECTION ( 'NONE',  ( 0.000000000000000000, 0.000000000000000000, 1.000000000000000000 ) ) ;
#1149 = ORIENTED_EDGE ( 'NONE', *, *, #363, .T. ) ;
#1150 = DIRECTION ( 'NONE',  ( -1.000000000000000000, -0.000000000000000000, 1.067522139062651041E-16 ) ) ;
#1151 = ORIENTED_EDGE ( 'NONE', *, *, #1264, .T. ) ;
#1152 = CARTESIAN_POINT ( 'NONE',  ( -90.00000000000001421, 19.50000000000000000, 28.00000000000008527 ) ) ;
#1153 = VERTEX_POINT ( 'NONE', #1701 ) ;
#1154 = CARTESIAN_POINT ( 'NONE',  ( -93.00000000000001421, 0.000000000000000000, 48.00000000000007816 ) ) ;
#1155 = CARTESIAN_POINT ( 'NONE',  ( -37.29999999999999716, 0.000000000000000000, 57.85000000000002984 ) ) ;
#1156 = EDGE_CURVE ( 'NONE', #2263, #2353, #1520, .T. ) ;
#1157 = CARTESIAN_POINT ( 'NONE',  ( 16.99999999999999645, 9.000000000000000000, 85.00000000000004263 ) ) ;
#1158 = ORIENTED_EDGE ( 'NONE', *, *, #2607, .T. ) ;
#1159 = DIRECTION ( 'NONE',  ( 0.000000000000000000, -1.000000000000000000, -3.558407130208835242E-16 ) ) ;
#1160 = ORIENTED_EDGE ( 'NONE', *, *, #994, .T. ) ;
#1161 = EDGE_CURVE ( 'NONE', #1943, #886, #2886, .T. ) ;
#1162 = LINE ( 'NONE', #1450, #922 ) ;
#1163 = VERTEX_POINT ( 'NONE', #1244 ) ;
#1164 = CYLINDRICAL_SURFACE ( 'NONE', #319, 10.00000000000000178 ) ;
#1165 = PLANE ( 'NONE',  #1788 ) ;
#1166 = EDGE_CURVE ( 'NONE', #2158, #257, #2913, .T. ) ;
#1167 = ORIENTED_EDGE ( 'NONE', *, *, #2801, .T. ) ;
#1168 = CYLINDRICAL_SURFACE ( 'NONE', #422, 2.100000000000004530 ) ;
#1169 = EDGE_LOOP ( 'NONE', ( #2889, #1059, #3027, #588 ) ) ;
#1170 = ADVANCED_FACE ( 'NONE', ( #268 ), #2176, .F. ) ;
#1171 = EDGE_CURVE ( 'NONE', #1393, #1023, #1544, .T. ) ;
#1172 = CARTESIAN_POINT ( 'NONE',  ( 79.99999999999975842, 0.000000000000000000, -64.99999999999988631 ) ) ;
#1173 = DIRECTION ( 'NONE',  ( 0.000000000000000000, -1.000000000000000000, 0.000000000000000000 ) ) ;
#1174 = VECTOR ( 'NONE', #1842, 1000.000000000000000 ) ;
#1175 = VECTOR ( 'NONE', #514, 1000.000000000000000 ) ;
#1176 = DIRECTION ( 'NONE',  ( -0.000000000000000000, 1.000000000000000000, -0.000000000000000000 ) ) ;
#1177 = CARTESIAN_POINT ( 'NONE',  ( -64.99999999999975842, 9.000000000000000000, -64.99999999999988631 ) ) ;
#1178 = ORIENTED_EDGE ( 'NONE', *, *, #2354, .T. ) ;
#1179 = CIRCLE ( 'NONE', #2112, 1.094999999999998863 ) ;
#1180 = CARTESIAN_POINT ( 'NONE',  ( -21.99999999999999645, 28.99999999999999645, 80.00000000000005684 ) ) ;
#1181 = EDGE_LOOP ( 'NONE', ( #924, #410, #2400, #1964 ) ) ;
#1182 = VECTOR ( 'NONE', #1780, 1000.000000000000000 ) ;
#1183 = CARTESIAN_POINT ( 'NONE',  ( 10.00000000000000000, 28.99999999999999645, -58.49999999999995026 ) ) ;
#1184 = ORIENTED_EDGE ( 'NONE', *, *, #953, .T. ) ;
#1185 = LINE ( 'NONE', #2874, #1195 ) ;
#1186 = CIRCLE ( 'NONE', #2458, 1.600000000000004086 ) ;
#1187 = VERTEX_POINT ( 'NONE', #2052 ) ;
#1188 = CARTESIAN_POINT ( 'NONE',  ( 10.00000000000000000, 28.99999999999999645, -53.49999999999995026 ) ) ;
#1189 = VECTOR ( 'NONE', #860, 1000.000000000000000 ) ;
#1190 = LINE ( 'NONE', #1901, #1671 ) ;
#1191 = EDGE_CURVE ( 'NONE', #1208, #997, #2976, .T. ) ;
#1192 = EDGE_CURVE ( 'NONE', #418, #875, #1300, .T. ) ;
#1193 = AXIS2_PLACEMENT_3D ( 'NONE', #1102, #2508, #2965 ) ;
#1194 = DIRECTION ( 'NONE',  ( 0.000000000000000000, 0.000000000000000000, -1.000000000000000000 ) ) ;
#1195 = VECTOR ( 'NONE', #671, 1000.000000000000000 ) ;
#1196 = CARTESIAN_POINT ( 'NONE',  ( 33.29999999999999716, 11.75000000000000000, 45.00000000000007816 ) ) ;
#1197 = ORIENTED_EDGE ( 'NONE', *, *, #386, .F. ) ;
#1198 = CARTESIAN_POINT ( 'NONE',  ( -89.99999999999997158, 9.000000000000000000, -64.99999999999988631 ) ) ;
#1199 = EDGE_CURVE ( 'NONE', #257, #1317, #2742, .T. ) ;
#1200 = CIRCLE ( 'NONE', #2276, 1.600000000000004086 ) ;
#1201 = ORIENTED_EDGE ( 'NONE', *, *, #501, .F. ) ;
#1202 = DIRECTION ( 'NONE',  ( 0.000000000000000000, 1.000000000000000000, 0.000000000000000000 ) ) ;
#1203 = ORIENTED_EDGE ( 'NONE', *, *, #288, .F. ) ;
#1204 = AXIS2_PLACEMENT_3D ( 'NONE', #371, #1309, #2481 ) ;
#1205 = CYLINDRICAL_SURFACE ( 'NONE', #629, 6.000000000000005329 ) ;
#1206 = DIRECTION ( 'NONE',  ( 0.000000000000000000, 0.000000000000000000, -1.000000000000000000 ) ) ;
#1207 = ADVANCED_FACE ( 'NONE', ( #2270 ), #3004, .F. ) ;
#1208 = VERTEX_POINT ( 'NONE', #330 ) ;
#1209 = CARTESIAN_POINT ( 'NONE',  ( -90.00000000000000000, 11.75000000000000000, 45.00000000000007105 ) ) ;
#1210 = CARTESIAN_POINT ( 'NONE',  ( -37.29999999999999716, 0.000000000000000000, 20.25000000000003197 ) ) ;
#1211 = CARTESIAN_POINT ( 'NONE',  ( -90.00000000000001421, 19.50000000000000000, 28.00000000000008527 ) ) ;
#1212 = CARTESIAN_POINT ( 'NONE',  ( -37.29999999999999716, 9.000000000000000000, 20.25000000000003197 ) ) ;
#1213 = ADVANCED_FACE ( 'NONE', ( #632 ), #594, .F. ) ;
#1214 = ORIENTED_EDGE ( 'NONE', *, *, #2085, .F. ) ;
#1215 = ORIENTED_EDGE ( 'NONE', *, *, #2514, .T. ) ;
#1216 = DIRECTION ( 'NONE',  ( 0.000000000000000000, 0.000000000000000000, 1.000000000000000000 ) ) ;
#1217 = ORIENTED_EDGE ( 'NONE', *, *, #19, .T. ) ;
#1218 = DIRECTION ( 'NONE',  ( 0.000000000000000000, 0.000000000000000000, 1.000000000000000000 ) ) ;
#1219 = DIRECTION ( 'NONE',  ( 1.000000000000000000, 0.000000000000000000, 0.000000000000000000 ) ) ;
#1220 = EDGE_LOOP ( 'NONE', ( #894, #2979, #1990, #1488 ) ) ;
#1221 = PLANE ( 'NONE',  #2621 ) ;
#1222 = EDGE_CURVE ( 'NONE', #1612, #1629, #761, .T. ) ;
#1223 = FACE_OUTER_BOUND ( 'NONE', #2292, .T. ) ;
#1224 = CARTESIAN_POINT ( 'NONE',  ( 79.99999999999977263, 0.000000000000000000, 66.60000000000003695 ) ) ;
#1225 = PLANE ( 'NONE',  #207 ) ;
#1226 = ORIENTED_EDGE ( 'NONE', *, *, #2311, .T. ) ;
#1227 = AXIS2_PLACEMENT_3D ( 'NONE', #712, #1888, #1445 ) ;
#1228 = ORIENTED_EDGE ( 'NONE', *, *, #1684, .T. ) ;
#1229 = CIRCLE ( 'NONE', #718, 1.600000000000004086 ) ;
#1230 = VECTOR ( 'NONE', #1739, 1000.000000000000000 ) ;
#1231 = DIRECTION ( 'NONE',  ( 0.000000000000000000, -0.000000000000000000, -1.000000000000000000 ) ) ;
#1232 = VERTEX_POINT ( 'NONE', #1044 ) ;
#1233 = DIRECTION ( 'NONE',  ( -1.000000000000000000, 0.000000000000000000, 1.067522139062651041E-16 ) ) ;
#1234 = DIRECTION ( 'NONE',  ( 0.000000000000000000, 0.000000000000000000, 1.000000000000000000 ) ) ;
#1235 = EDGE_CURVE ( 'NONE', #633, #2356, #206, .T. ) ;
#1236 = ADVANCED_FACE ( 'NONE', ( #133 ), #2004, .F. ) ;
#1237 = PRESENTATION_LAYER_ASSIGNMENT (  '', '', ( #213 ) ) ;
#1238 = EDGE_LOOP ( 'NONE', ( #550, #1454 ) ) ;
#1239 = DIRECTION ( 'NONE',  ( -0.000000000000000000, 1.000000000000000000, -0.000000000000000000 ) ) ;
#1240 = DIRECTION ( 'NONE',  ( 1.067522139062651164E-16, 0.000000000000000000, -1.000000000000000000 ) ) ;
#1241 = DIRECTION ( 'NONE',  ( 1.000000000000000000, 0.000000000000000000, 1.067522139062651041E-16 ) ) ;
#1242 = AXIS2_PLACEMENT_3D ( 'NONE', #725, #483, #993 ) ;
#1243 = EDGE_LOOP ( 'NONE', ( #2966, #1460, #221, #789 ) ) ;
#1244 = CARTESIAN_POINT ( 'NONE',  ( 81.00000000000000000, 9.000000000000000000, 18.15000000000002700 ) ) ;
#1245 = ORIENTED_EDGE ( 'NONE', *, *, #447, .T. ) ;
#1246 = CARTESIAN_POINT ( 'NONE',  ( 93.00000000000001421, 19.50000000000000000, 28.00000000000007105 ) ) ;
#1247 = VECTOR ( 'NONE', #854, 1000.000000000000000 ) ;
#1248 = ORIENTED_EDGE ( 'NONE', *, *, #2450, .F. ) ;
#1249 = DIRECTION ( 'NONE',  ( -0.000000000000000000, 1.000000000000000000, -0.000000000000000000 ) ) ;
#1250 = CARTESIAN_POINT ( 'NONE',  ( 90.00000000000000000, 9.000000000000000000, 65.00000000000002842 ) ) ;
#1251 = LINE ( 'NONE', #2446, #1481 ) ;
#1252 = CARTESIAN_POINT ( 'NONE',  ( -26.99999999999999645, 28.99999999999999645, 90.00000000000007105 ) ) ;
#1253 = FACE_OUTER_BOUND ( 'NONE', #510, .T. ) ;
#1254 = ORIENTED_EDGE ( 'NONE', *, *, #2220, .F. ) ;
#1255 = DIRECTION ( 'NONE',  ( 0.000000000000000000, 1.000000000000000000, 0.000000000000000000 ) ) ;
#1256 = ORIENTED_EDGE ( 'NONE', *, *, #191, .F. ) ;
#1257 = DIRECTION ( 'NONE',  ( -0.000000000000000000, 1.000000000000000000, -0.000000000000000000 ) ) ;
#1258 = VERTEX_POINT ( 'NONE', #2776 ) ;
#1259 = DIRECTION ( 'NONE',  ( 0.000000000000000000, 1.000000000000000000, -0.000000000000000000 ) ) ;
#1260 = CARTESIAN_POINT ( 'NONE',  ( 90.00000000000000000, 9.000000000000000000, 65.00000000000002842 ) ) ;
#1261 = CARTESIAN_POINT ( 'NONE',  ( -10.00000000000000000, 28.99999999999999645, -53.49999999999995026 ) ) ;
#1262 = CARTESIAN_POINT ( 'NONE',  ( 90.00000000000001421, 19.50000000000000000, 32.00000000000006395 ) ) ;
#1263 = EDGE_CURVE ( 'NONE', #2038, #2818, #1596, .T. ) ;
#1264 = EDGE_CURVE ( 'NONE', #955, #1777, #1013, .T. ) ;
#1265 = CARTESIAN_POINT ( 'NONE',  ( -37.29999999999999716, 0.000000000000000000, 55.75000000000002842 ) ) ;
#1266 = CARTESIAN_POINT ( 'NONE',  ( 7.747000000000002551, 0.000000000000000000, -70.00000000000005684 ) ) ;
#1267 = ORIENTED_EDGE ( 'NONE', *, *, #237, .F. ) ;
#1268 = CARTESIAN_POINT ( 'NONE',  ( 79.99999999999977263, 0.000000000000000000, 65.00000000000002842 ) ) ;
#1269 = ORIENTED_EDGE ( 'NONE', *, *, #3071, .T. ) ;
#1270 = AXIS2_PLACEMENT_3D ( 'NONE', #167, #1383, #2822 ) ;
#1271 = CARTESIAN_POINT ( 'NONE',  ( -10.00000000000000000, 28.99999999999999645, -58.49999999999995026 ) ) ;
#1272 = VECTOR ( 'NONE', #2384, 1000.000000000000000 ) ;
#1273 = VECTOR ( 'NONE', #1425, 1000.000000000000000 ) ;
#1274 = ORIENTED_EDGE ( 'NONE', *, *, #2510, .T. ) ;
#1275 = LINE ( 'NONE', #2890, #1635 ) ;
#1276 = DIRECTION ( 'NONE',  ( 1.000000000000000000, 0.000000000000000000, 1.067522139062651041E-16 ) ) ;
#1277 = EDGE_LOOP ( 'NONE', ( #2177, #2396, #24, #1981 ) ) ;
#1278 = DIRECTION ( 'NONE',  ( 0.000000000000000000, 1.000000000000000000, 3.558407130208835242E-16 ) ) ;
#1279 = CARTESIAN_POINT ( 'NONE',  ( -64.99999999999972999, 9.000000000000000000, 81.60000000000003695 ) ) ;
#1280 = ADVANCED_FACE ( 'NONE', ( #2221 ), #1809, .F. ) ;
#1281 = EDGE_LOOP ( 'NONE', ( #2745, #2842, #1016, #2005 ) ) ;
#1282 = CIRCLE ( 'NONE', #1242, 25.00000000000001421 ) ;
#1283 = DIRECTION ( 'NONE',  ( 1.000000000000000000, -0.000000000000000000, -1.067522139062651041E-16 ) ) ;
#1284 = EDGE_LOOP ( 'NONE', ( #2623, #1498, #758, #2732 ) ) ;
#1285 = LINE ( 'NONE', #23, #1290 ) ;
#1286 = AXIS2_PLACEMENT_3D ( 'NONE', #2783, #640, #82 ) ;
#1287 = EDGE_LOOP ( 'NONE', ( #853, #919, #2203, #312 ) ) ;
#1288 = CIRCLE ( 'NONE', #2379, 2.100000000000004530 ) ;
#1289 = CARTESIAN_POINT ( 'NONE',  ( -90.00000000000001421, 11.74999999999999822, 31.68038767011779910 ) ) ;
#1290 = VECTOR ( 'NONE', #508, 1000.000000000000000 ) ;
#1291 = DIRECTION ( 'NONE',  ( -0.000000000000000000, -0.000000000000000000, 1.000000000000000000 ) ) ;
#1292 = ORIENTED_EDGE ( 'NONE', *, *, #3075, .T. ) ;
#1293 = CIRCLE ( 'NONE', #62, 25.00000000000001421 ) ;
#1294 = DIRECTION ( 'NONE',  ( -0.000000000000000000, -1.000000000000000000, -0.000000000000000000 ) ) ;
#1295 = EDGE_CURVE ( 'NONE', #580, #824, #1229, .T. ) ;
#1296 = CARTESIAN_POINT ( 'NONE',  ( 22.00000000000000355, 9.000000000000000000, 80.00000000000005684 ) ) ;
#1297 = CARTESIAN_POINT ( 'NONE',  ( 10.00000000000000000, 9.000000000000000000, -58.49999999999995026 ) ) ;
#1298 = ADVANCED_FACE ( 'NONE', ( #2941 ), #2709, .F. ) ;
#1299 = LINE ( 'NONE', #2957, #3106 ) ;
#1300 = LINE ( 'NONE', #2484, #1126 ) ;
#1301 = EDGE_LOOP ( 'NONE', ( #2619, #195, #310, #3045, #299 ) ) ;
#1302 = CARTESIAN_POINT ( 'NONE',  ( 37.29999999999999716, 0.000000000000000000, 53.65000000000003411 ) ) ;
#1303 = EDGE_CURVE ( 'NONE', #1100, #793, #1817, .T. ) ;
#1304 = LINE ( 'NONE', #1081, #2204 ) ;
#1305 = VERTEX_POINT ( 'NONE', #1331 ) ;
#1306 = CYLINDRICAL_SURFACE ( 'NONE', #778, 1.600000000000004086 ) ;
#1307 = CARTESIAN_POINT ( 'NONE',  ( -64.99999999999972999, 0.000000000000000000, 78.40000000000001990 ) ) ;
#1308 = ORIENTED_EDGE ( 'NONE', *, *, #1743, .F. ) ;
#1309 = DIRECTION ( 'NONE',  ( 1.000000000000000000, -0.000000000000000000, 0.000000000000000000 ) ) ;
#1310 = DIRECTION ( 'NONE',  ( -0.000000000000000000, 1.000000000000000000, -0.000000000000000000 ) ) ;
#1311 = CARTESIAN_POINT ( 'NONE',  ( 26.99999999999999645, 9.000000000000000000, 90.00000000000007105 ) ) ;
#1312 = ADVANCED_FACE ( 'NONE', ( #2037 ), #852, .T. ) ;
#1313 = CARTESIAN_POINT ( 'NONE',  ( -64.99999999999975842, 0.000000000000000000, -90.00000000000007105 ) ) ;
#1314 = DIRECTION ( 'NONE',  ( 0.000000000000000000, 0.000000000000000000, 1.000000000000000000 ) ) ;
#1315 = ORIENTED_EDGE ( 'NONE', *, *, #495, .F. ) ;
#1316 = DIRECTION ( 'NONE',  ( 1.000000000000000000, 0.000000000000000000, 1.067522139062651041E-16 ) ) ;
#1317 = VERTEX_POINT ( 'NONE', #2598 ) ;
#1318 = DIRECTION ( 'NONE',  ( 0.000000000000000000, 1.000000000000000000, 0.000000000000000000 ) ) ;
#1319 = VERTEX_POINT ( 'NONE', #1196 ) ;
#1320 = FACE_BOUND ( 'NONE', #2347, .T. ) ;
#1321 = EDGE_CURVE ( 'NONE', #413, #2570, #699, .T. ) ;
#1322 = AXIS2_PLACEMENT_3D ( 'NONE', #681, #2336, #184 ) ;
#1323 = AXIS2_PLACEMENT_3D ( 'NONE', #353, #864, #372 ) ;
#1324 = CYLINDRICAL_SURFACE ( 'NONE', #1929, 1.600000000000004086 ) ;
#1325 = EDGE_LOOP ( 'NONE', ( #908, #226, #1545, #2779 ) ) ;
#1326 = DIRECTION ( 'NONE',  ( -2.775557561562890957E-15, 0.000000000000000000, 1.000000000000000000 ) ) ;
#1327 = CIRCLE ( 'NONE', #1720, 2.099999999999997868 ) ;
#1328 = PLANE ( 'NONE',  #1323 ) ;
#1329 = DIRECTION ( 'NONE',  ( -1.000000000000000000, 0.000000000000000000, 0.000000000000000000 ) ) ;
#1330 = CARTESIAN_POINT ( 'NONE',  ( 22.00000000000000355, 28.99999999999999645, 80.00000000000005684 ) ) ;
#1331 = CARTESIAN_POINT ( 'NONE',  ( -81.00000000000000000, 0.000000000000000000, 22.35000000000003695 ) ) ;
#1332 = ORIENTED_EDGE ( 'NONE', *, *, #271, .F. ) ;
#1333 = PLANE ( 'NONE',  #1532 ) ;
#1334 = VECTOR ( 'NONE', #3034, 1000.000000000000000 ) ;
#1335 = VERTEX_POINT ( 'NONE', #3056 ) ;
#1336 = CARTESIAN_POINT ( 'NONE',  ( -81.00000000000000000, 9.000000000000000000, 55.75000000000002842 ) ) ;
#1337 = VERTEX_POINT ( 'NONE', #1157 ) ;
#1338 = FACE_BOUND ( 'NONE', #1628, .T. ) ;
#1339 = VECTOR ( 'NONE', #2594, 1000.000000000000000 ) ;
#1340 = EDGE_CURVE ( 'NONE', #584, #2501, #2813, .T. ) ;
#1341 = VERTEX_POINT ( 'NONE', #220 ) ;
#1342 = CARTESIAN_POINT ( 'NONE',  ( -37.29999999999999716, 0.000000000000000000, 18.15000000000003411 ) ) ;
#1343 = ORIENTED_EDGE ( 'NONE', *, *, #2519, .F. ) ;
#1344 = PLANE ( 'NONE',  #2281 ) ;
#1345 = AXIS2_PLACEMENT_3D ( 'NONE', #1919, #489, #249 ) ;
#1346 = CARTESIAN_POINT ( 'NONE',  ( -33.29999999999999716, 9.000000000000000000, 45.00000000000007105 ) ) ;
#1347 = CARTESIAN_POINT ( 'NONE',  ( 81.00000000000000000, 0.000000000000000000, 20.25000000000003197 ) ) ;
#1348 = CARTESIAN_POINT ( 'NONE',  ( 90.00000000000000000, 11.75000000000000000, 45.00000000000007105 ) ) ;
#1349 = CARTESIAN_POINT ( 'NONE',  ( -37.29999999999999716, 0.000000000000000000, 20.25000000000003197 ) ) ;
#1350 = ORIENTED_EDGE ( 'NONE', *, *, #30, .T. ) ;
#1351 = DIRECTION ( 'NONE',  ( 1.000000000000000000, -0.000000000000000000, 1.067522139062651041E-16 ) ) ;
#1352 = ADVANCED_FACE ( 'NONE', ( #2133 ), #2551, .T. ) ;
#1353 = EDGE_LOOP ( 'NONE', ( #1843, #1975, #940, #570 ) ) ;
#1354 = LINE ( 'NONE', #3013, #42 ) ;
#1355 = VERTEX_POINT ( 'NONE', #950 ) ;
#1356 = LINE ( 'NONE', #892, #223 ) ;
#1357 = EDGE_CURVE ( 'NONE', #901, #1614, #2337, .T. ) ;
#1358 = LINE ( 'NONE', #2750, #729 ) ;
#1359 = VERTEX_POINT ( 'NONE', #2114 ) ;
#1360 = FACE_BOUND ( 'NONE', #2781, .T. ) ;
#1361 = FACE_OUTER_BOUND ( 'NONE', #1086, .T. ) ;
#1362 = ADVANCED_FACE ( 'NONE', ( #1903 ), #2840, .F. ) ;
#1363 = EDGE_CURVE ( 'NONE', #86, #2022, #2201, .T. ) ;
#1364 = DIRECTION ( 'NONE',  ( 0.000000000000000000, 1.000000000000000000, 0.000000000000000000 ) ) ;
#1365 = FACE_OUTER_BOUND ( 'NONE', #449, .T. ) ;
#1366 = ORIENTED_EDGE ( 'NONE', *, *, #1662, .T. ) ;
#1367 = DIRECTION ( 'NONE',  ( 0.000000000000000000, 0.000000000000000000, -1.000000000000000000 ) ) ;
#1368 = ORIENTED_EDGE ( 'NONE', *, *, #1710, .F. ) ;
#1369 = CARTESIAN_POINT ( 'NONE',  ( 64.99999999999975842, 9.000000000000000000, 90.00000000000007105 ) ) ;
#1370 = VERTEX_POINT ( 'NONE', #441 ) ;
#1371 = DIRECTION ( 'NONE',  ( 0.000000000000000000, 1.000000000000000000, 0.000000000000000000 ) ) ;
#1372 = AXIS2_PLACEMENT_3D ( 'NONE', #1094, #2790, #1578 ) ;
#1373 = EDGE_CURVE ( 'NONE', #1232, #2683, #1873, .T. ) ;
#1374 = ORIENTED_EDGE ( 'NONE', *, *, #131, .T. ) ;
#1375 = CARTESIAN_POINT ( 'NONE',  ( -90.00000000000000000, 9.000000000000000000, 65.00000000000002842 ) ) ;
#1376 = ORIENTED_EDGE ( 'NONE', *, *, #2449, .F. ) ;
#1377 = VECTOR ( 'NONE', #3100, 1000.000000000000000 ) ;
#1378 = AXIS2_PLACEMENT_3D ( 'NONE', #2228, #2242, #85 ) ;
#1379 = LINE ( 'NONE', #2316, #552 ) ;
#1380 = VECTOR ( 'NONE', #1592, 1000.000000000000000 ) ;
#1381 = DIRECTION ( 'NONE',  ( 0.000000000000000000, 0.000000000000000000, 1.000000000000000000 ) ) ;
#1382 = AXIS2_PLACEMENT_3D ( 'NONE', #1260, #2656, #498 ) ;
#1383 = DIRECTION ( 'NONE',  ( 0.000000000000000000, 1.000000000000000000, 0.000000000000000000 ) ) ;
#1384 = EDGE_CURVE ( 'NONE', #1335, #2315, #1642, .T. ) ;
#1385 = CARTESIAN_POINT ( 'NONE',  ( 65.00000000000000000, 11.75000000000000000, 6.938893903907231533E-15 ) ) ;
#1386 = EDGE_LOOP ( 'NONE', ( #2443, #2870, #2257, #1994 ) ) ;
#1387 = ORIENTED_EDGE ( 'NONE', *, *, #2488, .T. ) ;
#1388 = EDGE_CURVE ( 'NONE', #257, #2391, #1674, .T. ) ;
#1389 = DIRECTION ( 'NONE',  ( 0.000000000000000000, 1.000000000000000000, 0.000000000000000000 ) ) ;
#1390 = ORIENTED_EDGE ( 'NONE', *, *, #103, .F. ) ;
#1391 = CARTESIAN_POINT ( 'NONE',  ( 64.99999999999975842, 0.000000000000000000, -64.99999999999988631 ) ) ;
#1392 = VECTOR ( 'NONE', #1865, 1000.000000000000000 ) ;
#1393 = VERTEX_POINT ( 'NONE', #1415 ) ;
#1394 = DIRECTION ( 'NONE',  ( -0.000000000000000000, -1.000000000000000000, -0.000000000000000000 ) ) ;
#1395 = VERTEX_POINT ( 'NONE', #2618 ) ;
#1396 = ADVANCED_FACE ( 'NONE', ( #1365 ), #2351, .T. ) ;
#1397 = VECTOR ( 'NONE', #690, 1000.000000000000000 ) ;
#1398 = DIRECTION ( 'NONE',  ( -0.000000000000000000, -1.000000000000000000, -0.000000000000000000 ) ) ;
#1399 = ADVANCED_FACE ( 'NONE', ( #2068, #900 ), #663, .T. ) ;
#1400 = VECTOR ( 'NONE', #471, 1000.000000000000000 ) ;
#1401 = CARTESIAN_POINT ( 'NONE',  ( -65.00000000000000000, 19.50000000000000000, 38.00000000000007105 ) ) ;
#1402 = DIRECTION ( 'NONE',  ( 0.000000000000000000, 0.000000000000000000, -1.000000000000000000 ) ) ;
#1403 = VERTEX_POINT ( 'NONE', #2804 ) ;
#1404 = EDGE_CURVE ( 'NONE', #1258, #248, #885, .T. ) ;
#1405 = VERTEX_POINT ( 'NONE', #1627 ) ;
#1406 = CYLINDRICAL_SURFACE ( 'NONE', #513, 2.099999999999997868 ) ;
#1407 = ORIENTED_EDGE ( 'NONE', *, *, #796, .F. ) ;
#1408 = CARTESIAN_POINT ( 'NONE',  ( 64.99999999999978684, 0.000000000000000000, 80.00000000000002842 ) ) ;
#1409 = EDGE_CURVE ( 'NONE', #1232, #1611, #2791, .T. ) ;
#1410 = EDGE_LOOP ( 'NONE', ( #1254, #2585, #704, #2012 ) ) ;
#1411 = DIRECTION ( 'NONE',  ( -1.000000000000000000, -0.000000000000000000, -1.067522139062651041E-16 ) ) ;
#1412 = EDGE_LOOP ( 'NONE', ( #3017, #2894, #238, #1201 ) ) ;
#1413 = FACE_OUTER_BOUND ( 'NONE', #2926, .T. ) ;
#1414 = CARTESIAN_POINT ( 'NONE',  ( -37.29999999999999716, 9.000000000000000000, 53.65000000000003411 ) ) ;
#1415 = CARTESIAN_POINT ( 'NONE',  ( -79.99999999999975842, 0.000000000000000000, -63.39999999999988489 ) ) ;
#1416 = EDGE_LOOP ( 'NONE', ( #1374, #651 ) ) ;
#1417 = ORIENTED_EDGE ( 'NONE', *, *, #1441, .F. ) ;
#1418 = VERTEX_POINT ( 'NONE', #648 ) ;
#1419 = DIRECTION ( 'NONE',  ( 0.000000000000000000, 0.000000000000000000, 1.000000000000000000 ) ) ;
#1420 = EDGE_CURVE ( 'NONE', #136, #2117, #2610, .T. ) ;
#1421 = EDGE_CURVE ( 'NONE', #2576, #975, #1005, .T. ) ;
#1422 = EDGE_LOOP ( 'NONE', ( #535, #2024, #1417, #3036, #2815, #1116, #1269, #616 ) ) ;
#1423 = DIRECTION ( 'NONE',  ( 0.000000000000000000, 1.000000000000000000, 0.000000000000000000 ) ) ;
#1424 = AXIS2_PLACEMENT_3D ( 'NONE', #1823, #1364, #1541 ) ;
#1425 = DIRECTION ( 'NONE',  ( -0.000000000000000000, -1.000000000000000000, -0.000000000000000000 ) ) ;
#1426 = EDGE_CURVE ( 'NONE', #65, #2188, #336, .T. ) ;
#1427 = DIRECTION ( 'NONE',  ( 1.000000000000000000, -0.000000000000000000, 0.000000000000000000 ) ) ;
#1428 = CARTESIAN_POINT ( 'NONE',  ( -16.99999999999999289, 9.000000000000000000, 85.00000000000004263 ) ) ;
#1429 = DIRECTION ( 'NONE',  ( -1.067522139062651041E-16, 0.000000000000000000, 1.000000000000000000 ) ) ;
#1430 = ORIENTED_EDGE ( 'NONE', *, *, #2220, .T. ) ;
#1431 = AXIS2_PLACEMENT_3D ( 'NONE', #2433, #1020, #3097 ) ;
#1432 = EDGE_CURVE ( 'NONE', #2356, #2758, #2434, .T. ) ;
#1433 = VERTEX_POINT ( 'NONE', #1724 ) ;
#1434 = CARTESIAN_POINT ( 'NONE',  ( 37.29999999999999716, 9.000000000000000000, 20.25000000000003197 ) ) ;
#1435 = EDGE_LOOP ( 'NONE', ( #3074, #2949 ) ) ;
#1436 = DIRECTION ( 'NONE',  ( 1.000000000000000000, -0.000000000000000000, 0.000000000000000000 ) ) ;
#1437 = LINE ( 'NONE', #2163, #2788 ) ;
#1438 = AXIS2_PLACEMENT_3D ( 'NONE', #1268, #1255, #970 ) ;
#1439 = ORIENTED_EDGE ( 'NONE', *, *, #2542, .F. ) ;
#1440 = CARTESIAN_POINT ( 'NONE',  ( 37.29999999999999716, 0.000000000000000000, 20.25000000000003197 ) ) ;
#1441 = EDGE_CURVE ( 'NONE', #125, #2315, #290, .T. ) ;
#1442 = FACE_OUTER_BOUND ( 'NONE', #2996, .T. ) ;
#1443 = DIRECTION ( 'NONE',  ( 0.000000000000000000, 1.000000000000000000, 0.000000000000000000 ) ) ;
#1444 = AXIS2_PLACEMENT_3D ( 'NONE', #2877, #1423, #2362 ) ;
#1445 = DIRECTION ( 'NONE',  ( 0.000000000000000000, 0.000000000000000000, 1.000000000000000000 ) ) ;
#1446 = CARTESIAN_POINT ( 'NONE',  ( 64.99999999999975842, 9.000000000000000000, -81.59999999999989484 ) ) ;
#1447 = EDGE_LOOP ( 'NONE', ( #1387, #1691, #224, #2693 ) ) ;
#1448 = AXIS2_PLACEMENT_3D ( 'NONE', #1464, #1952, #1965 ) ;
#1449 = EDGE_LOOP ( 'NONE', ( #1694, #1203, #1687, #2145 ) ) ;
#1450 = CARTESIAN_POINT ( 'NONE',  ( 27.00000000000000355, 9.000000000000000000, 80.00000000000004263 ) ) ;
#1451 = VERTEX_POINT ( 'NONE', #1768 ) ;
#1452 = CIRCLE ( 'NONE', #326, 2.100000000000004530 ) ;
#1453 = DIRECTION ( 'NONE',  ( -1.067522139062651041E-16, 0.000000000000000000, -1.000000000000000000 ) ) ;
#1454 = ORIENTED_EDGE ( 'NONE', *, *, #2386, .T. ) ;
#1455 = DIRECTION ( 'NONE',  ( -0.000000000000000000, -0.000000000000000000, 1.000000000000000000 ) ) ;
#1456 = CARTESIAN_POINT ( 'NONE',  ( -81.00000000000000000, 0.000000000000000000, 57.85000000000002984 ) ) ;
#1457 = LINE ( 'NONE', #2394, #2528 ) ;
#1458 = LINE ( 'NONE', #980, #2366 ) ;
#1459 = EDGE_CURVE ( 'NONE', #805, #546, #553, .T. ) ;
#1460 = ORIENTED_EDGE ( 'NONE', *, *, #1588, .F. ) ;
#1461 = ORIENTED_EDGE ( 'NONE', *, *, #1812, .F. ) ;
#1462 = PLANE ( 'NONE',  #158 ) ;
#1463 = VERTEX_POINT ( 'NONE', #1536 ) ;
#1464 = CARTESIAN_POINT ( 'NONE',  ( 64.99999999999975842, 9.000000000000000000, -79.99999999999988631 ) ) ;
#1465 = ORIENTED_EDGE ( 'NONE', *, *, #965, .T. ) ;
#1466 = CARTESIAN_POINT ( 'NONE',  ( -65.00000000000000000, 11.75000000000000000, 6.938893903907231533E-15 ) ) ;
#1467 = DIRECTION ( 'NONE',  ( 0.000000000000000000, 0.000000000000000000, 1.000000000000000000 ) ) ;
#1468 = CARTESIAN_POINT ( 'NONE',  ( 10.00000000000000000, 28.99999999999999645, -58.49999999999995026 ) ) ;
#1469 = DIRECTION ( 'NONE',  ( -1.000000000000000000, -0.000000000000000000, -1.067522139062651041E-16 ) ) ;
#1470 = CYLINDRICAL_SURFACE ( 'NONE', #2128, 1.094999999999998863 ) ;
#1471 = ORIENTED_EDGE ( 'NONE', *, *, #1576, .T. ) ;
#1472 = AXIS2_PLACEMENT_3D ( 'NONE', #1890, #3023, #2086 ) ;
#1473 = VECTOR ( 'NONE', #2466, 1000.000000000000000 ) ;
#1474 = DIRECTION ( 'NONE',  ( -0.000000000000000000, -1.000000000000000000, -0.000000000000000000 ) ) ;
#1475 = ORIENTED_EDGE ( 'NONE', *, *, #708, .T. ) ;
#1476 = DIRECTION ( 'NONE',  ( 1.000000000000000000, 0.000000000000000000, -0.000000000000000000 ) ) ;
#1477 = ORIENTED_EDGE ( 'NONE', *, *, #620, .F. ) ;
#1478 = FACE_OUTER_BOUND ( 'NONE', #393, .T. ) ;
#1479 = CARTESIAN_POINT ( 'NONE',  ( -9.999999999999994671, 9.000000000000000000, -53.49999999999995026 ) ) ;
#1480 = EDGE_CURVE ( 'NONE', #2290, #186, #1914, .T. ) ;
#1481 = VECTOR ( 'NONE', #1751, 1000.000000000000000 ) ;
#1482 = CARTESIAN_POINT ( 'NONE',  ( 33.29999999999999716, 11.75000000000000000, 31.00000000000007461 ) ) ;
#1483 = VERTEX_POINT ( 'NONE', #1261 ) ;
#1484 = CARTESIAN_POINT ( 'NONE',  ( -64.99999999999972999, 0.000000000000000000, 80.00000000000002842 ) ) ;
#1485 = ORIENTED_EDGE ( 'NONE', *, *, #122, .F. ) ;
#1486 = CARTESIAN_POINT ( 'NONE',  ( 93.00000000000001421, 19.50000000000000000, 48.00000000000007105 ) ) ;
#1487 = ADVANCED_FACE ( 'NONE', ( #810 ), #2196, .F. ) ;
#1488 = ORIENTED_EDGE ( 'NONE', *, *, #3031, .F. ) ;
#1489 = CARTESIAN_POINT ( 'NONE',  ( -64.99999999999975842, 0.000000000000000000, -81.59999999999989484 ) ) ;
#1490 = EDGE_CURVE ( 'NONE', #735, #1813, #2674, .T. ) ;
#1491 = ADVANCED_FACE ( 'NONE', ( #797 ), #1051, .F. ) ;
#1492 = VECTOR ( 'NONE', #1294, 1000.000000000000000 ) ;
#1493 = DIRECTION ( 'NONE',  ( -0.000000000000000000, 1.000000000000000000, -0.000000000000000000 ) ) ;
#1494 = CARTESIAN_POINT ( 'NONE',  ( 90.00000000000000000, 11.75000000000000000, 45.00000000000007105 ) ) ;
#1495 = CARTESIAN_POINT ( 'NONE',  ( -26.99999999999999645, 28.99999999999999645, 80.00000000000005684 ) ) ;
#1496 = LINE ( 'NONE', #744, #1868 ) ;
#1497 = DIRECTION ( 'NONE',  ( -1.000000000000000000, -0.000000000000000000, 2.775557561562890957E-15 ) ) ;
#1498 = ORIENTED_EDGE ( 'NONE', *, *, #26, .T. ) ;
#1499 = CYLINDRICAL_SURFACE ( 'NONE', #1025, 1.600000000000004086 ) ;
#1500 = ORIENTED_EDGE ( 'NONE', *, *, #2182, .F. ) ;
#1501 = CARTESIAN_POINT ( 'NONE',  ( -65.00000000000000000, 11.75000000000000000, 44.31961232988233945 ) ) ;
#1502 = EDGE_LOOP ( 'NONE', ( #1103, #1008, #2572, #1700, #134, #2945, #649, #1507, #858, #2096, #2397, #2697, #1147, #2695, #3065, #22, #1787, #81, #653, #1010, #1675, #2463, #2104, #145, #2137, #2701, #3058, #1815, #1732, #2914, #1601, #1308 ) ) ;
#1503 = DIRECTION ( 'NONE',  ( 1.000000000000000000, 0.000000000000000000, 1.067522139062651041E-16 ) ) ;
#1504 = ADVANCED_FACE ( 'NONE', ( #2919 ), #783, .F. ) ;
#1505 = DIRECTION ( 'NONE',  ( 0.000000000000000000, 0.000000000000000000, -1.000000000000000000 ) ) ;
#1506 = DIRECTION ( 'NONE',  ( -0.000000000000000000, -1.000000000000000000, -0.000000000000000000 ) ) ;
#1507 = ORIENTED_EDGE ( 'NONE', *, *, #1738, .F. ) ;
#1508 = FACE_OUTER_BOUND ( 'NONE', #1528, .T. ) ;
#1509 = EDGE_CURVE ( 'NONE', #886, #1232, #2690, .T. ) ;
#1510 = CARTESIAN_POINT ( 'NONE',  ( -64.99999999999975842, 0.000000000000000000, -90.00000000000007105 ) ) ;
#1511 = ORIENTED_EDGE ( 'NONE', *, *, #1441, .T. ) ;
#1512 = CYLINDRICAL_SURFACE ( 'NONE', #98, 1.600000000000004086 ) ;
#1513 = ORIENTED_EDGE ( 'NONE', *, *, #439, .F. ) ;
#1514 = CARTESIAN_POINT ( 'NONE',  ( 79.99999999999975842, 0.000000000000000000, -64.99999999999988631 ) ) ;
#1515 = AXIS2_PLACEMENT_3D ( 'NONE', #2569, #147, #168 ) ;
#1516 = VECTOR ( 'NONE', #1398, 1000.000000000000000 ) ;
#1517 = ORIENTED_EDGE ( 'NONE', *, *, #1996, .F. ) ;
#1518 = DIRECTION ( 'NONE',  ( 0.000000000000000000, 1.000000000000000000, 0.000000000000000000 ) ) ;
#1519 = VECTOR ( 'NONE', #2041, 1000.000000000000000 ) ;
#1520 = CIRCLE ( 'NONE', #1921, 1.600000000000004086 ) ;
#1521 = CARTESIAN_POINT ( 'NONE',  ( -7.746999999999997222, 0.000000000000000000, -70.00000000000005684 ) ) ;
#1522 = ORIENTED_EDGE ( 'NONE', *, *, #1363, .F. ) ;
#1523 = DIRECTION ( 'NONE',  ( 0.000000000000000000, 1.000000000000000000, 0.000000000000000000 ) ) ;
#1524 = DIRECTION ( 'NONE',  ( 0.000000000000000000, 0.000000000000000000, -1.000000000000000000 ) ) ;
#1525 = AXIS2_PLACEMENT_3D ( 'NONE', #304, #1276, #2905 ) ;
#1526 = EDGE_LOOP ( 'NONE', ( #717, #368, #99, #1465 ) ) ;
#1527 = CARTESIAN_POINT ( 'NONE',  ( -64.99999999999972999, 0.000000000000000000, 80.00000000000002842 ) ) ;
#1528 = EDGE_LOOP ( 'NONE', ( #1057, #1050, #1064, #401 ) ) ;
#1529 = DIRECTION ( 'NONE',  ( 0.000000000000000000, 1.000000000000000000, -0.000000000000000000 ) ) ;
#1530 = DIRECTION ( 'NONE',  ( 0.000000000000000000, 1.000000000000000000, 0.000000000000000000 ) ) ;
#1531 = ORIENTED_EDGE ( 'NONE', *, *, #127, .F. ) ;
#1532 = AXIS2_PLACEMENT_3D ( 'NONE', #2071, #114, #1097 ) ;
#1533 = CARTESIAN_POINT ( 'NONE',  ( 90.00000000000001421, 0.000000000000000000, 28.00000000000007105 ) ) ;
#1534 = AXIS2_PLACEMENT_3D ( 'NONE', #183, #659, #882 ) ;
#1535 = EDGE_CURVE ( 'NONE', #824, #580, #267, .T. ) ;
#1536 = CARTESIAN_POINT ( 'NONE',  ( 79.99999999999977263, 9.000000000000000000, 66.60000000000003695 ) ) ;
#1537 = VERTEX_POINT ( 'NONE', #1446 ) ;
#1538 = PLANE ( 'NONE',  #637 ) ;
#1539 = FACE_BOUND ( 'NONE', #618, .T. ) ;
#1540 = DIRECTION ( 'NONE',  ( 0.000000000000000000, 1.000000000000000000, -0.000000000000000000 ) ) ;
#1541 = DIRECTION ( 'NONE',  ( 0.000000000000000000, 0.000000000000000000, 1.000000000000000000 ) ) ;
#1542 = EDGE_CURVE ( 'NONE', #2841, #1405, #236, .T. ) ;
#1543 = EDGE_CURVE ( 'NONE', #951, #2271, #1251, .T. ) ;
#1544 = LINE ( 'NONE', #1111, #309 ) ;
#1545 = ORIENTED_EDGE ( 'NONE', *, *, #2064, .F. ) ;
#1546 = DIRECTION ( 'NONE',  ( -0.000000000000000000, 1.000000000000000000, -0.000000000000000000 ) ) ;
#1547 = VERTEX_POINT ( 'NONE', #57 ) ;
#1548 = DIRECTION ( 'NONE',  ( 0.000000000000000000, 1.000000000000000000, 0.000000000000000000 ) ) ;
#1549 = EDGE_LOOP ( 'NONE', ( #2844, #664, #600, #2830 ) ) ;
#1550 = CARTESIAN_POINT ( 'NONE',  ( 81.00000000000000000, 9.000000000000000000, 53.65000000000002700 ) ) ;
#1551 = ORIENTED_EDGE ( 'NONE', *, *, #1357, .T. ) ;
#1552 = DIRECTION ( 'NONE',  ( 1.067522139062651041E-16, 0.000000000000000000, 1.000000000000000000 ) ) ;
#1553 = VERTEX_POINT ( 'NONE', #28 ) ;
#1554 = DIRECTION ( 'NONE',  ( 0.000000000000000000, 0.000000000000000000, 1.000000000000000000 ) ) ;
#1555 = EDGE_CURVE ( 'NONE', #1, #2853, #2267, .T. ) ;
#1556 = FACE_OUTER_BOUND ( 'NONE', #1502, .T. ) ;
#1557 = DIRECTION ( 'NONE',  ( 0.000000000000000000, 1.000000000000000000, 0.000000000000000000 ) ) ;
#1558 = CARTESIAN_POINT ( 'NONE',  ( -37.29999999999999716, 0.000000000000000000, 18.15000000000003411 ) ) ;
#1559 = DIRECTION ( 'NONE',  ( 0.000000000000000000, 1.000000000000000000, 0.000000000000000000 ) ) ;
#1560 = ORIENTED_EDGE ( 'NONE', *, *, #406, .F. ) ;
#1561 = DIRECTION ( 'NONE',  ( -0.000000000000000000, -1.000000000000000000, -0.000000000000000000 ) ) ;
#1562 = AXIS2_PLACEMENT_3D ( 'NONE', #2036, #884, #1075 ) ;
#1563 = EDGE_CURVE ( 'NONE', #3103, #2038, #2212, .T. ) ;
#1564 = ORIENTED_EDGE ( 'NONE', *, *, #960, .T. ) ;
#1565 = AXIS2_PLACEMENT_3D ( 'NONE', #1609, #111, #2499 ) ;
#1566 = ORIENTED_EDGE ( 'NONE', *, *, #2607, .F. ) ;
#1567 = DIRECTION ( 'NONE',  ( 0.000000000000000000, -0.000000000000000000, -1.000000000000000000 ) ) ;
#1568 = EDGE_CURVE ( 'NONE', #2640, #593, #1984, .T. ) ;
#1569 = AXIS2_PLACEMENT_3D ( 'NONE', #562, #579, #2500 ) ;
#1570 = CIRCLE ( 'NONE', #1961, 10.00000000000000178 ) ;
#1571 = VECTOR ( 'NONE', #2097, 1000.000000000000000 ) ;
#1572 = CARTESIAN_POINT ( 'NONE',  ( 37.29999999999999716, 0.000000000000000000, 57.85000000000002984 ) ) ;
#1573 = EDGE_LOOP ( 'NONE', ( #1052, #1910 ) ) ;
#1574 = AXIS2_PLACEMENT_3D ( 'NONE', #2103, #240, #1216 ) ;
#1575 = CARTESIAN_POINT ( 'NONE',  ( 64.99999999999978684, 0.000000000000000000, 81.60000000000003695 ) ) ;
#1576 = EDGE_CURVE ( 'NONE', #997, #1781, #2062, .T. ) ;
#1577 = DIRECTION ( 'NONE',  ( 0.000000000000000000, 0.000000000000000000, 1.000000000000000000 ) ) ;
#1578 = DIRECTION ( 'NONE',  ( 0.000000000000000000, 0.000000000000000000, -1.000000000000000000 ) ) ;
#1579 = ADVANCED_FACE ( 'NONE', ( #909 ), #384, .T. ) ;
#1580 = DIRECTION ( 'NONE',  ( -0.000000000000000000, 1.000000000000000000, -0.000000000000000000 ) ) ;
#1581 = ORIENTED_EDGE ( 'NONE', *, *, #586, .F. ) ;
#1582 = PLANE ( 'NONE',  #939 ) ;
#1583 = VECTOR ( 'NONE', #349, 1000.000000000000000 ) ;
#1584 = EDGE_LOOP ( 'NONE', ( #243, #1045 ) ) ;
#1585 = ORIENTED_EDGE ( 'NONE', *, *, #288, .T. ) ;
#1586 = DIRECTION ( 'NONE',  ( 0.000000000000000000, -1.000000000000000000, 0.000000000000000000 ) ) ;
#1587 = AXIS2_PLACEMENT_3D ( 'NONE', #1083, #843, #859 ) ;
#1588 = EDGE_CURVE ( 'NONE', #2501, #1614, #1801, .T. ) ;
#1589 = EDGE_CURVE ( 'NONE', #633, #286, #2513, .T. ) ;
#1590 = DIRECTION ( 'NONE',  ( -0.000000000000000000, 1.000000000000000000, -0.000000000000000000 ) ) ;
#1591 = ORIENTED_EDGE ( 'NONE', *, *, #250, .F. ) ;
#1592 = DIRECTION ( 'NONE',  ( -1.000000000000000000, -0.000000000000000000, 1.067522139062651041E-16 ) ) ;
#1593 = CIRCLE ( 'NONE', #232, 6.000000000000005329 ) ;
#1594 = DIRECTION ( 'NONE',  ( 0.000000000000000000, 1.000000000000000000, 0.000000000000000000 ) ) ;
#1595 = LINE ( 'NONE', #1558, #298 ) ;
#1596 = LINE ( 'NONE', #1776, #2560 ) ;
#1597 = VERTEX_POINT ( 'NONE', #1851 ) ;
#1598 = CARTESIAN_POINT ( 'NONE',  ( 10.00000000000000000, 9.000000000000000000, -53.49999999999995026 ) ) ;
#1599 = ORIENTED_EDGE ( 'NONE', *, *, #2051, .T. ) ;
#1600 = FACE_OUTER_BOUND ( 'NONE', #784, .T. ) ;
#1601 = ORIENTED_EDGE ( 'NONE', *, *, #2354, .F. ) ;
#1602 = FACE_OUTER_BOUND ( 'NONE', #1277, .T. ) ;
#1603 = ORIENTED_EDGE ( 'NONE', *, *, #1563, .T. ) ;
#1604 = DIRECTION ( 'NONE',  ( -0.000000000000000000, -1.000000000000000000, -0.000000000000000000 ) ) ;
#1605 = ORIENTED_EDGE ( 'NONE', *, *, #490, .F. ) ;
#1606 = EDGE_CURVE ( 'NONE', #997, #1852, #1137, .T. ) ;
#1607 = DIRECTION ( 'NONE',  ( 0.000000000000000000, -1.000000000000000000, 0.000000000000000000 ) ) ;
#1608 = LINE ( 'NONE', #165, #1784 ) ;
#1609 = CARTESIAN_POINT ( 'NONE',  ( -93.00000000000001421, 19.50000000000000000, 38.00000000000008527 ) ) ;
#1610 = CARTESIAN_POINT ( 'NONE',  ( -93.00000000000001421, 19.50000000000000000, 38.00000000000008527 ) ) ;
#1611 = VERTEX_POINT ( 'NONE', #844 ) ;
#1612 = VERTEX_POINT ( 'NONE', #1342 ) ;
#1613 = CARTESIAN_POINT ( 'NONE',  ( -64.99999999999975842, 9.000000000000000000, 90.00000000000007105 ) ) ;
#1614 = VERTEX_POINT ( 'NONE', #2544 ) ;
#1615 = FACE_BOUND ( 'NONE', #2940, .T. ) ;
#1616 = ORIENTED_EDGE ( 'NONE', *, *, #2702, .F. ) ;
#1617 = CARTESIAN_POINT ( 'NONE',  ( -37.29999999999999716, 0.000000000000000000, 22.35000000000002984 ) ) ;
#1618 = ORIENTED_EDGE ( 'NONE', *, *, #1853, .F. ) ;
#1619 = AXIS2_PLACEMENT_3D ( 'NONE', #1212, #1143, #2143 ) ;
#1620 = VECTOR ( 'NONE', #715, 1000.000000000000000 ) ;
#1621 = DIRECTION ( 'NONE',  ( 0.000000000000000000, 0.000000000000000000, -1.000000000000000000 ) ) ;
#1622 = CIRCLE ( 'NONE', #2906, 1.600000000000004086 ) ;
#1623 = EDGE_CURVE ( 'NONE', #2156, #2853, #1358, .T. ) ;
#1624 = CARTESIAN_POINT ( 'NONE',  ( 90.00000000000000000, 9.000000000000000000, 45.00000000000007105 ) ) ;
#1625 = CIRCLE ( 'NONE', #722, 2.099999999999997868 ) ;
#1626 = CARTESIAN_POINT ( 'NONE',  ( -81.00000000000000000, 0.000000000000000000, 20.25000000000003197 ) ) ;
#1627 = CARTESIAN_POINT ( 'NONE',  ( 90.00000000000002842, 0.000000000000000000, 65.00000000000002842 ) ) ;
#1628 = EDGE_LOOP ( 'NONE', ( #380, #1634 ) ) ;
#1629 = VERTEX_POINT ( 'NONE', #1617 ) ;
#1630 = CARTESIAN_POINT ( 'NONE',  ( 26.99999999999999645, 28.99999999999999645, 90.00000000000007105 ) ) ;
#1631 = ORIENTED_EDGE ( 'NONE', *, *, #2153, .T. ) ;
#1632 = CYLINDRICAL_SURFACE ( 'NONE', #61, 2.099999999999997868 ) ;
#1633 = DIRECTION ( 'NONE',  ( 1.000000000000000000, -0.000000000000000000, -1.223790811976583605E-16 ) ) ;
#1634 = ORIENTED_EDGE ( 'NONE', *, *, #490, .T. ) ;
#1635 = VECTOR ( 'NONE', #2655, 1000.000000000000000 ) ;
#1636 = LINE ( 'NONE', #1665, #877 ) ;
#1637 = ORIENTED_EDGE ( 'NONE', *, *, #1535, .T. ) ;
#1638 = CARTESIAN_POINT ( 'NONE',  ( -64.99999999999975842, 9.000000000000000000, 90.00000000000005684 ) ) ;
#1639 = AXIS2_PLACEMENT_3D ( 'NONE', #228, #1703, #2685 ) ;
#1640 = VECTOR ( 'NONE', #1173, 1000.000000000000000 ) ;
#1641 = CARTESIAN_POINT ( 'NONE',  ( 81.00000000000000000, 0.000000000000000000, 57.85000000000002984 ) ) ;
#1642 = LINE ( 'NONE', #1385, #1620 ) ;
#1643 = ORIENTED_EDGE ( 'NONE', *, *, #1426, .F. ) ;
#1644 = AXIS2_PLACEMENT_3D ( 'NONE', #2736, #555, #1803 ) ;
#1645 = EDGE_CURVE ( 'NONE', #2576, #1403, #400, .T. ) ;
#1646 = ORIENTED_EDGE ( 'NONE', *, *, #403, .F. ) ;
#1647 = LINE ( 'NONE', #1613, #558 ) ;
#1648 = ORIENTED_EDGE ( 'NONE', *, *, #2722, .T. ) ;
#1649 = LINE ( 'NONE', #2642, #2720 ) ;
#1650 = CARTESIAN_POINT ( 'NONE',  ( 22.00000000000000355, 28.99999999999999645, 80.00000000000005684 ) ) ;
#1651 = EDGE_CURVE ( 'NONE', #2875, #1614, #2095, .T. ) ;
#1652 = ORIENTED_EDGE ( 'NONE', *, *, #2990, .F. ) ;
#1653 = DIRECTION ( 'NONE',  ( -1.000000000000000000, -0.000000000000000000, -1.067522139062651041E-16 ) ) ;
#1654 = CARTESIAN_POINT ( 'NONE',  ( 7.747000000000002551, 0.000000000000000000, -70.00000000000005684 ) ) ;
#1655 = CARTESIAN_POINT ( 'NONE',  ( -64.99999999999975842, 0.000000000000000000, -79.99999999999988631 ) ) ;
#1656 = DIRECTION ( 'NONE',  ( 1.067522139062651164E-16, 0.000000000000000000, -1.000000000000000000 ) ) ;
#1657 = EDGE_LOOP ( 'NONE', ( #2119, #47, #731, #2297 ) ) ;
#1658 = ORIENTED_EDGE ( 'NONE', *, *, #2784, .F. ) ;
#1659 =( NAMED_UNIT ( * ) SI_UNIT ( $, .STERADIAN. ) SOLID_ANGLE_UNIT ( ) );
#1660 = ORIENTED_EDGE ( 'NONE', *, *, #2820, .T. ) ;
#1661 = DIRECTION ( 'NONE',  ( 0.000000000000000000, 1.000000000000000000, 0.000000000000000000 ) ) ;
#1662 = EDGE_CURVE ( 'NONE', #1405, #2413, #2045, .T. ) ;
#1663 = CARTESIAN_POINT ( 'NONE',  ( -90.00000000000001421, 19.50000000000000000, 38.00000000000007105 ) ) ;
#1664 = ORIENTED_EDGE ( 'NONE', *, *, #2669, .T. ) ;
#1665 = CARTESIAN_POINT ( 'NONE',  ( 22.00000000000000000, 28.99999999999999645, 85.00000000000005684 ) ) ;
#1666 = EDGE_CURVE ( 'NONE', #957, #491, #2786, .T. ) ;
#1667 = CARTESIAN_POINT ( 'NONE',  ( 64.99999999999978684, 0.000000000000000000, 78.40000000000001990 ) ) ;
#1668 = VECTOR ( 'NONE', #2216, 1000.000000000000000 ) ;
#1669 = DIRECTION ( 'NONE',  ( 0.000000000000000000, 1.000000000000000000, 0.000000000000000000 ) ) ;
#1670 = AXIS2_PLACEMENT_3D ( 'NONE', #2302, #936, #1127 ) ;
#1671 = VECTOR ( 'NONE', #711, 1000.000000000000000 ) ;
#1672 = DIRECTION ( 'NONE',  ( -1.000000000000000000, 0.000000000000000000, 1.067522139062651041E-16 ) ) ;
#1673 = ADVANCED_FACE ( 'NONE', ( #2563 ), #2529, .F. ) ;
#1674 = LINE ( 'NONE', #2584, #2109 ) ;
#1675 = ORIENTED_EDGE ( 'NONE', *, *, #2772, .F. ) ;
#1676 = CIRCLE ( 'NONE', #2763, 25.00000000000021672 ) ;
#1677 = EDGE_LOOP ( 'NONE', ( #1160, #3014, #293, #2239 ) ) ;
#1678 = EDGE_CURVE ( 'NONE', #1920, #2391, #2734, .T. ) ;
#1679 =( NAMED_UNIT ( * ) PLANE_ANGLE_UNIT ( ) SI_UNIT ( $, .RADIAN. ) );
#1680 = EDGE_LOOP ( 'NONE', ( #253, #2730 ) ) ;
#1681 = DIRECTION ( 'NONE',  ( 0.000000000000000000, 0.000000000000000000, 1.000000000000000000 ) ) ;
#1682 = EDGE_LOOP ( 'NONE', ( #2453, #1513, #1893, #720 ) ) ;
#1683 = FACE_OUTER_BOUND ( 'NONE', #1447, .T. ) ;
#1684 = EDGE_CURVE ( 'NONE', #337, #1317, #1819, .T. ) ;
#1685 = LINE ( 'NONE', #2405, #2662 ) ;
#1686 = DIRECTION ( 'NONE',  ( 0.000000000000000000, 0.000000000000000000, 1.000000000000000000 ) ) ;
#1687 = ORIENTED_EDGE ( 'NONE', *, *, #256, .F. ) ;
#1688 = AXIS2_PLACEMENT_3D ( 'NONE', #1806, #2469, #389 ) ;
#1689 = ORIENTED_EDGE ( 'NONE', *, *, #2219, .T. ) ;
#1690 = CARTESIAN_POINT ( 'NONE',  ( -64.99999999999975842, 0.000000000000000000, -79.99999999999988631 ) ) ;
#1691 = ORIENTED_EDGE ( 'NONE', *, *, #1623, .T. ) ;
#1692 = AXIS2_PLACEMENT_3D ( 'NONE', #1869, #1669, #933 ) ;
#1693 = PLANE ( 'NONE',  #2876 ) ;
#1694 = ORIENTED_EDGE ( 'NONE', *, *, #597, .T. ) ;
#1695 = CARTESIAN_POINT ( 'NONE',  ( -79.99999999999974420, 0.000000000000000000, 66.60000000000002274 ) ) ;
#1696 = DIRECTION ( 'NONE',  ( -0.000000000000000000, 1.000000000000000000, -0.000000000000000000 ) ) ;
#1697 = DIRECTION ( 'NONE',  ( -0.000000000000000000, 1.000000000000000000, -0.000000000000000000 ) ) ;
#1698 = ADVANCED_FACE ( 'NONE', ( #2983 ), #603, .T. ) ;
#1699 = FACE_OUTER_BOUND ( 'NONE', #644, .T. ) ;
#1700 = ORIENTED_EDGE ( 'NONE', *, *, #1853, .T. ) ;
#1701 = CARTESIAN_POINT ( 'NONE',  ( -33.29999999999999716, 9.000000000000000000, 31.00000000000006750 ) ) ;
#1702 = EDGE_LOOP ( 'NONE', ( #2562, #1522 ) ) ;
#1703 = DIRECTION ( 'NONE',  ( 0.000000000000000000, 1.000000000000000000, 0.000000000000000000 ) ) ;
#1704 = ADVANCED_FACE ( 'NONE', ( #623 ), #1324, .F. ) ;
#1705 = ORIENTED_EDGE ( 'NONE', *, *, #30, .F. ) ;
#1706 = CARTESIAN_POINT ( 'NONE',  ( 81.00000000000000000, 9.000000000000000000, 20.25000000000003197 ) ) ;
#1707 = DIRECTION ( 'NONE',  ( 0.000000000000000000, 0.000000000000000000, 1.000000000000000000 ) ) ;
#1708 = DIRECTION ( 'NONE',  ( -0.000000000000000000, 1.000000000000000000, -0.000000000000000000 ) ) ;
#1709 = LINE ( 'NONE', #31, #211 ) ;
#1710 = EDGE_CURVE ( 'NONE', #584, #117, #1836, .T. ) ;
#1711 = CARTESIAN_POINT ( 'NONE',  ( 22.00000000000000355, 28.99999999999999645, 80.00000000000005684 ) ) ;
#1712 = AXIS2_PLACEMENT_3D ( 'NONE', #1758, #1580, #1824 ) ;
#1713 = VECTOR ( 'NONE', #543, 1000.000000000000000 ) ;
#1714 = ORIENTED_EDGE ( 'NONE', *, *, #3096, .F. ) ;
#1715 = ADVANCED_FACE ( 'NONE', ( #160, #14 ), #1221, .F. ) ;
#1716 = EDGE_CURVE ( 'NONE', #2353, #1355, #2392, .T. ) ;
#1717 = FACE_OUTER_BOUND ( 'NONE', #739, .T. ) ;
#1718 = ORIENTED_EDGE ( 'NONE', *, *, #2050, .F. ) ;
#1719 = CARTESIAN_POINT ( 'NONE',  ( 27.00000000000000355, 28.99999999999999645, 80.00000000000004263 ) ) ;
#1720 = AXIS2_PLACEMENT_3D ( 'NONE', #16, #995, #1764 ) ;
#1721 = ORIENTED_EDGE ( 'NONE', *, *, #2416, .T. ) ;
#1722 = CARTESIAN_POINT ( 'NONE',  ( -90.00000000000000000, 11.75000000000000000, 31.00000000000006750 ) ) ;
#1723 = CARTESIAN_POINT ( 'NONE',  ( 64.99999999999975842, 9.000000000000000000, -78.39999999999989200 ) ) ;
#1724 = CARTESIAN_POINT ( 'NONE',  ( 27.00000000000000355, 9.000000000000000000, 80.00000000000004263 ) ) ;
#1725 = VECTOR ( 'NONE', #105, 1000.000000000000000 ) ;
#1726 = LINE ( 'NONE', #2986, #460 ) ;
#1727 = AXIS2_PLACEMENT_3D ( 'NONE', #1034, #2477, #335 ) ;
#1728 = CARTESIAN_POINT ( 'NONE',  ( -26.99999999999999645, 9.000000000000000000, 90.00000000000007105 ) ) ;
#1729 = AXIS2_PLACEMENT_3D ( 'NONE', #2091, #2857, #1419 ) ;
#1730 = ORIENTED_EDGE ( 'NONE', *, *, #2364, .F. ) ;
#1731 = FACE_OUTER_BOUND ( 'NONE', #365, .T. ) ;
#1732 = ORIENTED_EDGE ( 'NONE', *, *, #1588, .T. ) ;
#1733 = DIRECTION ( 'NONE',  ( 1.067522139062651041E-16, 0.000000000000000000, 1.000000000000000000 ) ) ;
#1734 = VECTOR ( 'NONE', #502, 1000.000000000000000 ) ;
#1735 = EDGE_CURVE ( 'NONE', #921, #2530, #194, .T. ) ;
#1736 = VECTOR ( 'NONE', #1697, 1000.000000000000000 ) ;
#1737 = ORIENTED_EDGE ( 'NONE', *, *, #2167, .F. ) ;
#1738 = EDGE_CURVE ( 'NONE', #2683, #1850, #1899, .T. ) ;
#1739 = DIRECTION ( 'NONE',  ( 1.000000000000000000, -0.000000000000000000, 1.067522139062651041E-16 ) ) ;
#1740 = DIRECTION ( 'NONE',  ( 0.000000000000000000, 1.000000000000000000, 0.000000000000000000 ) ) ;
#1741 = ORIENTED_EDGE ( 'NONE', *, *, #501, .T. ) ;
#1742 = LINE ( 'NONE', #1510, #1713 ) ;
#1743 = EDGE_CURVE ( 'NONE', #491, #1153, #2151, .T. ) ;
#1744 = ORIENTED_EDGE ( 'NONE', *, *, #1303, .T. ) ;
#1745 = CARTESIAN_POINT ( 'NONE',  ( 90.00000000000001421, 19.50000000000000000, 38.00000000000007105 ) ) ;
#1746 = EDGE_LOOP ( 'NONE', ( #2770, #3057, #1048, #2135, #1714, #1461, #1779, #1551, #1112, #1730 ) ) ;
#1747 = DIRECTION ( 'NONE',  ( 0.000000000000000000, 0.000000000000000000, 1.000000000000000000 ) ) ;
#1748 = ADVANCED_FACE ( 'NONE', ( #1683 ), #2403, .F. ) ;
#1749 = EDGE_LOOP ( 'NONE', ( #1759, #2900, #2785, #1082 ) ) ;
#1750 = DIRECTION ( 'NONE',  ( -1.000000000000000000, -0.000000000000000000, -0.000000000000000000 ) ) ;
#1751 = DIRECTION ( 'NONE',  ( 6.938893903907212600E-16, -0.000000000000000000, -1.000000000000000000 ) ) ;
#1752 = ORIENTED_EDGE ( 'NONE', *, *, #727, .F. ) ;
#1753 = LINE ( 'NONE', #2812, #2428 ) ;
#1754 = CARTESIAN_POINT ( 'NONE',  ( -33.29999999999999716, 11.75000000000000000, 45.00000000000007105 ) ) ;
#1755 = DIRECTION ( 'NONE',  ( 0.000000000000000000, 0.000000000000000000, 1.000000000000000000 ) ) ;
#1756 = EDGE_CURVE ( 'NONE', #910, #1920, #1928, .T. ) ;
#1757 = EDGE_LOOP ( 'NONE', ( #554, #1905 ) ) ;
#1758 = CARTESIAN_POINT ( 'NONE',  ( -79.99999999999975842, 0.000000000000000000, -64.99999999999988631 ) ) ;
#1759 = ORIENTED_EDGE ( 'NONE', *, *, #2423, .F. ) ;
#1760 = CIRCLE ( 'NONE', #2255, 2.100000000000004530 ) ;
#1761 = CARTESIAN_POINT ( 'NONE',  ( 65.00000000000000000, 11.75000000000000000, 31.68038767011779910 ) ) ;
#1762 = VECTOR ( 'NONE', #69, 1000.000000000000000 ) ;
#1763 = AXIS2_PLACEMENT_3D ( 'NONE', #1172, #3037, #2819 ) ;
#1764 = DIRECTION ( 'NONE',  ( 0.000000000000000000, 0.000000000000000000, 1.000000000000000000 ) ) ;
#1765 = ORIENTED_EDGE ( 'NONE', *, *, #1735, .F. ) ;
#1766 = DIRECTION ( 'NONE',  ( 0.000000000000000000, 0.000000000000000000, 1.000000000000000000 ) ) ;
#1767 = CIRCLE ( 'NONE', #2367, 2.100000000000004530 ) ;
#1768 = CARTESIAN_POINT ( 'NONE',  ( -81.00000000000000000, 9.000000000000000000, 18.15000000000002700 ) ) ;
#1769 = ORIENTED_EDGE ( 'NONE', *, *, #505, .T. ) ;
#1770 = LINE ( 'NONE', #2937, #1492 ) ;
#1771 = EDGE_CURVE ( 'NONE', #2727, #688, #2834, .T. ) ;
#1772 = EDGE_CURVE ( 'NONE', #2307, #2540, #2, .T. ) ;
#1773 = FACE_BOUND ( 'NONE', #205, .T. ) ;
#1774 = CARTESIAN_POINT ( 'NONE',  ( 81.00000000000000000, 0.000000000000000000, 20.25000000000003197 ) ) ;
#1775 = CARTESIAN_POINT ( 'NONE',  ( -93.00000000000001421, 19.50000000000000000, 44.00000000000008527 ) ) ;
#1776 = CARTESIAN_POINT ( 'NONE',  ( 16.99999999999999289, 28.99999999999999645, 90.00000000000007105 ) ) ;
#1777 = VERTEX_POINT ( 'NONE', #962 ) ;
#1778 = LINE ( 'NONE', #581, #2329 ) ;
#1779 = ORIENTED_EDGE ( 'NONE', *, *, #495, .T. ) ;
#1780 = DIRECTION ( 'NONE',  ( -0.000000000000000000, -0.000000000000000000, 1.000000000000000000 ) ) ;
#1781 = VERTEX_POINT ( 'NONE', #450 ) ;
#1782 = AXIS2_PLACEMENT_3D ( 'NONE', #1514, #2457, #34 ) ;
#1783 = FACE_BOUND ( 'NONE', #1573, .T. ) ;
#1784 = VECTOR ( 'NONE', #3038, 1000.000000000000000 ) ;
#1785 = ORIENTED_EDGE ( 'NONE', *, *, #1055, .F. ) ;
#1786 = DIRECTION ( 'NONE',  ( -1.000000000000000000, -0.000000000000000000, 2.775557561562890957E-15 ) ) ;
#1787 = ORIENTED_EDGE ( 'NONE', *, *, #2110, .T. ) ;
#1788 = AXIS2_PLACEMENT_3D ( 'NONE', #464, #255, #2122 ) ;
#1789 = FACE_OUTER_BOUND ( 'NONE', #879, .T. ) ;
#1790 = FACE_BOUND ( 'NONE', #35, .T. ) ;
#1791 = CARTESIAN_POINT ( 'NONE',  ( -37.29999999999999716, 0.000000000000000000, 53.65000000000003411 ) ) ;
#1792 = CARTESIAN_POINT ( 'NONE',  ( -7.746999999999997222, 9.000000000000000000, -70.00000000000005684 ) ) ;
#1793 = EDGE_CURVE ( 'NONE', #186, #2290, #166, .T. ) ;
#1794 = DIRECTION ( 'NONE',  ( -1.000000000000000000, 0.000000000000000000, 1.835686217964875531E-16 ) ) ;
#1795 = ORIENTED_EDGE ( 'NONE', *, *, #1166, .T. ) ;
#1796 = CARTESIAN_POINT ( 'NONE',  ( -93.00000000000001421, 19.50000000000000000, 38.00000000000008527 ) ) ;
#1797 = ORIENTED_EDGE ( 'NONE', *, *, #197, .F. ) ;
#1798 = PRESENTATION_STYLE_ASSIGNMENT (( #381 ) ) ;
#1799 = ORIENTED_EDGE ( 'NONE', *, *, #250, .T. ) ;
#1800 = FACE_BOUND ( 'NONE', #2835, .T. ) ;
#1801 = LINE ( 'NONE', #1375, #1334 ) ;
#1802 = EDGE_LOOP ( 'NONE', ( #251, #2748 ) ) ;
#1803 = DIRECTION ( 'NONE',  ( 0.000000000000000000, 0.000000000000000000, 1.000000000000000000 ) ) ;
#1804 = EDGE_CURVE ( 'NONE', #1943, #1258, #2609, .T. ) ;
#1805 = DIRECTION ( 'NONE',  ( 0.000000000000000000, 1.000000000000000000, 0.000000000000000000 ) ) ;
#1806 = CARTESIAN_POINT ( 'NONE',  ( -90.00000000000000000, 11.75000000000000000, 45.00000000000007105 ) ) ;
#1807 = EDGE_CURVE ( 'NONE', #1483, #1208, #497, .T. ) ;
#1808 = CARTESIAN_POINT ( 'NONE',  ( -81.00000000000000000, 0.000000000000000000, 53.65000000000002700 ) ) ;
#1809 = PLANE ( 'NONE',  #2759 ) ;
#1810 = ORIENTED_EDGE ( 'NONE', *, *, #834, .F. ) ;
#1811 = CARTESIAN_POINT ( 'NONE',  ( -64.99999999999972999, 0.000000000000000000, 78.40000000000001990 ) ) ;
#1812 = EDGE_CURVE ( 'NONE', #2495, #1923, #2848, .T. ) ;
#1813 = VERTEX_POINT ( 'NONE', #3084 ) ;
#1814 = FILL_AREA_STYLE_COLOUR ( '', #2511 ) ;
#1815 = ORIENTED_EDGE ( 'NONE', *, *, #1340, .T. ) ;
#1816 = FACE_OUTER_BOUND ( 'NONE', #1422, .T. ) ;
#1817 = CIRCLE ( 'NONE', #2862, 6.000000000000005329 ) ;
#1818 = AXIS2_PLACEMENT_3D ( 'NONE', #2348, #196, #451 ) ;
#1819 = LINE ( 'NONE', #878, #2774 ) ;
#1820 = LINE ( 'NONE', #627, #1380 ) ;
#1821 = AXIS2_PLACEMENT_3D ( 'NONE', #392, #2018, #95 ) ;
#1822 = LINE ( 'NONE', #2773, #1935 ) ;
#1823 = CARTESIAN_POINT ( 'NONE',  ( -37.29999999999999716, 0.000000000000000000, 55.75000000000002842 ) ) ;
#1824 = DIRECTION ( 'NONE',  ( 0.000000000000000000, 0.000000000000000000, 1.000000000000000000 ) ) ;
#1825 = ORIENTED_EDGE ( 'NONE', *, *, #2641, .T. ) ;
#1826 = LINE ( 'NONE', #2304, #1247 ) ;
#1827 = AXIS2_PLACEMENT_3D ( 'NONE', #1049, #780, #1968 ) ;
#1828 = ORIENTED_EDGE ( 'NONE', *, *, #2537, .T. ) ;
#1829 = DIRECTION ( 'NONE',  ( 0.000000000000000000, 1.000000000000000000, 0.000000000000000000 ) ) ;
#1830 = VERTEX_POINT ( 'NONE', #740 ) ;
#1831 = PLANE ( 'NONE',  #2574 ) ;
#1832 = ADVANCED_FACE ( 'NONE', ( #710 ), #675, .F. ) ;
#1833 = EDGE_CURVE ( 'NONE', #861, #2526, #1636, .T. ) ;
#1834 = VECTOR ( 'NONE', #1982, 1000.000000000000000 ) ;
#1835 = ORIENTED_EDGE ( 'NONE', *, *, #2746, .T. ) ;
#1836 = LINE ( 'NONE', #643, #54 ) ;
#1837 = ORIENTED_EDGE ( 'NONE', *, *, #2669, .F. ) ;
#1838 = VECTOR ( 'NONE', #1012, 1000.000000000000000 ) ;
#1839 = DIRECTION ( 'NONE',  ( 0.000000000000000000, 0.000000000000000000, 1.000000000000000000 ) ) ;
#1840 = AXIS2_PLACEMENT_3D ( 'NONE', #1774, #355, #2721 ) ;
#1841 = DIRECTION ( 'NONE',  ( 1.000000000000000000, 0.000000000000000000, -2.775557561562890957E-15 ) ) ;
#1842 = DIRECTION ( 'NONE',  ( -0.000000000000000000, -0.000000000000000000, -1.000000000000000000 ) ) ;
#1843 = ORIENTED_EDGE ( 'NONE', *, *, #650, .F. ) ;
#1844 = LINE ( 'NONE', #2961, #1933 ) ;
#1845 = ORIENTED_EDGE ( 'NONE', *, *, #2283, .F. ) ;
#1846 = DIRECTION ( 'NONE',  ( 0.000000000000000000, 1.000000000000000000, 0.000000000000000000 ) ) ;
#1847 = ORIENTED_EDGE ( 'NONE', *, *, #3052, .F. ) ;
#1848 = DIRECTION ( 'NONE',  ( 1.067522139062651164E-16, -0.000000000000000000, 1.000000000000000000 ) ) ;
#1849 = ADVANCED_FACE ( 'NONE', ( #231 ), #1168, .F. ) ;
#1850 = VERTEX_POINT ( 'NONE', #1911 ) ;
#1851 = CARTESIAN_POINT ( 'NONE',  ( 90.00000000000001421, 19.50000000000000000, 48.00000000000007105 ) ) ;
#1852 = VERTEX_POINT ( 'NONE', #2860 ) ;
#1853 = EDGE_CURVE ( 'NONE', #1403, #1861, #1282, .T. ) ;
#1854 = CARTESIAN_POINT ( 'NONE',  ( -64.99999999999975842, 9.000000000000000000, -90.00000000000007105 ) ) ;
#1855 = DIRECTION ( 'NONE',  ( 0.000000000000000000, 0.000000000000000000, -1.000000000000000000 ) ) ;
#1856 = DIRECTION ( 'NONE',  ( -0.000000000000000000, -1.000000000000000000, -0.000000000000000000 ) ) ;
#1857 = CARTESIAN_POINT ( 'NONE',  ( -90.00000000000000000, 9.000000000000000000, -64.99999999999987210 ) ) ;
#1858 = ORIENTED_EDGE ( 'NONE', *, *, #557, .F. ) ;
#1859 = EDGE_LOOP ( 'NONE', ( #896, #33, #1517, #442 ) ) ;
#1860 = DIRECTION ( 'NONE',  ( -0.000000000000000000, 1.000000000000000000, -0.000000000000000000 ) ) ;
#1861 = VERTEX_POINT ( 'NONE', #300 ) ;
#1862 = CARTESIAN_POINT ( 'NONE',  ( 93.00000000000001421, 19.50000000000000000, 32.00000000000006395 ) ) ;
#1863 = DIRECTION ( 'NONE',  ( -1.067522139062651041E-16, 0.000000000000000000, -1.000000000000000000 ) ) ;
#1864 = ORIENTED_EDGE ( 'NONE', *, *, #2237, .T. ) ;
#1865 = DIRECTION ( 'NONE',  ( 0.000000000000000000, 0.000000000000000000, -1.000000000000000000 ) ) ;
#1866 = ORIENTED_EDGE ( 'NONE', *, *, #1191, .T. ) ;
#1867 = DIRECTION ( 'NONE',  ( -0.000000000000000000, 1.000000000000000000, -0.000000000000000000 ) ) ;
#1868 = VECTOR ( 'NONE', #1469, 1000.000000000000000 ) ;
#1869 = CARTESIAN_POINT ( 'NONE',  ( -79.99999999999974420, 0.000000000000000000, 65.00000000000001421 ) ) ;
#1870 = EDGE_CURVE ( 'NONE', #2570, #2413, #1275, .T. ) ;
#1871 = VECTOR ( 'NONE', #1930, 1000.000000000000000 ) ;
#1872 = LINE ( 'NONE', #2084, #916 ) ;
#1873 = LINE ( 'NONE', #2823, #352 ) ;
#1874 = ORIENTED_EDGE ( 'NONE', *, *, #1716, .T. ) ;
#1875 = EDGE_LOOP ( 'NONE', ( #1407, #694, #334, #1858 ) ) ;
#1876 = FACE_OUTER_BOUND ( 'NONE', #2578, .T. ) ;
#1877 = ORIENTED_EDGE ( 'NONE', *, *, #315, .T. ) ;
#1878 = DIRECTION ( 'NONE',  ( 0.000000000000000000, -1.000000000000000000, -3.558407130208835242E-16 ) ) ;
#1879 = EDGE_CURVE ( 'NONE', #2686, #2075, #2971, .T. ) ;
#1880 = ORIENTED_EDGE ( 'NONE', *, *, #2740, .T. ) ;
#1881 = AXIS2_PLACEMENT_3D ( 'NONE', #1706, #2934, #1766 ) ;
#1882 = CARTESIAN_POINT ( 'NONE',  ( 93.00000000000001421, 0.000000000000000000, 28.00000000000007105 ) ) ;
#1883 = EDGE_LOOP ( 'NONE', ( #49, #2218 ) ) ;
#1884 = CARTESIAN_POINT ( 'NONE',  ( -79.99999999999975842, 0.000000000000000000, -66.59999999999989484 ) ) ;
#1885 = CIRCLE ( 'NONE', #1639, 1.600000000000004086 ) ;
#1886 = CARTESIAN_POINT ( 'NONE',  ( 79.99999999999977263, 9.000000000000000000, 63.40000000000002700 ) ) ;
#1887 = AXIS2_PLACEMENT_3D ( 'NONE', #2596, #1427, #2435 ) ;
#1888 = DIRECTION ( 'NONE',  ( 0.000000000000000000, 1.000000000000000000, 0.000000000000000000 ) ) ;
#1889 = EDGE_CURVE ( 'NONE', #1904, #193, #2017, .T. ) ;
#1890 = CARTESIAN_POINT ( 'NONE',  ( -93.00000000000001421, 19.50000000000000000, 38.00000000000008527 ) ) ;
#1891 = ORIENTED_EDGE ( 'NONE', *, *, #1015, .T. ) ;
#1892 = PRODUCT_DEFINITION_FORMATION_WITH_SPECIFIED_SOURCE ( 'ANY', '', #2334, .NOT_KNOWN. ) ;
#1893 = ORIENTED_EDGE ( 'NONE', *, *, #1771, .T. ) ;
#1894 = EDGE_CURVE ( 'NONE', #1451, #1999, #2419, .T. ) ;
#1895 = DIRECTION ( 'NONE',  ( 1.000000000000000000, 0.000000000000000000, 0.000000000000000000 ) ) ;
#1896 = ORIENTED_EDGE ( 'NONE', *, *, #2381, .T. ) ;
#1897 = DIRECTION ( 'NONE',  ( -0.000000000000000000, 1.000000000000000000, -0.000000000000000000 ) ) ;
#1898 = VERTEX_POINT ( 'NONE', #1489 ) ;
#1899 = LINE ( 'NONE', #2107, #2322 ) ;
#1900 = EDGE_CURVE ( 'NONE', #1547, #580, #274, .T. ) ;
#1901 = CARTESIAN_POINT ( 'NONE',  ( 16.99999999999999645, 9.000000000000000000, 85.00000000000004263 ) ) ;
#1902 = FACE_OUTER_BOUND ( 'NONE', #1134, .T. ) ;
#1903 = FACE_OUTER_BOUND ( 'NONE', #2962, .T. ) ;
#1904 = VERTEX_POINT ( 'NONE', #2460 ) ;
#1905 = ORIENTED_EDGE ( 'NONE', *, *, #1793, .F. ) ;
#1906 = EDGE_LOOP ( 'NONE', ( #1648, #931, #342, #1936 ) ) ;
#1907 = CARTESIAN_POINT ( 'NONE',  ( -7.746999999999997222, 0.000000000000000000, -71.09500000000005571 ) ) ;
#1908 = ADVANCED_FACE ( 'NONE', ( #2418 ), #2240, .F. ) ;
#1909 = ADVANCED_FACE ( 'NONE', ( #2687, #2227 ), #568, .T. ) ;
#1910 = ORIENTED_EDGE ( 'NONE', *, *, #902, .T. ) ;
#1911 = CARTESIAN_POINT ( 'NONE',  ( -21.99999999999999645, 9.000000000000000000, 80.00000000000005684 ) ) ;
#1912 = FACE_OUTER_BOUND ( 'NONE', #1132, .T. ) ;
#1913 = LINE ( 'NONE', #728, #785 ) ;
#1914 = CIRCLE ( 'NONE', #1378, 2.099999999999997868 ) ;
#1915 = VECTOR ( 'NONE', #3000, 1000.000000000000000 ) ;
#1916 = LINE ( 'NONE', #2550, #1377 ) ;
#1917 = ORIENTED_EDGE ( 'NONE', *, *, #83, .F. ) ;
#1918 = CIRCLE ( 'NONE', #2410, 2.100000000000004530 ) ;
#1919 = CARTESIAN_POINT ( 'NONE',  ( -81.00000000000000000, 9.000000000000000000, 20.25000000000003197 ) ) ;
#1920 = VERTEX_POINT ( 'NONE', #1533 ) ;
#1921 = AXIS2_PLACEMENT_3D ( 'NONE', #1963, #746, #506 ) ;
#1922 = DIRECTION ( 'NONE',  ( -0.000000000000000000, 1.000000000000000000, -0.000000000000000000 ) ) ;
#1923 = VERTEX_POINT ( 'NONE', #1289 ) ;
#1924 = DIRECTION ( 'NONE',  ( -0.000000000000000000, 1.000000000000000000, -0.000000000000000000 ) ) ;
#1925 = CARTESIAN_POINT ( 'NONE',  ( -10.00000000000000000, 9.000000000000000000, -58.49999999999995026 ) ) ;
#1926 = EDGE_CURVE ( 'NONE', #1850, #2530, #806, .T. ) ;
#1927 = ORIENTED_EDGE ( 'NONE', *, *, #504, .T. ) ;
#1928 = LINE ( 'NONE', #1882, #2672 ) ;
#1929 = AXIS2_PLACEMENT_3D ( 'NONE', #2262, #1590, #1119 ) ;
#1930 = DIRECTION ( 'NONE',  ( 1.000000000000000000, -0.000000000000000000, -0.000000000000000000 ) ) ;
#1931 = AXIS2_PLACEMENT_3D ( 'NONE', #2797, #876, #2043 ) ;
#1932 = DIRECTION ( 'NONE',  ( 0.000000000000000000, 0.000000000000000000, 1.000000000000000000 ) ) ;
#1933 = VECTOR ( 'NONE', #820, 1000.000000000000000 ) ;
#1934 = DIRECTION ( 'NONE',  ( 1.000000000000000000, 0.000000000000000000, 1.067522139062651041E-16 ) ) ;
#1935 = VECTOR ( 'NONE', #628, 1000.000000000000000 ) ;
#1936 = ORIENTED_EDGE ( 'NONE', *, *, #2478, .T. ) ;
#1937 = DIRECTION ( 'NONE',  ( 0.000000000000000000, 0.000000000000000000, -1.000000000000000000 ) ) ;
#1938 = EDGE_LOOP ( 'NONE', ( #1245, #968 ) ) ;
#1939 = LINE ( 'NONE', #1246, #990 ) ;
#1940 =( NAMED_UNIT ( * ) PLANE_ANGLE_UNIT ( ) SI_UNIT ( $, .RADIAN. ) );
#1941 = PRODUCT_DEFINITION_SHAPE ( 'NONE', 'NONE',  #215 ) ;
#1942 = EDGE_CURVE ( 'NONE', #533, #1163, #2269, .T. ) ;
#1943 = VERTEX_POINT ( 'NONE', #511 ) ;
#1944 = CARTESIAN_POINT ( 'NONE',  ( 81.00000000000000000, 0.000000000000000000, 55.75000000000002842 ) ) ;
#1945 = CARTESIAN_POINT ( 'NONE',  ( 81.00000000000000000, 0.000000000000000000, 57.85000000000002984 ) ) ;
#1946 = ADVANCED_FACE ( 'NONE', ( #1478 ), #750, .F. ) ;
#1947 = EDGE_CURVE ( 'NONE', #582, #1977, #2917, .T. ) ;
#1948 = DIRECTION ( 'NONE',  ( -0.000000000000000000, 1.000000000000000000, -0.000000000000000000 ) ) ;
#1949 = ORIENTED_EDGE ( 'NONE', *, *, #1942, .F. ) ;
#1950 = DIRECTION ( 'NONE',  ( 0.000000000000000000, 1.000000000000000000, 0.000000000000000000 ) ) ;
#1951 = ORIENTED_EDGE ( 'NONE', *, *, #427, .F. ) ;
#1952 = DIRECTION ( 'NONE',  ( 0.000000000000000000, 1.000000000000000000, 0.000000000000000000 ) ) ;
#1953 = ORIENTED_EDGE ( 'NONE', *, *, #2582, .F. ) ;
#1954 = DIRECTION ( 'NONE',  ( 0.000000000000000000, 0.000000000000000000, 1.000000000000000000 ) ) ;
#1955 = FACE_OUTER_BOUND ( 'NONE', #1181, .T. ) ;
#1956 = CARTESIAN_POINT ( 'NONE',  ( 79.99999999999975842, 9.000000000000000000, -64.99999999999988631 ) ) ;
#1957 = PLANE ( 'NONE',  #2836 ) ;
#1958 = DIRECTION ( 'NONE',  ( -0.000000000000000000, 1.000000000000000000, -0.000000000000000000 ) ) ;
#1959 = EDGE_CURVE ( 'NONE', #2081, #2229, #476, .T. ) ;
#1960 = ADVANCED_FACE ( 'NONE', ( #2180 ), #1306, .F. ) ;
#1961 = AXIS2_PLACEMENT_3D ( 'NONE', #2938, #1241, #2187 ) ;
#1962 = ORIENTED_EDGE ( 'NONE', *, *, #344, .F. ) ;
#1963 = CARTESIAN_POINT ( 'NONE',  ( -79.99999999999974420, 0.000000000000000000, 65.00000000000001421 ) ) ;
#1964 = ORIENTED_EDGE ( 'NONE', *, *, #1716, .F. ) ;
#1965 = DIRECTION ( 'NONE',  ( 0.000000000000000000, 0.000000000000000000, 1.000000000000000000 ) ) ;
#1966 = AXIS2_PLACEMENT_3D ( 'NONE', #742, #1696, #1707 ) ;
#1967 = ORIENTED_EDGE ( 'NONE', *, *, #439, .T. ) ;
#1968 = DIRECTION ( 'NONE',  ( 0.000000000000000000, 0.000000000000000000, 1.000000000000000000 ) ) ;
#1969 = DIRECTION ( 'NONE',  ( -0.000000000000000000, -1.000000000000000000, -0.000000000000000000 ) ) ;
#1970 = DIRECTION ( 'NONE',  ( 0.000000000000000000, 0.000000000000000000, 1.000000000000000000 ) ) ;
#1971 = ORIENTED_EDGE ( 'NONE', *, *, #2908, .T. ) ;
#1972 = LINE ( 'NONE', #41, #2130 ) ;
#1973 = DIRECTION ( 'NONE',  ( -0.000000000000000000, -1.000000000000000000, -0.000000000000000000 ) ) ;
#1974 = LINE ( 'NONE', #2924, #375 ) ;
#1975 = ORIENTED_EDGE ( 'NONE', *, *, #162, .F. ) ;
#1976 = PLANE ( 'NONE',  #926 ) ;
#1977 = VERTEX_POINT ( 'NONE', #2901 ) ;
#1978 = LINE ( 'NONE', #2930, #2172 ) ;
#1979 = AXIS2_PLACEMENT_3D ( 'NONE', #285, #2653, #1747 ) ;
#1980 = VECTOR ( 'NONE', #2013, 1000.000000000000000 ) ;
#1981 = ORIENTED_EDGE ( 'NONE', *, *, #344, .T. ) ;
#1982 = DIRECTION ( 'NONE',  ( -0.000000000000000000, 1.000000000000000000, -0.000000000000000000 ) ) ;
#1983 = VECTOR ( 'NONE', #1633, 1000.000000000000000 ) ;
#1984 = LINE ( 'NONE', #1572, #2070 ) ;
#1985 = EDGE_LOOP ( 'NONE', ( #2777, #1765, #2063, #2164 ) ) ;
#1986 = DIRECTION ( 'NONE',  ( -1.000000000000000000, 0.000000000000000000, 1.067522139062651041E-16 ) ) ;
#1987 = EDGE_CURVE ( 'NONE', #370, #2495, #764, .T. ) ;
#1988 = CARTESIAN_POINT ( 'NONE',  ( -7.746999999999997222, 0.000000000000000000, -68.90500000000005798 ) ) ;
#1989 = DIRECTION ( 'NONE',  ( 0.000000000000000000, 0.000000000000000000, -1.000000000000000000 ) ) ;
#1990 = ORIENTED_EDGE ( 'NONE', *, *, #1894, .T. ) ;
#1991 = CARTESIAN_POINT ( 'NONE',  ( 79.99999999999975842, 9.000000000000000000, -64.99999999999988631 ) ) ;
#1992 = VERTEX_POINT ( 'NONE', #2698 ) ;
#1993 = CARTESIAN_POINT ( 'NONE',  ( 90.00000000000000000, 11.75000000000000000, 45.00000000000007105 ) ) ;
#1994 = ORIENTED_EDGE ( 'NONE', *, *, #2542, .T. ) ;
#1995 = DIRECTION ( 'NONE',  ( 0.000000000000000000, 0.000000000000000000, 1.000000000000000000 ) ) ;
#1996 = EDGE_CURVE ( 'NONE', #1341, #828, #318, .T. ) ;
#1997 = ADVANCED_FACE ( 'NONE', ( #1602 ), #139, .F. ) ;
#1998 = DIRECTION ( 'NONE',  ( 0.000000000000000000, 1.000000000000000000, 3.558407130208835242E-16 ) ) ;
#1999 = VERTEX_POINT ( 'NONE', #157 ) ;
#2000 = CARTESIAN_POINT ( 'NONE',  ( -90.00000000000000000, 9.000000000000000000, 65.00000000000002842 ) ) ;
#2001 = CARTESIAN_POINT ( 'NONE',  ( -93.00000000000001421, 0.000000000000000000, 48.00000000000007816 ) ) ;
#2002 = CARTESIAN_POINT ( 'NONE',  ( 79.99999999999977263, 9.000000000000000000, 65.00000000000002842 ) ) ;
#2003 = CARTESIAN_POINT ( 'NONE',  ( 7.747000000000002551, 0.000000000000000000, -68.90500000000005798 ) ) ;
#2004 = PLANE ( 'NONE',  #808 ) ;
#2005 = ORIENTED_EDGE ( 'NONE', *, *, #197, .T. ) ;
#2006 = DIRECTION ( 'NONE',  ( 0.000000000000000000, 1.000000000000000000, 0.000000000000000000 ) ) ;
#2007 = CARTESIAN_POINT ( 'NONE',  ( 79.99999999999977263, 0.000000000000000000, 63.40000000000002700 ) ) ;
#2008 = ORIENTED_EDGE ( 'NONE', *, *, #177, .T. ) ;
#2009 = CYLINDRICAL_SURFACE ( 'NONE', #1587, 2.100000000000004530 ) ;
#2010 = CIRCLE ( 'NONE', #2259, 2.100000000000004530 ) ;
#2011 = CARTESIAN_POINT ( 'NONE',  ( -37.29999999999999716, 0.000000000000000000, 20.25000000000003197 ) ) ;
#2012 = ORIENTED_EDGE ( 'NONE', *, *, #116, .T. ) ;
#2013 = DIRECTION ( 'NONE',  ( -0.000000000000000000, -1.000000000000000000, -0.000000000000000000 ) ) ;
#2014 = DIRECTION ( 'NONE',  ( 0.000000000000000000, 0.000000000000000000, 1.000000000000000000 ) ) ;
#2015 = LINE ( 'NONE', #591, #2474 ) ;
#2016 = CARTESIAN_POINT ( 'NONE',  ( -93.00000000000001421, 19.50000000000000000, 44.00000000000008527 ) ) ;
#2017 = CIRCLE ( 'NONE', #680, 2.100000000000004530 ) ;
#2018 = DIRECTION ( 'NONE',  ( 0.000000000000000000, 1.000000000000000000, 0.000000000000000000 ) ) ;
#2019 = ORIENTED_EDGE ( 'NONE', *, *, #1623, .F. ) ;
#2020 = CARTESIAN_POINT ( 'NONE',  ( 79.99999999999975842, 0.000000000000000000, -64.99999999999988631 ) ) ;
#2021 = ADVANCED_FACE ( 'NONE', ( #383 ), #2009, .F. ) ;
#2022 = VERTEX_POINT ( 'NONE', #1135 ) ;
#2023 = DIRECTION ( 'NONE',  ( -0.000000000000000000, -0.000000000000000000, 1.000000000000000000 ) ) ;
#2024 = ORIENTED_EDGE ( 'NONE', *, *, #1384, .T. ) ;
#2025 = VECTOR ( 'NONE', #457, 1000.000000000000000 ) ;
#2026 = FACE_OUTER_BOUND ( 'NONE', #822, .T. ) ;
#2027 = AXIS2_PLACEMENT_3D ( 'NONE', #2647, #1708, #2197 ) ;
#2028 = CARTESIAN_POINT ( 'NONE',  ( 10.00000000000000000, 28.99999999999999645, -58.49999999999995026 ) ) ;
#2029 = ORIENTED_EDGE ( 'NONE', *, *, #914, .F. ) ;
#2030 = CARTESIAN_POINT ( 'NONE',  ( 90.00000000000000000, 11.75000000000000000, 45.00000000000007105 ) ) ;
#2031 = EDGE_CURVE ( 'NONE', #1043, #331, #1356, .T. ) ;
#2032 = APPLICATION_CONTEXT ( 'automotive_design' ) ;
#2033 = FACE_BOUND ( 'NONE', #969, .T. ) ;
#2034 = DIRECTION ( 'NONE',  ( -1.000000000000000000, 0.000000000000000000, 1.067522139062651041E-16 ) ) ;
#2035 = ADVANCED_FACE ( 'NONE', ( #1816 ), #2277, .T. ) ;
#2036 = CARTESIAN_POINT ( 'NONE',  ( 90.00000000000001421, 19.50000000000000000, 38.00000000000007105 ) ) ;
#2037 = FACE_OUTER_BOUND ( 'NONE', #1680, .T. ) ;
#2038 = VERTEX_POINT ( 'NONE', #2541 ) ;
#2039 = DIRECTION ( 'NONE',  ( 0.000000000000000000, 0.000000000000000000, -1.000000000000000000 ) ) ;
#2040 = ORIENTED_EDGE ( 'NONE', *, *, #914, .T. ) ;
#2041 = DIRECTION ( 'NONE',  ( 1.000000000000000000, 0.000000000000000000, 0.000000000000000000 ) ) ;
#2042 = ORIENTED_EDGE ( 'NONE', *, *, #2364, .T. ) ;
#2043 = DIRECTION ( 'NONE',  ( 0.000000000000000000, 0.000000000000000000, -1.000000000000000000 ) ) ;
#2044 = ORIENTED_EDGE ( 'NONE', *, *, #3108, .T. ) ;
#2045 = LINE ( 'NONE', #895, #1725 ) ;
#2046 = EDGE_LOOP ( 'NONE', ( #1581, #2571 ) ) ;
#2047 = DIRECTION ( 'NONE',  ( 0.000000000000000000, 1.000000000000000000, 3.558407130208835242E-16 ) ) ;
#2048 = DIRECTION ( 'NONE',  ( -0.000000000000000000, 1.000000000000000000, -0.000000000000000000 ) ) ;
#2049 = CYLINDRICAL_SURFACE ( 'NONE', #1565, 6.000000000000005329 ) ;
#2050 = EDGE_CURVE ( 'NONE', #1813, #1405, #2072, .T. ) ;
#2051 = EDGE_CURVE ( 'NONE', #1317, #1992, #366, .T. ) ;
#2052 = CARTESIAN_POINT ( 'NONE',  ( -10.00000000000000000, 9.000000000000000000, -58.49999999999995026 ) ) ;
#2053 = ORIENTED_EDGE ( 'NONE', *, *, #1235, .T. ) ;
#2054 = DIRECTION ( 'NONE',  ( -1.000000000000000000, -0.000000000000000000, -0.000000000000000000 ) ) ;
#2055 = VECTOR ( 'NONE', #2725, 1000.000000000000000 ) ;
#2056 = ORIENTED_EDGE ( 'NONE', *, *, #834, .T. ) ;
#2057 = CIRCLE ( 'NONE', #1619, 2.099999999999997868 ) ;
#2058 = CARTESIAN_POINT ( 'NONE',  ( 93.00000000000001421, 0.000000000000000000, 28.00000000000007105 ) ) ;
#2059 = EDGE_LOOP ( 'NONE', ( #1605, #2341, #1891, #443 ) ) ;
#2060 = FACE_BOUND ( 'NONE', #2373, .T. ) ;
#2061 = VECTOR ( 'NONE', #2780, 1000.000000000000000 ) ;
#2062 = LINE ( 'NONE', #2799, #516 ) ;
#2063 = ORIENTED_EDGE ( 'NONE', *, *, #2311, .F. ) ;
#2064 = EDGE_CURVE ( 'NONE', #1341, #2370, #585, .T. ) ;
#2065 = LINE ( 'NONE', #800, #1473 ) ;
#2066 = LINE ( 'NONE', #2821, #1640 ) ;
#2067 = LINE ( 'NONE', #1348, #2404 ) ;
#2068 = FACE_OUTER_BOUND ( 'NONE', #1169, .T. ) ;
#2069 = ORIENTED_EDGE ( 'NONE', *, *, #2360, .T. ) ;
#2070 = VECTOR ( 'NONE', #1104, 1000.000000000000000 ) ;
#2071 = CARTESIAN_POINT ( 'NONE',  ( -21.99999999999999645, 28.99999999999999645, 80.00000000000005684 ) ) ;
#2072 = CIRCLE ( 'NONE', #1931, 25.00000000000001421 ) ;
#2073 = ORIENTED_EDGE ( 'NONE', *, *, #1199, .T. ) ;
#2074 = CARTESIAN_POINT ( 'NONE',  ( 22.00000000000000000, 28.99999999999999645, 85.00000000000005684 ) ) ;
#2075 = VERTEX_POINT ( 'NONE', #1550 ) ;
#2076 = FACE_BOUND ( 'NONE', #1435, .T. ) ;
#2077 = ADVANCED_FACE ( 'NONE', ( #2559, #1117, #2060, #1800, #1783, #1338, #2492, #2076, #1615, #2733, #348, #2308, #102, #3030, #3015, #1320, #2749, #414, #398 ), #1831, .T. ) ;
#2078 = CIRCLE ( 'NONE', #737, 1.600000000000004086 ) ;
#2079 = EDGE_LOOP ( 'NONE', ( #1439, #2535 ) ) ;
#2080 = CARTESIAN_POINT ( 'NONE',  ( -65.00000000000000000, 9.000000000000000000, 65.00000000000002842 ) ) ;
#2081 = VERTEX_POINT ( 'NONE', #2258 ) ;
#2082 = CARTESIAN_POINT ( 'NONE',  ( 7.747000000000002551, 0.000000000000000000, -71.09500000000005571 ) ) ;
#2083 = ADVANCED_FACE ( 'NONE', ( #2026 ), #121, .F. ) ;
#2084 = CARTESIAN_POINT ( 'NONE',  ( -16.99999999999999289, 28.99999999999999645, 85.00000000000004263 ) ) ;
#2085 = EDGE_CURVE ( 'NONE', #875, #2896, #2627, .T. ) ;
#2086 = DIRECTION ( 'NONE',  ( 1.067522139062651041E-16, 0.000000000000000000, 1.000000000000000000 ) ) ;
#2087 = ORIENTED_EDGE ( 'NONE', *, *, #1735, .T. ) ;
#2088 = ORIENTED_EDGE ( 'NONE', *, *, #1710, .T. ) ;
#2089 =( LENGTH_UNIT ( ) NAMED_UNIT ( * ) SI_UNIT ( .MILLI., .METRE. ) );
#2090 = ORIENTED_EDGE ( 'NONE', *, *, #363, .F. ) ;
#2091 = CARTESIAN_POINT ( 'NONE',  ( -79.99999999999975842, 0.000000000000000000, -64.99999999999988631 ) ) ;
#2092 = CARTESIAN_POINT ( 'NONE',  ( -93.00000000000001421, 19.50000000000000000, 38.00000000000008527 ) ) ;
#2093 = ADVANCED_FACE ( 'NONE', ( #1065 ), #1164, .F. ) ;
#2094 = ORIENTED_EDGE ( 'NONE', *, *, #965, .F. ) ;
#2095 = LINE ( 'NONE', #1152, #163 ) ;
#2096 = ORIENTED_EDGE ( 'NONE', *, *, #1404, .F. ) ;
#2097 = DIRECTION ( 'NONE',  ( -0.000000000000000000, -1.000000000000000000, -0.000000000000000000 ) ) ;
#2098 = CARTESIAN_POINT ( 'NONE',  ( 93.00000000000001421, 19.50000000000000000, 38.00000000000007105 ) ) ;
#2099 = CARTESIAN_POINT ( 'NONE',  ( 64.99999999999978684, 0.000000000000000000, 78.40000000000001990 ) ) ;
#2100 = DIRECTION ( 'NONE',  ( 0.000000000000000000, 0.000000000000000000, 1.000000000000000000 ) ) ;
#2101 = ORIENTED_EDGE ( 'NONE', *, *, #929, .F. ) ;
#2102 = EDGE_LOOP ( 'NONE', ( #625, #2249, #2586, #106, #1226, #1877 ) ) ;
#2103 = CARTESIAN_POINT ( 'NONE',  ( -64.99999999999975842, 9.000000000000000000, -79.99999999999988631 ) ) ;
#2104 = ORIENTED_EDGE ( 'NONE', *, *, #1199, .F. ) ;
#2105 = CARTESIAN_POINT ( 'NONE',  ( -37.29999999999999716, 9.000000000000000000, 18.15000000000003411 ) ) ;
#2106 = ORIENTED_EDGE ( 'NONE', *, *, #2591, .T. ) ;
#2107 = CARTESIAN_POINT ( 'NONE',  ( -21.99999999999999645, 9.000000000000000000, 80.00000000000005684 ) ) ;
#2108 = ORIENTED_EDGE ( 'NONE', *, *, #2892, .F. ) ;
#2109 = VECTOR ( 'NONE', #1656, 1000.000000000000000 ) ;
#2110 = EDGE_CURVE ( 'NONE', #2654, #826, #3063, .T. ) ;
#2111 = FACE_OUTER_BOUND ( 'NONE', #2441, .T. ) ;
#2112 = AXIS2_PLACEMENT_3D ( 'NONE', #2516, #1523, #2719 ) ;
#2113 = DIRECTION ( 'NONE',  ( -0.000000000000000000, 1.000000000000000000, -0.000000000000000000 ) ) ;
#2114 = CARTESIAN_POINT ( 'NONE',  ( 81.00000000000000000, 0.000000000000000000, 18.15000000000002700 ) ) ;
#2115 = EDGE_LOOP ( 'NONE', ( #1033, #2543, #1652, #436 ) ) ;
#2116 = CARTESIAN_POINT ( 'NONE',  ( -26.99999999999999645, 9.000000000000000000, 80.00000000000005684 ) ) ;
#2117 = VERTEX_POINT ( 'NONE', #3046 ) ;
#2118 = DIRECTION ( 'NONE',  ( 0.000000000000000000, 0.000000000000000000, 1.000000000000000000 ) ) ;
#2119 = ORIENTED_EDGE ( 'NONE', *, *, #44, .F. ) ;
#2120 = ADVANCED_FACE ( 'NONE', ( #906 ), #432, .F. ) ;
#2121 = FACE_OUTER_BOUND ( 'NONE', #999, .T. ) ;
#2122 = DIRECTION ( 'NONE',  ( 0.000000000000000000, 1.000000000000000000, 3.558407130208835242E-16 ) ) ;
#2123 = EDGE_LOOP ( 'NONE', ( #2261, #399, #96, #466 ) ) ;
#2124 = VECTOR ( 'NONE', #1750, 1000.000000000000000 ) ;
#2125 = CARTESIAN_POINT ( 'NONE',  ( -33.29999999999999716, 9.000000000000000000, 45.00000000000007105 ) ) ;
#2126 = AXIS2_PLACEMENT_3D ( 'NONE', #480, #1661, #1218 ) ;
#2127 = CARTESIAN_POINT ( 'NONE',  ( 81.00000000000000000, 0.000000000000000000, 22.35000000000003695 ) ) ;
#2128 = AXIS2_PLACEMENT_3D ( 'NONE', #1266, #2200, #2173 ) ;
#2129 = CARTESIAN_POINT ( 'NONE',  ( 16.99999999999998579, 9.000000000000000000, 90.00000000000007105 ) ) ;
#2130 = VECTOR ( 'NONE', #1024, 1000.000000000000000 ) ;
#2131 = LINE ( 'NONE', #60, #3002 ) ;
#2132 = ADVANCED_FACE ( 'NONE', ( #2139 ), #1693, .F. ) ;
#2133 = FACE_OUTER_BOUND ( 'NONE', #1859, .T. ) ;
#2134 = ADVANCED_FACE ( 'NONE', ( #210 ), #3093, .F. ) ;
#2135 = ORIENTED_EDGE ( 'NONE', *, *, #1459, .F. ) ;
#2136 = DIRECTION ( 'NONE',  ( 0.000000000000000000, 1.000000000000000000, 0.000000000000000000 ) ) ;
#2137 = ORIENTED_EDGE ( 'NONE', *, *, #93, .T. ) ;
#2138 = EDGE_LOOP ( 'NONE', ( #2873, #1531, #1927, #67 ) ) ;
#2139 = FACE_OUTER_BOUND ( 'NONE', #169, .T. ) ;
#2140 = VERTEX_POINT ( 'NONE', #1907 ) ;
#2141 = DIRECTION ( 'NONE',  ( -0.000000000000000000, 1.000000000000000000, -0.000000000000000000 ) ) ;
#2142 = DIRECTION ( 'NONE',  ( 1.000000000000000000, -0.000000000000000000, -1.067522139062651041E-16 ) ) ;
#2143 = DIRECTION ( 'NONE',  ( 0.000000000000000000, 0.000000000000000000, 1.000000000000000000 ) ) ;
#2144 = ORIENTED_EDGE ( 'NONE', *, *, #1263, .F. ) ;
#2145 = ORIENTED_EDGE ( 'NONE', *, *, #1833, .T. ) ;
#2146 = DIRECTION ( 'NONE',  ( 0.000000000000000000, 0.000000000000000000, 1.000000000000000000 ) ) ;
#2147 = ORIENTED_EDGE ( 'NONE', *, *, #2162, .T. ) ;
#2148 = CARTESIAN_POINT ( 'NONE',  ( -90.00000000000000000, 9.000000000000000000, 65.00000000000002842 ) ) ;
#2149 = DIRECTION ( 'NONE',  ( -1.000000000000000000, 0.000000000000000000, 1.067522139062651041E-16 ) ) ;
#2150 = VERTEX_POINT ( 'NONE', #2105 ) ;
#2151 = LINE ( 'NONE', #2125, #1392 ) ;
#2152 = LINE ( 'NONE', #2918, #1871 ) ;
#2153 = EDGE_CURVE ( 'NONE', #582, #1393, #3081, .T. ) ;
#2154 = VECTOR ( 'NONE', #420, 1000.000000000000000 ) ;
#2155 = CARTESIAN_POINT ( 'NONE',  ( 26.99999999999999645, 28.99999999999999645, 90.00000000000007105 ) ) ;
#2156 = VERTEX_POINT ( 'NONE', #1862 ) ;
#2157 = CARTESIAN_POINT ( 'NONE',  ( 37.29999999999999716, 0.000000000000000000, 18.15000000000003411 ) ) ;
#2158 = VERTEX_POINT ( 'NONE', #925 ) ;
#2159 = LINE ( 'NONE', #547, #673 ) ;
#2160 = ORIENTED_EDGE ( 'NONE', *, *, #1156, .T. ) ;
#2161 = FACE_OUTER_BOUND ( 'NONE', #189, .T. ) ;
#2162 = EDGE_CURVE ( 'NONE', #1597, #2570, #1649, .T. ) ;
#2163 = CARTESIAN_POINT ( 'NONE',  ( 93.00000000000001421, 0.000000000000000000, 48.00000000000006395 ) ) ;
#2164 = ORIENTED_EDGE ( 'NONE', *, *, #2519, .T. ) ;
#2165 = DIRECTION ( 'NONE',  ( 0.000000000000000000, 0.000000000000000000, 1.000000000000000000 ) ) ;
#2166 = EDGE_CURVE ( 'NONE', #2326, #1537, #3080, .T. ) ;
#2167 = EDGE_CURVE ( 'NONE', #2640, #2459, #373, .T. ) ;
#2168 = AXIS2_PLACEMENT_3D ( 'NONE', #1085, #1552, #3049 ) ;
#2169 = CARTESIAN_POINT ( 'NONE',  ( -90.00000000000001421, 19.50000000000000000, 44.00000000000008527 ) ) ;
#2170 = CARTESIAN_POINT ( 'NONE',  ( 79.99999999999977263, 0.000000000000000000, 65.00000000000002842 ) ) ;
#2171 = CARTESIAN_POINT ( 'NONE',  ( -33.29999999999999716, 11.75000000000000000, 31.00000000000006750 ) ) ;
#2172 = VECTOR ( 'NONE', #2414, 1000.000000000000000 ) ;
#2173 = DIRECTION ( 'NONE',  ( 0.000000000000000000, 0.000000000000000000, 1.000000000000000000 ) ) ;
#2174 = CIRCLE ( 'NONE', #175, 6.000000000000005329 ) ;
#2175 = ORIENTED_EDGE ( 'NONE', *, *, #1772, .F. ) ;
#2176 = CYLINDRICAL_SURFACE ( 'NONE', #724, 2.100000000000004530 ) ;
#2177 = ORIENTED_EDGE ( 'NONE', *, *, #2450, .T. ) ;
#2178 = LINE ( 'NONE', #2236, #2923 ) ;
#2179 = ORIENTED_EDGE ( 'NONE', *, *, #2415, .T. ) ;
#2180 = FACE_OUTER_BOUND ( 'NONE', #791, .T. ) ;
#2181 = ADVANCED_FACE ( 'NONE', ( #2589 ), #446, .F. ) ;
#2182 = EDGE_CURVE ( 'NONE', #2263, #773, #1185, .T. ) ;
#2183 = DIRECTION ( 'NONE',  ( 0.000000000000000000, 1.000000000000000000, 0.000000000000000000 ) ) ;
#2184 = CARTESIAN_POINT ( 'NONE',  ( -90.00000000000001421, 0.000000000000000000, 48.00000000000007816 ) ) ;
#2185 = CYLINDRICAL_SURFACE ( 'NONE', #2027, 2.100000000000004530 ) ;
#2186 = ADVANCED_FACE ( 'NONE', ( #2121 ), #1205, .F. ) ;
#2187 = DIRECTION ( 'NONE',  ( 0.000000000000000000, 0.000000000000000000, -1.000000000000000000 ) ) ;
#2188 = VERTEX_POINT ( 'NONE', #494 ) ;
#2189 = DIRECTION ( 'NONE',  ( 0.000000000000000000, -1.000000000000000000, 0.000000000000000000 ) ) ;
#2190 = ORIENTED_EDGE ( 'NONE', *, *, #2549, .T. ) ;
#2191 = FACE_OUTER_BOUND ( 'NONE', #1287, .T. ) ;
#2192 = ADVANCED_FACE ( 'NONE', ( #2327 ), #1632, .F. ) ;
#2193 = EDGE_LOOP ( 'NONE', ( #2476, #2936, #891, #152, #1591, #1643, #1689, #2376, #120, #1705 ) ) ;
#2194 = DIRECTION ( 'NONE',  ( 0.000000000000000000, 0.000000000000000000, -1.000000000000000000 ) ) ;
#2195 = CARTESIAN_POINT ( 'NONE',  ( -93.00000000000001421, 19.50000000000000000, 38.00000000000008527 ) ) ;
#2196 = CYLINDRICAL_SURFACE ( 'NONE', #2318, 1.094999999999998863 ) ;
#2197 = DIRECTION ( 'NONE',  ( 0.000000000000000000, 0.000000000000000000, 1.000000000000000000 ) ) ;
#2198 = ADVANCED_FACE ( 'NONE', ( #705 ), #2604, .F. ) ;
#2199 = CARTESIAN_POINT ( 'NONE',  ( -10.00000000000000000, 28.99999999999999645, -53.49999999999995026 ) ) ;
#2200 = DIRECTION ( 'NONE',  ( -0.000000000000000000, 1.000000000000000000, -0.000000000000000000 ) ) ;
#2201 = CIRCLE ( 'NONE', #2954, 1.094999999999998863 ) ;
#2202 = AXIS2_PLACEMENT_3D ( 'NONE', #658, #678, #2365 ) ;
#2203 = ORIENTED_EDGE ( 'NONE', *, *, #1295, .T. ) ;
#2204 = VECTOR ( 'NONE', #2023, 1000.000000000000000 ) ;
#2205 = FACE_OUTER_BOUND ( 'NONE', #2193, .T. ) ;
#2206 = ORIENTED_EDGE ( 'NONE', *, *, #881, .T. ) ;
#2207 = CARTESIAN_POINT ( 'NONE',  ( 64.99999999999975842, 0.000000000000000000, -81.59999999999989484 ) ) ;
#2208 = AXIS2_PLACEMENT_3D ( 'NONE', #8, #987, #1937 ) ;
#2209 = EDGE_CURVE ( 'NONE', #688, #1537, #1885, .T. ) ;
#2210 = VERTEX_POINT ( 'NONE', #313 ) ;
#2211 = DIRECTION ( 'NONE',  ( 1.067522139062651041E-16, 0.000000000000000000, -1.000000000000000000 ) ) ;
#2212 = LINE ( 'NONE', #769, #2375 ) ;
#2213 = VERTEX_POINT ( 'NONE', #1486 ) ;
#2214 = DIRECTION ( 'NONE',  ( -0.000000000000000000, 1.000000000000000000, -0.000000000000000000 ) ) ;
#2215 = VECTOR ( 'NONE', #258, 1000.000000000000000 ) ;
#2216 = DIRECTION ( 'NONE',  ( -0.000000000000000000, -1.000000000000000000, -0.000000000000000000 ) ) ;
#2217 = AXIS2_PLACEMENT_3D ( 'NONE', #601, #2997, #619 ) ;
#2218 = ORIENTED_EDGE ( 'NONE', *, *, #796, .T. ) ;
#2219 = EDGE_CURVE ( 'NONE', #65, #413, #2429, .T. ) ;
#2220 = EDGE_CURVE ( 'NONE', #2140, #2251, #1285, .T. ) ;
#2221 = FACE_OUTER_BOUND ( 'NONE', #2102, .T. ) ;
#2222 = ORIENTED_EDGE ( 'NONE', *, *, #2209, .F. ) ;
#2223 = CARTESIAN_POINT ( 'NONE',  ( -26.99999999999999645, 28.99999999999999645, 80.00000000000005684 ) ) ;
#2224 = VECTOR ( 'NONE', #151, 1000.000000000000000 ) ;
#2225 = VECTOR ( 'NONE', #3001, 1000.000000000000000 ) ;
#2226 = VERTEX_POINT ( 'NONE', #536 ) ;
#2227 = FACE_BOUND ( 'NONE', #2515, .T. ) ;
#2228 = CARTESIAN_POINT ( 'NONE',  ( -37.29999999999999716, 9.000000000000000000, 55.75000000000002842 ) ) ;
#2229 = VERTEX_POINT ( 'NONE', #2943 ) ;
#2230 = CARTESIAN_POINT ( 'NONE',  ( 10.00000000000000178, 9.000000000000000000, -53.49999999999995026 ) ) ;
#2231 = DIRECTION ( 'NONE',  ( -1.000000000000000000, -0.000000000000000000, 2.775557561562890957E-15 ) ) ;
#2232 = CARTESIAN_POINT ( 'NONE',  ( -90.00000000000001421, 19.50000000000000000, 38.00000000000008527 ) ) ;
#2233 = DIRECTION ( 'NONE',  ( 1.067522139062651164E-16, 0.000000000000000000, -1.000000000000000000 ) ) ;
#2234 = DIRECTION ( 'NONE',  ( -1.223790811976583605E-16, 0.000000000000000000, -1.000000000000000000 ) ) ;
#2235 = ORIENTED_EDGE ( 'NONE', *, *, #2956, .T. ) ;
#2236 = CARTESIAN_POINT ( 'NONE',  ( -90.00000000000000000, 9.000000000000000000, 31.00000000000006750 ) ) ;
#2237 = EDGE_CURVE ( 'NONE', #593, #2994, #2630, .T. ) ;
#2238 = CARTESIAN_POINT ( 'NONE',  ( 79.99999999999975842, 9.000000000000000000, -63.39999999999988489 ) ) ;
#2239 = ORIENTED_EDGE ( 'NONE', *, *, #263, .T. ) ;
#2240 = CYLINDRICAL_SURFACE ( 'NONE', #2827, 1.600000000000004086 ) ;
#2241 = VERTEX_POINT ( 'NONE', #2696 ) ;
#2242 = DIRECTION ( 'NONE',  ( 0.000000000000000000, 1.000000000000000000, 0.000000000000000000 ) ) ;
#2243 = ORIENTED_EDGE ( 'NONE', *, *, #1029, .F. ) ;
#2244 = CYLINDRICAL_SURFACE ( 'NONE', #2684, 1.600000000000004086 ) ;
#2245 = PLANE ( 'NONE',  #608 ) ;
#2246 = ADVANCED_FACE ( 'NONE', ( #2668 ), #2897, .F. ) ;
#2247 = FACE_OUTER_BOUND ( 'NONE', #1875, .T. ) ;
#2248 = AXIS2_PLACEMENT_3D ( 'NONE', #2268, #578, #630 ) ;
#2249 = ORIENTED_EDGE ( 'NONE', *, *, #1161, .T. ) ;
#2250 = DIRECTION ( 'NONE',  ( 0.000000000000000000, 1.000000000000000000, 0.000000000000000000 ) ) ;
#2251 = VERTEX_POINT ( 'NONE', #66 ) ;
#2252 = AXIS2_PLACEMENT_3D ( 'NONE', #1655, #2319, #2867 ) ;
#2253 = LINE ( 'NONE', #2993, #426 ) ;
#2254 = ORIENTED_EDGE ( 'NONE', *, *, #1015, .F. ) ;
#2255 = AXIS2_PLACEMENT_3D ( 'NONE', #1026, #264, #1686 ) ;
#2256 = LINE ( 'NONE', #2007, #2061 ) ;
#2257 = ORIENTED_EDGE ( 'NONE', *, *, #3031, .T. ) ;
#2258 = CARTESIAN_POINT ( 'NONE',  ( 7.747000000000002551, 0.000000000000000000, -71.09500000000005571 ) ) ;
#2259 = AXIS2_PLACEMENT_3D ( 'NONE', #1336, #1530, #2490 ) ;
#2260 = EDGE_CURVE ( 'NONE', #961, #824, #792, .T. ) ;
#2261 = ORIENTED_EDGE ( 'NONE', *, *, #1889, .F. ) ;
#2262 = CARTESIAN_POINT ( 'NONE',  ( 79.99999999999977263, 0.000000000000000000, 65.00000000000002842 ) ) ;
#2263 = VERTEX_POINT ( 'NONE', #549 ) ;
#2264 = DIRECTION ( 'NONE',  ( 1.000000000000000000, 0.000000000000000000, 2.775557561562890957E-15 ) ) ;
#2265 = FACE_BOUND ( 'NONE', #2796, .T. ) ;
#2266 = DIRECTION ( 'NONE',  ( 0.000000000000000000, 0.000000000000000000, 1.000000000000000000 ) ) ;
#2267 = CIRCLE ( 'NONE', #1525, 6.000000000000005329 ) ;
#2268 = CARTESIAN_POINT ( 'NONE',  ( 79.99999999999977263, 9.000000000000000000, 65.00000000000002842 ) ) ;
#2269 = CIRCLE ( 'NONE', #1881, 2.100000000000004530 ) ;
#2270 = FACE_OUTER_BOUND ( 'NONE', #2650, .T. ) ;
#2271 = VERTEX_POINT ( 'NONE', #1719 ) ;
#2272 = CARTESIAN_POINT ( 'NONE',  ( 22.00000000000000000, 28.99999999999999645, 85.00000000000005684 ) ) ;
#2273 = ORIENTED_EDGE ( 'NONE', *, *, #2423, .T. ) ;
#2274 = CARTESIAN_POINT ( 'NONE',  ( 81.00000000000000000, 0.000000000000000000, 20.25000000000003197 ) ) ;
#2275 = ORIENTED_EDGE ( 'NONE', *, *, #2772, .T. ) ;
#2276 = AXIS2_PLACEMENT_3D ( 'NONE', #2020, #379, #2978 ) ;
#2277 = PLANE ( 'NONE',  #626 ) ;
#2278 = ORIENTED_EDGE ( 'NONE', *, *, #320, .T. ) ;
#2279 = DIRECTION ( 'NONE',  ( 1.067522139062651164E-16, -0.000000000000000000, 1.000000000000000000 ) ) ;
#2280 = ORIENTED_EDGE ( 'NONE', *, *, #2908, .F. ) ;
#2281 = AXIS2_PLACEMENT_3D ( 'NONE', #2000, #87, #1863 ) ;
#2282 = CARTESIAN_POINT ( 'NONE',  ( -79.99999999999975842, 0.000000000000000000, -64.99999999999988631 ) ) ;
#2283 = EDGE_CURVE ( 'NONE', #2075, #2686, #1288, .T. ) ;
#2284 = EDGE_CURVE ( 'NONE', #798, #2210, #1939, .T. ) ;
#2285 = DIRECTION ( 'NONE',  ( 0.000000000000000000, 1.000000000000000000, 0.000000000000000000 ) ) ;
#2286 = CARTESIAN_POINT ( 'NONE',  ( 81.00000000000000000, 9.000000000000000000, 57.85000000000002984 ) ) ;
#2287 = ADVANCED_FACE ( 'NONE', ( #2191 ), #1000, .F. ) ;
#2288 = DIRECTION ( 'NONE',  ( 1.000000000000000000, -0.000000000000000000, -1.067522139062651041E-16 ) ) ;
#2289 = DIRECTION ( 'NONE',  ( 1.000000000000000000, 0.000000000000000000, -2.775557561562890957E-15 ) ) ;
#2290 = VERTEX_POINT ( 'NONE', #2401 ) ;
#2291 = FACE_OUTER_BOUND ( 'NONE', #181, .T. ) ;
#2292 = EDGE_LOOP ( 'NONE', ( #1917, #2439, #1835, #1566 ) ) ;
#2293 = CARTESIAN_POINT ( 'NONE',  ( 37.29999999999999716, 9.000000000000000000, 55.75000000000002842 ) ) ;
#2294 = EDGE_LOOP ( 'NONE', ( #642, #2489, #604, #1475 ) ) ;
#2295 = DIRECTION ( 'NONE',  ( 0.000000000000000000, -0.000000000000000000, 1.000000000000000000 ) ) ;
#2296 = DIRECTION ( 'NONE',  ( -0.000000000000000000, -1.000000000000000000, -0.000000000000000000 ) ) ;
#2297 = ORIENTED_EDGE ( 'NONE', *, *, #795, .T. ) ;
#2298 = DIRECTION ( 'NONE',  ( -1.067522139062651041E-16, 3.558407130208835242E-16, -1.000000000000000000 ) ) ;
#2299 = EDGE_CURVE ( 'NONE', #1537, #688, #2782, .T. ) ;
#2300 = DIRECTION ( 'NONE',  ( -0.000000000000000000, -0.000000000000000000, -1.000000000000000000 ) ) ;
#2301 = DIRECTION ( 'NONE',  ( 0.000000000000000000, 1.000000000000000000, 0.000000000000000000 ) ) ;
#2302 = CARTESIAN_POINT ( 'NONE',  ( 93.00000000000001421, 19.50000000000000000, 38.00000000000007105 ) ) ;
#2303 = ORIENTED_EDGE ( 'NONE', *, *, #2416, .F. ) ;
#2304 = CARTESIAN_POINT ( 'NONE',  ( -93.00000000000001421, 19.50000000000000000, 48.00000000000008527 ) ) ;
#2305 = ORIENTED_EDGE ( 'NONE', *, *, #1263, .T. ) ;
#2306 = CARTESIAN_POINT ( 'NONE',  ( -93.00000000000001421, 0.000000000000000000, 28.00000000000008527 ) ) ;
#2307 = VERTEX_POINT ( 'NONE', #1501 ) ;
#2308 = FACE_BOUND ( 'NONE', #382, .T. ) ;
#2309 = VECTOR ( 'NONE', #1291, 1000.000000000000000 ) ;
#2310 = VECTOR ( 'NONE', #753, 1000.000000000000000 ) ;
#2311 = EDGE_CURVE ( 'NONE', #1611, #921, #10, .T. ) ;
#2312 = ORIENTED_EDGE ( 'NONE', *, *, #1192, .F. ) ;
#2313 = CIRCLE ( 'NONE', #2708, 2.100000000000004530 ) ;
#2314 = CARTESIAN_POINT ( 'NONE',  ( -93.00000000000001421, 19.50000000000000000, 38.00000000000008527 ) ) ;
#2315 = VERTEX_POINT ( 'NONE', #1761 ) ;
#2316 = CARTESIAN_POINT ( 'NONE',  ( 93.00000000000001421, 19.50000000000000000, 44.00000000000007105 ) ) ;
#2317 = CARTESIAN_POINT ( 'NONE',  ( -93.00000000000001421, 19.50000000000000000, 32.00000000000007816 ) ) ;
#2318 = AXIS2_PLACEMENT_3D ( 'NONE', #2935, #39, #1970 ) ;
#2319 = DIRECTION ( 'NONE',  ( 0.000000000000000000, 1.000000000000000000, 0.000000000000000000 ) ) ;
#2320 = CARTESIAN_POINT ( 'NONE',  ( -21.99999999999999645, 28.99999999999999645, 80.00000000000005684 ) ) ;
#2321 = ORIENTED_EDGE ( 'NONE', *, *, #3035, .F. ) ;
#2322 = VECTOR ( 'NONE', #468, 1000.000000000000000 ) ;
#2323 = VECTOR ( 'NONE', #214, 1000.000000000000000 ) ;
#2324 = ORIENTED_EDGE ( 'NONE', *, *, #2699, .T. ) ;
#2325 = CARTESIAN_POINT ( 'NONE',  ( -89.99999999999997158, 0.000000000000000000, -64.99999999999988631 ) ) ;
#2326 = VERTEX_POINT ( 'NONE', #2207 ) ;
#2327 = FACE_OUTER_BOUND ( 'NONE', #3101, .T. ) ;
#2328 = VECTOR ( 'NONE', #654, 1000.000000000000000 ) ;
#2329 = VECTOR ( 'NONE', #1546, 1000.000000000000000 ) ;
#2330 = ORIENTED_EDGE ( 'NONE', *, *, #1812, .T. ) ;
#2331 = CARTESIAN_POINT ( 'NONE',  ( -64.99999999999972999, 0.000000000000000000, 81.60000000000003695 ) ) ;
#2332 = ORIENTED_EDGE ( 'NONE', *, *, #256, .T. ) ;
#2333 = AXIS2_PLACEMENT_3D ( 'NONE', #609, #1329, #1577 ) ;
#2334 = PRODUCT ( 'plate1', 'plate1', '', ( #959 ) ) ;
#2335 = CARTESIAN_POINT ( 'NONE',  ( -64.99999999999972999, 0.000000000000000000, 81.60000000000003695 ) ) ;
#2336 = DIRECTION ( 'NONE',  ( -0.000000000000000000, 1.000000000000000000, -0.000000000000000000 ) ) ;
#2337 = LINE ( 'NONE', #1857, #2502 ) ;
#2338 = ORIENTED_EDGE ( 'NONE', *, *, #1222, .F. ) ;
#2339 = EDGE_LOOP ( 'NONE', ( #2073, #78, #2371, #1795 ) ) ;
#2340 = CARTESIAN_POINT ( 'NONE',  ( 37.29999999999999716, 0.000000000000000000, 55.75000000000002842 ) ) ;
#2341 = ORIENTED_EDGE ( 'NONE', *, *, #986, .T. ) ;
#2342 = DIRECTION ( 'NONE',  ( 6.938893903907202740E-16, 0.000000000000000000, -1.000000000000000000 ) ) ;
#2343 = ADVANCED_FACE ( 'NONE', ( #2161 ), #254, .T. ) ;
#2344 = VERTEX_POINT ( 'NONE', #2442 ) ;
#2345 = DIRECTION ( 'NONE',  ( 1.067522139062651041E-16, 0.000000000000000000, 1.000000000000000000 ) ) ;
#2346 = ADVANCED_FACE ( 'NONE', ( #296 ), #989, .F. ) ;
#2347 = EDGE_LOOP ( 'NONE', ( #2869, #2008 ) ) ;
#2348 = CARTESIAN_POINT ( 'NONE',  ( -37.29999999999999716, 0.000000000000000000, 55.75000000000002842 ) ) ;
#2349 = DIRECTION ( 'NONE',  ( 1.000000000000000000, -0.000000000000000000, 6.938893903907223447E-16 ) ) ;
#2350 = EDGE_CURVE ( 'NONE', #3089, #458, #1978, .T. ) ;
#2351 = CYLINDRICAL_SURFACE ( 'NONE', #1670, 10.00000000000000178 ) ;
#2352 = ORIENTED_EDGE ( 'NONE', *, *, #390, .F. ) ;
#2353 = VERTEX_POINT ( 'NONE', #270 ) ;
#2354 = EDGE_CURVE ( 'NONE', #1153, #901, #2178, .T. ) ;
#2355 = CARTESIAN_POINT ( 'NONE',  ( -37.29999999999999716, 0.000000000000000000, 53.65000000000003411 ) ) ;
#2356 = VERTEX_POINT ( 'NONE', #1811 ) ;
#2357 = DIRECTION ( 'NONE',  ( 0.000000000000000000, 0.000000000000000000, 1.000000000000000000 ) ) ;
#2358 = DIRECTION ( 'NONE',  ( -1.000000000000000000, -0.000000000000000000, -0.000000000000000000 ) ) ;
#2359 = AXIS2_PLACEMENT_3D ( 'NONE', #2383, #2839, #453 ) ;
#2360 = EDGE_CURVE ( 'NONE', #1781, #1187, #3008, .T. ) ;
#2361 = ORIENTED_EDGE ( 'NONE', *, *, #525, .T. ) ;
#2362 = DIRECTION ( 'NONE',  ( 0.000000000000000000, 0.000000000000000000, 1.000000000000000000 ) ) ;
#2363 = VECTOR ( 'NONE', #2231, 1000.000000000000000 ) ;
#2364 = EDGE_CURVE ( 'NONE', #975, #2875, #830, .T. ) ;
#2365 = DIRECTION ( 'NONE',  ( 0.000000000000000000, 0.000000000000000000, 1.000000000000000000 ) ) ;
#2366 = VECTOR ( 'NONE', #280, 1000.000000000000000 ) ;
#2367 = AXIS2_PLACEMENT_3D ( 'NONE', #3044, #1389, #2587 ) ;
#2368 = CARTESIAN_POINT ( 'NONE',  ( 90.00000000000001421, 19.50000000000000000, 38.00000000000007105 ) ) ;
#2369 = DIRECTION ( 'NONE',  ( 0.000000000000000000, 1.000000000000000000, -0.000000000000000000 ) ) ;
#2370 = VERTEX_POINT ( 'NONE', #2744 ) ;
#2371 = ORIENTED_EDGE ( 'NONE', *, *, #367, .F. ) ;
#2372 = CARTESIAN_POINT ( 'NONE',  ( -81.00000000000000000, 0.000000000000000000, 55.75000000000002842 ) ) ;
#2373 = EDGE_LOOP ( 'NONE', ( #2533, #1184 ) ) ;
#2374 = DIRECTION ( 'NONE',  ( 0.000000000000000000, 0.000000000000000000, -1.000000000000000000 ) ) ;
#2375 = VECTOR ( 'NONE', #1036, 1000.000000000000000 ) ;
#2376 = ORIENTED_EDGE ( 'NONE', *, *, #1321, .T. ) ;
#2377 = CARTESIAN_POINT ( 'NONE',  ( 93.00000000000001421, 19.50000000000000000, 38.00000000000007105 ) ) ;
#2378 = CYLINDRICAL_SURFACE ( 'NONE', #2863, 2.099999999999997868 ) ;
#2379 = AXIS2_PLACEMENT_3D ( 'NONE', #1046, #2711, #519 ) ;
#2380 = FACE_OUTER_BOUND ( 'NONE', #1906, .T. ) ;
#2381 = EDGE_CURVE ( 'NONE', #434, #491, #2253, .T. ) ;
#2382 = AXIS2_PLACEMENT_3D ( 'NONE', #2002, #374, #327 ) ;
#2383 = CARTESIAN_POINT ( 'NONE',  ( 64.99999999999978684, 0.000000000000000000, 80.00000000000002842 ) ) ;
#2384 = DIRECTION ( 'NONE',  ( -0.000000000000000000, 1.000000000000000000, -0.000000000000000000 ) ) ;
#2385 = EDGE_LOOP ( 'NONE', ( #385, #1368, #1646, #2235 ) ) ;
#2386 = EDGE_CURVE ( 'NONE', #1547, #961, #1200, .T. ) ;
#2387 = ORIENTED_EDGE ( 'NONE', *, *, #557, .T. ) ;
#2388 = CARTESIAN_POINT ( 'NONE',  ( 37.29999999999999716, 0.000000000000000000, 18.15000000000003411 ) ) ;
#2389 = ORIENTED_EDGE ( 'NONE', *, *, #1804, .F. ) ;
#2390 = DIRECTION ( 'NONE',  ( -1.000000000000000000, -0.000000000000000000, -1.067522139062651041E-16 ) ) ;
#2391 = VERTEX_POINT ( 'NONE', #564 ) ;
#2392 = LINE ( 'NONE', #1695, #3018 ) ;
#2393 = CARTESIAN_POINT ( 'NONE',  ( -7.746999999999997222, 0.000000000000000000, -70.00000000000005684 ) ) ;
#2394 = CARTESIAN_POINT ( 'NONE',  ( 22.00000000000000000, 9.000000000000000000, 85.00000000000005684 ) ) ;
#2395 = CARTESIAN_POINT ( 'NONE',  ( 90.00000000000001421, 9.000000000000000000, 31.00000000000006395 ) ) ;
#2396 = ORIENTED_EDGE ( 'NONE', *, *, #2478, .F. ) ;
#2397 = ORIENTED_EDGE ( 'NONE', *, *, #862, .T. ) ;
#2398 = ADVANCED_FACE ( 'NONE', ( #2291 ), #135, .F. ) ;
#2399 = DIRECTION ( 'NONE',  ( 1.000000000000000000, 0.000000000000000000, 1.067522139062651041E-16 ) ) ;
#2400 = ORIENTED_EDGE ( 'NONE', *, *, #1118, .T. ) ;
#2401 = CARTESIAN_POINT ( 'NONE',  ( -37.29999999999999716, 9.000000000000000000, 57.85000000000002984 ) ) ;
#2402 = EDGE_LOOP ( 'NONE', ( #9, #763 ) ) ;
#2403 = CYLINDRICAL_SURFACE ( 'NONE', #2465, 6.000000000000005329 ) ;
#2404 = VECTOR ( 'NONE', #3022, 1000.000000000000000 ) ;
#2405 = CARTESIAN_POINT ( 'NONE',  ( 90.00000000000000000, 0.000000000000000000, 65.00000000000002842 ) ) ;
#2406 = VECTOR ( 'NONE', #1176, 1000.000000000000000 ) ;
#2407 = AXIS2_PLACEMENT_3D ( 'NONE', #1349, #77, #1058 ) ;
#2408 = AXIS2_PLACEMENT_3D ( 'NONE', #2195, #2142, #2689 ) ;
#2409 = FACE_OUTER_BOUND ( 'NONE', #2524, .T. ) ;
#2410 = AXIS2_PLACEMENT_3D ( 'NONE', #119, #890, #478 ) ;
#2411 = ORIENTED_EDGE ( 'NONE', *, *, #2592, .F. ) ;
#2412 = DIRECTION ( 'NONE',  ( -0.000000000000000000, -0.000000000000000000, -1.000000000000000000 ) ) ;
#2413 = VERTEX_POINT ( 'NONE', #3025 ) ;
#2414 = DIRECTION ( 'NONE',  ( -0.000000000000000000, -1.000000000000000000, -0.000000000000000000 ) ) ;
#2415 = EDGE_CURVE ( 'NONE', #305, #58, #3026, .T. ) ;
#2416 = EDGE_CURVE ( 'NONE', #3089, #861, #2504, .T. ) ;
#2417 = ORIENTED_EDGE ( 'NONE', *, *, #3071, .F. ) ;
#2418 = FACE_OUTER_BOUND ( 'NONE', #1682, .T. ) ;
#2419 = CIRCLE ( 'NONE', #1827, 2.100000000000004530 ) ;
#2420 = CARTESIAN_POINT ( 'NONE',  ( 37.29999999999999716, 9.000000000000000000, 22.35000000000002984 ) ) ;
#2421 = PLANE ( 'NONE',  #1121 ) ;
#2422 = VECTOR ( 'NONE', #1159, 1000.000000000000000 ) ;
#2423 = EDGE_CURVE ( 'NONE', #2326, #2727, #2078, .T. ) ;
#2424 = CIRCLE ( 'NONE', #888, 1.600000000000004086 ) ;
#2425 = ORIENTED_EDGE ( 'NONE', *, *, #3009, .F. ) ;
#2426 = DIRECTION ( 'NONE',  ( 0.000000000000000000, 0.000000000000000000, 1.000000000000000000 ) ) ;
#2427 = ORIENTED_EDGE ( 'NONE', *, *, #2582, .T. ) ;
#2428 = VECTOR ( 'NONE', #1071, 1000.000000000000000 ) ;
#2429 = LINE ( 'NONE', #1993, #15 ) ;
#2430 = ADVANCED_FACE ( 'NONE', ( #2486 ), #1333, .F. ) ;
#2431 = EDGE_LOOP ( 'NONE', ( #2190, #2806, #716, #2087 ) ) ;
#2432 = CARTESIAN_POINT ( 'NONE',  ( 79.99999999999975842, 0.000000000000000000, -66.59999999999989484 ) ) ;
#2433 = CARTESIAN_POINT ( 'NONE',  ( 37.29999999999999716, 9.000000000000000000, 20.25000000000003197 ) ) ;
#2434 = LINE ( 'NONE', #1307, #1272 ) ;
#2435 = DIRECTION ( 'NONE',  ( 0.000000000000000000, 0.000000000000000000, -1.000000000000000000 ) ) ;
#2436 = DIRECTION ( 'NONE',  ( 0.000000000000000000, 0.000000000000000000, 1.000000000000000000 ) ) ;
#2437 = FACE_OUTER_BOUND ( 'NONE', #1353, .T. ) ;
#2438 = EDGE_CURVE ( 'NONE', #136, #975, #1826, .T. ) ;
#2439 = ORIENTED_EDGE ( 'NONE', *, *, #2947, .T. ) ;
#2440 = DIRECTION ( 'NONE',  ( 0.000000000000000000, 0.000000000000000000, 1.000000000000000000 ) ) ;
#2441 = EDGE_LOOP ( 'NONE', ( #2798, #845, #350, #1390 ) ) ;
#2442 = CARTESIAN_POINT ( 'NONE',  ( -90.00000000000001421, 0.000000000000000000, 48.00000000000007816 ) ) ;
#2443 = ORIENTED_EDGE ( 'NONE', *, *, #387, .F. ) ;
#2444 = DIRECTION ( 'NONE',  ( 0.000000000000000000, 0.000000000000000000, 1.000000000000000000 ) ) ;
#2445 = FACE_OUTER_BOUND ( 'NONE', #1749, .T. ) ;
#2446 = CARTESIAN_POINT ( 'NONE',  ( 27.00000000000000355, 28.99999999999999645, 80.00000000000004263 ) ) ;
#2447 = EDGE_LOOP ( 'NONE', ( #2040, #2968, #1866, #1471 ) ) ;
#2448 = LINE ( 'NONE', #2496, #2929 ) ;
#2449 = EDGE_CURVE ( 'NONE', #802, #735, #1140, .T. ) ;
#2450 = EDGE_CURVE ( 'NONE', #686, #3041, #2728, .T. ) ;
#2451 = LINE ( 'NONE', #1041, #1175 ) ;
#2452 = AXIS2_PLACEMENT_3D ( 'NONE', #613, #407, #918 ) ;
#2453 = ORIENTED_EDGE ( 'NONE', *, *, #2166, .F. ) ;
#2454 = MECHANICAL_DESIGN_GEOMETRIC_PRESENTATION_REPRESENTATION (  '', ( #213 ), #153 ) ;
#2455 = CARTESIAN_POINT ( 'NONE',  ( -79.99999999999974420, 9.000000000000000000, 65.00000000000001421 ) ) ;
#2456 = VERTEX_POINT ( 'NONE', #2761 ) ;
#2457 = DIRECTION ( 'NONE',  ( -0.000000000000000000, 1.000000000000000000, -0.000000000000000000 ) ) ;
#2458 = AXIS2_PLACEMENT_3D ( 'NONE', #2455, #1950, #2440 ) ;
#2459 = VERTEX_POINT ( 'NONE', #1302 ) ;
#2460 = CARTESIAN_POINT ( 'NONE',  ( 81.00000000000000000, 0.000000000000000000, 53.65000000000002700 ) ) ;
#2461 = ADVANCED_BREP_SHAPE_REPRESENTATION ( 'plate1', ( #927, #577 ), #786 ) ;
#2462 = DIRECTION ( 'NONE',  ( -0.000000000000000000, 1.000000000000000000, -0.000000000000000000 ) ) ;
#2463 = ORIENTED_EDGE ( 'NONE', *, *, #2051, .F. ) ;
#2464 = CARTESIAN_POINT ( 'NONE',  ( -93.00000000000001421, 0.000000000000000000, 28.00000000000008527 ) ) ;
#2465 = AXIS2_PLACEMENT_3D ( 'NONE', #2377, #1653, #693 ) ;
#2466 = DIRECTION ( 'NONE',  ( -0.000000000000000000, 1.000000000000000000, -0.000000000000000000 ) ) ;
#2467 = ADVANCED_FACE ( 'NONE', ( #615 ), #1582, .F. ) ;
#2468 = AXIS2_PLACEMENT_3D ( 'NONE', #1408, #176, #3107 ) ;
#2469 = DIRECTION ( 'NONE',  ( 0.000000000000000000, 0.000000000000000000, -1.000000000000000000 ) ) ;
#2470 = ORIENTED_EDGE ( 'NONE', *, *, #2031, .F. ) ;
#2471 = CARTESIAN_POINT ( 'NONE',  ( 90.00000000000000000, 11.75000000000000000, 45.00000000000007105 ) ) ;
#2472 = VERTEX_POINT ( 'NONE', #2778 ) ;
#2473 = CARTESIAN_POINT ( 'NONE',  ( -10.00000000000000000, 28.99999999999999645, -58.49999999999995026 ) ) ;
#2474 = VECTOR ( 'NONE', #2498, 1000.000000000000000 ) ;
#2475 = DIRECTION ( 'NONE',  ( 0.000000000000000000, 0.000000000000000000, 1.000000000000000000 ) ) ;
#2476 = ORIENTED_EDGE ( 'NONE', *, *, #2820, .F. ) ;
#2477 = DIRECTION ( 'NONE',  ( 0.000000000000000000, 1.000000000000000000, 0.000000000000000000 ) ) ;
#2478 = EDGE_CURVE ( 'NONE', #1208, #3041, #1844, .T. ) ;
#2479 = DIRECTION ( 'NONE',  ( 0.000000000000000000, 0.000000000000000000, 1.000000000000000000 ) ) ;
#2480 = ORIENTED_EDGE ( 'NONE', *, *, #2299, .F. ) ;
#2481 = DIRECTION ( 'NONE',  ( 0.000000000000000000, 0.000000000000000000, -1.000000000000000000 ) ) ;
#2482 = DIRECTION ( 'NONE',  ( 0.000000000000000000, 1.000000000000000000, 0.000000000000000000 ) ) ;
#2483 = DIRECTION ( 'NONE',  ( 0.000000000000000000, 1.000000000000000000, 0.000000000000000000 ) ) ;
#2484 = CARTESIAN_POINT ( 'NONE',  ( 64.99999999999978684, 0.000000000000000000, 81.60000000000003695 ) ) ;
#2485 = EDGE_LOOP ( 'NONE', ( #1477, #2960, #655, #179 ) ) ;
#2486 = FACE_OUTER_BOUND ( 'NONE', #889, .T. ) ;
#2487 = EDGE_CURVE ( 'NONE', #1553, #745, #1778, .T. ) ;
#2488 = EDGE_CURVE ( 'NONE', #2241, #2156, #2724, .T. ) ;
#2489 = ORIENTED_EDGE ( 'NONE', *, *, #2824, .F. ) ;
#2490 = DIRECTION ( 'NONE',  ( 0.000000000000000000, 0.000000000000000000, 1.000000000000000000 ) ) ;
#2491 = ORIENTED_EDGE ( 'NONE', *, *, #1404, .T. ) ;
#2492 = FACE_BOUND ( 'NONE', #1802, .T. ) ;
#2493 = ORIENTED_EDGE ( 'NONE', *, *, #545, .F. ) ;
#2494 = DIRECTION ( 'NONE',  ( 0.000000000000000000, 0.000000000000000000, -1.000000000000000000 ) ) ;
#2495 = VERTEX_POINT ( 'NONE', #97 ) ;
#2496 = CARTESIAN_POINT ( 'NONE',  ( -81.00000000000000000, 0.000000000000000000, 22.35000000000003695 ) ) ;
#2497 = FACE_BOUND ( 'NONE', #397, .T. ) ;
#2498 = DIRECTION ( 'NONE',  ( -0.000000000000000000, -1.000000000000000000, -0.000000000000000000 ) ) ;
#2499 = DIRECTION ( 'NONE',  ( 0.000000000000000000, 0.000000000000000000, -1.000000000000000000 ) ) ;
#2500 = DIRECTION ( 'NONE',  ( 0.000000000000000000, -0.000000000000000000, -1.000000000000000000 ) ) ;
#2501 = VERTEX_POINT ( 'NONE', #1198 ) ;
#2502 = VECTOR ( 'NONE', #185, 1000.000000000000000 ) ;
#2503 = AXIS2_PLACEMENT_3D ( 'NONE', #1265, #1948, #2436 ) ;
#2504 = LINE ( 'NONE', #2272, #883 ) ;
#2505 = VERTEX_POINT ( 'NONE', #2553 ) ;
#2506 = CARTESIAN_POINT ( 'NONE',  ( 93.00000000000001421, 19.50000000000000000, 28.00000000000007105 ) ) ;
#2507 = EDGE_LOOP ( 'NONE', ( #2626, #209 ) ) ;
#2508 = DIRECTION ( 'NONE',  ( 0.000000000000000000, 0.000000000000000000, -1.000000000000000000 ) ) ;
#2509 = EDGE_CURVE ( 'NONE', #248, #2683, #3102, .T. ) ;
#2510 = EDGE_CURVE ( 'NONE', #2251, #2602, #2832, .T. ) ;
#2511 = COLOUR_RGB ( '',0.7921568627450980005, 0.8196078431372548767, 0.9333333333333333481 ) ;
#2512 = ORIENTED_EDGE ( 'NONE', *, *, #1062, .F. ) ;
#2513 = LINE ( 'NONE', #2331, #979 ) ;
#2514 = EDGE_CURVE ( 'NONE', #2213, #873, #3042, .T. ) ;
#2515 = EDGE_LOOP ( 'NONE', ( #840, #749 ) ) ;
#2516 = CARTESIAN_POINT ( 'NONE',  ( -7.746999999999997222, 0.000000000000000000, -70.00000000000005684 ) ) ;
#2517 = FACE_OUTER_BOUND ( 'NONE', #2115, .T. ) ;
#2518 = ORIENTED_EDGE ( 'NONE', *, *, #1373, .T. ) ;
#2519 = EDGE_CURVE ( 'NONE', #1611, #1850, #203, .T. ) ;
#2520 = AXIS2_PLACEMENT_3D ( 'NONE', #524, #1259, #2194 ) ;
#2521 = DIRECTION ( 'NONE',  ( -0.000000000000000000, 1.000000000000000000, -0.000000000000000000 ) ) ;
#2522 = ORIENTED_EDGE ( 'NONE', *, *, #851, .T. ) ;
#2523 = DIRECTION ( 'NONE',  ( -1.000000000000000000, 0.000000000000000000, 1.067522139062651041E-16 ) ) ;
#2524 = EDGE_LOOP ( 'NONE', ( #2491, #1797, #101, #142 ) ) ;
#2525 = DIRECTION ( 'NONE',  ( -0.000000000000000000, -1.000000000000000000, -0.000000000000000000 ) ) ;
#2526 = VERTEX_POINT ( 'NONE', #952 ) ;
#2527 = CARTESIAN_POINT ( 'NONE',  ( 0.000000000000000000, 11.75000000000000000, 0.000000000000000000 ) ) ;
#2528 = VECTOR ( 'NONE', #246, 1000.000000000000000 ) ;
#2529 = PLANE ( 'NONE',  #2168 ) ;
#2530 = VERTEX_POINT ( 'NONE', #2116 ) ;
#2531 = CARTESIAN_POINT ( 'NONE',  ( 64.99999999999975842, 0.000000000000000000, -79.99999999999988631 ) ) ;
#2532 = LINE ( 'NONE', #2953, #484 ) ;
#2533 = ORIENTED_EDGE ( 'NONE', *, *, #329, .T. ) ;
#2534 = DIRECTION ( 'NONE',  ( -0.000000000000000000, -1.000000000000000000, -0.000000000000000000 ) ) ;
#2535 = ORIENTED_EDGE ( 'NONE', *, *, #1894, .F. ) ;
#2536 = CARTESIAN_POINT ( 'NONE',  ( 64.99999999999975842, 0.000000000000000000, -79.99999999999988631 ) ) ;
#2537 = EDGE_CURVE ( 'NONE', #2271, #3089, #281, .T. ) ;
#2538 = ORIENTED_EDGE ( 'NONE', *, *, #1130, .F. ) ;
#2539 = DIRECTION ( 'NONE',  ( 0.000000000000000000, 0.000000000000000000, 1.000000000000000000 ) ) ;
#2540 = VERTEX_POINT ( 'NONE', #2663 ) ;
#2541 = CARTESIAN_POINT ( 'NONE',  ( 16.99999999999999289, 28.99999999999999645, 90.00000000000007105 ) ) ;
#2542 = EDGE_CURVE ( 'NONE', #1999, #1451, #2678, .T. ) ;
#2543 = ORIENTED_EDGE ( 'NONE', *, *, #2381, .F. ) ;
#2544 = CARTESIAN_POINT ( 'NONE',  ( -90.00000000000001421, 9.000000000000000000, 28.00000000000008527 ) ) ;
#2545 = VERTEX_POINT ( 'NONE', #2157 ) ;
#2546 = LINE ( 'NONE', #402, #1516 ) ;
#2547 = CARTESIAN_POINT ( 'NONE',  ( 37.29999999999999716, 0.000000000000000000, 20.25000000000003197 ) ) ;
#2548 = ADVANCED_FACE ( 'NONE', ( #1253 ), #2910, .F. ) ;
#2549 = EDGE_CURVE ( 'NONE', #2530, #2505, #2884, .T. ) ;
#2550 = CARTESIAN_POINT ( 'NONE',  ( -65.00000000000000000, 11.75000000000000000, 31.68038767011779910 ) ) ;
#2551 = CYLINDRICAL_SURFACE ( 'NONE', #915, 25.00000000000021672 ) ;
#2552 = ORIENTED_EDGE ( 'NONE', *, *, #2592, .T. ) ;
#2553 = CARTESIAN_POINT ( 'NONE',  ( -26.99999999999999645, 9.000000000000000000, 90.00000000000007105 ) ) ;
#2554 = CIRCLE ( 'NONE', #759, 1.094999999999998863 ) ;
#2555 = ORIENTED_EDGE ( 'NONE', *, *, #1959, .T. ) ;
#2556 = CIRCLE ( 'NONE', #1227, 1.600000000000004086 ) ;
#2557 = DIRECTION ( 'NONE',  ( 1.067522139062651164E-16, -0.000000000000000000, 1.000000000000000000 ) ) ;
#2558 = ORIENTED_EDGE ( 'NONE', *, *, #1066, .F. ) ;
#2559 = FACE_BOUND ( 'NONE', #1883, .T. ) ;
#2560 = VECTOR ( 'NONE', #2534, 1000.000000000000000 ) ;
#2561 = AXIS2_PLACEMENT_3D ( 'NONE', #1250, #2631, #2864 ) ;
#2562 = ORIENTED_EDGE ( 'NONE', *, *, #72, .F. ) ;
#2563 = FACE_OUTER_BOUND ( 'NONE', #1301, .T. ) ;
#2564 = ORIENTED_EDGE ( 'NONE', *, *, #83, .T. ) ;
#2565 = VECTOR ( 'NONE', #1283, 1000.000000000000000 ) ;
#2566 = CARTESIAN_POINT ( 'NONE',  ( -93.00000000000001421, 0.000000000000000000, 28.00000000000008527 ) ) ;
#2567 = CARTESIAN_POINT ( 'NONE',  ( 22.00000000000000000, 28.99999999999999645, 85.00000000000005684 ) ) ;
#2568 = ADVANCED_FACE ( 'NONE', ( #2437 ), #1470, .F. ) ;
#2569 = CARTESIAN_POINT ( 'NONE',  ( -64.99999999999975842, 9.000000000000000000, 90.00000000000007105 ) ) ;
#2570 = VERTEX_POINT ( 'NONE', #46 ) ;
#2571 = ORIENTED_EDGE ( 'NONE', *, *, #911, .F. ) ;
#2572 = ORIENTED_EDGE ( 'NONE', *, *, #1645, .T. ) ;
#2573 = CARTESIAN_POINT ( 'NONE',  ( -64.99999999999975842, 9.000000000000000000, 90.00000000000007105 ) ) ;
#2574 = AXIS2_PLACEMENT_3D ( 'NONE', #1391, #1586, #1567 ) ;
#2575 = AXIS2_PLACEMENT_3D ( 'NONE', #50, #2888, #748 ) ;
#2576 = VERTEX_POINT ( 'NONE', #1027 ) ;
#2577 = DIRECTION ( 'NONE',  ( -0.000000000000000000, -1.000000000000000000, -0.000000000000000000 ) ) ;
#2578 = EDGE_LOOP ( 'NONE', ( #174, #2792, #1828, #1721, #2332, #1603 ) ) ;
#2579 = AXIS2_PLACEMENT_3D ( 'NONE', #2547, #404, #1381 ) ;
#2580 = CARTESIAN_POINT ( 'NONE',  ( -64.99999999999975842, 0.000000000000000000, -64.99999999999988631 ) ) ;
#2581 = CYLINDRICAL_SURFACE ( 'NONE', #1038, 25.00000000000021672 ) ;
#2582 = EDGE_CURVE ( 'NONE', #370, #1153, #1974, .T. ) ;
#2583 = CARTESIAN_POINT ( 'NONE',  ( -90.00000000000000000, 0.000000000000000000, 65.00000000000002842 ) ) ;
#2584 = CARTESIAN_POINT ( 'NONE',  ( 90.00000000000000000, 9.000000000000000000, 65.00000000000002842 ) ) ;
#2585 = ORIENTED_EDGE ( 'NONE', *, *, #447, .F. ) ;
#2586 = ORIENTED_EDGE ( 'NONE', *, *, #1509, .T. ) ;
#2587 = DIRECTION ( 'NONE',  ( 0.000000000000000000, 0.000000000000000000, 1.000000000000000000 ) ) ;
#2588 = ORIENTED_EDGE ( 'NONE', *, *, #2688, .F. ) ;
#2589 = FACE_OUTER_BOUND ( 'NONE', #1526, .T. ) ;
#2590 = SHAPE_DEFINITION_REPRESENTATION ( #1941, #2461 ) ;
#2591 = EDGE_CURVE ( 'NONE', #1393, #582, #781, .T. ) ;
#2592 = EDGE_CURVE ( 'NONE', #434, #370, #816, .T. ) ;
#2593 = ORIENTED_EDGE ( 'NONE', *, *, #2350, .T. ) ;
#2594 = DIRECTION ( 'NONE',  ( -0.000000000000000000, 1.000000000000000000, -0.000000000000000000 ) ) ;
#2595 = DIRECTION ( 'NONE',  ( 0.000000000000000000, 0.000000000000000000, 1.000000000000000000 ) ) ;
#2596 = CARTESIAN_POINT ( 'NONE',  ( -26.99999999999999645, 28.99999999999999645, 90.00000000000007105 ) ) ;
#2597 = CARTESIAN_POINT ( 'NONE',  ( 37.29999999999999716, 0.000000000000000000, 20.25000000000003197 ) ) ;
#2598 = CARTESIAN_POINT ( 'NONE',  ( 33.29999999999999716, 9.000000000000000000, 31.00000000000008171 ) ) ;
#2599 = ORIENTED_EDGE ( 'NONE', *, *, #2746, .F. ) ;
#2600 = ORIENTED_EDGE ( 'NONE', *, *, #237, .T. ) ;
#2601 = DIRECTION ( 'NONE',  ( 6.938893903907212600E-16, -0.000000000000000000, -1.000000000000000000 ) ) ;
#2602 = VERTEX_POINT ( 'NONE', #2939 ) ;
#2603 = AXIS2_PLACEMENT_3D ( 'NONE', #1330, #1110, #1841 ) ;
#2604 = PLANE ( 'NONE',  #481 ) ;
#2605 = LINE ( 'NONE', #1925, #433 ) ;
#2606 = CIRCLE ( 'NONE', #3060, 9.999999999999998224 ) ;
#2607 = EDGE_CURVE ( 'NONE', #793, #1100, #2634, .T. ) ;
#2608 = ORIENTED_EDGE ( 'NONE', *, *, #1756, .T. ) ;
#2609 = LINE ( 'NONE', #947, #2323 ) ;
#2610 = CIRCLE ( 'NONE', #303, 10.00000000000000178 ) ;
#2611 = CIRCLE ( 'NONE', #1763, 1.600000000000004086 ) ;
#2612 = LINE ( 'NONE', #695, #1273 ) ;
#2613 = VECTOR ( 'NONE', #1493, 1000.000000000000000 ) ;
#2614 = ADVANCED_FACE ( 'NONE', ( #1361 ), #2988, .F. ) ;
#2615 = CARTESIAN_POINT ( 'NONE',  ( -64.99999999999975842, 9.000000000000000000, -64.99999999999988631 ) ) ;
#2616 = VECTOR ( 'NONE', #1474, 1000.000000000000000 ) ;
#2617 = CYLINDRICAL_SURFACE ( 'NONE', #2858, 2.099999999999997868 ) ;
#2618 = CARTESIAN_POINT ( 'NONE',  ( -37.29999999999999716, 9.000000000000000000, 22.35000000000002984 ) ) ;
#2619 = ORIENTED_EDGE ( 'NONE', *, *, #1651, .T. ) ;
#2620 = ORIENTED_EDGE ( 'NONE', *, *, #1568, .F. ) ;
#2621 = AXIS2_PLACEMENT_3D ( 'NONE', #930, #3067, #2345 ) ;
#2622 = DIRECTION ( 'NONE',  ( 0.000000000000000000, 0.000000000000000000, 1.000000000000000000 ) ) ;
#2623 = ORIENTED_EDGE ( 'NONE', *, *, #953, .F. ) ;
#2624 = DIRECTION ( 'NONE',  ( 1.000000000000000000, 0.000000000000000000, 0.000000000000000000 ) ) ;
#2625 = VECTOR ( 'NONE', #1455, 1000.000000000000000 ) ;
#2626 = ORIENTED_EDGE ( 'NONE', *, *, #2415, .F. ) ;
#2627 = CIRCLE ( 'NONE', #1286, 1.600000000000004086 ) ;
#2628 = CARTESIAN_POINT ( 'NONE',  ( 81.00000000000000000, 0.000000000000000000, 20.25000000000003197 ) ) ;
#2629 = ADVANCED_FACE ( 'NONE', ( #2517 ), #74, .F. ) ;
#2630 = CIRCLE ( 'NONE', #1979, 2.099999999999997868 ) ;
#2631 = DIRECTION ( 'NONE',  ( -1.000000000000000000, 0.000000000000000000, -1.067522139062651041E-16 ) ) ;
#2632 = AXIS2_PLACEMENT_3D ( 'NONE', #839, #1351, #1367 ) ;
#2633 = CARTESIAN_POINT ( 'NONE',  ( -81.00000000000000000, 0.000000000000000000, 53.65000000000002700 ) ) ;
#2634 = CIRCLE ( 'NONE', #2729, 6.000000000000005329 ) ;
#2635 = CARTESIAN_POINT ( 'NONE',  ( -90.00000000000001421, 0.000000000000000000, 28.00000000000008527 ) ) ;
#2636 = ORIENTED_EDGE ( 'NONE', *, *, #1563, .F. ) ;
#2637 = CIRCLE ( 'NONE', #118, 10.00000000000000178 ) ;
#2638 = ORIENTED_EDGE ( 'NONE', *, *, #1432, .T. ) ;
#2639 = CYLINDRICAL_SURFACE ( 'NONE', #216, 1.600000000000004086 ) ;
#2640 = VERTEX_POINT ( 'NONE', #801 ) ;
#2641 = EDGE_CURVE ( 'NONE', #1305, #2756, #1452, .T. ) ;
#2642 = CARTESIAN_POINT ( 'NONE',  ( 90.00000000000001421, 19.50000000000000000, 48.00000000000007105 ) ) ;
#2643 =( LENGTH_UNIT ( ) NAMED_UNIT ( * ) SI_UNIT ( .MILLI., .METRE. ) );
#2644 = ORIENTED_EDGE ( 'NONE', *, *, #3035, .T. ) ;
#2645 = CARTESIAN_POINT ( 'NONE',  ( 64.99999999999975842, 0.000000000000000000, -78.39999999999989200 ) ) ;
#2646 = PLANE ( 'NONE',  #1382 ) ;
#2647 = CARTESIAN_POINT ( 'NONE',  ( -81.00000000000000000, 0.000000000000000000, 20.25000000000003197 ) ) ;
#2648 = DIRECTION ( 'NONE',  ( 1.000000000000000000, 0.000000000000000000, -0.000000000000000000 ) ) ;
#2649 = EDGE_CURVE ( 'NONE', #2456, #1359, #635, .T. ) ;
#2650 = EDGE_LOOP ( 'NONE', ( #2275, #40, #2417, #1138 ) ) ;
#2651 = CARTESIAN_POINT ( 'NONE',  ( 90.00000000000000000, 11.75000000000000000, 31.00000000000006395 ) ) ;
#2652 = ORIENTED_EDGE ( 'NONE', *, *, #1879, .T. ) ;
#2653 = DIRECTION ( 'NONE',  ( 0.000000000000000000, 1.000000000000000000, 0.000000000000000000 ) ) ;
#2654 = VERTEX_POINT ( 'NONE', #1311 ) ;
#2655 = DIRECTION ( 'NONE',  ( 0.000000000000000000, -1.000000000000000000, -3.558407130208835242E-16 ) ) ;
#2656 = DIRECTION ( 'NONE',  ( -1.000000000000000000, 0.000000000000000000, -1.067522139062651041E-16 ) ) ;
#2657 = VECTOR ( 'NONE', #1998, 1000.000000000000000 ) ;
#2658 = AXIS2_PLACEMENT_3D ( 'NONE', #440, #917, #935 ) ;
#2659 = CARTESIAN_POINT ( 'NONE',  ( -64.99999999999975842, 9.000000000000000000, -79.99999999999988631 ) ) ;
#2660 = CIRCLE ( 'NONE', #719, 1.600000000000004086 ) ;
#2661 = LINE ( 'NONE', #2155, #1668 ) ;
#2662 = VECTOR ( 'NONE', #1240, 1000.000000000000000 ) ;
#2663 = CARTESIAN_POINT ( 'NONE',  ( -65.00000000000000000, 11.75000000000000000, 31.68038767011779910 ) ) ;
#2664 = EDGE_CURVE ( 'NONE', #826, #2841, #1293, .T. ) ;
#2665 = ORIENTED_EDGE ( 'NONE', *, *, #937, .F. ) ;
#2666 = FACE_OUTER_BOUND ( 'NONE', #2138, .T. ) ;
#2667 = EDGE_LOOP ( 'NONE', ( #2800, #345 ) ) ;
#2668 = FACE_OUTER_BOUND ( 'NONE', #905, .T. ) ;
#2669 = EDGE_CURVE ( 'NONE', #1463, #2833, #3085, .T. ) ;
#2670 = ORIENTED_EDGE ( 'NONE', *, *, #1576, .F. ) ;
#2671 = DIRECTION ( 'NONE',  ( 1.000000000000000000, 0.000000000000000000, -0.000000000000000000 ) ) ;
#2672 = VECTOR ( 'NONE', #1411, 1000.000000000000000 ) ;
#2673 = CARTESIAN_POINT ( 'NONE',  ( -79.99999999999974420, 9.000000000000000000, 63.40000000000001279 ) ) ;
#2674 = LINE ( 'NONE', #1069, #1762 ) ;
#2675 = PLANE ( 'NONE',  #2680 ) ;
#2676 = EDGE_CURVE ( 'NONE', #2038, #951, #2532, .T. ) ;
#2677 = CYLINDRICAL_SURFACE ( 'NONE', #2503, 2.099999999999997868 ) ;
#2678 = CIRCLE ( 'NONE', #1345, 2.100000000000004530 ) ;
#2679 = ADVANCED_FACE ( 'NONE', ( #2247 ), #129, .F. ) ;
#2680 = AXIS2_PLACEMENT_3D ( 'NONE', #1495, #2866, #2882 ) ;
#2681 = VERTEX_POINT ( 'NONE', #1109 ) ;
#2682 = DIRECTION ( 'NONE',  ( -0.000000000000000000, 1.000000000000000000, -0.000000000000000000 ) ) ;
#2683 = VERTEX_POINT ( 'NONE', #90 ) ;
#2684 = AXIS2_PLACEMENT_3D ( 'NONE', #2282, #126, #829 ) ;
#2685 = DIRECTION ( 'NONE',  ( 0.000000000000000000, 0.000000000000000000, 1.000000000000000000 ) ) ;
#2686 = VERTEX_POINT ( 'NONE', #2286 ) ;
#2687 = FACE_OUTER_BOUND ( 'NONE', #3048, .T. ) ;
#2688 = EDGE_CURVE ( 'NONE', #1319, #1992, #2015, .T. ) ;
#2689 = DIRECTION ( 'NONE',  ( 0.000000000000000000, 0.000000000000000000, -1.000000000000000000 ) ) ;
#2690 = LINE ( 'NONE', #827, #314 ) ;
#2691 = ORIENTED_EDGE ( 'NONE', *, *, #850, .T. ) ;
#2692 = CARTESIAN_POINT ( 'NONE',  ( -64.99999999999975842, 9.000000000000000000, -90.00000000000007105 ) ) ;
#2693 = ORIENTED_EDGE ( 'NONE', *, *, #641, .F. ) ;
#2694 = DIRECTION ( 'NONE',  ( 1.067522139062651041E-16, 0.000000000000000000, -1.000000000000000000 ) ) ;
#2695 = ORIENTED_EDGE ( 'NONE', *, *, #2932, .F. ) ;
#2696 = CARTESIAN_POINT ( 'NONE',  ( 93.00000000000001421, 19.50000000000000000, 44.00000000000007105 ) ) ;
#2697 = ORIENTED_EDGE ( 'NONE', *, *, #973, .F. ) ;
#2698 = CARTESIAN_POINT ( 'NONE',  ( 33.29999999999999716, 9.000000000000000000, 45.00000000000007816 ) ) ;
#2699 = EDGE_CURVE ( 'NONE', #955, #186, #2973, .T. ) ;
#2700 = CARTESIAN_POINT ( 'NONE',  ( 90.00000000000002842, 9.000000000000000000, 65.00000000000002842 ) ) ;
#2701 = ORIENTED_EDGE ( 'NONE', *, *, #1996, .T. ) ;
#2702 = EDGE_CURVE ( 'NONE', #1163, #533, #3032, .T. ) ;
#2703 = DIRECTION ( 'NONE',  ( 0.000000000000000000, 0.000000000000000000, 1.000000000000000000 ) ) ;
#2704 = CIRCLE ( 'NONE', #2359, 1.600000000000004086 ) ;
#2705 = DIRECTION ( 'NONE',  ( 0.000000000000000000, 1.000000000000000000, 0.000000000000000000 ) ) ;
#2706 = VECTOR ( 'NONE', #1310, 1000.000000000000000 ) ;
#2707 = ORIENTED_EDGE ( 'NONE', *, *, #2912, .F. ) ;
#2708 = AXIS2_PLACEMENT_3D ( 'NONE', #2372, #1846, #1148 ) ;
#2709 = PLANE ( 'NONE',  #1569 ) ;
#2710 = ORIENTED_EDGE ( 'NONE', *, *, #743, .T. ) ;
#2711 = DIRECTION ( 'NONE',  ( 0.000000000000000000, 1.000000000000000000, 0.000000000000000000 ) ) ;
#2712 = VECTOR ( 'NONE', #837, 1000.000000000000000 ) ;
#2713 = DIRECTION ( 'NONE',  ( 0.000000000000000000, 1.000000000000000000, 0.000000000000000000 ) ) ;
#2714 = ORIENTED_EDGE ( 'NONE', *, *, #263, .F. ) ;
#2715 = CARTESIAN_POINT ( 'NONE',  ( -90.00000000000000000, 11.75000000000000000, 31.00000000000006750 ) ) ;
#2716 = DIRECTION ( 'NONE',  ( 0.000000000000000000, 0.000000000000000000, -1.000000000000000000 ) ) ;
#2717 = ORIENTED_EDGE ( 'NONE', *, *, #1870, .T. ) ;
#2718 = EDGE_CURVE ( 'NONE', #2841, #2570, #109, .T. ) ;
#2719 = DIRECTION ( 'NONE',  ( 0.000000000000000000, 0.000000000000000000, 1.000000000000000000 ) ) ;
#2720 = VECTOR ( 'NONE', #1878, 1000.000000000000000 ) ;
#2721 = DIRECTION ( 'NONE',  ( 0.000000000000000000, 0.000000000000000000, 1.000000000000000000 ) ) ;
#2722 = EDGE_CURVE ( 'NONE', #3041, #1852, #866, .T. ) ;
#2723 = EDGE_CURVE ( 'NONE', #322, #2602, #1822, .T. ) ;
#2724 = CIRCLE ( 'NONE', #2974, 6.000000000000005329 ) ;
#2725 = DIRECTION ( 'NONE',  ( -0.000000000000000000, 1.000000000000000000, -0.000000000000000000 ) ) ;
#2726 = CARTESIAN_POINT ( 'NONE',  ( 10.00000000000000000, 28.99999999999999645, -58.49999999999995026 ) ) ;
#2727 = VERTEX_POINT ( 'NONE', #452 ) ;
#2728 = LINE ( 'NONE', #1598, #572 ) ;
#2729 = AXIS2_PLACEMENT_3D ( 'NONE', #2232, #2034, #2754 ) ;
#2730 = ORIENTED_EDGE ( 'NONE', *, *, #1384, .F. ) ;
#2731 = CARTESIAN_POINT ( 'NONE',  ( -90.00000000000001421, 9.000000000000000000, 31.00000000000006750 ) ) ;
#2732 = ORIENTED_EDGE ( 'NONE', *, *, #697, .F. ) ;
#2733 = FACE_BOUND ( 'NONE', #2735, .T. ) ;
#2734 = LINE ( 'NONE', #587, #1583 ) ;
#2735 = EDGE_LOOP ( 'NONE', ( #430, #2977 ) ) ;
#2736 = CARTESIAN_POINT ( 'NONE',  ( -79.99999999999974420, 0.000000000000000000, 65.00000000000001421 ) ) ;
#2737 = FACE_BOUND ( 'NONE', #1584, .T. ) ;
#2738 = CARTESIAN_POINT ( 'NONE',  ( 81.00000000000000000, 9.000000000000000000, 20.25000000000003197 ) ) ;
#2739 = CARTESIAN_POINT ( 'NONE',  ( 90.00000000000001421, 11.75000000000000000, 31.68038767011779910 ) ) ;
#2740 = EDGE_CURVE ( 'NONE', #2353, #2263, #431, .T. ) ;
#2741 = ADVANCED_FACE ( 'NONE', ( #646 ), #2581, .T. ) ;
#2742 = LINE ( 'NONE', #377, #415 ) ;
#2743 = ORIENTED_EDGE ( 'NONE', *, *, #1942, .T. ) ;
#2744 = CARTESIAN_POINT ( 'NONE',  ( 90.00000000000001421, 0.000000000000000000, -64.99999999999988631 ) ) ;
#2745 = ORIENTED_EDGE ( 'NONE', *, *, #2509, .T. ) ;
#2746 = EDGE_CURVE ( 'NONE', #305, #1100, #198, .T. ) ;
#2747 = LINE ( 'NONE', #2963, #465 ) ;
#2748 = ORIENTED_EDGE ( 'NONE', *, *, #1222, .T. ) ;
#2749 = FACE_BOUND ( 'NONE', #1938, .T. ) ;
#2750 = CARTESIAN_POINT ( 'NONE',  ( 93.00000000000001421, 19.50000000000000000, 32.00000000000006395 ) ) ;
#2751 = ORIENTED_EDGE ( 'NONE', *, *, #3075, .F. ) ;
#2752 = LINE ( 'NONE', #1073, #2706 ) ;
#2753 = CIRCLE ( 'NONE', #1424, 2.099999999999997868 ) ;
#2754 = DIRECTION ( 'NONE',  ( 0.000000000000000000, 0.000000000000000000, 1.000000000000000000 ) ) ;
#2755 = CIRCLE ( 'NONE', #89, 10.00000000000000178 ) ;
#2756 = VERTEX_POINT ( 'NONE', #421 ) ;
#2757 = DIRECTION ( 'NONE',  ( -0.000000000000000000, 1.000000000000000000, -0.000000000000000000 ) ) ;
#2758 = VERTEX_POINT ( 'NONE', #218 ) ;
#2759 = AXIS2_PLACEMENT_3D ( 'NONE', #1095, #2959, #2991 ) ;
#2760 = AXIS2_PLACEMENT_3D ( 'NONE', #2580, #470, #1621 ) ;
#2761 = CARTESIAN_POINT ( 'NONE',  ( 81.00000000000000000, 0.000000000000000000, 22.35000000000003695 ) ) ;
#2762 = ORIENTED_EDGE ( 'NONE', *, *, #1756, .F. ) ;
#2763 = AXIS2_PLACEMENT_3D ( 'NONE', #2903, #485, #1505 ) ;
#2764 = SURFACE_SIDE_STYLE ('',( #599 ) ) ;
#2765 = ORIENTED_EDGE ( 'NONE', *, *, #881, .F. ) ;
#2766 = CARTESIAN_POINT ( 'NONE',  ( 33.29999999999999716, 9.000000000000000000, 45.00000000000007816 ) ) ;
#2767 = AXIS2_PLACEMENT_3D ( 'NONE', #1434, #703, #2146 ) ;
#2768 = CIRCLE ( 'NONE', #1438, 1.600000000000004086 ) ;
#2769 = DIRECTION ( 'NONE',  ( 1.000000000000000000, -0.000000000000000000, -1.067522139062651041E-16 ) ) ;
#2770 = ORIENTED_EDGE ( 'NONE', *, *, #1421, .F. ) ;
#2771 = FACE_BOUND ( 'NONE', #1757, .T. ) ;
#2772 = EDGE_CURVE ( 'NONE', #1992, #413, #913, .T. ) ;
#2773 = CARTESIAN_POINT ( 'NONE',  ( -7.746999999999997222, 0.000000000000000000, -68.90500000000005798 ) ) ;
#2774 = VECTOR ( 'NONE', #2296, 1000.000000000000000 ) ;
#2775 = LINE ( 'NONE', #899, #2406 ) ;
#2776 = CARTESIAN_POINT ( 'NONE',  ( -16.99999999999999289, 9.000000000000000000, 90.00000000000007105 ) ) ;
#2777 = ORIENTED_EDGE ( 'NONE', *, *, #1926, .T. ) ;
#2778 = CARTESIAN_POINT ( 'NONE',  ( -64.99999999999975842, 0.000000000000000000, -78.39999999999989200 ) ) ;
#2779 = ORIENTED_EDGE ( 'NONE', *, *, #93, .F. ) ;
#2780 = DIRECTION ( 'NONE',  ( -0.000000000000000000, 1.000000000000000000, -0.000000000000000000 ) ) ;
#2781 = EDGE_LOOP ( 'NONE', ( #1214, #1810 ) ) ;
#2782 = CIRCLE ( 'NONE', #1448, 1.600000000000004086 ) ;
#2783 = CARTESIAN_POINT ( 'NONE',  ( 64.99999999999978684, 9.000000000000000000, 80.00000000000002842 ) ) ;
#2784 = EDGE_CURVE ( 'NONE', #1355, #773, #2424, .T. ) ;
#2785 = ORIENTED_EDGE ( 'NONE', *, *, #2299, .T. ) ;
#2786 = LINE ( 'NONE', #124, #1189 ) ;
#2787 = ORIENTED_EDGE ( 'NONE', *, *, #84, .F. ) ;
#2788 = VECTOR ( 'NONE', #1206, 1000.000000000000000 ) ;
#2789 = LINE ( 'NONE', #2802, #1123 ) ;
#2790 = DIRECTION ( 'NONE',  ( 1.000000000000000000, 0.000000000000000000, 1.067522139062651041E-16 ) ) ;
#2791 = LINE ( 'NONE', #2320, #863 ) ;
#2792 = ORIENTED_EDGE ( 'NONE', *, *, #1543, .T. ) ;
#2793 = EDGE_CURVE ( 'NONE', #1335, #2315, #2881, .T. ) ;
#2794 = EDGE_LOOP ( 'NONE', ( #507, #700, #2809, #2600 ) ) ;
#2795 = CARTESIAN_POINT ( 'NONE',  ( -79.99999999999975842, 9.000000000000000000, -63.39999999999988489 ) ) ;
#2796 = EDGE_LOOP ( 'NONE', ( #266, #1256 ) ) ;
#2797 = CARTESIAN_POINT ( 'NONE',  ( 65.00000000000000000, 0.000000000000000000, 65.00000000000002842 ) ) ;
#2798 = ORIENTED_EDGE ( 'NONE', *, *, #1959, .F. ) ;
#2799 = CARTESIAN_POINT ( 'NONE',  ( -10.00000000000000000, 28.99999999999999645, -58.49999999999995026 ) ) ;
#2800 = ORIENTED_EDGE ( 'NONE', *, *, #116, .F. ) ;
#2801 = EDGE_CURVE ( 'NONE', #2156, #2241, #2174, .T. ) ;
#2802 = CARTESIAN_POINT ( 'NONE',  ( -90.00000000000001421, 19.50000000000000000, 28.00000000000008527 ) ) ;
#2803 = LINE ( 'NONE', #2583, #3109 ) ;
#2804 = CARTESIAN_POINT ( 'NONE',  ( -90.00000000000000000, 9.000000000000000000, 65.00000000000002842 ) ) ;
#2805 = ORIENTED_EDGE ( 'NONE', *, *, #2350, .F. ) ;
#2806 = ORIENTED_EDGE ( 'NONE', *, *, #741, .F. ) ;
#2807 = AXIS2_PLACEMENT_3D ( 'NONE', #2567, #2349, #3039 ) ;
#2808 = LINE ( 'NONE', #687, #2816 ) ;
#2809 = ORIENTED_EDGE ( 'NONE', *, *, #1171, .T. ) ;
#2810 = EDGE_CURVE ( 'NONE', #2117, #614, #2066, .T. ) ;
#2811 = CARTESIAN_POINT ( 'NONE',  ( -64.99999999999972999, 0.000000000000000000, 80.00000000000002842 ) ) ;
#2812 = CARTESIAN_POINT ( 'NONE',  ( -90.00000000000000000, 11.75000000000000000, 45.00000000000007105 ) ) ;
#2813 = CIRCLE ( 'NONE', #459, 25.00000000000021672 ) ;
#2814 = CIRCLE ( 'NONE', #409, 2.099999999999997868 ) ;
#2815 = ORIENTED_EDGE ( 'NONE', *, *, #367, .T. ) ;
#2816 = VECTOR ( 'NONE', #444, 1000.000000000000000 ) ;
#2817 = DIRECTION ( 'NONE',  ( -1.067522139062651041E-16, 0.000000000000000000, -1.000000000000000000 ) ) ;
#2818 = VERTEX_POINT ( 'NONE', #2129 ) ;
#2819 = DIRECTION ( 'NONE',  ( 0.000000000000000000, 0.000000000000000000, 1.000000000000000000 ) ) ;
#2820 = EDGE_CURVE ( 'NONE', #2391, #2210, #1608, .T. ) ;
#2821 = CARTESIAN_POINT ( 'NONE',  ( -93.00000000000001421, 19.50000000000000000, 28.00000000000008527 ) ) ;
#2822 = DIRECTION ( 'NONE',  ( 0.000000000000000000, 0.000000000000000000, 1.000000000000000000 ) ) ;
#2823 = CARTESIAN_POINT ( 'NONE',  ( -21.99999999999999645, 28.99999999999999645, 85.00000000000005684 ) ) ;
#2824 = EDGE_CURVE ( 'NONE', #1553, #2545, #832, .T. ) ;
#2825 = EDGE_LOOP ( 'NONE', ( #1599, #2588, #161, #1228 ) ) ;
#2826 = DIRECTION ( 'NONE',  ( 0.000000000000000000, 0.000000000000000000, 1.000000000000000000 ) ) ;
#2827 = AXIS2_PLACEMENT_3D ( 'NONE', #2946, #1003, #2444 ) ;
#2828 = ORIENTED_EDGE ( 'NONE', *, *, #227, .F. ) ;
#2829 = CARTESIAN_POINT ( 'NONE',  ( -90.00000000000001421, 9.000000000000000000, 45.00000000000007105 ) ) ;
#2830 = ORIENTED_EDGE ( 'NONE', *, *, #504, .F. ) ;
#2831 = CARTESIAN_POINT ( 'NONE',  ( 64.99999999999975842, 0.000000000000000000, -81.59999999999989484 ) ) ;
#2832 = CIRCLE ( 'NONE', #685, 1.094999999999998863 ) ;
#2833 = VERTEX_POINT ( 'NONE', #1886 ) ;
#2834 = LINE ( 'NONE', #2645, #1339 ) ;
#2835 = EDGE_LOOP ( 'NONE', ( #503, #1151 ) ) ;
#2836 = AXIS2_PLACEMENT_3D ( 'NONE', #1468, #978, #234 ) ;
#2837 = DIRECTION ( 'NONE',  ( 0.000000000000000000, 1.000000000000000000, 0.000000000000000000 ) ) ;
#2838 = PLANE ( 'NONE',  #1887 ) ;
#2839 = DIRECTION ( 'NONE',  ( 0.000000000000000000, 1.000000000000000000, 0.000000000000000000 ) ) ;
#2840 = PLANE ( 'NONE',  #1515 ) ;
#2841 = VERTEX_POINT ( 'NONE', #898 ) ;
#2842 = ORIENTED_EDGE ( 'NONE', *, *, #1373, .F. ) ;
#2843 = LINE ( 'NONE', #461, #3066 ) ;
#2844 = ORIENTED_EDGE ( 'NONE', *, *, #177, .F. ) ;
#2845 = DIRECTION ( 'NONE',  ( 0.000000000000000000, 0.000000000000000000, 1.000000000000000000 ) ) ;
#2846 = ADVANCED_FACE ( 'NONE', ( #679 ), #2838, .F. ) ;
#2847 = ORIENTED_EDGE ( 'NONE', *, *, #545, .T. ) ;
#2848 = LINE ( 'NONE', #1209, #2625 ) ;
#2849 = CARTESIAN_POINT ( 'NONE',  ( -81.00000000000000000, 9.000000000000000000, 55.75000000000002842 ) ) ;
#2850 = DIRECTION ( 'NONE',  ( 1.067522139062651164E-16, -0.000000000000000000, 1.000000000000000000 ) ) ;
#2851 = CARTESIAN_POINT ( 'NONE',  ( 64.99999999999975842, 9.000000000000000000, -64.99999999999988631 ) ) ;
#2852 = VERTEX_POINT ( 'NONE', #2633 ) ;
#2853 = VERTEX_POINT ( 'NONE', #1262 ) ;
#2854 = DIRECTION ( 'NONE',  ( 0.000000000000000000, 0.000000000000000000, -1.000000000000000000 ) ) ;
#2855 = ORIENTED_EDGE ( 'NONE', *, *, #146, .T. ) ;
#2856 = CIRCLE ( 'NONE', #1011, 1.600000000000004086 ) ;
#2857 = DIRECTION ( 'NONE',  ( 0.000000000000000000, 1.000000000000000000, 0.000000000000000000 ) ) ;
#2858 = AXIS2_PLACEMENT_3D ( 'NONE', #2597, #235, #473 ) ;
#2859 = ORIENTED_EDGE ( 'NONE', *, *, #75, .T. ) ;
#2860 = CARTESIAN_POINT ( 'NONE',  ( 9.999999999999994671, 9.000000000000000000, -58.49999999999995026 ) ) ;
#2861 = ADVANCED_FACE ( 'NONE', ( #279 ), #2185, .F. ) ;
#2862 = AXIS2_PLACEMENT_3D ( 'NONE', #341, #359, #1314 ) ;
#2863 = AXIS2_PLACEMENT_3D ( 'NONE', #1210, #880, #1839 ) ;
#2864 = DIRECTION ( 'NONE',  ( -1.067522139062651041E-16, 0.000000000000000000, 1.000000000000000000 ) ) ;
#2865 = AXIS2_PLACEMENT_3D ( 'NONE', #2393, #2183, #782 ) ;
#2866 = DIRECTION ( 'NONE',  ( 0.000000000000000000, 0.000000000000000000, 1.000000000000000000 ) ) ;
#2867 = DIRECTION ( 'NONE',  ( 0.000000000000000000, 0.000000000000000000, 1.000000000000000000 ) ) ;
#2868 = ADVANCED_FACE ( 'NONE', ( #2380 ), #1957, .F. ) ;
#2869 = ORIENTED_EDGE ( 'NONE', *, *, #127, .T. ) ;
#2870 = ORIENTED_EDGE ( 'NONE', *, *, #2641, .F. ) ;
#2871 = AXIS2_PLACEMENT_3D ( 'NONE', #1521, #528, #2948 ) ;
#2872 = DIRECTION ( 'NONE',  ( -0.000000000000000000, 1.000000000000000000, -0.000000000000000000 ) ) ;
#2873 = ORIENTED_EDGE ( 'NONE', *, *, #154, .F. ) ;
#2874 = CARTESIAN_POINT ( 'NONE',  ( -79.99999999999974420, 0.000000000000000000, 63.40000000000001279 ) ) ;
#2875 = VERTEX_POINT ( 'NONE', #1211 ) ;
#2876 = AXIS2_PLACEMENT_3D ( 'NONE', #190, #972, #2342 ) ;
#2877 = CARTESIAN_POINT ( 'NONE',  ( -37.29999999999999716, 9.000000000000000000, 55.75000000000002842 ) ) ;
#2878 = AXIS2_PLACEMENT_3D ( 'NONE', #2915, #1233, #1733 ) ;
#2879 = EDGE_CURVE ( 'NONE', #1418, #7, #278, .T. ) ;
#2880 = CYLINDRICAL_SURFACE ( 'NONE', #2408, 6.000000000000005329 ) ;
#2881 = CIRCLE ( 'NONE', #1534, 9.999999999999998224 ) ;
#2882 = DIRECTION ( 'NONE',  ( 1.000000000000000000, 0.000000000000000000, -0.000000000000000000 ) ) ;
#2883 = CARTESIAN_POINT ( 'NONE',  ( -93.00000000000001421, 19.50000000000000000, 32.00000000000007816 ) ) ;
#2884 = LINE ( 'NONE', #1728, #1734 ) ;
#2885 = VERTEX_POINT ( 'NONE', #752 ) ;
#2886 = LINE ( 'NONE', #2895, #869 ) ;
#2887 = ORIENTED_EDGE ( 'NONE', *, *, #1678, .T. ) ;
#2888 = DIRECTION ( 'NONE',  ( 1.835686217964875284E-16, -0.000000000000000000, 1.000000000000000000 ) ) ;
#2889 = ORIENTED_EDGE ( 'NONE', *, *, #1420, .T. ) ;
#2890 = CARTESIAN_POINT ( 'NONE',  ( 90.00000000000001421, 19.50000000000000000, 48.00000000000007105 ) ) ;
#2891 = FACE_OUTER_BOUND ( 'NONE', #1325, .T. ) ;
#2892 = EDGE_CURVE ( 'NONE', #1370, #2933, #529, .T. ) ;
#2893 = LINE ( 'NONE', #1252, #2904 ) ;
#2894 = ORIENTED_EDGE ( 'NONE', *, *, #146, .F. ) ;
#2895 = CARTESIAN_POINT ( 'NONE',  ( -16.99999999999999289, 28.99999999999999645, 85.00000000000004263 ) ) ;
#2896 = VERTEX_POINT ( 'NONE', #5 ) ;
#2897 = PLANE ( 'NONE',  #276 ) ;
#2898 = ADVANCED_FACE ( 'NONE', ( #770 ), #2675, .F. ) ;
#2899 = CIRCLE ( 'NONE', #2248, 1.600000000000004086 ) ;
#2900 = ORIENTED_EDGE ( 'NONE', *, *, #2166, .T. ) ;
#2901 = CARTESIAN_POINT ( 'NONE',  ( -79.99999999999975842, 9.000000000000000000, -66.59999999999989484 ) ) ;
#2902 = CIRCLE ( 'NONE', #1562, 10.00000000000000178 ) ;
#2903 = CARTESIAN_POINT ( 'NONE',  ( 64.99999999999975842, 0.000000000000000000, -64.99999999999988631 ) ) ;
#2904 = VECTOR ( 'NONE', #308, 1000.000000000000000 ) ;
#2905 = DIRECTION ( 'NONE',  ( 0.000000000000000000, 0.000000000000000000, -1.000000000000000000 ) ) ;
#2906 = AXIS2_PLACEMENT_3D ( 'NONE', #530, #2922, #1932 ) ;
#2907 = CARTESIAN_POINT ( 'NONE',  ( -16.99999999999999289, 28.99999999999999645, 85.00000000000004263 ) ) ;
#2908 = EDGE_CURVE ( 'NONE', #1418, #1463, #291, .T. ) ;
#2909 = CIRCLE ( 'NONE', #1574, 1.600000000000004086 ) ;
#2910 = PLANE ( 'NONE',  #3082 ) ;
#2911 = EDGE_LOOP ( 'NONE', ( #230, #971, #1971, #1664 ) ) ;
#2912 = EDGE_CURVE ( 'NONE', #2226, #2344, #1972, .T. ) ;
#2913 = LINE ( 'NONE', #2651, #2616 ) ;
#2914 = ORIENTED_EDGE ( 'NONE', *, *, #1357, .F. ) ;
#2915 = CARTESIAN_POINT ( 'NONE',  ( -65.00000000000000000, 19.50000000000000000, 38.00000000000007105 ) ) ;
#2916 = ORIENTED_EDGE ( 'NONE', *, *, #44, .T. ) ;
#2917 = LINE ( 'NONE', #53, #3076 ) ;
#2918 = CARTESIAN_POINT ( 'NONE',  ( -16.99999999999999289, 28.99999999999999645, 90.00000000000007105 ) ) ;
#2919 = FACE_OUTER_BOUND ( 'NONE', #1657, .T. ) ;
#2920 = ORIENTED_EDGE ( 'NONE', *, *, #1490, .T. ) ;
#2921 = VECTOR ( 'NONE', #825, 1000.000000000000000 ) ;
#2922 = DIRECTION ( 'NONE',  ( 0.000000000000000000, 1.000000000000000000, 0.000000000000000000 ) ) ;
#2923 = VECTOR ( 'NONE', #2054, 1000.000000000000000 ) ;
#2924 = CARTESIAN_POINT ( 'NONE',  ( -33.29999999999999716, 11.75000000000000000, 31.00000000000006750 ) ) ;
#2925 = AXIS2_PLACEMENT_3D ( 'NONE', #2659, #964, #29 ) ;
#2926 = EDGE_LOOP ( 'NONE', ( #408, #2324, #674, #2828 ) ) ;
#2927 = DIRECTION ( 'NONE',  ( 0.000000000000000000, 0.000000000000000000, 1.000000000000000000 ) ) ;
#2928 = ORIENTED_EDGE ( 'NONE', *, *, #592, .F. ) ;
#2929 = VECTOR ( 'NONE', #2214, 1000.000000000000000 ) ;
#2930 = CARTESIAN_POINT ( 'NONE',  ( 22.00000000000000355, 28.99999999999999645, 80.00000000000005684 ) ) ;
#2931 = EDGE_CURVE ( 'NONE', #1904, #2075, #1913, .T. ) ;
#2932 = EDGE_CURVE ( 'NONE', #458, #2526, #1457, .T. ) ;
#2933 = VERTEX_POINT ( 'NONE', #499 ) ;
#2934 = DIRECTION ( 'NONE',  ( 0.000000000000000000, 1.000000000000000000, 0.000000000000000000 ) ) ;
#2935 = CARTESIAN_POINT ( 'NONE',  ( -7.746999999999997222, 0.000000000000000000, -70.00000000000005684 ) ) ;
#2936 = ORIENTED_EDGE ( 'NONE', *, *, #1388, .F. ) ;
#2937 = CARTESIAN_POINT ( 'NONE',  ( -90.00000000000000000, 9.000000000000000000, 65.00000000000002842 ) ) ;
#2938 = CARTESIAN_POINT ( 'NONE',  ( 93.00000000000001421, 19.50000000000000000, 38.00000000000007105 ) ) ;
#2939 = CARTESIAN_POINT ( 'NONE',  ( -7.746999999999997222, 9.000000000000000000, -68.90500000000005798 ) ) ;
#2940 = EDGE_LOOP ( 'NONE', ( #1967, #2273 ) ) ;
#2941 = FACE_OUTER_BOUND ( 'NONE', #2447, .T. ) ;
#2942 = VERTEX_POINT ( 'NONE', #59 ) ;
#2943 = CARTESIAN_POINT ( 'NONE',  ( 7.747000000000002551, 0.000000000000000000, -68.90500000000005798 ) ) ;
#2944 = ADVANCED_FACE ( 'NONE', ( #306 ), #1053, .F. ) ;
#2945 = ORIENTED_EDGE ( 'NONE', *, *, #2549, .F. ) ;
#2946 = CARTESIAN_POINT ( 'NONE',  ( 64.99999999999975842, 0.000000000000000000, -79.99999999999988631 ) ) ;
#2947 = EDGE_CURVE ( 'NONE', #58, #305, #1593, .T. ) ;
#2948 = DIRECTION ( 'NONE',  ( 0.000000000000000000, 0.000000000000000000, 1.000000000000000000 ) ) ;
#2949 = ORIENTED_EDGE ( 'NONE', *, *, #1889, .T. ) ;
#2950 = CARTESIAN_POINT ( 'NONE',  ( 37.29999999999999716, 9.000000000000000000, 53.65000000000003411 ) ) ;
#2951 = AXIS2_PLACEMENT_3D ( 'NONE', #1792, #2483, #340 ) ;
#2952 = FACE_BOUND ( 'NONE', #2046, .T. ) ;
#2953 = CARTESIAN_POINT ( 'NONE',  ( 26.99999999999999645, 28.99999999999999645, 90.00000000000007105 ) ) ;
#2954 = AXIS2_PLACEMENT_3D ( 'NONE', #3073, #683, #2100 ) ;
#2955 = VECTOR ( 'NONE', #977, 1000.000000000000000 ) ;
#2956 = EDGE_CURVE ( 'NONE', #828, #515, #338, .T. ) ;
#2957 = CARTESIAN_POINT ( 'NONE',  ( 90.00000000000000000, 9.000000000000000000, 65.00000000000002842 ) ) ;
#2958 = AXIS2_PLACEMENT_3D ( 'NONE', #80, #1318, #2539 ) ;
#2959 = DIRECTION ( 'NONE',  ( 0.000000000000000000, -1.000000000000000000, -0.000000000000000000 ) ) ;
#2960 = ORIENTED_EDGE ( 'NONE', *, *, #131, .F. ) ;
#2961 = CARTESIAN_POINT ( 'NONE',  ( 10.00000000000000000, 28.99999999999999645, -53.49999999999995026 ) ) ;
#2962 = EDGE_LOOP ( 'NONE', ( #2920, #1077, #538, #2714, #838, #2305, #709, #2389, #2984, #1002, #2665, #2361 ) ) ;
#2963 = CARTESIAN_POINT ( 'NONE',  ( -10.00000000000000000, 9.000000000000000000, -53.49999999999995026 ) ) ;
#2964 = ORIENTED_EDGE ( 'NONE', *, *, #1900, .F. ) ;
#2965 = DIRECTION ( 'NONE',  ( -1.000000000000000000, 0.000000000000000000, -0.000000000000000000 ) ) ;
#2966 = ORIENTED_EDGE ( 'NONE', *, *, #624, .F. ) ;
#2967 = DIRECTION ( 'NONE',  ( 0.000000000000000000, 0.000000000000000000, 1.000000000000000000 ) ) ;
#2968 = ORIENTED_EDGE ( 'NONE', *, *, #1807, .T. ) ;
#2969 = CARTESIAN_POINT ( 'NONE',  ( -90.00000000000001421, 0.000000000000000000, 48.00000000000007816 ) ) ;
#2970 = ADVANCED_FACE ( 'NONE', ( #71 ), #1039, .F. ) ;
#2971 = CIRCLE ( 'NONE', #272, 2.100000000000004530 ) ;
#2972 = CARTESIAN_POINT ( 'NONE',  ( 64.99999999999978684, 0.000000000000000000, 80.00000000000002842 ) ) ;
#2973 = LINE ( 'NONE', #1791, #943 ) ;
#2974 = AXIS2_PLACEMENT_3D ( 'NONE', #343, #1316, #1078 ) ;
#2975 = DIRECTION ( 'NONE',  ( 0.000000000000000000, 1.000000000000000000, 0.000000000000000000 ) ) ;
#2976 = LINE ( 'NONE', #2726, #2712 ) ;
#2977 = ORIENTED_EDGE ( 'NONE', *, *, #1130, .T. ) ;
#2978 = DIRECTION ( 'NONE',  ( 0.000000000000000000, 0.000000000000000000, 1.000000000000000000 ) ) ;
#2979 = ORIENTED_EDGE ( 'NONE', *, *, #387, .T. ) ;
#2980 = CARTESIAN_POINT ( 'NONE',  ( -26.99999999999999645, 28.99999999999999645, 80.00000000000005684 ) ) ;
#2981 = ORIENTED_EDGE ( 'NONE', *, *, #171, .T. ) ;
#2982 = CARTESIAN_POINT ( 'NONE',  ( 90.00000000000001421, 9.000000000000000000, -64.99999999999988631 ) ) ;
#2983 = FACE_OUTER_BOUND ( 'NONE', #488, .T. ) ;
#2984 = ORIENTED_EDGE ( 'NONE', *, *, #732, .F. ) ;
#2985 = UNCERTAINTY_MEASURE_WITH_UNIT (LENGTH_MEASURE( 1.000000000000000082E-05 ), #2089, 'distance_accuracy_value', 'NONE');
#2986 = CARTESIAN_POINT ( 'NONE',  ( -64.99999999999975842, 9.000000000000000000, -90.00000000000007105 ) ) ;
#2987 = ADVANCED_FACE ( 'NONE', ( #323 ), #1344, .F. ) ;
#2988 = PLANE ( 'NONE',  #2333 ) ;
#2989 = PLANE ( 'NONE',  #2603 ) ;
#2990 = EDGE_CURVE ( 'NONE', #546, #434, #1753, .T. ) ;
#2991 = DIRECTION ( 'NONE',  ( 0.000000000000000000, 0.000000000000000000, -1.000000000000000000 ) ) ;
#2992 = ORIENTED_EDGE ( 'NONE', *, *, #3009, .T. ) ;
#2993 = CARTESIAN_POINT ( 'NONE',  ( -33.29999999999999716, 11.75000000000000000, 45.00000000000007105 ) ) ;
#2994 = VERTEX_POINT ( 'NONE', #2950 ) ;
#2995 = CARTESIAN_POINT ( 'NONE',  ( -90.00000000000000000, 0.000000000000000000, 65.00000000000002842 ) ) ;
#2996 = EDGE_LOOP ( 'NONE', ( #2338, #2916, #702, #1105 ) ) ;
#2997 = DIRECTION ( 'NONE',  ( -0.000000000000000000, 1.000000000000000000, -0.000000000000000000 ) ) ;
#2998 = DIRECTION ( 'NONE',  ( -1.000000000000000000, -0.000000000000000000, -1.067522139062651041E-16 ) ) ;
#2999 = ORIENTED_EDGE ( 'NONE', *, *, #708, .F. ) ;
#3000 = DIRECTION ( 'NONE',  ( -0.000000000000000000, -1.000000000000000000, -0.000000000000000000 ) ) ;
#3001 = DIRECTION ( 'NONE',  ( 1.067522139062651164E-16, 0.000000000000000000, -1.000000000000000000 ) ) ;
#3002 = VECTOR ( 'NONE', #787, 1000.000000000000000 ) ;
#3003 = FACE_OUTER_BOUND ( 'NONE', #1128, .T. ) ;
#3004 = PLANE ( 'NONE',  #606 ) ;
#3005 = EDGE_LOOP ( 'NONE', ( #1658, #518 ) ) ;
#3006 = VECTOR ( 'NONE', #1022, 1000.000000000000000 ) ;
#3007 = AXIS2_PLACEMENT_3D ( 'NONE', #1654, #3069, #2595 ) ;
#3008 = LINE ( 'NONE', #2473, #2224 ) ;
#3009 = EDGE_CURVE ( 'NONE', #2344, #2576, #812, .T. ) ;
#3010 = ADVANCED_FACE ( 'NONE', ( #1508 ), #2244, .F. ) ;
#3011 = ORIENTED_EDGE ( 'NONE', *, *, #2449, .T. ) ;
#3012 = AXIS2_PLACEMENT_3D ( 'NONE', #396, #364, #3028 ) ;
#3013 = CARTESIAN_POINT ( 'NONE',  ( -90.00000000000000000, 11.75000000000000000, 45.00000000000007105 ) ) ;
#3014 = ORIENTED_EDGE ( 'NONE', *, *, #631, .F. ) ;
#3015 = FACE_BOUND ( 'NONE', #1031, .T. ) ;
#3016 = DIRECTION ( 'NONE',  ( 0.000000000000000000, 0.000000000000000000, -1.000000000000000000 ) ) ;
#3017 = ORIENTED_EDGE ( 'NONE', *, *, #130, .F. ) ;
#3018 = VECTOR ( 'NONE', #976, 1000.000000000000000 ) ;
#3019 = UNCERTAINTY_MEASURE_WITH_UNIT (LENGTH_MEASURE( 1.000000000000000082E-05 ), #2643, 'distance_accuracy_value', 'NONE');
#3020 = LINE ( 'NONE', #1638, #1571 ) ;
#3021 = CARTESIAN_POINT ( 'NONE',  ( -79.99999999999974420, 9.000000000000000000, 65.00000000000001421 ) ) ;
#3022 = DIRECTION ( 'NONE',  ( 0.000000000000000000, 0.000000000000000000, -1.000000000000000000 ) ) ;
#3023 = DIRECTION ( 'NONE',  ( -1.000000000000000000, 0.000000000000000000, 1.067522139062651041E-16 ) ) ;
#3024 = EDGE_LOOP ( 'NONE', ( #2425, #2981, #2321, #723 ) ) ;
#3025 = CARTESIAN_POINT ( 'NONE',  ( 90.00000000000001421, 0.000000000000000000, 48.00000000000006395 ) ) ;
#3026 = CIRCLE ( 'NONE', #324, 6.000000000000005329 ) ;
#3027 = ORIENTED_EDGE ( 'NONE', *, *, #3052, .T. ) ;
#3028 = DIRECTION ( 'NONE',  ( 0.000000000000000000, 0.000000000000000000, 1.000000000000000000 ) ) ;
#3029 = EDGE_LOOP ( 'NONE', ( #456, #670, #548, #347 ) ) ;
#3030 = FACE_BOUND ( 'NONE', #212, .T. ) ;
#3031 = EDGE_CURVE ( 'NONE', #1305, #1999, #2448, .T. ) ;
#3032 = CIRCLE ( 'NONE', #17, 2.100000000000004530 ) ;
#3033 = EDGE_LOOP ( 'NONE', ( #2094, #2090 ) ) ;
#3034 = DIRECTION ( 'NONE',  ( 1.067522139062651164E-16, -0.000000000000000000, 1.000000000000000000 ) ) ;
#3035 = EDGE_CURVE ( 'NONE', #1403, #802, #1770, .T. ) ;
#3036 = ORIENTED_EDGE ( 'NONE', *, *, #12, .T. ) ;
#3037 = DIRECTION ( 'NONE',  ( 0.000000000000000000, 1.000000000000000000, 0.000000000000000000 ) ) ;
#3038 = DIRECTION ( 'NONE',  ( -0.000000000000000000, 1.000000000000000000, -0.000000000000000000 ) ) ;
#3039 = DIRECTION ( 'NONE',  ( 6.938893903907223447E-16, 0.000000000000000000, -1.000000000000000000 ) ) ;
#3040 = DIRECTION ( 'NONE',  ( -0.000000000000000000, -1.000000000000000000, -0.000000000000000000 ) ) ;
#3041 = VERTEX_POINT ( 'NONE', #2230 ) ;
#3042 = LINE ( 'NONE', #667, #2422 ) ;
#3043 = EDGE_LOOP ( 'NONE', ( #1752, #988, #2762, #3077, #1067, #123, #1718, #563, #1376, #475, #2707, #1847, #3091, #2470, #2493, #1332 ) ) ;
#3044 = CARTESIAN_POINT ( 'NONE',  ( -81.00000000000000000, 0.000000000000000000, 20.25000000000003197 ) ) ;
#3045 = ORIENTED_EDGE ( 'NONE', *, *, #2810, .F. ) ;
#3046 = CARTESIAN_POINT ( 'NONE',  ( -93.00000000000001421, 19.50000000000000000, 28.00000000000008527 ) ) ;
#3047 = CARTESIAN_POINT ( 'NONE',  ( 64.99999999999975842, 9.000000000000000000, -90.00000000000007105 ) ) ;
#3048 = EDGE_LOOP ( 'NONE', ( #2278, #1215, #2044, #928 ) ) ;
#3049 = DIRECTION ( 'NONE',  ( 1.000000000000000000, 0.000000000000000000, -1.067522139062651041E-16 ) ) ;
#3050 = ORIENTED_EDGE ( 'NONE', *, *, #2664, .F. ) ;
#3051 = ADVANCED_FACE ( 'NONE', ( #1789 ), #799, .F. ) ;
#3052 = EDGE_CURVE ( 'NONE', #614, #2226, #589, .T. ) ;
#3053 = DIRECTION ( 'NONE',  ( 0.000000000000000000, 1.000000000000000000, 3.558407130208835242E-16 ) ) ;
#3054 = DIRECTION ( 'NONE',  ( -0.000000000000000000, -1.000000000000000000, -0.000000000000000000 ) ) ;
#3055 = DIRECTION ( 'NONE',  ( -0.000000000000000000, 1.000000000000000000, -0.000000000000000000 ) ) ;
#3056 = CARTESIAN_POINT ( 'NONE',  ( 65.00000000000000000, 11.75000000000000000, 44.31961232988233945 ) ) ;
#3057 = ORIENTED_EDGE ( 'NONE', *, *, #1001, .F. ) ;
#3058 = ORIENTED_EDGE ( 'NONE', *, *, #403, .T. ) ;
#3059 = VECTOR ( 'NONE', #2716, 1000.000000000000000 ) ;
#3060 = AXIS2_PLACEMENT_3D ( 'NONE', #2368, #219, #1194 ) ;
#3061 = LINE ( 'NONE', #652, #45 ) ;
#3062 = ORIENTED_EDGE ( 'NONE', *, *, #227, .T. ) ;
#3063 = LINE ( 'NONE', #2573, #523 ) ;
#3064 = CIRCLE ( 'NONE', #2202, 2.099999999999997868 ) ;
#3065 = ORIENTED_EDGE ( 'NONE', *, *, #505, .F. ) ;
#3066 = VECTOR ( 'NONE', #2557, 1000.000000000000000 ) ;
#3067 = DIRECTION ( 'NONE',  ( -1.000000000000000000, 0.000000000000000000, 1.067522139062651041E-16 ) ) ;
#3068 = ORIENTED_EDGE ( 'NONE', *, *, #390, .T. ) ;
#3069 = DIRECTION ( 'NONE',  ( -0.000000000000000000, 1.000000000000000000, -0.000000000000000000 ) ) ;
#3070 = ADVANCED_FACE ( 'NONE', ( #571 ), #1538, .F. ) ;
#3071 = EDGE_CURVE ( 'NONE', #1319, #65, #1087, .T. ) ;
#3072 = LINE ( 'NONE', #1155, #301 ) ;
#3073 = CARTESIAN_POINT ( 'NONE',  ( 7.747000000000002551, 9.000000000000000000, -70.00000000000005684 ) ) ;
#3074 = ORIENTED_EDGE ( 'NONE', *, *, #929, .T. ) ;
#3075 = EDGE_CURVE ( 'NONE', #1852, #1187, #2605, .T. ) ;
#3076 = VECTOR ( 'NONE', #1249, 1000.000000000000000 ) ;
#3077 = ORIENTED_EDGE ( 'NONE', *, *, #3108, .F. ) ;
#3078 = CARTESIAN_POINT ( 'NONE',  ( 0.000000000000000000, 28.99999999999999645, 0.000000000000000000 ) ) ;
#3079 = ORIENTED_EDGE ( 'NONE', *, *, #1879, .F. ) ;
#3080 = LINE ( 'NONE', #2831, #1397 ) ;
#3081 = CIRCLE ( 'NONE', #1729, 1.600000000000004086 ) ;
#3082 = AXIS2_PLACEMENT_3D ( 'NONE', #983, #532, #1934 ) ;
#3083 = EDGE_LOOP ( 'NONE', ( #1825, #1564 ) ) ;
#3084 = CARTESIAN_POINT ( 'NONE',  ( 64.99999999999975842, 0.000000000000000000, 90.00000000000007105 ) ) ;
#3085 = CIRCLE ( 'NONE', #2382, 1.600000000000004086 ) ;
#3086 = CYLINDRICAL_SURFACE ( 'NONE', #1818, 2.099999999999997868 ) ;
#3087 = DIRECTION ( 'NONE',  ( 0.000000000000000000, 0.000000000000000000, 1.000000000000000000 ) ) ;
#3088 = DIRECTION ( 'NONE',  ( -0.000000000000000000, -1.000000000000000000, -0.000000000000000000 ) ) ;
#3089 = VERTEX_POINT ( 'NONE', #1650 ) ;
#3090 = DIRECTION ( 'NONE',  ( -0.000000000000000000, -1.000000000000000000, -0.000000000000000000 ) ) ;
#3091 = ORIENTED_EDGE ( 'NONE', *, *, #856, .T. ) ;
#3092 = EDGE_LOOP ( 'NONE', ( #2206, #1962, #2029, #2069 ) ) ;
#3093 = PLANE ( 'NONE',  #984 ) ;
#3094 = ORIENTED_EDGE ( 'NONE', *, *, #75, .F. ) ;
#3095 = DIRECTION ( 'NONE',  ( 0.000000000000000000, 0.000000000000000000, 1.000000000000000000 ) ) ;
#3096 = EDGE_CURVE ( 'NONE', #1923, #805, #2637, .T. ) ;
#3097 = DIRECTION ( 'NONE',  ( 0.000000000000000000, 0.000000000000000000, 1.000000000000000000 ) ) ;
#3098 = DIRECTION ( 'NONE',  ( 0.000000000000000000, 0.000000000000000000, 1.000000000000000000 ) ) ;
#3099 = ADVANCED_FACE ( 'NONE', ( #691 ), #1165, .F. ) ;
#3100 = DIRECTION ( 'NONE',  ( 1.000000000000000000, 0.000000000000000000, -1.067522139062651041E-16 ) ) ;
#3101 = EDGE_LOOP ( 'NONE', ( #842, #3068, #2522, #2620 ) ) ;
#3102 = LINE ( 'NONE', #170, #2025 ) ;
#3103 = VERTEX_POINT ( 'NONE', #706 ) ;
#3104 = LINE ( 'NONE', #1030, #2565 ) ;
#3105 = ORIENTED_EDGE ( 'NONE', *, *, #1743, .T. ) ;
#3106 = VECTOR ( 'NONE', #2233, 1000.000000000000000 ) ;
#3107 = DIRECTION ( 'NONE',  ( 0.000000000000000000, 0.000000000000000000, 1.000000000000000000 ) ) ;
#3108 = EDGE_CURVE ( 'NONE', #873, #910, #1437, .T. ) ;
#3109 = VECTOR ( 'NONE', #2850, 1000.000000000000000 ) ;
ENDSEC;
END-ISO-10303-21;
